-0.5592773729545754,-0.5960084344843191,-0.3762387002454005,0.12200664913842317,0.33589187719439617,-0.3093773026034162,-0.2551276406256331,0.2095822758753837,-38.42210768617991,-15.647352107896666,-27.03472989703829,22.774755578283248,-32.09061145782471,-32.038137912750244,-32.064374685287476,0.05247354507446289,-0.0019564596004784107,0.0002783839008770883,0.017785679548978806,0.017253801226615906,0.0018034731037914753,0.0008228399092331529,0.018134713172912598,0.01710682362318039,-598.4957566705914,35876.376384727766,0.0012342407135292888,-612.7912589266741,35825.10570771811,0.0011426092823967338,0.024125128984451294,0.004610658623278141,30689.87493925339,18748.679760315878
0.6178111002758532,0.48571796953025553,-0.10605079308726648,0.39886372461659236,0.6023225530635636,0.3064769159334997,-0.2230361041467731,-0.19515014740851255,-42.660677834607554,-14.566107351202675,-28.613392592905114,28.09457048340488,-32.4187707901001,-32.48616695404053,-32.45246887207031,-0.06739616394042969,1.9191880710422993e-05,0.0018972503021359444,0.016518326476216316,0.017219271510839462,-0.0018529207445681095,0.0003539370372891426,0.0169522687792778,0.01652868278324604,-652.6983045259594,35832.53046278793,0.0011542481370270252,-776.4488575408824,35873.80533257298,0.0012437114492058754,0.024173559620976448,0.002465508645400405,30976.51005917745,18479.469262140403
0.0,0.007967425217367399,0.04434115314512188,0.0524544207758505,0.020007995678772816,0.03960665901493077,0.1131290923217414,0.0,-42.815948380238524,-21.185297365436725,-32.000622872837624,21.6306510148018,-32.68676996231079,-32.72781848907471,-32.70729422569275,-0.041048526763916016,0.001681051915511489,0.0007220744737423956,0.01682415045797825,0.015883034095168114,0.0011836073826998472,-0.0013937423937022686,0.01590682752430439,0.01665029488503933,-800.1625003762534,35856.13199465007,0.0012212456203997135,-817.204635603176,35846.67752606832,0.0011529740877449512,0.0229279063642025,0.003719302825629711,30468.344450807424,18667.56056976621
0.7183308438556213,0.9260602084991351,0.9211919433891209,0.2844938887645453,0.03598781561121822,0.06395221389154115,-0.4002182335416386,-1.0,-42.379308973038746,-9.552295073767084,-25.965802023402915,32.82701389927166,-32.716779708862305,-32.74017572402954,-32.72847771644592,-0.023396015167236328,-0.000952293339651078,0.001571798580698669,0.01585729420185089,0.01673707365989685,-0.000522896065376699,-0.0017578847473487258,0.01614166982471943,0.016375884413719177,-782.5266844085698,35874.67845975417,0.0012429668568074703,-667.561939526974,35853.44205039621,0.0012527571525424719,0.02255481667816639,0.002460966119542718,31235.03648488349,17469.015639876496
0.09730197784346613,-0.044415107104863995,0.04657652880520606,0.2953897988656856,0.3617606787906686,0.24059634465730037,0.21817523000458544,0.0,-34.7817762254119,-17.4014165160296,-26.09159637072075,17.380359709382304,-32.67142295837402,-32.673890590667725,-32.672656774520874,-0.002467632293701172,0.0008027772419154644,-0.0013936306349933147,0.016102680936455727,0.01669413223862648,-0.0011351227294653654,0.0014625908806920052,0.015967141836881638,0.016789663583040237,-782.3459087167491,35789.97474301134,0.0013055881718173623,-611.8198904207849,35805.92693522446,0.0011355627793818712,0.02236584946513176,0.0033527694176882505,31238.679285019054,17265.81895335941
0.33483953150591894,0.11968214885235628,0.43300584367615624,0.003646780424369736,-0.13658965270259316,-0.6327809723911629,-0.3115631359737542,-0.9887071847723394,-36.070374609037856,-14.379053185562839,-25.224713897300347,21.691321423475017,-32.563560009002686,-32.69222021102905,-32.62789011001587,-0.1286602020263672,-2.5349436327815056e-05,0.001877039554528892,0.01622512750327587,0.016952654346823692,-0.0012851923238486052,-0.0013215484796091914,0.016664447262883186,0.016027871519327164,-540.1985826946508,35861.25418047078,0.0012520981254056096,-755.3193702000036,35871.395557361386,0.0012684945249930024,0.0235745869576931,0.00209607626311481,31224.06405008282,18437.016027528287
0.9357643910704309,0.8085523335824317,0.6541812065391903,0.2653180454831878,0.22394220821078664,-0.006800055425798923,-0.5722001190476902,-1.0,-41.69723698243965,-11.014635917106375,-26.35593644977301,30.682601065333273,-32.94350624084473,-32.98076391220093,-32.96213507652283,-0.03725767135620117,-0.0006257747882045805,0.0016633144114166498,0.015421061776578426,0.016333462670445442,0.0009900375735014677,-0.0014745413791388273,0.01538700982928276,0.016232607886195183,-685.8540332710285,35823.73282855828,0.0011666928185150027,-721.72008236788,35916.71368717995,0.0012649362906813622,0.022280216217041016,0.0020437301136553288,31230.491073517827,17704.109653596304
0.0139271117274181,-0.001337783792119216,-0.22519949931357,-0.24691035881921328,-0.31742761972177624,-0.5690560187110998,-0.8030258816116936,0.0,-41.94254312044586,-12.186200630057073,-27.064371875251467,29.75634249038879,-33.2466197013855,-33.26406240463257,-33.25534105300903,-0.017442703247070312,-0.0015992703847587109,0.0006303240079432726,0.015365060418844223,0.015312722884118557,-0.0010581252863630652,-0.0010676546953618526,0.01546129584312439,0.015175980515778065,-814.8767912936775,35896.428060413986,0.0012705439003184438,-709.8573619446131,35805.860653750315,0.0013550824951380491,0.020776191726326942,0.004000706132501364,31074.926251319826,17616.381954792054
0.643880975631103,0.9625441549619648,0.4876606278529748,0.29010936103397156,0.10038803258357054,-0.1828249529527443,-0.4376077488446634,-1.0,-43.6948310074815,-14.082358128406213,-28.888594567943855,29.612472879075284,-33.82559776306152,-34.01072025299072,-33.91815900802612,-0.18512248992919922,-0.0014033617917448282,-0.0007798873702995479,0.014743081294000149,0.013945735059678555,-0.00022277244715951383,-0.0015699827345088124,0.013828294351696968,0.014261472038924694,-846.5785601729343,35928.31055664145,0.0013258031103760004,-841.4609802963159,35866.93722449757,0.0013397354632616043,0.020444300025701523,0.0031009274534881115,30469.936193805264,18605.593818175203
0.0,-0.3571835339434522,-0.22435851251301098,-0.20225124283604545,-0.2756581613584921,-0.5188522026665158,-0.8787946252209036,0.0,-38.06997635118256,-17.387306260142275,-27.728641305662418,20.682670091040286,-35.35887002944946,-35.55102586746216,-35.45494794845581,-0.1921558380126953,0.0012559018796309829,0.0005133573431521654,0.012379197403788567,0.01166456937789917,0.0004317787825129926,0.0010881940834224224,0.011686457321047783,0.011857585981488228,-903.2987951748139,35883.791334657966,0.0012742409016937017,-1001.2940453590425,35741.03521867851,0.0013100396608933806,0.016952695325016975,0.0026527084410190582,30469.222941344422,18616.17653391352
-0.022995897558012558,0.02411571456101798,0.45472063135986346,0.2816711782053055,0.21429564628334546,0.5447181925440374,0.22919546195798746,-0.08653283007002077,-42.38857128727952,-17.033171015524772,-29.710871151402145,25.355400271754746,-33.28226327896118,-32.712249755859375,-32.99725651741028,0.5700135231018066,0.0014681241009384394,0.0008842613315209746,0.01568826101720333,0.014852290041744709,-0.00142661202698946,0.0011566986795514822,0.0160682275891304,0.016551682725548744,-777.3076971000104,35866.280509205586,0.0012735993368551135,-660.5248825487695,35878.81164559156,0.0012606024974957108,0.02170485071837902,0.0032005351968109608,30471.91313042035,18547.765585898323
0.9573363569819187,0.9428752291886856,0.3823778625541073,0.08097162046114542,0.08522102335903925,-0.20223961826627423,-0.7933442511300204,-0.9328529246801314,-49.397133489385624,-9.387456342619657,-29.39229491600264,40.009677146765966,-34.1171669960022,-34.850056171417236,-34.48361158370972,-0.7328891754150391,0.0008050653850659728,0.0012783464044332504,0.013981389813125134,0.01377493143081665,-0.0013960888609290123,0.00033750582952052355,0.012878306210041046,0.012626275420188904,-873.5224886868623,35852.89565443973,0.0011877620127052069,-788.0797778894553,35916.54570537493,0.0013688931940123439,0.019993478432297707,0.002644091146066785,30477.03101026886,18403.209921078287
-0.5304371803469932,-0.6287982695974857,-0.5886346316549754,0.04646001541012823,0.5071490801002645,0.05256169290671736,-0.2125634183811449,0.5465461864249332,-35.46322253364889,-18.138241919601512,-26.8007322266252,17.324980614047377,-35.01250743865967,-32.57561206817627,-33.79405975341797,2.4368953704833984,0.0005112778162583709,-0.001312107895500958,0.012140246108174324,0.012882146053016186,-0.0015044697793200612,0.0010907086543738842,0.016366006806492805,0.016773082315921783,-1095.1643937884046,35883.03960406056,0.0013329919893294573,-681.4728525724638,35803.941124770114,0.0011721907649189234,0.01747998222708702,0.0016384541522711515,31234.600518131345,17470.344433330556
0.009968642864473697,0.0,0.07582802850194628,0.21875119511637173,0.26932864919898664,0.20635987029680547,0.018414284962718686,0.0,-44.12753259513943,-24.628969542572747,-34.37825106885609,19.49856305256668,-28.06546926498413,-30.39243221282959,-29.22895073890686,-2.326962947845459,-0.00021124468185007572,-0.003118493128567934,0.027330804616212845,0.028362613171339035,0.0012981982436031103,0.001977853709831834,0.02150587923824787,0.021106906235218048,-8.390916419330333,35866.11328961526,0.0011418723734095693,52.344469899451866,35881.78420252636,0.0012095194542780519,0.039913810789585114,0.0040654814802110195,30732.06690642687,19354.806699773566
0.1686403156062936,-0.03653128869750134,-0.04286154514065893,0.1281921478231104,-0.056667508245944354,-0.05666684284097823,-0.1401337947105986,0.0,-47.05592245416727,-18.595321580973177,-32.825622017570225,28.460600873194096,-32.89490461349487,-31.76020622253418,-32.327555418014526,1.1346983909606934,-0.0016016671434044838,0.0007851375266909599,0.01593264564871788,0.016013512387871742,0.0006966196233406663,0.0019252938218414783,0.01813354715704918,0.018269028514623642,-640.5930443888739,35811.61983897793,0.0011654923437163234,-496.223672666445,35884.63962778153,0.0011672177352011204,0.02170463837683201,0.003639556933194399,31270.133411131974,17257.047920163393
0.791229511496488,0.9877108502580909,0.7630493221757227,0.3799490429620601,0.3105488720354028,-0.08339279667820781,-0.5038988296553067,-1.0,-40.43393073335429,-8.662306471816862,-24.548118602585575,31.771624261537426,-30.762064456939697,-31.535143852233887,-31.148604154586792,-0.7730793952941895,0.0014508391031995416,0.0017854903126135468,0.020719829946756363,0.02011111006140709,-0.0019591879099607468,0.0007632472552359104,0.018721504136919975,0.01863664574921131,-518.8347432186821,35846.24752624185,0.001212954055517912,-462.1593448410286,35869.7662384064,0.00118821463547647,0.029693689197301865,0.0035815108567476273,30479.18576265167,18340.83884539239
0.3113668302320882,0.2165165552519619,-0.028015653003058787,0.09921299455544921,0.497669036084266,0.5109501473010178,0.27099922797959897,0.0,-42.004679769435455,-16.87675504366075,-29.440717406548103,25.127924725774704,-30.6243896484375,-30.44738531112671,-30.535887479782104,0.17700433731079102,0.0002974622184410691,-0.0020613414235413074,0.02030372992157936,0.02120158076286316,0.00034959556069225073,0.00236252648755908,0.02085273340344429,0.021484272554516792,-327.59392853018335,35728.772811995026,0.0011541482526808977,-451.13824692114366,35862.262462299135,0.0011926625156775117,0.028980720788240433,0.0024090611841529608,31224.992039888617,17771.16755452675
0.0,-0.02631543085859811,0.20244107869643307,0.40264991350277857,0.17380677016058993,0.04086452665618978,0.20866125918523837,0.0,-41.40114217146939,-18.924219476139683,-30.162680823804536,22.476922695329705,-30.41135549545288,-30.202150344848633,-30.306752920150757,0.20920515060424805,-0.0023522868286818266,0.00042316963663324714,0.021537717431783676,0.020977215841412544,0.0021551032550632954,-0.0011594550451263785,0.021674495190382004,0.021880287677049637,-401.68507552469805,35846.1801200819,0.0011946328449994326,-341.6781460435168,35816.802119779975,0.0010958489729091525,0.02910212054848671,0.005795384291559458,30920.32700759339,18481.10597055095
0.9897138202915602,0.9219896903794196,0.805209833898712,0.4145050665021869,0.1605994763492195,-0.09504699035252584,-0.5190836182820808,-1.0,-40.49963293270994,-8.287417362853375,-24.39352514778166,32.21221556985657,-29.485888481140137,-29.471557140350342,-29.47872281074524,0.014331340789794922,0.0013685327721759677,0.002276195213198662,0.023818619549274445,0.023479558527469635,-0.002639271318912506,0.0004427050589583814,0.02400803379714489,0.02336328849196434,-341.108965983175,35815.54110380808,0.0010802382603287697,-295.03053644478854,35851.41049304752,0.00117114104796201,0.03410058841109276,0.004020477645099163,30480.667609759606,18365.083155807646
0.10228270880794231,-0.07930949096251227,-0.1998240051348811,-0.08991280434156868,0.2516341024515838,-0.08666056845778802,-0.3698436281872234,0.0,-40.84247092041869,-19.281396179944977,-30.061933550181834,21.561074740473714,-30.67237377166748,-30.738322734832764,-30.705348253250122,-0.0659489631652832,-0.0013617295771837234,-0.0018826647428795695,0.02087877131998539,0.0203776266425848,-0.0013346256455406547,-0.0018772068433463573,0.020712871104478836,0.02023196406662464,-310.82405909071986,35841.81173152443,0.0010772321838885546,-378.2703728637089,35844.77369228388,0.0011273378040641546,0.029988031834363937,0.0034973269794136286,30480.005364101115,18344.189045861804
-0.15808504099956144,0.14935062146030093,0.1958917796657801,0.3123003094287751,0.22605121395961053,0.4450750384488793,0.2724789419237975,-0.30389590525347876,-39.894791103909284,-16.376400804320156,-28.13559595411472,23.51839029958913,-29.762110710144043,-29.8146915435791,-29.788401126861572,-0.052580833435058594,-0.0023099700920283794,-0.0011434659827500582,0.02356092818081379,0.022238323464989662,-0.0025529609993100166,0.000269937765551731,0.023151565343141556,0.022383185103535652,-301.8130817681699,35846.7359837386,0.0011949758045375347,-408.9865886072336,35869.75692775683,0.0011739046312868595,0.03239437937736511,0.0047620623372495174,30471.21751012513,18571.514533618778
0.055998913606037544,0.0,-0.08172014616629664,-0.14292616026613855,-0.13868284167975375,0.09906156346691919,0.26313084688290667,-0.06201688814053885,-43.46503589175376,-14.744082280584195,-29.104559086168976,28.720953611169563,-30.716609954833984,-30.975356101989746,-30.845983028411865,-0.2587461471557617,-0.0022682996932417154,0.0002843936381395906,0.020844021812081337,0.02020370587706566,-0.0005972337676212192,-0.00216428330168128,0.01975421793758869,0.02008926123380661,-510.23388791320195,35841.018039130344,0.0010953296441584826,-527.5407406074264,35841.2482045024,0.0012024291791021824,0.028091605752706528,0.005527954548597336,30915.59995837521,18428.767463889424
0.2361903743797479,0.26526848996759955,0.9259234903194201,0.2923631620665995,-0.30111108597607,-0.19377507719431364,-0.27701717807556414,-0.6485957399754613,-42.56521926210712,-14.19051369604432,-28.37786647907572,28.3747055660628,-31.25699520111084,-31.32978916168213,-31.293392181396484,-0.07279396057128906,-0.0008905100403353572,0.001981769222766161,0.018718967214226723,0.019838524982333183,0.0012786535080522299,-0.0017382842488586903,0.01863020658493042,0.019608713686466217,-587.758335073782,35866.702910839165,0.0012197078904137015,-495.78408371227334,35829.18116954618,0.0011184577597305179,0.027043603360652924,0.0026212031953036785,31231.469950656905,17574.294960704054
0.9346521308329662,0.9341373794714122,0.49702140384518617,0.25844013950955247,0.1625254878795313,-0.042266462066961386,-0.7556486057096312,-0.6621676205137439,-43.21040472460595,-12.81308184262491,-28.01174328361543,30.39732288198104,-30.73817491531372,-30.600833892822266,-30.669504404067993,0.13734102249145508,-0.000665321946144104,-0.002202688017860055,0.020333290100097656,0.020614365115761757,0.0017034149495884776,0.0016280015697702765,0.021235894411802292,0.020353900268673897,-377.23108794743763,35820.594229301656,0.0010827949736267328,-364.75729183625185,35820.30907821519,0.001188205205835402,0.02916388213634491,0.0033380037639290094,30728.40701138714,19134.11974100626
0.0,-0.10506366871779643,-0.1864429850382834,-0.14801268687446922,-0.17049766936379726,-0.3946579900019175,-0.5732387899371137,0.0,-41.20569355409356,-17.675262163714805,-29.44047785890418,23.53043139037875,-30.85200309753418,-30.576491355895996,-30.714247226715088,0.2755117416381836,0.00022158469073474407,-0.0022660500835627317,0.01969296671450138,0.020709091797471046,0.0012528619263321161,-0.0016550555592402816,0.020558146759867668,0.021183591336011887,-312.87536351934807,35837.571975792824,0.0011160135036334395,-319.5976452913573,35740.13471447913,0.0011490598553791642,0.028669647872447968,0.0025096938479691744,31224.358422734,19150.333473965005
0.5582839630500238,0.7918409723149903,1.0,0.21500252852181345,-0.0669819392075735,0.09862143792804579,-0.2206403104642377,-1.0,-40.95964965524951,-12.678503615549914,-26.81907663539971,28.281146039699593,-29.60569143295288,-29.592156410217285,-29.598923921585083,0.013535022735595703,0.00017516831576358527,-0.0026155796367675066,0.022760914638638496,0.02387700229883194,-0.0013720958959311247,0.002243325812742114,0.022708069533109665,0.023997681215405464,-323.5354164658615,35850.68953014378,0.0011892183683812618,-346.95168239604783,35864.812836355406,0.0011850693263113499,0.03309173882007599,0.003100303001701832,30979.612333045065,18805.78203886257
0.1499662891830259,0.05450675968185609,0.03798954439035062,-0.008057446535635268,0.4113051547991016,0.7575067257263631,0.4836400055928168,0.0,-35.056810413856226,-13.055722461946004,-24.056266437901115,22.001087951910222,-31.1474347114563,-31.194758415222168,-31.171096563339233,-0.04732370376586914,0.0006315690698102117,0.0018221128266304731,0.01934690773487091,0.0197431780397892,0.0007171346805989742,0.0020713903941214085,0.01933913491666317,0.019511187449097633,-460.4728046844634,35769.90089637391,0.0012136385776102543,-418.21171753959555,35835.34009296224,0.001139932544901967,0.028070202097296715,0.0026485079433768988,30972.38907586528,18560.743531837423
-0.052044603451745136,0.08340510619547298,0.3422438823743824,0.6099761744856854,0.2815476266509979,-0.06026683703020275,0.19432821811509116,0.0,-39.70492808425411,-15.126752734948298,-27.415840409601202,24.57817534930581,-30.007638931274414,-29.713776111602783,-29.8607075214386,0.29386281967163086,0.001572089153341949,-0.0019520687637850642,0.021730151027441025,0.02279827557504177,0.0025518741458654404,0.0004963061073794961,0.0236667413264513,0.022388676181435585,-300.4744829787086,35860.34750222946,0.0012024972820654511,-382.17782807130993,35799.56377469831,0.0010767298517748713,0.03035687282681465,0.0038823497015982866,31242.393176622863,17306.024886981748
1.0,0.6666875139227856,-0.030384573317879065,0.12951568166089827,0.6818784715689691,0.04452054195953001,0.2904087207810114,-0.3975343089400696,-44.63475928219721,-15.323020735527734,-29.97889000886247,29.311738546669474,-29.713516235351562,-29.91889715194702,-29.816206693649292,-0.20538091659545898,0.0011432110331952572,0.002025898080319166,0.02304430864751339,0.02305944636464119,0.0017613924574106932,0.001822944963350892,0.02293100208044052,0.022058863192796707,-378.313053187353,35722.281042118986,0.0011577459517866373,-401.18026877944004,35867.26823102876,0.0011855002958327532,0.03338323533535004,0.003790824208408594,30481.694237072246,18723.150935136444
0.061998069123232066,0.025808651059024502,-0.09419774751356151,-0.1893984022642895,-0.29976449760908425,-0.42298557089433303,-0.7984845556292477,0.0,-43.92840384976233,-11.259174156382597,-27.593789003072466,32.669229693379734,-29.366888999938965,-29.013044834136963,-29.189966917037964,0.35384416580200195,-0.001363441115245223,-0.002314191311597824,0.024139026179909706,0.023812472820281982,0.000995261245407164,-0.0022204099223017693,0.02448110282421112,0.02549322508275509,-312.4156167423168,35815.36212282022,0.001085931551642716,-201.25989631180573,35726.68716879503,0.001107976189814508,0.03477311134338379,0.004080329090356827,30480.51281627752,18360.104452780768
0.7337086981366914,1.0,0.675129510879515,0.18497070585701844,-0.04993550750723663,-0.10615177853017899,-0.5034411028019041,-1.0,-44.41545494852309,-13.499614914513757,-28.957534931518424,30.915840034009335,-30.455217361450195,-30.44337034225464,-30.449293851852417,0.01184701919555664,-0.0008461630786769092,-0.002216255757957697,0.02109256200492382,0.021212369203567505,-0.0009776669321581721,0.0021777404472231865,0.02055162750184536,0.02179175801575184,-445.98994872980893,35855.695762313895,0.0011654210975393653,-361.5012069346696,35869.86548756969,0.0011908106971532106,0.03026978112757206,0.003435121849179268,30482.539049959803,18741.146297783926
0.3447309763601531,0.19545602170345955,-0.014774274733111187,0.394744696657653,0.6444263187565586,0.4269064889849221,0.5886373894031951,0.0,-38.230882695497215,-14.022528243488182,-26.1267054694927,24.208354452009033,-29.487333297729492,-29.472532272338867,-29.47993278503418,0.014801025390625,0.0023107114247977734,-0.0005335527239367366,0.023957859724760056,0.02336006797850132,0.0026091523468494415,-0.0005931212799623609,0.02394540049135685,0.02342211827635765,-335.1673341812688,35731.16708772136,0.0012160048354417086,-171.0062710893493,35834.14285639966,0.0011083736317232251,0.03258863463997841,0.006419047247618437,30521.164168334355,18147.56414650794
0.0,-0.0122793407058307,0.4324836980365871,0.4133202451435533,0.05611028576296778,0.12236800276463566,0.20111796316568809,0.0,-41.565851441530924,-16.448364490349604,-29.007107965940264,25.11748695118132,-28.717424869537354,-29.06139612197876,-28.889410495758057,-0.34397125244140625,0.00016039839829318225,0.002900775521993637,0.025341713801026344,0.026323357596993446,0.002129963133484125,-0.001828393549658358,0.0244216900318861,0.025237955152988434,-207.44812205476487,35851.88108761382,0.00116755033377558,-301.4512129359779,35827.89465947585,0.0010848753154277802,0.036844540387392044,0.003590924898162484,30976.922416411937,18537.382304662224
0.9204458063636366,0.5092139478758286,-0.11202632964230975,-0.13537493057152286,-0.4279378965949356,0.14861839269089172,-0.6237167497505327,-0.5788225510103705,-43.621569255642896,-14.601557607036852,-29.111563431339874,29.020011648606044,-30.0393009185791,-30.209510326385498,-30.1244056224823,-0.17020940780639648,-0.0021818566601723433,-0.001214973395690322,0.022802209481596947,0.02155955322086811,-0.0009864490712061524,-0.0022470552939921618,0.0217681135982275,0.021749259904026985,-540.3099807113537,35803.45304796623,0.0010814168490469456,-579.7634708245703,35863.19923725283,0.0011990767670795321,0.03165191411972046,0.004729808773845434,30470.141660678662,18580.23551110522
-0.015594303914917736,0.00027008295233579106,-0.11162126238272112,-0.1869905442922993,-0.16455076385906933,-0.49456077033231016,-0.7349134271289094,0.0,-40.72955222162517,-14.549825050785115,-27.639688636205143,26.179727170840053,-29.268620014190674,-29.010610580444336,-29.139615297317505,0.2580094337463379,0.0009053961257450283,0.0025640535168349743,0.024142449721693993,0.02435499243438244,0.002366651315242052,-0.000671969901304692,0.02530054748058319,0.024691767990589142,-363.6007135661113,35834.509749311546,0.0010931637370958924,-388.1385487910368,35758.640980997254,0.001179541926831007,0.03473286330699921,0.003661496564745903,30728.514375517196,18781.254488379727
-0.8835715990214988,-0.334873761083137,0.25217084220848895,-0.0018891001596393943,-0.26871876710442216,0.08026201594063342,0.5474914457011939,0.0,-37.55415692188316,-17.4318698906568,-27.49301340626998,20.122287031226364,-29.809744358062744,-29.93307590484619,-29.871410131454468,-0.12333154678344727,0.0017494697822257876,0.0018903505988419056,0.02319280616939068,0.022366071119904518,0.00046675410703755915,0.0024940886069089174,0.022179020568728447,0.022741636261343956,-338.85368896274366,35854.07908277649,0.001123234978877008,-443.56212207671433,35839.51468391255,0.0011797896586358547,0.03288540989160538,0.003884835634380579,30479.281139126502,18357.872475214765
0.08436933393111194,-0.027751155403905145,0.1065897183996663,0.21477803671113582,0.1619230172653292,0.15429927656995207,0.10344401413028159,0.0,-44.80339092033225,-20.450047860901236,-32.62671939061674,24.353343059431012,-29.482622146606445,-29.55725908279419,-29.519940614700317,-0.07463693618774414,-0.0010812822729349136,0.002415967173874378,0.022974643856287003,0.024324409663677216,-0.0025916399899870157,0.0004619565443135798,0.02377229556441307,0.023135904222726822,-427.5735456109061,35823.56089492848,0.0010908222757279873,-388.9648230619802,35837.06457495165,0.0010860286420211196,0.03335634618997574,0.002964046085253358,31229.88439719983,17661.59331179706
0.958891014082602,0.9418064646579423,0.8491590334009753,0.5074490231163156,0.02915353518168251,-0.32949366452211026,-0.466730007389898,-1.0,-44.25182320728419,-11.78142976046695,-28.01662648387557,32.47039344681724,-30.221679210662842,-30.4076886177063,-30.31468391418457,-0.18600940704345703,0.0005795318866148591,0.0023557248059660196,0.02151298336684704,0.021944105625152588,0.0012011131038889289,0.002071056282147765,0.02140290103852749,0.02113247662782669,-367.45358088181774,35830.35433932445,0.0011667609214782715,-431.62706017239026,35817.21255499038,0.0010982812382280827,0.031003661453723907,0.0033464243169873953,30728.675453120606,18611.528007416062
0.8176704643174411,0.7664995668765241,0.17053990733786928,-0.2249863638573508,0.2060369007191502,-0.05225933781300485,-0.7227040737647039,-0.8222921284792907,-38.59677334334606,-10.493302734094755,-24.545038038720406,28.103470609251303,-31.494836807250977,-31.873493194580078,-31.684165000915527,-0.37865638732910156,0.0010460338089615107,0.0018431430216878653,0.01888321526348591,0.018647274002432823,0.0007938938215374947,0.0018660412169992924,0.0179571695625782,0.017973164096474648,-563.279601342885,35837.76697919791,0.001124037429690361,-529.717148888611,35857.85039074676,0.0012422737199813128,0.027269290760159492,0.0031930834520608187,30481.73658556333,18530.539740818196
0.0,-0.01718570344356742,0.05211752623345123,0.3498818570412833,0.2280450128720493,0.17213225098124768,0.11818599002223784,0.0,-39.20452973364968,-20.629641245107905,-29.917085489378792,18.574888488541774,-33.08631420135498,-33.07497024536133,-33.080642223358154,0.011343955993652344,0.000358703953679651,0.0017154881497845054,0.015442167408764362,0.015804830938577652,0.0013941721990704536,-0.0010665699373930693,0.015437076799571514,0.015850083902478218,-737.2828708831474,35893.325753629135,0.0012958510778844357,-815.6280174860033,35814.185663771925,0.0011579516576603055,0.022358793765306473,0.0023141540586948395,30730.690500582852,18811.284698905685
0.7238506981727288,0.9813138522774424,0.7639684129443006,0.10113320115226032,-0.5156729618821673,0.197728055969718,-0.004789067323857754,-0.8993124309871274,-42.73364403243022,-12.284447296685187,-27.509045664557704,30.449196735745033,-32.68443584442139,-32.78938055038452,-32.736908197402954,-0.10494470596313477,0.0006961586768738925,-0.0016998779028654099,0.015883486717939377,0.01683153584599495,-0.0004989238223060966,0.0017535891383886337,0.015691976994276047,0.01662919856607914,-687.1766009625026,35868.7976954016,0.0012415136443451047,-804.9200141969565,35861.8132109825,0.0012849299237132072,0.02290072850883007,0.0024323277175426483,31229.494955468585,17646.265290545634
1.0,0.933584893852205,0.42640953470501713,0.32338182952186784,0.4779370861222102,-0.21800865866612684,-0.8394127347110492,-0.9698747159969455,-46.112056713943275,-11.179600341728644,-28.64582852783596,34.93245637221463,-32.254576683044434,-31.960582733154297,-32.107579708099365,0.2939939498901367,-0.0014141008723527193,0.0013023093342781067,0.01689349114894867,0.01749139465391636,0.0018692320445552468,-0.0006895273691043258,0.0178521815687418,0.017721176147460938,-671.6827426394833,35828.83583896378,0.0011451042955741286,-637.5094387807233,35840.85554012884,0.0011155173415318131,0.023471875116229057,0.003077856497839093,31246.53507252616,17312.946189413775
-0.8578704111727881,-0.9671073379316371,-0.49738651899274267,0.27397834254135023,-0.0013547980758881195,-0.3133511381539296,-0.27428890234920267,0.1251840648031578,-35.09233738797491,-13.997024070830236,-24.54468072940257,21.095313317144672,-29.282398223876953,-29.84149694442749,-29.56194758415222,-0.5590987205505371,0.002134497743099928,-0.0017056964570656419,0.023849153891205788,0.02456464059650898,0.0004427579988259822,0.0025140587240457535,0.022391505539417267,0.023005979135632515,-371.69397008729356,35860.82030194863,0.0011571195209398866,-374.39058256106244,35841.15916143073,0.0011763618094846606,0.032832320779561996,0.005812294781208038,31279.54057042285,17474.837645603395
0.055311189546423875,0.0,-0.0810477544510665,0.08590103507610664,0.1611352119675319,0.24100662815527807,0.15699505332381725,0.0,-45.01938630300094,-18.838146162413807,-31.928766232707375,26.181240140587136,-29.61923837661743,-29.366562366485596,-29.492900371551514,0.25267601013183594,-0.002612297423183918,1.1106676538474858e-05,0.023776687681674957,0.022792033851146698,0.002411921974271536,0.0012094826670363545,0.02466115914285183,0.02327175810933113,-341.9792267069344,35826.864673418306,0.0010859122266992927,-322.63356246149135,35833.10666385054,0.0011463314294815063,0.0321967750787735,0.006199212744832039,30929.498579056017,18518.617019763493
-0.9797690027706095,-0.975677783097079,-0.9816415853985873,0.007840046327465003,0.0008661448017501469,-0.002602444750147306,-0.028912488837904975,0.9638210336358559,-42.94698207300041,-14.06196542580621,-28.50447374940331,28.885016647194202,-29.676713943481445,-29.839844703674316,-29.75827932357788,-0.1631307601928711,-0.0016740194987505674,-0.0019796742126345634,0.0234917514026165,0.02277490496635437,-0.001050093793310225,-0.0019782206509262323,0.022637678310275078,0.022805368527770042,-258.2254862145743,35850.72273876007,0.0011707443045452237,-348.61869198965644,35751.643188835886,0.0012181481579318643,0.033120520412921906,0.004043704364448786,30477.21871470423,18365.669439019
0.4933417367779506,0.8431380057733691,0.7717551022751733,-0.11021810968579702,-0.2118456761305746,-0.21500663854085822,-0.47428949859923786,-0.9075596474199606,-39.523694524302755,-13.000489179914666,-26.26209185210871,26.52320534438809,-29.871275424957275,-29.67017412185669,-29.770724773406982,0.20110130310058594,-0.0005475033540278673,0.0024967119097709656,0.021983250975608826,0.02324407733976841,-0.0003979142347816378,0.002580276457592845,0.022526197135448456,0.023762525990605354,-320.0101377643666,35856.80381518248,0.0011615920811891556,-254.1028115040912,35866.70601489158,0.0011790486751124263,0.03197599574923515,0.003002096200361848,31227.223113547643,17802.69627355918
0.08511637602598401,-0.057628132121965124,-0.011191031384473832,0.33006844251481293,0.23453409693785715,0.04823987917156192,0.0009451102152499002,0.0,-41.71706983425611,-18.563777428566652,-30.14042363141138,23.153292405689456,-30.095961093902588,-30.344820022583008,-30.220390558242798,-0.24885892868041992,-0.0017256740247830749,0.0017638896824792027,0.021604804322123528,0.022478649392724037,0.0006906630587764084,0.002300952561199665,0.021273232996463776,0.02157198265194893,-377.38339508618867,35845.07632487733,0.0011091736378148198,-426.2433229473815,35829.197044715525,0.0011024662526324391,0.03016548603773117,0.004008171148598194,31247.97320401612,17283.120845391226
0.009173549175097676,0.09849977692174428,0.18782402110057922,0.03277679990489982,-0.3477971573327304,0.10715383678099788,0.2397268796172467,-0.14205479394717924,-39.72184777849583,-14.816829359561922,-27.269338569028875,24.905018418933906,-30.511493682861328,-30.862431526184082,-30.686962604522705,-0.3509378433227539,0.0015267264097929,-0.0017959539545699954,0.020529938861727715,0.021490944549441338,0.0005069904727861285,-0.002220890484750271,0.01960655301809311,0.020743340253829956,-461.8492563350389,35874.1495109361,0.0011685293866321445,-552.5008972782532,35855.34889407707,0.0012123753549531102,0.02880222350358963,0.003832753747701645,31245.678871777935,17294.045118609418
0.9106872517937659,0.942348953475781,0.4853145999861507,0.1958117283307101,0.25087819874016987,-0.05382731108665445,-0.6443861551860838,-1.0,-45.21576254544374,-9.418119689920218,-27.316941117681978,35.79764285552352,-31.793856620788574,-31.78455352783203,-31.789205074310303,0.009303092956542969,-0.0015806278679519892,0.0012729093432426453,0.01786658726632595,0.01839280128479004,0.0005273577407933772,-0.001972566358745098,0.017627272754907608,0.018658986315131187,-580.0433246138471,35829.499970504425,0.001132823876105249,-534.9661168555982,35855.106721629214,0.001201295293867588,0.024746321141719818,0.003503951709717512,31251.359019361396,17268.226776698364
-0.5893505515273648,-0.655000251072688,-0.23215177271961834,0.40514490030670575,0.027507679026404164,-0.3572442246696341,-0.25075549522554763,0.014552623312740653,-36.677558800861334,-16.183130384212717,-26.430344592537026,20.494428416648617,-31.26493215560913,-31.257128715515137,-31.261030435562134,0.007803440093994141,-0.0019162811804562807,-0.0010127269197255373,0.019815050065517426,0.01870792545378208,-2.424136982881464e-05,-0.0021732898894697428,0.01886982098221779,0.01969442516565323,-506.5034566777746,35856.85938965339,0.0011976140085607767,-481.7700508900758,35824.85050186466,0.0011153884697705507,0.027547096833586693,0.0038262999150902033,30473.385367191448,18488.63326322681
0.004806346560142876,-0.012730176200607696,0.013796869606758836,0.16751154506509108,-0.07656139956388408,0.19317374748315974,0.4327387019363593,-0.028880502853638856,-42.44115783299503,-14.372111088517386,-28.40663446075621,28.069046744477646,-31.394712924957275,-31.52979612350464,-31.462254524230957,-0.13508319854736328,-0.00025677733356133103,0.0021179108880460262,0.01848991960287094,0.019465090706944466,-0.001987694064155221,0.0006982507184147835,0.01876210980117321,0.018618542701005936,-516.5207734024627,35839.09501781097,0.0012159387115389109,-538.6813918656383,35866.429474664335,0.0012211808934807777,0.027172598987817764,0.002574586309492588,30979.329759285753,19045.571196350564
0.0,-0.0587159899202736,-0.17980599904944075,-0.3179030035866559,-0.32742037606529306,-0.5455517342637501,-0.8432939005375735,0.0,-43.86498991319314,-15.926705962909255,-29.895847938051197,27.93828395028389,-30.20174741744995,-30.222811698913574,-30.212279558181763,-0.021064281463623047,0.001349745667539537,0.002029282506555319,0.021986447274684906,0.02156999707221985,0.0013360297307372093,0.0016875468427315354,0.021844638511538506,0.021637199446558952,-307.97134893736074,35837.866882800576,0.0011089062318205833,-328.13038538277544,35720.86876911189,0.0011503665009513497,0.031172577291727066,0.0036771546583622694,30479.338216003885,18338.332635725237
-0.45241412913566303,0.13909302093303078,0.5196462524825691,0.0,0.44469210309009355,0.3824899263419349,0.5015112855854049,0.49430623882268804,-35.04986792621003,-13.02066444083519,-24.03526618352261,22.029203485374836,-30.57724952697754,-30.618512630462646,-30.597881078720093,-0.04126310348510742,0.001996187958866358,-0.001257199328392744,0.020672420039772987,0.02103862352669239,0.0018538158619776368,-0.0014261859469115734,0.020470065996050835,0.02104196883738041,-399.32391919001174,35860.89820855704,0.0011886367574334145,-313.8771134862139,35863.301811276106,0.0012048641219735146,0.028460349887609482,0.0053755491971969604,31058.08278352938,17591.086859770312
0.05805514206308961,-0.006901724468620763,-0.06496435662350863,0.2045007469412132,0.22998305154434512,0.23267942668382702,0.11073828047855938,0.0,-43.73435493212763,-16.54789743497787,-30.14112618355275,27.18645749714976,-31.37615442276001,-31.393821239471436,-31.384987831115723,-0.01766681671142578,5.953908112132922e-05,-0.002118750475347042,0.01859510876238346,0.019446181133389473,0.0012161091435700655,0.0017612772062420845,0.0191966500133276,0.01877165213227272,-582.8589876062593,35817.32140124369,0.001132901175878942,-521.7282080787977,35861.941415862726,0.0012203966034576297,0.027055829763412476,0.002635353244841099,30971.410925963057,18476.533523101436
0.0,0.046133430616642546,0.32580057254720096,0.22036582436167068,-0.25919069988461474,-0.12003249343593037,0.13140771719966848,-0.10346412200254207,-41.788468086822235,-17.02804872029577,-29.408258403559003,24.760419366526463,-31.229546070098877,-31.242408752441406,-31.23597741127014,-0.012862682342529297,2.787573612295091e-05,-0.0021727723069489002,0.018922721967101097,0.019764693453907967,-0.0020007938146591187,-0.0008505581063218415,0.019877759739756584,0.018744448199868202,-514.7847634305166,35876.44614456866,0.0012060056906193495,-558.1638228428528,35833.638779504174,0.0011121965944766998,0.027523381635546684,0.0025992169976234436,30978.367848301044,18473.769819898178
0.9464500711985722,0.9794766199859196,0.7139318702062158,0.37206728899649033,0.241112259486362,-0.10067450845407239,-0.6225141290529919,-1.0,-41.93374987944219,-6.867326004192023,-24.400537941817106,35.066423875250166,-30.788733959197998,-30.629353523254395,-30.709043741226196,0.15938043594360352,0.001583124976605177,0.001647523487918079,0.02073052152991295,0.01997371017932892,-0.0018824562430381775,-0.0013802321627736092,0.021251436322927475,0.0201996099203825,-501.7205365795666,35831.56888072976,0.001134586171247065,-432.0440946001547,35839.51820867042,0.001168487360700965,0.029257507994771004,0.0036639939062297344,30476.635650739652,18386.538578314903
0.05442630207041813,-0.09760075968690413,-0.17771514752347575,0.2590448085593684,0.3330418883970769,0.028485504827883923,-0.21299678110747833,0.0,-38.5302422624176,-19.10591364368952,-28.81807795305356,19.424328618728083,-30.74869155883789,-30.735034942626953,-30.741863250732422,0.0136566162109375,0.0020424812100827694,0.0010686905588954687,0.021029900759458542,0.01985139586031437,0.002293327124789357,-0.00025999147328548133,0.020820071920752525,0.020136965438723564,-456.91222226725114,35834.66443145555,0.0010908968979492784,-407.4010518537129,35823.666421466194,0.0011122116120532155,0.029123909771442413,0.004220690578222275,30473.161139381777,18513.66957623036
-0.11412589208682297,0.11678243406635735,0.22518856123990164,0.15296642892644627,0.0031251841576172,0.2736848678867151,0.44585402542390185,-0.08172276643606191,-41.394445506602835,-16.29800031476367,-28.846222910683252,25.096445191839166,-30.67678451538086,-30.881032943725586,-30.778908729553223,-0.20424842834472656,0.002268054522573948,0.00048033377970568836,0.021181002259254456,0.020042212679982185,-0.0022276178933680058,-0.000450031366199255,0.02068670466542244,0.01957763358950615,-463.59644509150706,35833.74282871139,0.0011698625748977065,-472.4665444028195,35841.4593598612,0.0011937546078115702,0.029017219319939613,0.0051269191317260265,30460.71594065206,19015.322665627962
0.04019678980803032,-0.07242118007123532,-0.2748069963732488,-0.3551570676207241,-0.3706702860399538,-0.5301874358958412,-0.6894778791726148,0.0,-37.84370595034781,-10.870328344112124,-24.357017147229968,26.973377606235687,-30.843863487243652,-30.916593074798584,-30.880228281021118,-0.07272958755493164,-0.002027081558480859,0.00012509114458225667,0.020606594160199165,0.019865766167640686,0.000712344073690474,0.002152044326066971,0.01994534581899643,0.020168673247098923,-339.43511059687717,35741.67505443913,0.0012091348180547357,-403.3128409908177,35807.73911266041,0.00110245228279382,0.027912959456443787,0.005170514341443777,30522.146016788854,18265.911292285506
-0.0010211921871896993,0.12500290819572366,0.434201477146394,-0.7431029464357157,-0.6126276422870954,0.4675894236673366,0.8426226794009555,0.0,-35.50528092520017,-15.145569041267208,-25.325424983233688,20.35971188393296,-31.324079036712646,-31.326375007629395,-31.32522702217102,-0.002295970916748047,-0.001515921438112855,-0.001543686375953257,0.01950843818485737,0.018760371953248978,0.0021462664008140564,0.00012504044570960104,0.01958383433520794,0.01867278851568699,-432.55252485803004,35858.11892101839,0.0012143439380452037,-374.04728857281617,35847.70529636857,0.0011346073588356376,0.027815695852041245,0.00323809077963233,30479.168597580705,18342.93697453869
0.6888545921530705,0.30465660061162925,-0.07195917635248028,0.32942787675553187,0.6130101638734583,0.44811303432881683,-0.12009540618431724,-0.1508101508530434,-42.695346098896664,-14.479947124301532,-28.587646611599098,28.215398974595132,-30.698964595794678,-30.813350677490234,-30.756157636642456,-0.11438608169555664,0.0008643923210911453,0.0021437969990074635,0.020527629181742668,0.02060616761445999,0.0011128801852464676,-0.0020081456750631332,0.019710466265678406,0.020867129787802696,-418.4583874356121,35843.02687731394,0.001116280909627676,-481.65051998304443,35835.02348222811,0.0012064442271366715,0.029579460620880127,0.003307029604911804,30482.684793884542,18820.807385313732
0.05970370820830931,-0.012248538237646555,-0.056646198744151,0.057160395956087184,-0.035890802916269504,0.04747643233002463,-0.009607502591961303,0.0,-42.572850456028334,-17.057185780322584,-29.81501811817546,25.51566467570575,-30.714271068572998,-31.144413948059082,-30.92934250831604,-0.430142879486084,0.0022622658871114254,0.00043765315786004066,0.02107272669672966,0.019974403083324432,0.00111994834151119,-0.0018905351171270013,0.01898667775094509,0.02007552795112133,-411.0661390761692,35831.97291569401,0.00109935796353966,-556.0543542189274,35837.1164511962,0.001142504857853055,0.028558477759361267,0.005245225504040718,30457.328587322147,19906.886703353066
0.6743573139243254,0.9236834194781934,0.7372770023893286,0.3115469768512362,0.21018459538342305,-0.08120514681531188,-0.4518069859344322,-1.0,-41.70358041084242,-8.827121506972105,-25.265350958907263,32.876458903870315,-31.22579574584961,-31.057817935943604,-31.141806840896606,0.16797780990600586,-0.0010293906088918447,-0.0019187177531421185,0.019439293071627617,0.019273240119218826,0.0017693201079964638,0.001348790479823947,0.02021883614361286,0.01923726685345173,-533.3158245150042,35853.707273593485,0.0012267567217350006,-449.8132356141636,35868.27554778158,0.0011992815416306257,0.02781033143401146,0.0032164042349904776,30481.925289163144,18498.32514226007
-0.8823403662429735,-0.9548918641944765,-0.8358792252527906,-0.6291171722745683,-0.560066052151809,-0.6620478363735912,-0.3536630539642389,1.0,-40.852814191326004,-17.378757451677814,-29.11578582150191,23.47405673964819,-31.5659761428833,-31.202232837677002,-31.38410449028015,0.36374330520629883,-0.001789925852790475,0.0005360142677091062,0.018814658746123314,0.01843338832259178,0.0021476238034665585,0.00040453794645145535,0.019935166463255882,0.01886798068881035,-598.4407416065239,35789.109815507654,0.001279905205592513,-488.0914587327942,35819.88918992399,0.0011281088227406144,0.025597363710403442,0.005114024039357901,30763.62286997726,17789.235650073028
0.0,-0.06032888146314116,0.2733056682928624,0.4383866026616463,0.20574917303490078,0.14332871120936297,0.22037614655914206,0.0,-40.339218794674395,-17.536910686654892,-28.938064740664643,22.802308108019503,-30.901875495910645,-30.876047611236572,-30.88896155357361,0.025827884674072266,0.0019113593734800816,0.0012063798494637012,0.02062922716140747,0.019539849832654,0.001791098853573203,0.0013820232124999166,0.020637573674321175,0.01965447887778282,-517.114316864074,35849.46662282359,0.001197835779748857,-440.50527631526694,35830.97801045174,0.0011049469467252493,0.028957009315490723,0.004061810206621885,30473.04675130465,18503.184066295584
0.9503520454952655,0.8839059366194455,0.4896183251312761,0.2046374911158172,0.11075359360632991,-0.18438303708754294,-0.6250369763491277,-1.0,-45.82706664861331,-10.86033795498696,-28.343702301800136,34.96672869362635,-30.458378791809082,-30.39515495300293,-30.426766872406006,0.06322383880615234,0.0013142199022695422,-0.0019612887408584356,0.02060042694211006,0.021676762029528618,-0.00214297603815794,-0.001085733063519001,0.02190902829170227,0.020670078694820404,-368.4382392357136,35820.27225720517,0.001076187239959836,-420.5464349571106,35847.58167706856,0.0011749423574656248,0.029172807931900024,0.0030471666250377893,31233.268888025876,17509.48737571024
-0.2922443898581961,-0.19561344890548402,-0.10902414121872614,0.16130532993750885,0.4344595372425641,0.0931840189655127,-0.15731417937006453,0.0,-36.604028385188656,-14.9767298148532,-25.790379100020928,21.627298570335455,-29.609100818634033,-29.36359405517578,-29.486347436904907,0.24550676345825195,0.0025707969907671213,-0.0005600630538538098,0.023580843582749367,0.02304787002503872,-0.0001897667534649372,0.0026898211799561977,0.023392586037516594,0.02456286922097206,-300.85773051015906,35833.20835637989,0.0011417268542572856,-245.4307846388049,35832.996810206285,0.0010946654947474599,0.03203727677464485,0.006325246766209602,30685.01213834919,19382.742798525487
0.7988058998869659,0.8978740799013295,0.9956202818547021,0.961437010572241,0.5848100328975006,-0.49448466422797177,-0.2803566245341156,-0.1582204106557854,-40.12525302934881,-15.660981575348316,-27.893117302348564,24.464271454000496,-29.265658855438232,-29.657835960388184,-29.461747407913208,-0.39217710494995117,-0.002041442785412073,0.0018121557077392936,0.023838013410568237,0.024668242782354355,-0.0019984811078757048,-0.0004278726992197335,0.023621145635843277,0.022799942642450333,-337.9394975882176,35856.56214486005,0.0011763618094846606,-239.8777066126572,35703.25602220572,0.001087354263290763,0.03304826840758324,0.004978720564395189,31254.17808641342,17234.42881660997
0.20411942805042735,-0.011686779359792883,-0.04625753682629376,0.08695383563492198,-0.1958584805518252,0.010234830974500286,-0.09816848110559029,0.0,-46.14785040757755,-15.53529893603175,-30.84157467180465,30.6125514715458,-30.479729175567627,-30.702335834503174,-30.5910325050354,-0.22260665893554688,-0.000931842194404453,0.0021597843151539564,0.020487288013100624,0.021683145314455032,0.0023115742951631546,0.00016368174692615867,0.021053146570920944,0.020051810890436172,-386.69034612495,35822.05356857215,0.0010986815905198455,-500.60037532585727,35844.22784051065,0.0011276331497356296,0.029697442427277565,0.0025489528197795153,31227.753064464392,17744.88820486406
0.10252014391770692,0.42547552784719583,0.7945197822592746,0.7917540945875595,0.203185073866929,-0.6350634672001673,-0.16241006134530178,-0.49831866946274805,-37.80059574774438,-12.586862988230877,-25.19372936798763,25.213732759513505,-29.7341251373291,-31.13802671432495,-30.436075925827026,-1.4039015769958496,-0.0016695482190698385,-0.0019800541922450066,0.023342091590166092,0.022617949172854424,0.0008084455039352179,0.0020532505586743355,0.019505884498357773,0.01959925703704357,-457.05213344922447,35875.02462229493,0.0011879815720021725,-442.72961128755287,35837.65371797693,0.0010702647268772125,0.03327867388725281,0.003896712325513363,30479.888619450703,18339.260303679916
-0.5890509398059537,-0.5091270098560614,-0.35942099766227353,-0.12097819933937815,0.23604558455205749,0.36809968352031386,0.1864614257667857,0.0,-35.1175112456977,-16.986654413548877,-26.052082829623288,18.130856832148822,-31.064157485961914,-30.767340660095215,-30.915749073028564,0.2968168258666992,0.0022192001342773438,-0.00012204113590996712,0.020104603841900826,0.019327312707901,0.0022657287772744894,0.0004324741894379258,0.02096107043325901,0.01983317919075489,-297.0405919090819,35844.915570727106,0.0010940005304291844,-336.2389175271464,35851.92989804119,0.0012172823771834373,0.027305832132697105,0.005090376827865839,30701.210336415417,18630.063953066674
0.008691231331870875,-0.01185901306550139,0.273544052727344,0.2719538330798763,0.138577779507419,0.3024705495114422,0.2490689704655097,0.0,-43.09164724054688,-19.292291218559626,-31.19196922955325,23.79935602198725,-30.237855911254883,-30.247924327850342,-30.242890119552612,-0.010068416595458984,0.0010983030078932643,-0.002172891516238451,0.02106340602040291,0.022295963019132614,-0.0022664375137537718,0.000888876267708838,0.021715568378567696,0.02161063812673092,-367.89046379317443,35866.54443259915,0.0011908176820725203,-329.32994175175565,35826.778302809245,0.00109475152567029,0.030351368710398674,0.002898386213928461,31232.098501712375,17547.48096304986
0.8453470233774869,1.0,0.636924220048009,0.20001612292085796,0.015951665254845815,-0.17460873791326048,-0.5768368872775442,-1.0,-46.665963830125065,-11.450928238397466,-29.058446034261266,35.2150355917276,-30.755882263183594,-31.062302589416504,-30.90909242630005,-0.30642032623291016,0.00027614276041276753,0.0022573256865143776,0.020104655995965004,0.020757824182510376,-0.002197546884417534,-0.00032780945184640586,0.02024068683385849,0.019193552434444427,-258.28263498396257,35842.81167946171,0.0011988563928753138,-370.3720955422176,35871.08582808212,0.001206684741191566,0.02915963903069496,0.0033048756886273623,30729.36823476454,18412.766091282323
0.1706751856088501,-0.0026856391409037514,0.006707678210369008,0.29153207337588755,0.5328856744016336,0.304536379700609,0.514553755733613,0.0,-37.7873240631067,-15.094487602780191,-26.440905832943447,22.69283646032651,-31.02109432220459,-30.46408176422119,-30.74258804321289,0.5570125579833984,0.0017108585452660918,-0.0010003678034991026,0.019841711968183517,0.01982065476477146,0.0002885514113586396,-0.002364897169172764,0.020574411377310753,0.021671881899237633,-441.5974306038333,35778.22797283418,0.001288914354518056,-281.317474553898,35833.77407129278,0.0011278362944722176,0.027011243626475334,0.005322097335010767,30761.301714557972,18417.153403089946
-0.1916950813876187,-0.2890081814156556,0.10301167853009643,0.48188173598998607,0.13283764616129834,0.007699282538177088,0.052965158440072546,0.0,-39.32694800536376,-17.597143062695864,-28.462045534029812,21.729804942667897,-30.402920246124268,-30.24550437927246,-30.324212312698364,0.15741586685180664,-0.00020096945809200406,0.002394194481894374,0.020749319344758987,0.021796582266688347,-0.002143026562407613,0.0011698845773935318,0.021559657528996468,0.021777477115392685,-354.7114657452801,35849.32322003641,0.001182939507998526,-466.77626272107165,35813.99670641318,0.0010876500746235251,0.029997501522302628,0.0027194146532565355,31224.465577224084,18717.843835828997
0.9343080294404932,0.5417626674481995,-0.136993842135122,-0.10479370328157411,-0.21244065149330088,0.15428012325442486,-0.696492923129273,-0.6053133286962753,-41.281926136824296,-11.776880625998501,-26.5294033814114,29.505045510825795,-29.797520637512207,-29.936554431915283,-29.867037534713745,-0.13903379440307617,0.0016203334089368582,-0.001979581080377102,0.022275365889072418,0.023345034569501877,0.002532743848860264,-0.00010084774839924648,0.02289946749806404,0.021997859701514244,-407.28389090310736,35804.96960511907,0.0010833772830665112,-441.93690488175594,35867.45197530653,0.001195630175061524,0.03146030753850937,0.003687191754579544,31242.583174508927,17335.367242232853
0.27211719313782085,0.23640264182413873,-0.12558616769435568,0.7559546907019647,0.795950962756824,-0.2189976369640781,-0.412104340377627,0.0,-41.86127262688632,-15.072697163644548,-28.466984895265433,26.78857546324177,-30.595953464508057,-30.11782169342041,-30.356887578964233,0.4781317710876465,-0.000719336443580687,-0.0022268425673246384,0.020691849291324615,0.020931947976350784,0.0015471555525436997,-0.0019181417301297188,0.02145548164844513,0.0225127674639225,-464.5929544418953,35885.52822913113,0.001203829306177795,-410.6753720185564,35808.97988715593,0.0010905986418947577,0.029769856482744217,0.003127208212390542,30728.894644405143,18664.491370877877
0.15410886345220154,0.5999202225941196,0.6307797370596103,-0.14303016466339624,-0.3865196167629419,-0.3877003109336007,0.22697577581210648,-0.5181287451210033,-39.550026530239734,-14.018393728381398,-26.784210129310566,25.531632801858336,-30.218143463134766,-30.498840808868408,-30.358492136001587,-0.2806973457336426,0.0006897753337398171,0.002350867260247469,0.021575454622507095,0.021897682920098305,-0.0022582998499274254,-0.0007415917352773249,0.021657777950167656,0.020415181294083595,-281.3512015534175,35855.53903852744,0.0011527175083756447,-482.25278656259394,35861.565953446254,0.001201836857944727,0.03121481090784073,0.0033055341336876154,30729.39345178021,18531.315904032166
0.09956103641562704,-0.035493082860932654,0.0838011920058713,0.15705256525706646,0.13904602682131506,0.14813589899944501,0.028186967722443,0.0,-44.26098307930022,-19.328734833559736,-31.794858956429977,24.93224824574048,-29.63848352432251,-29.586811065673828,-29.61264729499817,0.05167245864868164,-0.0007584997802041471,-0.0024832645431160927,0.02308654971420765,0.02338961511850357,0.0025701120030134916,0.0005008570151403546,0.024005984887480736,0.02273036353290081,-425.6910845392442,35821.58636828681,0.0010812904220074415,-334.1595656573117,35844.65425259038,0.0010742791928350925,0.03374013304710388,0.0037023399490863085,30483.669710016467,19723.587168288836
0.87574620790768,1.0,0.7682104702771205,0.40003298248931435,-0.04109133127779213,-0.33189014252651755,-0.6214193522032094,-1.0,-44.273629645121105,-13.531232547603281,-28.902431096362193,30.742397097517824,-30.257229804992676,-30.335679054260254,-30.296454429626465,-0.07844924926757812,0.0003291089669801295,0.0024036900140345097,0.021312054246664047,0.02196362614631653,-0.0021782806143164635,-0.0010382038308307528,0.02206427976489067,0.020807772874832153,-390.8937043887257,35853.31064440969,0.0011781583307310939,-343.1590814975925,35881.55598594002,0.0011876962380483747,0.030841514468193054,0.0031792595982551575,30729.904963938527,18572.543391969113
0.9341215531705305,0.6432559127183265,-0.018520123237598426,0.39797176085038255,0.950078562062989,0.5644888315855779,0.3459099195117644,-0.2138955595217954,-40.870838482606274,-14.920107340454194,-27.895472911530234,25.95073114215208,-30.734293460845947,-30.81812858581543,-30.77621102333069,-0.08383512496948242,-0.0009334116475656629,0.001831909641623497,0.020086070522665977,0.020898951217532158,0.002170897787436843,-0.0007436444866470993,0.020378729328513145,0.020192591473460197,-379.3802557109562,35731.520146559975,0.0011649387888610363,-325.4475242317064,35857.31194243283,0.0012297246139496565,0.02825610339641571,0.0032097394578158855,31232.934726163505,17380.267087663033
0.0,0.0005653804684311731,0.3716330256632337,0.4020230290822419,0.13710520218059824,0.15481911830615608,0.13880350520193474,0.0,-41.68027344957716,-17.742633975040462,-29.71145371230881,23.937639474536695,-31.773436069488525,-31.78764820098877,-31.780542135238647,-0.01421213150024414,0.0017443838296458125,0.001068965531885624,0.018659643828868866,0.01767425611615181,0.0012565612560138106,-0.0016106187831610441,0.017692910507321358,0.01858394965529442,-478.1117374805582,35853.344190021926,0.0012305529089644551,-646.0574910720419,35831.50597358183,0.0011098680552095175,0.025804543867707253,0.003796736476942897,30472.67944086534,18527.040260130194
0.8691067647656997,1.0,0.7845584261348532,0.09318367477627773,-0.4637893382959485,0.1685284001652516,-0.33033906153027964,-0.9496455777291629,-41.46375732349321,-12.552057902333672,-27.007907612913442,28.91169942115954,-31.479954719543457,-31.532609462738037,-31.506282091140747,-0.05265474319458008,0.0013998576905578375,0.0015847882023081183,0.019116556271910667,0.018474500626325607,9.68204767559655e-05,0.0021136123687028885,0.018313556909561157,0.0190469641238451,-600.7595132659816,35823.77947886408,0.0011945324949920177,-531.0157969015406,35897.24359962537,0.0012523734476417303,0.02712971530854702,0.0034950741101056337,30476.919500504708,18373.466876300863
0.1277896515463389,-0.0387818468188177,-0.16788318300106816,0.28680185441251566,0.41095930644701356,-0.20998751116310443,-0.2898519230298017,0.0,-44.18069225994034,-16.311810786174988,-30.246251523057666,27.868881473765356,-30.779576301574707,-30.54342746734619,-30.66150188446045,0.23614883422851562,-0.002106808591634035,0.0008652677061036229,0.020404694601893425,0.020350567996501923,0.00042545064934529364,-0.002320482861250639,0.02035454846918583,0.021506046876311302,-398.6492135056815,35862.40712487654,0.001119374530389905,-348.4072442597072,35808.089757797345,0.0010873210849240422,0.027514759451150894,0.005004622973501682,31052.167114570508,17562.526207914158
-0.900947462130152,-0.865202277033861,-0.009437486019370778,0.28471401843029465,-0.01826486880927941,-0.2567512786194057,0.3440573350678787,0.2029945943351268,-37.465123669197794,-16.297489292773093,-26.881306480985444,21.1676343764247,-30.50969362258911,-30.562314987182617,-30.536004304885864,-0.05262136459350586,4.4789812818635255e-05,0.0023740234319120646,0.02057836763560772,0.02145126461982727,0.0005377547931857407,0.0022946749813854694,0.020675932988524437,0.021106991916894913,-358.83833675763026,35833.83998161929,0.001163846580311656,-482.68918925661916,35870.429723062145,0.0012067088391631842,0.02981383539736271,0.0026778732426464558,30979.215441145443,18382.886208804564
0.18479641544758965,0.0,0.08943952523297778,-0.01886857423184196,0.20931697289092605,0.46264203585300545,0.10498096802863743,0.0,-44.557472193021624,-15.373922749569203,-29.965697471295414,29.18354944345242,-30.5208683013916,-30.52016258239746,-30.52051544189453,0.000705718994140625,0.0001373849663650617,0.0023411069996654987,0.02060064673423767,0.02137971855700016,-0.0023531578481197357,0.00023366836830973625,0.02135458216071129,0.020627964287996292,-496.41101802032125,35829.17792504011,0.0011109672486782074,-424.390667283442,35859.24045700129,0.0011876188218593597,0.030286654829978943,0.002998469630256295,30731.68131473795,18711.061533830078
0.9970234009939762,0.9745807613172677,0.7868984034227089,0.7753919171918132,0.5972634539543981,0.31327314667808015,0.1305309001132965,-1.0,-46.23413720183848,-15.816910287709792,-31.025523744774134,30.417226914128687,-31.176235675811768,-31.08994722366333,-31.13309144973755,0.0862884521484375,0.002158788265660405,0.0002637730212882161,0.01994701661169529,0.018976997584104538,-0.001638184767216444,0.0010214752983301878,0.019685056060552597,0.01966767944395542,-429.32266239501683,35843.1995938706,0.0011844843393191695,-544.6840849225655,35770.84752238638,0.0012642604997381568,0.02656053565442562,0.005084303207695484,30696.99023852959,18691.536110944402
0.7929386803499726,0.7029833639458074,0.36328713623489894,0.319761477107642,0.0061592907232055905,-0.3209434950542769,-0.4735204937763773,-1.0,-38.88253589074719,-11.216315520171463,-25.049425705459328,27.66622037057573,-30.76716899871826,-30.669474601745605,-30.718321800231934,0.09769439697265625,-0.0009447151096537709,-0.0021022800356149673,0.0204129908233881,0.020397871732711792,-0.0007104013347998261,0.0022267173044383526,0.02002003602683544,0.021233854815363884,-392.33315782613596,35858.44107222749,0.0011538828257471323,-346.2723930180551,35861.28455672543,0.0012083163019269705,0.02948080375790596,0.0033092910889536142,30727.708171353577,18823.491469425713
0.1081279691431329,-0.06240914350053032,0.11725129051136002,0.27324644132413933,0.24760750703086387,0.0649547894148273,-0.07634442577855483,0.0,-43.04506898504542,-17.168578214070692,-30.106823599558055,25.876490770974726,-30.597643852233887,-30.672786235809326,-30.635215044021606,-0.07514238357543945,0.0021689338609576225,0.0008590128272771835,0.021402401849627495,0.02019731141626835,0.0023164653684943914,-0.00010245357407256961,0.021037980914115906,0.020211752504110336,-414.63485734232364,35825.449024124035,0.001116195460781455,-531.6551523964245,35846.19193810665,0.0010970564326271415,0.029284104704856873,0.004827799275517464,30467.25667112334,18683.127065462344
0.40799736783746854,0.780136490548318,0.727174242821192,-0.011270951182743058,-0.33837696340888673,0.4651586592860045,-0.020528455393539424,-0.6628467471113092,-38.09248018475438,-12.99317886668581,-25.542829525720094,25.09930131806857,-30.796983242034912,-31.04980230331421,-30.92339277267456,-0.2528190612792969,0.002278221771121025,-0.0002676387957762927,0.020668532699346542,0.01999729312956333,0.000559346517547965,-0.002162921940907836,0.019176354631781578,0.020311264321208,-583.6651071905691,35824.2406135058,0.0011718333698809147,-457.47639658641856,35869.45476018089,0.0012227040715515614,0.028077270835638046,0.005463913083076477,30689.744773614093,18795.608884052017
0.6594310587091201,0.8227034988774955,-0.013841804642964684,0.22655015670190687,0.9585480386753531,0.6647880958608676,0.2190170579797799,-0.6285732068752881,-39.26985627405666,-12.899788414779636,-26.084822344418146,26.37006785927702,-31.320128440856934,-31.1255145072937,-31.222821474075317,0.19461393356323242,0.0011175756808370352,-0.001553902169689536,0.018858129158616066,0.01945737935602665,0.0020321232732385397,0.0008565147290937603,0.02015494927763939,0.018989861011505127,-357.7044281242688,35739.66164246902,0.0011886656284332275,-463.6906347218409,35823.81609314771,0.001180265098810196,0.025898577645421028,0.0037173067685216665,31239.223792982404,17266.670592113358
-0.3197911708523978,-0.5331852650928075,0.15257750859437463,0.4379722427534114,0.0070976492457592855,-0.40558013104304225,-0.008817622938125491,0.0,-36.253174094132476,-17.049603931311196,-26.651389012721836,19.20357016282128,-30.859615802764893,-30.84007740020752,-30.849846601486206,0.019538402557373047,0.0021165807265788317,0.0008433175971731544,0.02078099176287651,0.019580179825425148,-0.0021943377796560526,-0.0006140157347545028,0.020808087661862373,0.01964573562145233,-406.05396198295495,35828.174787525204,0.001173466444015503,-467.8872691726099,35849.89958027125,0.001130637596361339,0.028738148510456085,0.004270981065928936,30470.170837125494,18574.02734586852
0.619653788869217,0.06191159116795879,0.3240741054297465,-0.17147443694761005,-0.01627889533823912,0.57783787946367,-0.01245894428980987,-0.40140581096720496,-43.71437226528553,-13.822757539998975,-28.768564902642254,29.89161472528656,-30.610125064849854,-30.813686847686768,-30.71190595626831,-0.20356178283691406,-0.002207270823419094,-0.0007584557752124965,0.021365633234381676,0.020174190402030945,-0.0022634011693298817,-0.00035186432069167495,0.020830228924751282,0.019748445600271225,-522.1873828697059,35836.215537786156,0.0011061275145038962,-442.4177812501125,35857.19193932958,0.0011989721097052097,0.029344502836465836,0.004957149736583233,30463.58400116875,18765.761618816814
0.9763960047663972,0.957793469933493,0.7088400082782051,0.6560478511419214,0.5930717834828327,0.3570260532513927,0.134758085003014,-1.0,-45.913368782563396,-17.04578476436412,-31.47957677346376,28.867584018199274,-31.75743818283081,-31.495637893676758,-31.626538038253784,0.26180028915405273,-0.0007385074277408421,-0.001890471437945962,0.018169013783335686,0.01824740692973137,-0.0017236398998647928,-0.0007064903038553894,0.019173668697476387,0.018372735008597374,-476.13508453319076,35847.807761803066,0.0011180553119629622,-477.9531690457161,35724.38583611501,0.0011712596751749516,0.026011474430561066,0.0029701851308345795,30481.796993754113,18398.720944717672
-0.42055731095767357,0.20285317979201056,-0.0036577649176087754,0.17029059282518463,0.08248138766716073,0.5735590794705483,0.9284868994136836,-0.34981308326681604,-36.16309430998302,-14.150909551414202,-25.157001930698613,22.01218475856882,-32.148449420928955,-31.93021059036255,-32.03933000564575,0.21823883056640625,0.0009457400301471353,0.0017208013450726867,0.017496272921562195,0.017314137890934944,0.0004581520624924451,0.001968326745554805,0.017658809199929237,0.018034985288977623,-482.46898694405667,35876.61032739905,0.0012630161363631487,-396.38137960772934,35860.45159853487,0.0012484476901590824,0.025223489850759506,0.002740308176726103,30727.545341593854,18956.648020988374
0.23862546331724338,0.0,0.4095244967575678,0.5440820414227941,0.5865326170747254,0.5089502830286685,0.5810478746415311,0.0,-43.485655564548324,-13.786716995238152,-28.636186279893238,29.698938569310172,-31.129238605499268,-31.101524829864502,-31.115381717681885,0.027713775634765625,0.0018503209576010704,0.0007018045289441943,0.020006056874990463,0.01915411837399006,0.0009027536725625396,0.002022468950599432,0.019640913233160973,0.01962915249168873,-468.980178389066,35743.05473056153,0.001213730312883854,-539.9526694711517,35845.51421398726,0.0011039930395781994,0.02775166742503643,0.004260973073542118,30270.729189837195,18367.95907146928
0.0,0.03848802309081917,0.34120602247694926,0.14313255925567664,-0.09974271250089928,0.0015800731185029449,0.012909894194491067,0.0,-40.048326218468674,-15.886686471955898,-27.967506345212286,24.161639746512776,-30.28526782989502,-30.428500175476074,-30.356884002685547,-0.1432323455810547,-0.002310768933966756,0.0007538240752182901,0.02169140800833702,0.021447625011205673,0.000996371265500784,-0.002171199768781662,0.02058490738272667,0.021831169724464417,-557.0747473240715,35843.82350890879,0.0011752541176974773,-415.1059652625593,35842.02349470542,0.001126204850152135,0.02942151017487049,0.005724501330405474,30887.84465537209,18354.01464295255
0.9346635163907083,0.902973387068094,0.08185959989994601,0.1364794380913741,0.4373826711800736,0.044989125239445316,-0.6728622189161987,-0.9555998332318946,-41.65881251966613,-13.27872991072286,-27.468771215194494,28.38008260894327,-30.324594974517822,-30.06629467010498,-30.1954448223114,0.2583003044128418,-0.0015148080419749022,0.0018730520969256759,0.02095968648791313,0.021974364295601845,-0.0022206087596714497,-0.0011660709278658032,0.022750182077288628,0.02147066220641136,-301.73394152002174,35846.09684928635,0.0011187464697286487,-422.99055452244454,35816.53862203245,0.001153166638687253,0.02932754158973694,0.003567167790606618,31240.076284289305,17342.80632897263
0.011909223301979927,-0.07771641057089045,-0.019076586291001313,0.10744254199859199,0.16222076694292709,-0.017725648877798372,0.036341962381889914,0.0,-42.05795613654385,-18.92750351647834,-30.492729826511095,23.130452620065512,-29.73196506500244,-29.84910488128662,-29.79053497314453,-0.11713981628417969,0.0023719421587884426,-0.0010415526339784265,0.022988762706518173,0.022988423705101013,0.0018054706742987037,0.0017939142417162657,0.023131705820560455,0.022221649065613747,-371.2628937306821,35795.48840652174,0.0010779791045933962,-367.01383846308454,35841.34708122742,0.0011062533594667912,0.031286485493183136,0.005874637980014086,31065.57557816897,17579.255225932015
0.47915222820137526,0.7112983080922287,0.8270480369578339,-0.20716578267480099,-0.16510249785937442,0.538907399731184,-0.03814195778869067,-0.9424219773209579,-42.99598112451275,-13.3192779003341,-28.157629512423426,29.676703224178652,-30.98917007446289,-31.267883777618408,-31.12852692604065,-0.2787137031555176,0.0021039738785475492,0.00076532200910151,0.020460331812500954,0.019304757937788963,0.0018475438700988889,-0.0011350965360179543,0.019107701256871223,0.019416650757193565,-491.31507081713994,35843.462238670865,0.0012214576127007604,-476.69622834015206,35849.91365166518,0.0012160646729171276,0.02820580266416073,0.004649996291846037,30464.6865970295,18722.655891797895
0.2436513792461671,0.1424042810252408,0.15104033403514522,0.3951091855379683,0.4244572488030223,0.28030458566366684,-0.033371445544881764,0.0,-36.223054783293136,-15.81885332849339,-26.020954055893263,20.404201454799747,-30.282835960388184,-30.29491424560547,-30.288875102996826,-0.012078285217285156,0.00151537312194705,0.0014977159444242716,0.021804535761475563,0.021376922726631165,0.00239097373560071,-0.0004305326147004962,0.021837519481778145,0.021250134333968163,-333.31344819048815,35776.83942161736,0.001231629983521998,-330.5009181035502,35814.36584378074,0.0011004549451172352,0.0308803990483284,0.003665119642391801,30484.547561991018,18848.00171493317
-0.2637429450281848,-0.3687973168106259,-0.14412652506202414,0.4732784877547947,0.01659383043211793,-0.20743856110576508,0.3397661672170128,0.0,-35.91210102143981,-13.709324633999756,-24.810712827719783,22.202776387440053,-30.804026126861572,-30.91562032699585,-30.85982322692871,-0.11159420013427734,-0.0022066663950681686,-0.000634180149063468,0.0209017563611269,0.019718974828720093,-0.0019187391735613346,-0.0011961916461586952,0.020606325939297676,0.019498184323310852,-365.48623424731363,35854.66994799298,0.001212599454447627,-366.77436527911277,35839.231578433864,0.001125827431678772,0.028825556859374046,0.004516466986387968,30467.05145448897,18652.071547592575
0.9364732074184453,0.8000577070909396,0.6210052658418137,0.2649052277710509,0.20794269927525483,-0.020295182881309604,-0.5764131565770765,-1.0,-40.32344208875415,-10.06257786875193,-25.19300997875304,30.26086422000222,-30.48072099685669,-30.5739426612854,-30.527331829071045,-0.09322166442871094,-0.0015422538854181767,0.0017924592830240726,0.020611897110939026,0.021558629348874092,-0.0023094862699508667,0.0004683204460889101,0.021117515861988068,0.020608307793736458,-420.92146018772434,35832.74130228807,0.0011110780760645866,-407.3378816823399,35861.592549599416,0.0012003069277852774,0.02896108850836754,0.003614681540057063,31245.470749241584,17314.45114901552
-0.015204169509552034,0.015339767589777842,-0.21815306917207244,-0.19602593956466652,-0.19488044002639196,-0.4045703684799254,-0.7589568395501197,0.0,-38.70964593236698,-13.578839908118455,-26.144242920242718,25.13080602424853,-30.58605670928955,-30.810182094573975,-30.698119401931763,-0.22412538528442383,0.0013585962587967515,-0.0019209939055144787,0.02028907835483551,0.021367769688367844,-0.0013285453896969557,-0.0014996655518189073,0.02046399936079979,0.02017490565776825,-452.9574917482205,35879.07193292121,0.001175937824882567,-488.5475848777958,35758.89207278396,0.0012604525545611978,0.02882792241871357,0.003407552605494857,31242.47938567961,17318.016665619853
-0.15979844724213133,0.2840334294215176,0.20879944166235248,0.11999814331237534,0.045043054145689376,0.39140363928938693,0.1930994903279022,-0.48957114320670614,-43.08032011402969,-15.565963638187327,-29.323141876108508,27.514356475842362,-30.399742126464844,-30.223896503448486,-30.311819314956665,0.17584562301635742,0.002357546705752611,-0.00044736932613886893,0.0215514674782753,0.021020015701651573,0.0022790501825511456,0.0008952742791734636,0.022354278713464737,0.021072326228022575,-284.80413618644394,35850.230688606585,0.001197128789499402,-450.6266385471551,35859.389750931645,0.0011540509294718504,0.028872177004814148,0.005472633522003889,30897.018809681067,18241.881338027226
0.1456656586701673,-0.05498188744375959,-0.00836085134857345,0.13919022363118444,0.07059812644764013,-0.1614780163729166,0.006416942575804829,0.0,-43.531494990053346,-15.52588311965954,-29.528689054856443,28.005611870393807,-30.684480667114258,-30.869381427764893,-30.776931047439575,-0.18490076065063477,0.0006927798967808485,-0.0021978425793349743,0.020008455961942673,0.021178677678108215,0.001757347141392529,0.0014460304519161582,0.020642640069127083,0.019679522141814232,-506.6456253624825,35830.3023163047,0.00108297448605299,-480.88177183790424,35821.563421430845,0.0011161554139107466,0.02907547354698181,0.0025183390825986862,31227.94780282074,17874.246990642798
0.8804841005771189,0.7277865586973965,0.9227519399355185,0.37969564697004404,0.006826226731454776,-0.1786857372794146,-0.5800877091315375,-1.0,-41.51144039737693,-11.251020338420972,-26.38123036789895,30.260420058955958,-30.343518257141113,-30.032362937927246,-30.18794059753418,0.3111553192138672,0.0017444981494918466,0.0016639798413962126,0.02186906710267067,0.020973343402147293,0.002109644003212452,-0.0013612504117190838,0.021997520700097084,0.022413870319724083,-436.18699629069835,35860.39689207062,0.001187054207548499,-378.63882830141574,35836.36993981378,0.0011285661021247506,0.03091222047805786,0.0039529986679553986,30476.04623390017,18402.90746771231
0.9149613451523819,0.736450192785943,0.10463950975738648,0.11551048546168063,0.5184174014639169,0.3030515025266567,-0.7278590260889363,-0.11296740354146273,-40.69084706500277,-13.064867083297145,-26.877857074149958,27.625979981705626,-30.16486883163452,-30.034260749816895,-30.099564790725708,0.13060808181762695,-0.00030529170180670917,-0.0024379389360547066,0.021514732390642166,0.022222254425287247,0.0019086659885942936,-0.0016323085874319077,0.021827610209584236,0.022569674998521805,-358.47655111120054,35815.95150904768,0.0010788750369101763,-357.58927985968995,35824.0232182293,0.0011728332610800862,0.031015636399388313,0.003227888373658061,30731.942305651617,19485.03520713085
0.0,0.012436611767088601,0.04228560718516525,0.31560126041923114,0.17047630621821386,0.06978960029252274,0.24916923235819433,0.0,-40.91857993642367,-18.45851829512455,-29.68854911577411,22.46006164129912,-30.223047733306885,-30.12603998184204,-30.174543857574463,0.09700775146484375,0.0010420375037938356,-0.0022164746187627316,0.021080076694488525,0.02235105074942112,-0.0023227077908813953,0.0008445302955806255,0.022056858986616135,0.021881088614463806,-300.05763067480785,35855.43591701795,0.0011869282461702824,-304.0781874670231,35839.37675187143,0.0011066466104239225,0.030326763167977333,0.0028391953092068434,31232.536423915,17512.676952464666
0.8328295735237464,0.8892473364237037,0.9251067115351549,0.35585542983185525,0.0370311484174522,0.0034935508586109165,-0.3458487426719005,-1.0,-43.21418713074445,-12.57615599635983,-27.89517156355214,30.63803113438462,-29.40028667449951,-29.413087368011475,-29.406687021255493,-0.01280069351196289,-0.0025685573928058147,0.0007653193897567689,0.0240582674741745,0.02370852418243885,-0.0024395689833909273,-0.0011482154950499535,0.024534059688448906,0.02314106374979019,-353.3142621990861,35853.64795888663,0.0011581575963646173,-335.9841885706408,35857.60681562618,0.001158344210125506,0.03249482810497284,0.00608901446685195,30874.935178425105,18650.92273011001
0.0988141325142746,-0.039859198885779226,-0.11618923116291141,-0.11463138833092296,0.1597259744111733,-0.07568874687826899,-0.28462911408374936,0.0,-39.79402872761381,-15.033847295801024,-27.413938011707415,24.760181431812782,-30.420258045196533,-30.557968616485596,-30.489113330841064,-0.1377105712890625,0.001967458287253976,0.0013389281230047345,0.021787133067846298,0.02067422680556774,0.0005913334898650646,0.002267438918352127,0.02071000263094902,0.021095937117934227,-411.02642561192965,35861.86269388086,0.0010905209928750992,-385.16953935131284,35841.297766434785,0.0011163711315020919,0.030648088082671165,0.0041580828838050365,30473.82079943167,18468.364567713244
-0.1296687953105195,-0.03941361086552732,0.19577950739650066,0.4873017928177705,0.22933082269850186,0.1600277908685288,0.22032492530912673,0.0,-39.59091341950378,-15.769860834424946,-27.680387126964362,23.82105258507883,-29.580366611480713,-29.376299381256104,-29.478332996368408,0.20406723022460938,0.0022956538014113903,-0.0012789227766916156,0.023264700546860695,0.023522209376096725,-0.0011139444541186094,0.0024608601815998554,0.023238029330968857,0.024640092626214027,-230.61004173543134,35861.16790957663,0.0011746995151042938,-355.77663822423204,35870.738049393636,0.001152200740762055,0.03151889145374298,0.005728571675717831,31044.32552297553,17584.291305045685
0.583497013107368,0.29137992728242995,-0.1020623373149092,-0.06252581242356048,0.010142692914032081,0.23082615823525054,0.20025893700380737,0.0,-45.66693716065839,-16.0126109493778,-30.839774055018097,29.65432621128059,-31.894123554229736,-31.96920871734619,-31.931666135787964,-0.07508516311645508,0.000752192223444581,0.001851734472438693,0.01789480447769165,0.01795298419892788,0.002001269720494747,0.00013315786782186478,0.018187107518315315,0.017339345067739487,-557.3635911361558,35849.456148310135,0.0011160345748066902,-513.1298524649227,35851.110009719516,0.0012475904077291489,0.026004314422607422,0.002956892130896449,30481.83258693921,18468.087472998865
0.9913617526412803,0.9327912419960394,0.8820595066301318,0.8216492041641956,0.660467089708348,0.4070108055481275,0.1158305657741826,-1.0,-43.25960052744577,-13.965968498998924,-28.612784513222348,29.293632028446844,-30.1229190826416,-30.015733242034912,-30.069326162338257,0.10718584060668945,0.001404565991833806,-0.002021846827119589,0.021406562998890877,0.022534238174557686,-0.0018588310340419412,-0.0011704950593411922,0.022656233981251717,0.021869005635380745,-398.46909883857376,35860.4424307565,0.0011793972225859761,-420.8565263257106,35782.133184968494,0.0012134842108935118,0.030533567070961,0.0032411329448223114,31237.688549010763,17424.40403162073
-0.1039780589490493,0.013859798457732816,-0.01314270956864147,0.0,-0.1559294797108612,-0.18068030219241737,-0.6059948943646948,0.0,-37.43507297442676,-14.374443757701783,-25.90475836606427,23.060629216724976,-29.912335872650146,-29.9859619140625,-29.949148893356323,-0.07362604141235352,0.00021570247190538794,-0.0025343522429466248,0.021948592737317085,0.02306903339922428,-0.0007107830024324358,-0.0024191737174987793,0.022166406735777855,0.022484008222818375,-259.7407924564227,35840.22506344851,0.001174953649751842,-309.029638534805,35850.836775807715,0.0011797213228419423,0.031603142619132996,0.002915995893999934,31225.469013845483,18239.80742571271
0.061346064440914394,-0.06740552676780945,-0.11586691605428265,0.18411397429603943,0.1592384548009933,0.0030232167480639394,0.043713786214512496,0.0,-42.607048622560114,-16.89072775859802,-29.748888190579066,25.716320863962096,-30.679712295532227,-29.875106811523438,-30.277409553527832,0.8046054840087891,0.0014362200163304806,-0.0018016666872426867,0.020121682435274124,0.021093416959047318,-0.0021855838131159544,0.001287954393774271,0.02245383895933628,0.022772017866373062,-360.2533135057707,35832.64086829003,0.001120211323723197,-274.2630839622341,35822.59666555468,0.0010876092128455639,0.028366737067699432,0.0032734540291130543,31240.153434585158,17352.270998498214
0.7869020909799931,0.875032967733392,0.933708899736646,0.3806877424190609,0.1233866051208849,-0.013326044400375103,-0.36010135681961175,-1.0,-40.99951056059223,-11.465539482725688,-26.232525021658958,29.53397107786654,-30.558066368103027,-30.640687942504883,-30.599377155303955,-0.08262157440185547,0.001765803317539394,-0.0015571084804832935,0.020546555519104004,0.02125348150730133,0.0015605841763317585,-0.0017366030951961875,0.020242100581526756,0.021157698705792427,-351.59608501067174,35850.89459784654,0.0011815282050520182,-356.5070464856169,35855.07464572705,0.0011856969213113189,0.028452448546886444,0.00438205199316144,31255.572165511396,17244.496986794962
0.6621800288067179,0.6132818808832654,0.33896847700240085,-0.02086355997921083,0.7992255360220903,0.8011408168018309,0.5043168615994857,0.0,-37.520417008730696,-14.581075264648973,-26.050746136689835,22.939341744081723,-30.992016792297363,-30.77669858932495,-30.884357690811157,0.2153182029724121,0.001978275366127491,-0.00010893563739955425,0.020266760140657425,0.01952236331999302,-0.001764909946359694,-0.0014700398314744234,0.020860087126493454,0.019895201548933983,-350.211370759568,35753.56328773462,0.0011663552140817046,-444.5869897361738,35874.08432269154,0.00120856415014714,0.02802668884396553,0.005113116465508938,30277.27802783709,18779.56337872719
-0.12434573671457627,-0.1673673979539709,0.15569931382273347,0.5069507304794951,0.12586428001372313,-0.04605176224382135,0.10226697989335676,0.0,-39.58219177257587,-18.067931562873753,-28.82506166772481,21.514260209702115,-29.959404468536377,-30.033669471740723,-29.99653697013855,-0.0742650032043457,-0.00030535980476997793,-0.0025071108248084784,0.02202952466905117,0.02275330014526844,0.0016077740583568811,0.00190727470908314,0.02255370281636715,0.021849140524864197,-293.22715101251435,35856.3810093388,0.0012014844687655568,-378.80724794829587,35838.57216384417,0.0010781437158584595,0.03179303556680679,0.0030750539153814316,30976.38802290741,18573.112115896292
0.9770557181498306,0.7012943106033662,0.2684037067816408,-0.07721209820390634,-0.33377398152740556,-0.17155020831815937,-0.5451724076467628,-1.0,-42.19716663115554,-11.790216881444621,-26.99369175630008,30.40694974971092,-30.956709384918213,-31.029419898986816,-30.993064641952515,-0.07271051406860352,-0.0008236118010245264,0.002071874449029565,0.01938691921532154,0.02052953839302063,0.001938811969012022,0.0011228376533836126,0.020350242033600807,0.01923052966594696,-475.200623837637,35844.529930373224,0.0011084272991865873,-519.8794974769867,35857.1398095184,0.001215101219713688,0.028120001778006554,0.0025946737732738256,31229.677617888767,17673.603533426314
0.9781527839569566,0.9268146810316735,0.7559168972254307,0.7064255373503895,0.7396417017578971,0.46369968098539116,0.10262588879055601,-1.0,-43.1302437038928,-15.11193753629362,-29.121090620093213,28.01830616759918,-31.527633666992188,-31.78041934967041,-31.6540265083313,-0.25278568267822266,0.0017194347456097603,0.001199808670207858,0.019170276820659637,0.018208792433142662,-0.0016736389370635152,0.0006558436434715986,0.018318528309464455,0.01802440546452999,-571.0195527441372,35838.845402306484,0.001135279075242579,-596.1067413682663,35749.90309185378,0.0011697091395035386,0.0268589835613966,0.003898948198184371,30472.659592407217,18508.806173348203
-0.5074333052729445,0.1591269744528161,0.4583175220694008,0.0,-0.02569252944160011,0.6117740328207945,0.47063703156732584,0.29067197627612373,-33.318654963911115,-12.94216930132751,-23.130412132619313,20.376485662583605,-31.446974277496338,-31.377034187316895,-31.412004232406616,0.06994009017944336,0.002044443041086197,0.0006005701143294573,0.019410552456974983,0.018312085419893265,0.0006916449638083577,-0.002030856441706419,0.01845143362879753,0.019575979560613632,-497.4150247869461,35833.133480973105,0.001191715127788484,-608.8391729377073,35846.98574755044,0.0012100173626095057,0.026529045775532722,0.003933149389922619,30470.310007228192,18596.45515391257
-0.91364339142361,-0.9553648757260746,-0.8320160670877426,-0.568627976049704,-0.4683250847002499,-0.3293920213492426,-0.17223589158936548,1.0,-41.281382025614455,-19.891858491237713,-30.586620258426084,21.389523534376742,-31.25121831893921,-31.261181831359863,-31.256200075149536,-0.009963512420654297,-0.0017080175457522273,-0.0009081122698262334,0.019693633541464806,0.018923597410321236,0.0015623301733285189,0.0015005804598331451,0.019672909751534462,0.01887458562850952,-517.247205279034,35773.96850354372,0.0012899610446766019,-415.63921230046225,35811.14094273639,0.0011027200380340219,0.0276752021163702,0.003918542061001062,30260.628211300183,18502.747797267126
0.632449601805859,0.6498263046991108,0.9163269888353809,0.5305813049352531,-0.10105565717443898,-0.35020261012132153,-0.36226968226297396,-1.0,-41.75659782433172,-11.628983864978409,-26.692790844655065,30.12761395935331,-31.514298915863037,-31.333298683166504,-31.42379879951477,0.1810002326965332,0.0009369447361677885,0.0018729493021965027,0.01878054253757,0.018668802455067635,-0.0005106590688228607,-0.002097261603921652,0.018927808851003647,0.019306138157844543,-502.6357626299058,35844.93057364135,0.0012069798540323973,-407.7954691575344,35832.84892675479,0.0011268329108133912,0.02699720486998558,0.003099702065810561,30481.62211811264,18432.79731171677
0.8454248331865122,0.7743772936419516,0.2531468262581438,-0.22477642942103546,0.35993271843503505,-0.059931594089908,-0.7034030221426532,-0.6212112824820489,-38.386892074184885,-11.927861257407699,-25.157376665796292,26.459030816777187,-30.50504446029663,-30.687246322631836,-30.596145391464233,-0.18220186233520508,0.00017977910465560853,-0.0023701137397438288,0.020508604124188423,0.021539822220802307,-0.0020422351080924273,0.0011115219676867127,0.020487643778324127,0.020700033754110336,-383.56203684070863,35807.7051987382,0.0010787491919472814,-433.5984495044096,35859.257866564025,0.0012053975369781256,0.030000045895576477,0.002956437412649393,31225.134775677063,18363.664972968272
0.0281430408452523,-0.03533722171985319,-0.013125742277144054,0.33702430954805385,0.2726189096538708,0.15555050346733118,0.02915210232152421,0.0,-40.556070963541,-18.754152705600006,-29.655111834570505,21.801918257940997,-31.50355577468872,-31.39012575149536,-31.44684076309204,0.11343002319335938,-0.0014576264657080173,0.0015181169146671891,0.01835809461772442,0.019128967076539993,-0.00016006309306249022,0.0021276380866765976,0.01852990686893463,0.01944672502577305,-403.44441417573125,35847.87445622285,0.0011497157393023372,-503.3896032646149,35817.727563835055,0.001114704180508852,0.025385404005646706,0.0034886726643890142,31249.610983717717,17279.213603547854
0.7535122149737467,0.9859030041687895,0.7831609916746795,0.07329229986223482,-0.47059311867655823,0.07649316962817598,-0.14338129492025098,-0.9347115238082129,-40.588086617697854,-9.0012148592904,-24.794650738494127,31.586871758407455,-31.41638994216919,-31.443259716033936,-31.429824829101562,-0.026869773864746094,0.0021239803172647953,4.285771865397692e-06,0.0193379744887352,0.018526695668697357,0.0004618258390109986,-0.0020776966121047735,0.018343554809689522,0.01939689740538597,-524.1220359569224,35846.7186463288,0.0011982524301856756,-568.401217481231,35873.2497266823,0.001241079531610012,0.02613675408065319,0.005089671351015568,30695.23658442306,18769.987730965928
1.0,0.8839199376017275,0.44434508760789215,0.2757232936873153,0.34110978841580053,-0.32814042404680643,-0.8269688558911302,-0.9247140369027642,-44.032629323205356,-10.924930478790316,-27.478779900997836,33.10769884441504,-31.141674518585205,-31.033341884613037,-31.08750820159912,0.10833263397216797,-3.808021574513987e-05,-0.0021919645369052887,0.019144047051668167,0.019938237965106964,-0.0012791405897587538,0.0018246702384203672,0.019261978566646576,0.020304281264543533,-564.6997591064185,35828.59324865802,0.0011122692376375198,-445.56238599179915,35849.0300940319,0.001077050226740539,0.02806837484240532,0.0027545555494725704,30976.516459987502,18646.717736936258
-0.7823305270999372,-0.941114707814053,-0.26178568638787536,0.35169683639197413,0.17316217111060947,-0.007446613096700083,0.4450333975100957,1.0,-34.131115549415654,-16.39308298260505,-25.262099266010352,17.738032566810602,-31.3063907623291,-31.333236694335938,-31.31981372833252,-0.026845932006835938,-0.001434396835975349,0.001621173694729805,0.018743254244327545,0.01960165798664093,0.0006908029317855835,-0.0020375000312924385,0.018545707687735558,0.019674520939588547,-476.25335918444216,35862.87132956578,0.0011973566142842174,-545.2039336024935,35826.25932447253,0.0011173554230481386,0.025886690244078636,0.004111793357878923,31260.759884608688,17226.9278200429
0.08696752705106753,0.0,0.06266655820812665,0.11246866983472525,0.2717654463752492,0.3896631762120809,0.19337928195339527,0.0,-45.19342760312185,-19.235685811571102,-32.214556707346475,25.957741791550745,-31.067278385162354,-31.03889226913452,-31.053085327148438,0.02838611602783203,-0.0005790804279968143,0.0021312320604920387,0.019145295023918152,0.02026567980647087,0.001884892233647406,-0.0011829613940790296,0.019616445526480675,0.01993713714182377,-446.0420945511577,35823.31096491953,0.001123548485338688,-422.9562749450782,35837.79876224431,0.001196341821923852,0.0278899148106575,0.0025807744823396206,31225.602135499805,18157.754365444183
0.0005498283496183265,-0.009600170017325438,-0.14493203843418795,-0.2958078133371017,-0.3589273966264286,-0.5806900828359854,-0.8265638965297919,0.0,-46.584270693846236,-14.968072140533039,-30.776171417189637,31.616198553313197,-30.984084606170654,-31.14140748977661,-31.062746047973633,-0.15732288360595703,0.0004377522272989154,-0.0021752084139734507,0.01936780847609043,0.020425699651241302,0.0005787502159364522,-0.0018384134164080024,0.019129903987050056,0.01998031884431839,-477.2861808116146,35847.88155040153,0.0011934824287891388,-483.1974673704256,35766.40604638156,0.001277846866287291,0.028196917846798897,0.002477806294336915,30979.495879031845,19095.616810768286
-0.24460130960312232,0.4021477035297003,0.6106994655806766,-0.01999977067002345,0.4015619755588197,0.42492745968604945,0.45937912839627565,0.44570062969465857,-38.77851692997456,-15.35460279090114,-27.06655986043785,23.423914139073418,-31.55719518661499,-31.320083141326904,-31.438639163970947,0.23711204528808594,-0.0020232396200299263,-0.0005939566763117909,0.01916501298546791,0.01808146759867668,0.0017216146225109696,-0.001312321051955223,0.018884288147091866,0.019405869767069817,-489.48545220189095,35831.175271679094,0.0012131327530369163,-458.697708535738,35866.26792166668,0.0012216862523928285,0.026487696915864944,0.004211044870316982,30467.422639421125,18660.01595078069
0.14721110415684963,-0.056272663976534326,0.0036514434194831746,0.2985574109448438,0.2062815517875431,0.03679110137446273,-0.058951127320543084,0.0,-43.22653429453442,-16.780017815442818,-30.003276054988618,26.4465164790916,-30.915262699127197,-30.85124969482422,-30.883256196975708,0.06401300430297852,-0.00014063210983294994,0.0022418228909373283,0.019586099311709404,0.020526034757494926,-0.0017700879834592342,0.0014279873576015234,0.0199064202606678,0.02050776034593582,-315.6105958077015,35834.190614403546,0.001129267504438758,-479.64228034495517,35805.8917741383,0.0011030446039512753,0.028347520157694817,0.002692288951948285,30978.02613885952,18301.547899910398
0.06388416378229095,0.025033231017509188,0.2553112428774127,0.19475369112578825,-0.34947573797306397,0.07881781980102132,0.13879498488222952,0.0,-42.69211670158717,-15.12142723132672,-28.906771966456944,27.570689470260447,-30.406503677368164,-30.157980918884277,-30.28224229812622,0.24852275848388672,0.001934745698235929,0.0014022354735061526,0.02180659957230091,0.020722180604934692,-0.002127284649759531,0.001251917565241456,0.021734347566962242,0.02204093709588051,-459.2928835414682,35841.34485172292,0.0011918783420696855,-413.0924761523343,35875.59514750943,0.0012017689878121018,0.030557749792933464,0.004241382237523794,30473.308564395862,18480.137079099783
0.9238462894995539,0.9382619890461281,0.3882226249009708,0.09670623673042122,0.30177315005198957,-0.08274922566923065,-0.7192926234828663,-1.0,-43.121038439805545,-9.169490515953328,-26.145264477879437,33.95154792385222,-29.821858406066895,-30.084798336029053,-29.953328371047974,-0.2629399299621582,-0.00040667850407771766,-0.00252173631452024,0.022433364763855934,0.02306709997355938,0.0022864381317049265,0.0009719013469293714,0.02271026186645031,0.021418116986751556,-466.4657561387152,35834.97597227226,0.0010961523512378335,-351.2699087720178,35866.74743963233,0.0011529638431966305,0.03285140544176102,0.0033266444224864244,30730.591408025266,18478.478010335002
-0.36127551254929274,-0.5802258696834479,-0.11719313430279199,0.38259399009583583,0.054246860226621396,-0.2850152882068007,-0.21441909056975417,0.0,-36.584922552922535,-18.542911617816742,-27.56391708536964,18.042010935105793,-30.577969551086426,-30.45675277709961,-30.517361164093018,0.1212167739868164,-0.0011043418198823929,0.0020806859247386456,0.020245250314474106,0.02144700475037098,-0.0019099933560937643,0.0014243314508348703,0.020872117951512337,0.021420741453766823,-346.37368084035376,35853.284394740265,0.0011559646809473634,-430.41772354090705,35828.27765999078,0.0011044481070712209,0.02846955880522728,0.003057035617530346,31238.16238376238,17385.477159035676
-0.008611786798931848,-0.023634897953363137,0.2907438187302879,0.26383286898360364,0.10283406817302176,0.29631130331972444,0.3161350857898384,0.0,-42.481954328044594,-16.583802374114896,-29.532878351079745,25.8981519539297,-29.593870639801025,-29.37351942062378,-29.483695030212402,0.2203512191772461,-0.0014273307751864195,-0.002202766016125679,0.02356724999845028,0.023145677521824837,0.0024289139546453953,0.0011841573286801577,0.024643821641802788,0.023249855265021324,-361.9819153678,35833.45863234712,0.001159180887043476,-310.4582326327391,35848.555093658906,0.0011612223461270332,0.033696599304676056,0.003941954579204321,30479.829803867873,18365.789162826102
-0.9691307502281301,-0.9678928841069062,-0.9842552949421881,-0.9921868298367456,-0.9930693994140809,0.014010309543645865,-0.0028705975212816454,0.9703224384200823,-46.72411004896273,-13.27763662782796,-30.000873338395344,33.44647342113477,-31.112048625946045,-30.593934059143066,-30.852991342544556,0.5181145668029785,-0.0015697814524173737,-0.001511386246420443,0.01999552734196186,0.019223090261220932,0.0020033749751746655,0.00045071248314343393,0.02129218727350235,0.020361904054880142,-309.7661994788912,35829.830973289194,0.001095796236768365,-220.70162224741244,35746.95910061994,0.0011613124515861273,0.028041096404194832,0.0038160604890435934,30474.018033227872,18470.64901048512
-0.7063522472153709,-0.15262713153560903,0.04077377346829131,0.0,0.5009553798059587,0.3067590609573925,0.07979081133895649,0.04221705347278748,-33.85900812485147,-11.896116116935332,-22.8775621208934,21.96289200791614,-29.964702129364014,-30.136966705322266,-30.05083441734314,-0.17226457595825195,-0.0017511986661702394,-0.0018276222981512547,0.02280607633292675,0.021946221590042114,0.0024696802720427513,-0.00015295771299861372,0.022351151332259178,0.02152342163026333,-337.6188607707721,35827.116975996745,0.00116557942237705,-344.23329808627244,35857.7353912551,0.0011921545956283808,0.03262118995189667,0.003806628519669175,30479.844572211856,18333.43438494794
0.13349816984513121,0.0,0.07695397948809019,0.3129656155484102,0.28774909866904114,0.2650859217051587,0.08210168543916618,0.0,-40.287837726679186,-14.758923847818949,-27.523380787249067,25.528913878860237,-30.251500606536865,-30.04477024078369,-30.14813542366028,0.20673036575317383,0.002081497572362423,0.0012577824527397752,0.022230248898267746,0.02106267213821411,0.0020053640473634005,0.0014910874888300896,0.022734932601451874,0.021601447835564613,-304.67236375474334,35837.62911762881,0.001101053785532713,-419.82933970005166,35827.39029326814,0.001167239504866302,0.030608033761382103,0.0043641347438097,30472.486551026213,18529.62282441745
0.21575221093018315,0.29520027093060563,0.5213816574584705,0.22463769318891263,-0.44381189846446367,0.06318682479496218,0.16552300282666543,-0.10299291241223707,-43.4305846507238,-14.001918594922643,-28.716251622823222,29.42866605580116,-29.46570634841919,-29.68660831451416,-29.576157331466675,-0.2209019660949707,-0.00024081971787381917,-0.0026473640464246273,0.023295341059565544,0.024107547476887703,-0.0025673643685877323,0.00044541427632793784,0.023428404703736305,0.02278483845293522,-339.56879653917815,35840.89012905244,0.0011764403898268938,-322.28171223819993,35847.284670859284,0.001118978951126337,0.03413891792297363,0.0033966866321861744,30730.931075990327,18571.084374300095
0.9406922595683784,0.9813815579541398,0.6143705891641498,0.3158568481259112,0.2719671938217068,-0.16100758821016714,-0.6367374827244188,-1.0,-43.48408340679737,-7.15211114869868,-25.318097277748024,36.33197225809869,-30.232152938842773,-30.177268981933594,-30.204710960388184,0.05488395690917969,-0.0010777062270790339,-0.002187843667343259,0.021757593378424644,0.021647347137331963,-0.0019134650938212872,0.0015321786049753428,0.021516142413020134,0.022159671410918236,-461.8776995642374,35828.27970578927,0.0011059099342674017,-309.8251562264145,35860.85269661059,0.0011596942786127329,0.03142435476183891,0.0035715356934815645,30481.66280442675,18445.301376260726
0.02983090383713282,-0.1715329735634216,-0.23861594855965096,0.10042282475754569,0.2592270412983545,-0.03354687083921043,-0.1955038727659748,0.0,-37.86047542739402,-17.586498831693262,-27.723487129543642,20.27397659570076,-29.993960857391357,-29.984126091003418,-29.989043474197388,0.009834766387939453,-0.0015061864396557212,-0.0020170286297798157,0.022589748725295067,0.022017216309905052,0.002438365016132593,0.0005724276998080313,0.0229505468159914,0.021694721654057503,-294.5031368224604,35846.7439555609,0.0010712548391893506,-377.84204305063423,35825.364274660446,0.001107919728383422,0.031955964863300323,0.003729722462594509,30481.005129945934,18362.679165340982
-0.14458939665440332,-0.013828926491786131,0.3251162135483398,0.21264648638740158,0.1212173445592688,0.44453667845878064,0.39789179836845745,-0.026930393747616188,-40.36282210352664,-16.1341116451172,-28.24846687432192,24.228710458409438,-29.73578691482544,-29.633686542510986,-29.684736728668213,0.10210037231445312,-0.002560288878157735,-0.00035236793337389827,0.023566091433167458,0.02237602137029171,0.002546814037486911,0.00058892642846331,0.023896267637610435,0.022586306557059288,-310.3388084065874,35832.51119293937,0.0011564588639885187,-252.18989140122505,35836.02982060963,0.0011644954793155193,0.032010555267333984,0.005827314220368862,30700.902575086293,18686.24382118224
1.0,0.802033314395898,0.48072778280218775,0.33404388603695273,0.09013033825441846,-0.42761720091280014,-0.699758347452479,-1.0,-47.152448809869725,-11.852010335514478,-29.5022295726921,35.300438474355246,-30.6540584564209,-30.98804235458374,-30.82105040550232,-0.3339838981628418,0.000230350429774262,0.002283853944391012,0.02033556066453457,0.0210091732442379,-0.0021908769849687815,0.0004985475679859519,0.020107310265302658,0.019676536321640015,-492.2421510705022,35817.76665158256,0.0010929895797744393,-450.0801443226819,35850.499436864404,0.0011182227171957493,0.02972951903939247,0.0031597644556313753,30729.794655405218,18428.966922916596
-0.8503973418815142,-0.9177020819656436,-0.3513416386241882,0.1189906238026226,0.2367853714819158,-0.40018461397569977,-0.22282367374157197,0.3378518841500253,-36.619283654525475,-15.263906164235607,-25.94159490938054,21.355377490289868,-29.940547943115234,-30.35224437713623,-30.146396160125732,-0.4116964340209961,0.0008090534247457981,-0.0024062416050583124,0.021773867309093475,0.023091938346624374,0.0022311629727482796,0.0009124312200583518,0.02202858217060566,0.020761162042617798,-342.4185476263027,35831.296071116805,0.0011556438403204083,-311.53351633463,35827.512937739666,0.0011163728777319193,0.03153398260474205,0.002977956086397171,31232.652744910563,17520.99185538853
0.9461304144407475,0.42493539307398676,-0.08746625862864488,0.08654117642634904,0.3975980526110437,0.13056260943068054,-0.6526760527969641,-0.650939333982387,-42.764675102047306,-13.717557966011896,-28.2411165340296,29.04711713603541,-30.51478624343872,-30.32277822494507,-30.418782234191895,0.19200801849365234,0.0016782763414084911,-0.001648718724027276,0.020599989220499992,0.021408582106232643,-0.0012592982966452837,-0.0020774719305336475,0.02164653316140175,0.021304883062839508,-309.2502574265442,35832.05158235833,0.0011230027303099632,-473.19550517390223,35819.96422671633,0.0011531724594533443,0.028506454080343246,0.0037692601326853037,31247.833035761203,17297.85275139438
-0.00630710361996883,0.0367188368438845,0.11372412753857702,0.1246798346657636,-0.11784121455584712,0.07129932829014973,-0.0006045461780820327,0.0,-44.03035288910189,-15.007049879234188,-29.51870138416804,29.023303009867703,-29.686238765716553,-30.025901794433594,-29.856070280075073,-0.339663028717041,-0.0005722237401641905,0.002525770105421543,0.02246742509305477,0.023736631497740746,0.002377263270318508,-0.0007511272560805082,0.022361962124705315,0.02208576165139675,-390.2105663069283,35842.124728616254,0.0011760690249502659,-384.14797098998594,35855.554052387735,0.0011148973135277629,0.03285885602235794,0.0027549010701477528,31224.72760753117,18146.839893759257
0.7540028059281398,0.9452736182615287,0.7139050037427126,0.32693197755932707,0.2151560344710487,-0.17083165852011956,-0.46428095560268173,-1.0,-40.105496776437064,-8.868517492959484,-24.487007134698274,31.23697928347758,-30.8481502532959,-30.862433910369873,-30.855292081832886,-0.01428365707397461,0.0005179378786124289,-0.002214419888332486,0.019645966589450836,0.02077154628932476,0.0011116252280771732,0.0019843538757413626,0.020295770838856697,0.02006988786160946,-540.2646087910292,35852.24982913235,0.0012144413776695728,-384.9686901146604,35849.42852911305,0.0011876190546900034,0.02857133187353611,0.002622889820486307,31227.418541924184,17842.541765852973
-0.8444328326252697,-0.9591332466342648,-0.8059887220687143,-0.52826773732299,-0.5229426208836625,-0.7411389353482021,-0.354808139524033,1.0,-40.15947244316163,-18.449777798939124,-29.30462512105038,21.70969464422251,-31.562697887420654,-31.755452156066895,-31.659075021743774,-0.19275426864624023,-0.0017003880348056555,0.0007670535705983639,0.018725326284766197,0.018538648262619972,-0.0019074096344411373,-0.0007635231595486403,0.018736405298113823,0.017670072615146637,-582.9729707597942,35811.53318145733,0.001277655828744173,-606.1867665214631,35831.88142199145,0.0011375895701348782,0.025347447022795677,0.005039758048951626,30762.685821015228,17925.43931171745
0.007667735648412716,-0.015705007525290356,0.3128400571238314,0.3137068310820098,0.24581507048883175,0.38725793093759026,0.23921047937333595,0.0,-41.94105272059278,-18.336872567946614,-30.138962644269697,23.604180152646165,-31.572959423065186,-31.491336822509766,-31.532148122787476,0.08162260055541992,-0.001909069251269102,0.0008731667185202241,0.018578743562102318,0.01861652545630932,-0.0010487227700650692,-0.0018330924212932587,0.0188852958381176,0.018661323934793472,-575.2635882848559,35854.91746987955,0.0012288413709029555,-482.77685998197995,35858.71818881524,0.0012020504800602794,0.02526651695370674,0.004713435657322407,31060.653578514542,17586.675637641034
0.95226442921937,0.9226713661079405,0.3712569917797969,0.0882059804885773,0.09972122954881363,-0.16986787445011164,-0.7207714256500324,-1.0,-46.17989369917839,-9.98877085719684,-28.084332278187617,36.19112284198155,-31.48853063583374,-31.475391387939453,-31.481961011886597,0.01313924789428711,-0.0001830675610108301,-0.002067198511213064,0.018461063504219055,0.01909712888300419,0.00012805964797735214,0.002114367438480258,0.0184481143951416,0.019161127507686615,-524.3638900531777,35843.49505047493,0.0011106018209829926,-425.00888953158506,35872.24426523884,0.0012234816094860435,0.026917777955532074,0.0029626667965203524,30730.114852227187,18454.547260973217
-0.32962216540949535,-0.45449718211702633,-0.18442360067568017,0.38215199236320513,0.35706187033788284,-0.2010200903157881,-0.15465115278806052,0.20842181801725046,-36.57964279105266,-15.291806614221002,-25.935724702636833,21.28783617683166,-31.071996688842773,-31.060423851013184,-31.06621026992798,0.011572837829589844,-0.0018392694182693958,0.0012468654895201325,0.019491758197546005,0.01990985870361328,-0.0022118566557765007,-0.0002273348072776571,0.02022368088364601,0.01922008953988552,-450.5098299801506,35864.35759444671,0.0011979884002357721,-444.0865623497675,35823.04269065275,0.0011209490476176143,0.027008244767785072,0.004954185802489519,31038.921506291794,17622.440051971214
0.9010109555154735,0.8126670991448411,0.8574499874103687,0.4611549056870418,0.04731297649864946,-0.10792934094951467,-0.4952666052609811,-1.0,-39.977614227812126,-10.706433979123346,-25.342024103467736,29.27118024868878,-30.78233003616333,-30.86606502532959,-30.82419753074646,-0.08373498916625977,0.0006112609407864511,-0.0022122059017419815,0.019777430221438408,0.020946141332387924,0.0004581569810397923,0.0022305315360426903,0.01993005909025669,0.020416026934981346,-367.7077142688344,35844.16291288147,0.0011596356052905321,-583.8277613338344,35841.47310406475,0.0011737174354493618,0.028420794755220413,0.0026888141874223948,31227.359773280717,17827.350211278175
-0.8788873332956215,-1.0,0.18765509790576665,0.47433277068815033,0.41756615748963444,0.5202359669932294,0.6074416203371498,0.9529609050326332,-43.16814882398103,-17.349622076755338,-30.258885450368183,25.81852674722569,-31.46355152130127,-31.622848510742188,-31.54320001602173,-0.15929698944091797,-0.0013353684917092323,-0.0016332084778696299,0.019116278737783432,0.018548034131526947,0.0010517325717955828,-0.0017995696980506182,0.017970962449908257,0.018997391685843468,-591.8724818609262,35816.93097948167,0.001114197657443583,-383.70151698456067,35862.45827877645,0.001165121328085661,0.02734413556754589,0.0033638824243098497,30477.577564999505,18362.793854337993
0.3357384095653493,0.8018988126540176,0.5944215498955069,0.19848155014793994,0.25113168138241293,-0.11719993989729993,-0.31399734236947785,-1.0,-39.400478454288134,-12.229325312233243,-25.81490188326069,27.17115314205489,-31.95007085800171,-31.75226926803589,-31.8511700630188,0.1978015899658203,0.0005806366680189967,0.0019160438096150756,0.01768569089472294,0.017929334193468094,0.000727312290109694,0.001928951358422637,0.01815935969352722,0.018275195732712746,-620.6785062810773,35888.42583538119,0.0012715052580460906,-499.0137045102762,35828.897822423336,0.0012148093665018678,0.025577614083886147,0.002721721539273858,30729.383328990025,18505.880976917924
0.07220466604928043,0.11859615430478658,-0.03051329338378853,0.11550679309129372,0.4727164454034759,0.2810205713722953,0.6756431970285802,0.0,-41.89177908306198,-16.081806502498864,-28.98679279278042,25.809972580563112,-30.56957721710205,-30.563054084777832,-30.56631565093994,0.00652313232421875,0.0020421084482222795,0.00046884556650184095,0.021346822381019592,0.020420808345079422,0.002230272628366947,0.0007607346633449197,0.021494703367352486,0.02026893012225628,-397.246503464815,35729.737857785745,0.0011369637213647366,-541.9867368398114,35838.10122018226,0.001165946014225483,0.02953517995774746,0.004787798970937729,30274.47677013808,18344.27353751544
0.0,-0.10418365892110013,0.37475300335876827,0.3868463904826987,0.11062902152365017,0.165845495534785,0.1098539428726154,0.0,-41.610642294721,-18.616860131490057,-30.11375121310553,22.993782163230946,-31.929035186767578,-31.65059804916382,-31.7898166179657,0.27843713760375977,-0.0015115158166736364,0.0013144330587238073,0.017558127641677856,0.018139787018299103,0.0020636420231312513,0.00014204659964889288,0.01886865124106407,0.017986461520195007,-617.5527931600197,35881.006748724874,0.0012516590068116784,-454.6991535225711,35858.08332423429,0.0011190349468961358,0.02440539002418518,0.0038047977723181248,31253.369884064843,17243.891329626276
0.9417190712193532,0.9363562866391623,0.45523488483417274,0.17594241224070006,0.07143804061121922,-0.23803172716131282,-0.7861127972941372,-0.9795538807968447,-47.25356323752425,-9.174514249907475,-28.21403874371586,38.07904898761677,-31.59477710723877,-31.67560577392578,-31.635191440582275,-0.08082866668701172,-0.002060134429484606,0.00013904343359172344,0.018882062286138535,0.018217237666249275,-0.0017055082134902477,0.0011693380074575543,0.01817796379327774,0.01857892982661724,-528.3461422883988,35840.715300031974,0.0011103148572146893,-455.9100654434565,35870.36091024453,0.0012425602180883288,0.025261295959353447,0.004922360181808472,30912.150238782153,18442.655077229967
0.0,-0.10197206553028297,-0.25084858277323724,-0.12271705099575628,-0.12331409441026359,-0.3411898965433968,-0.6518753959959498,0.0,-39.442095849658585,-19.35751614875956,-29.39980599920907,20.084579700899024,-31.664865016937256,-31.521689891815186,-31.59327745437622,0.1431751251220703,0.0006750127067789435,0.0019576288759708405,0.018312670290470123,0.01849142275750637,0.0005336184985935688,-0.0017886859131976962,0.01830044388771057,0.019131872802972794,-473.2617638962897,35859.1435873966,0.0011235217098146677,-449.6921954002364,35728.18553458091,0.0011688565136864781,0.02665669471025467,0.002812144346535206,30729.286321424726,18512.03644865975
0.40655723677956046,0.7535698633647836,1.0,0.17916996992748335,-0.15512563319589984,0.147623978079362,-0.18042425591395672,-1.0,-40.59670438606042,-14.043836448498439,-27.32027041727943,26.552867937561984,-30.867187976837158,-30.926709175109863,-30.89694857597351,-0.05952119827270508,0.0022303075529634953,-0.0004465089295990765,0.020416434854269028,0.019924625754356384,0.0019751957152038813,0.0010891356505453587,0.02059800550341606,0.019454602152109146,-320.83923009470027,35860.47355616313,0.0012291453313082457,-609.8364850342648,35847.772500285,0.0011806145776063204,0.027301102876663208,0.005286853760480881,30914.13770565477,18353.99169562373
0.13817383051356028,-0.002932228666723568,-0.03627378313459398,-0.030879211139806295,-0.06825243183148755,0.05574448809058996,-0.18668554344862265,0.0,-45.42876897124404,-16.232971430276308,-30.830870200760174,29.19579754096773,-30.532772541046143,-30.397188663482666,-30.464980602264404,0.13558387756347656,-0.0013283725129440427,0.001930731232278049,0.020421341061592102,0.021494818851351738,-0.0015680151991546154,-0.0018101336900144815,0.021651143208146095,0.0209306962788105,-490.4617392918113,35827.29093724011,0.001110798679292202,-325.8797158035833,35850.58524802725,0.0011122054420411587,0.02920444682240486,0.002954089781269431,31235.400846646473,17460.517835717947
-0.043579248005414184,0.20789421681128673,0.33356928929948654,0.5402595248889169,0.3998131323476427,-0.07428191628619862,0.14968467138656572,0.0,-39.612880571532116,-13.147535225057482,-26.3802078982948,26.465345346474635,-30.1763653755188,-30.21012306213379,-30.193244218826294,-0.033757686614990234,-0.0017468109726905823,0.0017298352904617786,0.02141057327389717,0.022265387699007988,0.002356603741645813,-0.0006928854854777455,0.021915514022111893,0.021597353741526604,-475.7301693170036,35875.36684767836,0.0011892574839293957,-402.98805980542494,35791.645851439636,0.0010622342815622687,0.029899705201387405,0.004439366515725851,31251.330010738493,17242.563281380833
0.7425963328182097,0.528160799310555,0.0,0.05064090929304815,0.597467024801668,-0.14817637011095497,-0.020286871147371266,-0.051129213640010995,-39.11257838550583,-15.408549407438727,-27.260563896472277,23.7040289780671,-30.540876388549805,-30.418317317962646,-30.479596853256226,0.1225590705871582,0.00045560815487988293,0.002316130790859461,0.020679108798503876,0.021206222474575043,-0.0007138106157071888,0.002291199518367648,0.02060936577618122,0.021855603903532028,-325.51988773999113,35824.261899117846,0.0010691193165257573,-453.276915464968,35849.091991022535,0.0011952563654631376,0.029819712042808533,0.003036743961274624,30731.708125171463,19103.14829997105
0.03166672803417392,-0.023365326987919374,0.20364190365777335,0.19170211067969442,0.1741950384117577,0.2766418309495942,0.11448617897729696,0.0,-43.42624444350844,-18.57900177731625,-31.002623110412344,24.847242666192187,-29.358737468719482,-29.129748344421387,-29.244242906570435,0.2289891242980957,0.001528428285382688,-0.002227209974080324,0.023366913199424744,0.024613112211227417,0.0016670047771185637,-0.002213515806943178,0.024023612961173058,0.025240005925297737,-329.2990632926326,35861.81352969723,0.0011694891145452857,-256.0010315085167,35839.25003214346,0.001082061673514545,0.03315345197916031,0.0035253544338047504,31235.776449040815,17419.107582362984
0.8254959663092187,1.0,0.6321246714424895,0.14245840837938806,-0.06541772929417006,-0.2196732136766073,-0.636974569412186,-1.0,-44.265252014674246,-9.823185911061216,-27.04421896286773,34.44206610361303,-28.9894437789917,-28.971900939941406,-28.980672359466553,0.01754283905029297,-0.0027970564551651478,6.170231790747494e-05,0.025537949055433273,0.024535173550248146,0.000310921372147277,0.0028052888810634613,0.02466500923037529,0.025510162115097046,-317.83328820366785,35851.33336298024,0.001129541196860373,-237.68022234108514,35849.17114401201,0.0011613874230533838,0.034218378365039825,0.006660955026745796,30927.369159241127,18524.49679911649
-0.7458106007111306,-0.9024955873294556,-0.9731060213533963,-0.575442734559807,-0.4488983435250652,-0.6696497509078481,-0.3782872696094226,1.0,-41.449208633682176,-15.58778233348329,-28.518495483582733,25.861426300198886,-30.31468629837036,-30.44342279434204,-30.3790545463562,-0.1287364959716797,-0.0019495239248499274,0.0009197121253237128,0.021602509543299675,0.021419357508420944,0.0010077930055558681,-0.0021622702479362488,0.020552311092615128,0.02179103158414364,-456.28506248871486,35775.6577357217,0.001236290787346661,-413.5750496899037,35828.423657278785,0.0011075015645474195,0.029618646949529648,0.005764572415500879,30760.984334774905,17914.65471989623
0.8201140591820331,0.8112298831346453,0.9537932788953216,0.99532849362538,0.7436006424403188,-0.4607820759696331,-0.4131417553136016,-0.16405578529264087,-39.54351568115385,-17.794216355411024,-28.668866018282436,21.749299325742825,-29.83802080154419,-29.693574905395508,-29.76579785346985,0.14444589614868164,0.0011335997842252254,0.0022936812601983547,0.022772764787077904,0.0226463433355093,-0.002025582827627659,-0.00028576189652085304,0.023534204810857773,0.022694982588291168,-267.7318273961571,35844.2852958133,0.0011714956490322948,-247.4136010072153,35732.24879325789,0.0010522404918447137,0.03246753662824631,0.003602054435759783,30482.747784092364,18718.019262376358
0.9447166027376562,0.5856092714916075,-0.06913337872847311,-0.12873351611707126,0.013981140355364297,0.20032783392084785,-0.7345168127271289,-0.5742798704655487,-45.73364839559241,-14.220259472540477,-29.976953934066444,31.513388923051934,-30.06500482559204,-30.40574312210083,-30.235373973846436,-0.34073829650878906,0.002271833596751094,-0.00099842413328588,0.022122187539935112,0.022126777097582817,0.00043035525595769286,0.0023637376725673676,0.020991144701838493,0.02155006118118763,-472.12674816793736,35818.9544449376,0.0010748415952548385,-348.0596331351598,35877.21899759813,0.0012147055240347981,0.030241914093494415,0.005305080208927393,31040.474154343385,17620.373979405464
0.0,0.9649384772020667,0.680541922502025,0.45986134340964335,0.059089071149045075,-0.4321081245340892,0.03047828757386284,-0.41695202491021577,-42.566184801187035,-13.921747051891828,-28.24396592653943,28.644437749295207,-30.730419158935547,-30.825941562652588,-30.778180360794067,-0.09552240371704102,0.002256727311760187,0.0004699884739238769,0.021049806848168373,0.01991957239806652,0.0007515465258620679,0.0021597561426460743,0.020175576210021973,0.020359940826892853,-522.7886728354839,35857.31263039065,0.0012104306370019913,-417.85056597663447,35812.326299265515,0.0010912308935075998,0.02864496409893036,0.005191705655306578,30460.620943471604,19112.75636615564
-0.39836402828805484,-0.23098427941592026,0.4689776296396635,0.0907013365704583,-0.39738930555373725,-0.7268032744071131,0.3634858276677978,0.0,-34.913396421699304,-12.2071592431505,-23.5602778324249,22.706237178548804,-31.577463150024414,-31.782732009887695,-31.680097579956055,-0.20526885986328125,0.002101731486618519,6.342033884720877e-07,0.018984556198120117,0.018182408064603806,0.002041960135102272,0.00012541130126919597,0.018584758043289185,0.017712902277708054,-447.73472230791,35875.27003493602,0.0011997994733974338,-615.4296378509058,35866.048272451466,0.0012488714419305325,0.0256283450871706,0.004668412730097771,30702.249168439434,18701.269169546213
0.10462804200456946,-0.07529439834520613,0.05108825701513639,0.18211437765501876,0.18571208890996366,0.13048901236594868,-0.024188781623488143,0.0,-44.3505022212081,-19.742848862467383,-32.04667554183774,24.60765335874072,-31.799921989440918,-31.71236753463745,-31.756144762039185,0.0875544548034668,-0.00114018889144063,0.0016668795142322779,0.01765442080795765,0.01857278309762478,0.0008237326983362436,-0.0018706968985497952,0.017771396785974503,0.018819134682416916,-581.6784564095408,35844.3126323015,0.001138902036473155,-493.0582698268588,35839.785372188635,0.0011136665707454085,0.025151485577225685,0.0025684754364192486,31235.815293820273,17448.18605794006
0.8829833411357981,1.0,0.7591279881571723,0.34455029420407385,0.04524525756362302,-0.19177338190370152,-0.4686695577774306,-1.0,-40.87509209176147,-9.767602966196506,-25.32134752897899,31.107489125564967,-31.362388134002686,-31.227195262908936,-31.29479169845581,0.13519287109375,0.00013047028915025294,-0.0021309112198650837,0.01860405132174492,0.019495349377393723,0.0021523151081055403,-0.00039196840953081846,0.019605087116360664,0.019097035750746727,-541.8235425940759,35865.09340345855,0.0012039197608828545,-414.63666341139816,35859.627093851785,0.0012196417665109038,0.027036774903535843,0.0026015809271484613,30978.84524742969,18565.994100532487
0.7926967831993639,0.5997090599542471,-0.023848438093334083,-0.012632248645990954,0.9513811683910379,0.5822587167573079,0.275960621184579,-0.1339389964581571,-41.429335491719996,-13.807149789975256,-27.618242640847626,27.62218570174474,-30.78040599822998,-30.934982299804688,-30.857694149017334,-0.15457630157470703,0.001652260310947895,0.001216572243720293,0.020712561905384064,0.020057540386915207,-0.0014644869370386004,0.0017145407618954778,0.019538888707756996,0.020480642095208168,-395.49326726143113,35719.9512223755,0.0011623180471360683,-421.6655701568312,35852.99841871323,0.001212713192217052,0.02959161065518856,0.003914504311978817,30249.69575489238,18778.86651489535
-0.08684662510369465,-0.14057673950975266,0.1871541752905297,0.5179837958060347,0.09710164095865087,-0.0004638816254265432,0.07411317854177579,0.0,-39.1785731805341,-16.082157885812364,-27.630365533173233,23.096415294721737,-31.29960536956787,-31.221182346343994,-31.260393857955933,0.07842302322387695,-0.0007295559626072645,-0.002037095371633768,0.019115835428237915,0.019268635660409927,-0.0008709722314961255,0.0019946983084082603,0.01879129931330681,0.019925769418478012,-370.1504512641778,35855.1808198816,0.001214266405440867,-535.8397858452697,35808.35721802611,0.0011119487462565303,0.02734292671084404,0.002925731474533677,30728.764990861335,18664.191317504694
0.9848085927476375,0.8799839222789911,0.6340000639601584,0.19169499740080628,-0.3750330922127512,-0.18628242885416707,-0.49967444972450226,-1.0,-43.942709677431765,-10.784228998151946,-27.363469337791855,33.15848067927982,-31.34678840637207,-31.400010585784912,-31.37339949607849,-0.0532221794128418,0.0011586215114220977,-0.0017954281065613031,0.018580839037895203,0.01958451420068741,-0.00038408272666856647,0.0020982150454074144,0.018448034301400185,0.019482145085930824,-523.4456412936178,35811.601775258954,0.0011243375483900309,-512.9135000711963,35887.68092800823,0.0012454661773517728,0.026610394939780235,0.0028393242973834276,31234.900095393157,17475.274993114777
0.9649957131205066,0.9175439255471192,0.7338291838146718,0.6692094131007598,0.7454716416421877,0.45551990244744456,0.1265664527801028,-1.0,-42.784598470815524,-15.914186090367316,-29.34939228059142,26.870412380448208,-31.413326263427734,-31.51646137237549,-31.46489381790161,-0.1031351089477539,0.0009577444288879633,-0.0018994736019521952,0.018399616703391075,0.019471652805805206,-0.0018612467683851719,0.00014315807493403554,0.019069096073508263,0.018388919532299042,-607.0822544705392,35838.27562207122,0.0011517294915392995,-508.7382216244423,35757.30835058472,0.0011709927348420024,0.02654290199279785,0.0023801864590495825,31232.0527676618,17548.134270425275
-0.7792441960221579,-0.15786299053887887,0.29315514003481113,0.0,-0.031338899734300374,0.6721887837548084,0.7811278244227504,0.8419837384452563,-34.322775793411154,-15.023756991730977,-24.673266392571065,19.299018801680177,-31.989104747772217,-31.95878028869629,-31.973942518234253,0.030324459075927734,-0.0005935172084718943,0.0019108708947896957,0.017197921872138977,0.01824198104441166,0.0014959629625082016,0.0013253925135359168,0.0181878712028265,0.017383353784680367,-515.8706082849651,35852.52918995851,0.0012137655867263675,-601.7278941696984,35849.25087440857,0.0012335266219452024,0.024373477324843407,0.002360458252951503,31233.297544929526,17513.459473133134
0.006784751199265895,-0.0014915810733510107,0.0644953867524026,0.323548751741609,0.47686017591655727,0.6866677263999705,0.7429457430595067,0.0,-38.30941355997688,-15.473951893874641,-26.89168272692576,22.83546166610224,-30.739660263061523,-30.421299934387207,-30.580480098724365,0.3183603286743164,0.001940206391736865,-0.000665837898850441,0.02066316455602646,0.020303362980484962,-0.0008176126284524798,-0.0022494869772344828,0.021150464192032814,0.02131849154829979,-413.3048304169867,35739.224372029414,0.0011961187701672316,-393.86621430817496,35812.79526190231,0.0011022059479728341,0.027933090925216675,0.0056042755022645,30764.1189552991,17820.933434854676
0.5713599488017421,0.5946995914190111,0.9323742242308511,0.5332663840425551,-0.08512262305186988,-0.35108273609805796,-0.3392170534648411,-1.0,-43.190330423810224,-12.376933667782396,-27.78363204579631,30.813396756027828,-31.429030895233154,-31.388564109802246,-31.4087975025177,0.0404667854309082,0.001450205105356872,-0.0015565507346764207,0.018506020307540894,0.019303131848573685,0.00134026980958879,-0.001661977032199502,0.0185399167239666,0.01944374293088913,-482.4493663264624,35844.8343476175,0.0011954185320064425,-434.46144415531836,35848.398132891925,0.0011371163418516517,0.025873610749840736,0.003438485786318779,31243.66235128696,17312.551758775044
0.8596205998844173,0.8122196813988869,0.39695168942118975,-0.16522918473221573,0.28747363516879004,0.01940803620739484,-0.5453349541384729,-0.5376649315786947,-39.75269429400444,-12.773024550475725,-26.262859422240084,26.979669743528717,-31.112351417541504,-31.163687705993652,-31.138019561767578,-0.05133628845214844,0.0021929177455604076,-0.00025211292086169124,0.019935691729187965,0.019280513748526573,-0.0002728013787418604,-0.002182684140279889,0.019178584218025208,0.019806314259767532,-454.1506915558656,35834.39045561102,0.0010864005889743567,-460.64745363143106,35862.649230588,0.0012222063960507512,0.027134213596582413,0.005241348873823881,30691.937376509424,18912.67543207304
0.9823487232278558,0.9269385176806851,0.777539460711266,0.8669261164765593,-0.29786078349451395,-0.5086527723674985,-0.7518093252728357,-0.9828433747384525,-42.34449103697983,-19.366338553140622,-30.855414795060227,22.97815248383921,-31.821675300598145,-31.697635650634766,-31.759655475616455,0.1240396499633789,0.0012409316841512918,0.0016018799506127834,0.018321169540286064,0.017822258174419403,-0.0015020181890577078,-0.001406841678544879,0.0187145434319973,0.017943842336535454,-436.8176290129467,35838.69580415835,0.0011479578679427505,-546.4352677365417,35859.20829231043,0.0011184999020770192,0.025821782648563385,0.0031822356395423412,30479.0704639568,18355.77384809341
0.40551073588565123,0.68405481203319,0.44361391505017833,-0.04197274473316242,-0.048866943809529544,0.7254622873310071,0.8906754762610875,-0.719119654642055,-39.799995946176445,-13.262300075595476,-26.53114801088596,26.53769587058097,-31.228044033050537,-31.047537326812744,-31.13779067993164,0.18050670623779297,0.0016359987203031778,-0.0010294551029801369,0.019346987828612328,0.01938175968825817,-0.0020493767224252224,0.0008985550957731903,0.01975627988576889,0.01975761167705059,-502.36714137067605,35713.84740616477,0.001183382235467434,-498.67216231018153,35841.67553388108,0.0012201520148664713,0.02644944377243519,0.004959793761372566,31004.116244702112,17506.506029299097
1.0,0.8245493321615323,0.5993134233935603,0.17322776919489136,0.1453123694782324,-0.13578910062806865,-0.7541363070330409,-1.0,-46.21159476320071,-10.869024356929913,-28.54030956006531,35.342570406270795,-31.033244132995605,-31.192326545715332,-31.11278533935547,-0.15908241271972656,0.0013327216729521751,0.0017642443999648094,0.02004314586520195,0.019535986706614494,-0.00196341541595757,0.0009755248902365565,0.01937401294708252,0.019487431272864342,-538.3037960264526,35839.934730760026,0.0011295606382191181,-504.0136192621839,35827.31915318099,0.0011117985704913735,0.028680000454187393,0.003613454755395651,30477.396279520988,18371.815438875004
-0.09952799459791367,0.020330126775728402,0.26355586315070695,0.41925210184015155,-0.04431153992749581,-0.28921962521295586,-0.3385464904579615,0.0,-38.224812495334845,-14.847295938204127,-26.536054216769486,23.37751655713072,-30.733938217163086,-30.548932552337646,-30.641435384750366,0.18500566482543945,0.0017514709616079926,-0.001505439286120236,0.020139796659350395,0.02082228474318981,-0.0019274717196822166,-0.0013668006286025047,0.02146637625992298,0.02036852389574051,-382.21957362579366,35842.9917612356,0.0011708998354151845,-346.7206358160197,35803.00322529934,0.0011071619810536504,0.02760663628578186,0.004427035804837942,31262.387533675566,17227.223115410306
0.9638915135636014,0.7885362297183355,-0.006594303372247397,0.2360931602180116,0.17503530302442855,0.04298477807602985,-0.25092089517402244,-0.6595524854428059,-40.168537013191525,-12.175281655111746,-26.171909334151636,27.99325535807978,-29.95107650756836,-30.001811981201172,-29.976444244384766,-0.0507354736328125,-0.0012370189651846886,0.002201045397669077,0.021773817017674446,0.0230402909219265,0.0001849922409746796,0.002510866615921259,0.02187168039381504,0.022690827026963234,-297.2678754584747,35838.478899863745,0.0010879066539928317,-248.75944210359137,35845.503074025866,0.001185998204164207,0.031156983226537704,0.0033109968062490225,31236.44592544071,17439.8105490778
0.06392775679265314,0.05868922891099096,0.028920199864021823,-0.19687354804609444,-0.27973694560847717,-0.41952312988565305,-0.7780894611396098,0.0,-41.606713258396326,-10.265766233006632,-25.936239745701478,31.340947025389696,-31.373555660247803,-31.288306713104248,-31.330931186676025,0.08524894714355469,0.0021218573674559593,0.0001773595722625032,0.019489992409944534,0.01855981908738613,-0.0002796768385451287,0.001846363302320242,0.018804162740707397,0.019652612507343292,-438.4834888271841,35837.91316290131,0.0011174576357007027,-476.4096929444952,35786.69422326849,0.0012854980304837227,0.026286564767360687,0.005042746663093567,30700.582891901835,18640.28453220118
0.5000288201365228,0.8673133772642433,0.6630103851044259,-0.17937375422189877,-0.18506594046210778,0.46078499011882934,-0.06238579542785638,-0.6353442662670719,-42.084824563035795,-14.847744301506395,-28.466284432271095,27.2370802615294,-30.18146276473999,-30.32747507095337,-30.25446891784668,-0.1460123062133789,0.000688735512085259,0.002356058219447732,0.021663088351488113,0.021994607523083687,0.002051630988717079,0.00128085701726377,0.022049741819500923,0.020864512771368027,-486.61835310304747,35854.282158195325,0.0011713693384081125,-364.5337289771337,35862.40243494781,0.0012068591313436627,0.03158154711127281,0.0035620511043816805,30728.849933856152,18532.332085324724
0.3128998861208796,0.27527321313504827,-0.1477237331968725,0.2948696431853269,0.6082454219387398,-0.019701076173445187,-0.24072265263763748,0.0,-43.234067676862026,-13.212736691641425,-28.223402184251725,30.0213309852206,-29.72703456878662,-29.605214595794678,-29.66612458229065,0.12181997299194336,-0.0012263336684554815,0.0022729237098246813,0.022349217906594276,0.023637093603610992,-0.0025462741032242775,0.0006975504802539945,0.023523662239313126,0.0231263916939497,-281.60589626557254,35843.849784351376,0.0011054762871935964,-366.5540070237086,35786.66319262745,0.0010656765662133694,0.03183279559016228,0.0029418389312922955,31231.99024780111,17534.221945714537
0.28887451676947973,-0.007380053860904567,0.6420453960797426,0.9999440170326318,0.6270502314180789,0.21372822141976966,-0.804812445007971,-0.8231485163260019,-33.583659393743574,-14.966479188944618,-24.275069291344096,18.617180204798956,-29.890809059143066,-29.494385719299316,-29.69259738922119,0.39642333984375,0.0008783937664702535,-0.0023961616680026054,0.021893184632062912,0.023230070248246193,-0.001906559569761157,-0.0018568605883046985,0.024105237796902657,0.023137081414461136,-227.55831978423265,35836.19744988394,0.0011655297130346298,-262.2063310400321,35842.43603904069,0.0011131605133414268,0.03125903010368347,0.0030860272236168385,31234.693346216463,17453.892562990575
0.17189834400891013,0.0,0.06822671781369052,0.07737236325922675,0.2604061406956473,0.4373693421618168,0.11871605066868807,0.0,-42.67117337221595,-14.890724233450726,-28.780948802833336,27.78044913876522,-29.68043088912964,-30.13132333755493,-29.905877113342285,-0.45089244842529297,-0.0005001384415663779,0.0025418042205274105,0.022493978962302208,0.023741697892546654,0.002469204133376479,0.00018106318020727485,0.022484110668301582,0.021413767710328102,-457.09346176318184,35825.314279123726,0.0010880337795242667,-488.6419494785443,35861.23969988225,0.0011828825809061527,0.03296039253473282,0.0029435211326926947,31225.114197627172,18426.979245712275
0.0,0.0010962799635243498,-0.20226961711384187,-0.3398970819174584,-0.3989939352177095,-0.5954766450672835,-0.8321982511872544,0.0,-46.45977774668626,-14.830385560810395,-30.645081653748328,31.62939218587586,-32.01784133911133,-32.00497388839722,-32.01140761375427,0.012867450714111328,0.001253902679309249,0.0015153195708990097,0.017932452261447906,0.017404861748218536,-0.00024368579033762217,0.0017298886086791754,0.017312657088041306,0.0180957168340683,-683.2911593020921,35842.88899570073,0.0012149744434282184,-803.386218119939,35777.489020213914,0.0012988357339054346,0.025170985609292984,0.003181915497407317,30476.43396820003,18408.963653939758
-0.1422731667245778,0.37006186697798515,0.6703566392184664,-0.01295597748725965,-0.13474809881482835,-0.06104298917718998,0.00894636471246879,-0.3936402092209981,-36.458467627485845,-11.57549154159193,-24.016979584538888,24.882976085893915,-31.236279010772705,-31.051461696624756,-31.14387035369873,0.18481731414794922,-0.0011350399581715465,-0.0018720142543315887,0.019484354183077812,0.01917901076376438,0.002111248904839158,0.0007143258117139339,0.020321669057011604,0.01915811374783516,-597.8032382411159,35846.12954486825,0.001201086095534265,-495.66972560714066,35854.904939906766,0.0012147469678893685,0.028096459805965424,0.0031878112349659204,30482.202116543922,18723.18245508244
0.1006674732346323,-0.044075978257898045,0.01537129974632756,0.350782731886488,0.23735462926868994,0.05666256261028657,0.006211630173864724,0.0,-40.871585261897735,-16.62463775353973,-28.748111507718733,24.246947508358005,-30.489745140075684,-30.489823818206787,-30.489784479141235,-7.867813110351562e-05,0.00031115987803786993,-0.0023415102623403072,0.020523801445961,0.021599814295768738,0.0019890721887350082,-0.0012944756308570504,0.02087179198861122,0.02126212604343891,-496.4787769158421,35843.58887888134,0.0011188221396878362,-533.5850359995753,35811.63959593296,0.0011108750477433205,0.02974744513630867,0.0026435772888362408,31224.70053111832,18947.754365784804
0.0559350034600745,-0.026623314819971794,0.3909172616088759,0.5409992101879502,-0.14007494363558376,-0.29587548960792465,0.06656432670015433,-0.10223741513017626,-36.924232477025555,-12.445161225492683,-24.68469685125912,24.479071251532872,-32.62072801589966,-32.345900535583496,-32.48331427574158,0.2748274803161621,0.0018578425515443087,4.172912667854689e-05,0.01684941165149212,0.01611112616956234,0.0005364185781218112,-0.0018397454405203462,0.0165121890604496,0.017502231523394585,-669.1349384159315,35893.17872521184,0.0012382493587210774,-741.2986221983062,35865.54292891099,0.0012531063985079527,0.022811610251665115,0.004300713073462248,30699.616113886605,18609.937909842232
0.9423636113761599,0.8664908706083726,0.4751173132582143,0.16203417749031546,0.21933511580831228,-0.03893463407373565,-0.6627272903263871,-1.0,-42.33960119930683,-10.239723228609648,-26.289662213958238,32.09987797069718,-29.558699131011963,-29.66916799545288,-29.613933563232422,-0.11046886444091797,0.0023511582985520363,0.001171943498775363,0.024106774479150772,0.022779764607548714,-0.0007497873157262802,-0.0025070193223655224,0.02299344912171364,0.02331538498401642,-322.92665276669845,35819.4448778023,0.0011044315760955215,-300.49811724599067,35838.10653370073,0.0011519596446305513,0.0332149937748909,0.005069601349532604,30470.051693147878,18605.568428997158
-0.02067155320550498,0.10831955739693112,0.12047173862544866,0.30264859092367224,0.13569015670425316,-0.03691014936184012,-0.17285631091526732,0.0,-40.51902488734282,-16.375555720170325,-28.447290303756574,24.143469167172498,-30.27139663696289,-30.161190032958984,-30.216293334960938,0.11020660400390625,0.0023470199666917324,-0.0006529239472001791,0.021778997033834457,0.021428052335977554,0.0024515946861356497,-8.970505587058142e-05,0.022322140634059906,0.021430550143122673,-405.93782012004675,35837.92732227237,0.001175027689896524,-330.40106140804335,35824.05998385512,0.0010883619543164968,0.0293883103877306,0.005757675506174564,30894.901159839224,18325.010164217398
0.4414760817475594,0.619631597223546,0.0,0.23342939275805596,-0.20143914326314244,-0.07765781955266343,0.48097493251477585,-0.40561622228303995,-40.21332509880045,-14.67958050056535,-27.446452799682902,25.533744598235103,-29.813683032989502,-29.86875057220459,-29.841216802597046,-0.05506753921508789,-0.00256542325951159,5.338804476195946e-05,0.02324206754565239,0.02229476533830166,-5.5059608712326735e-06,-0.002559141954407096,0.022134767845273018,0.02311244234442711,-281.8278239826648,35845.249097098414,0.0011528702452778816,-397.8076506702089,35852.564661210694,0.0011782277142629027,0.03166373446583748,0.005933839362114668,30695.012880036138,18682.951568397893
0.2390024448628915,-0.05130938431009811,0.2505106413891428,0.41410626966650294,0.3033306082837738,-0.06203039683509115,-0.15403732074320176,0.0,-40.99253661395372,-13.844484237630581,-27.41851042579215,27.148052376323136,-30.589449405670166,-30.47062635421753,-30.530037879943848,0.11882305145263672,0.0010278583504259586,0.002096868585795164,0.020877186208963394,0.020779119804501534,-0.000902526720892638,-0.0022030556574463844,0.02108035795390606,0.021148284897208214,-343.0334623638007,35835.22521185589,0.0011166817275807261,-521.2204525351738,35857.359250603644,0.0010975382756441832,0.029774345457553864,0.0033167058136314154,30482.453622225406,18482.018448736235
0.16520821841264077,0.41106041939944743,0.41175975731614056,-0.06570452720219425,-0.3704516972539471,0.4472449270177652,0.039966975506166014,-0.12414995574975485,-42.863866907518286,-14.634959296703357,-28.74941310211082,28.22890761081493,-30.397775173187256,-30.39198398590088,-30.394879579544067,0.005791187286376953,-0.002334536984562874,0.000530287332367152,0.02152222767472267,0.021060403436422348,-0.0006690130103379488,0.0022977078333497047,0.02067456766963005,0.021921012550592422,-488.77884433036894,35853.1700168262,0.001194808166474104,-314.79568084339627,35858.979951672896,0.0012004819000139832,0.0291731059551239,0.005655773915350437,30893.9297050813,18259.53159402546
0.9395526499744011,0.9869908520495182,0.29924123913666556,0.09536650118263329,0.3061815017852896,-0.09498635105632658,-0.6784020828689779,-1.0,-44.82247762996772,-11.632442391189073,-28.227460010578397,33.19003523877865,-30.28527021408081,-30.43870449066162,-30.361987352371216,-0.15343427658081055,0.0011563798179849982,-0.0021161986514925957,0.020960895344614983,0.02216416224837303,0.0017049552407115698,0.0016694182995706797,0.02162300795316696,0.02075260505080223,-492.4825087094655,35846.49669207188,0.0011157133849337697,-410.8228576053345,35830.54498477606,0.0011593042872846127,0.03014044091105461,0.0027885979507118464,31232.18414819457,17549.197591945493
-0.003335614465893654,0.11947681987848073,0.33756412431759236,0.36238972430691624,0.330107532365807,0.38583590085953823,0.7691152281905731,0.0,-38.631535083622374,-17.2903144597625,-27.960924771692437,21.341220623859876,-30.179667472839355,-29.959757328033447,-30.0697124004364,0.2199101448059082,0.0019274642691016197,0.0009727376746013761,0.022265871986746788,0.021425297483801842,-0.0005397856002673507,0.002459239913150668,0.021756496280431747,0.02301357500255108,-374.90164651469576,35766.514886510355,0.0012445145985111594,-413.43970756816094,35827.466850613404,0.0011014800984412432,0.03128122165799141,0.0042452034540474415,30259.95945290716,18486.864372938646
0.11212926734879845,-0.01652908284434681,0.21282915276661288,0.15288793861416927,-0.21557450718568524,0.3494807276865598,0.36105551497415367,-0.311044950380883,-42.30649112938025,-14.09445785784908,-28.200474493614664,28.21203327153117,-29.76921796798706,-30.00281572341919,-29.886016845703125,-0.2335977554321289,0.0023402259685099125,-0.0010737937409430742,0.02286744862794876,0.022913461551070213,-0.0009061296004801989,-0.0023532044142484665,0.022220710292458534,0.022343527525663376,-407.5417083207249,35834.07086687252,0.001157461665570736,-371.0072003516041,35840.87968057325,0.0011685987701639533,0.031229106709361076,0.005573684349656105,31048.72400767223,17567.273173414294
0.9953089723100454,0.9384366036272951,0.8186480936624719,0.6608651418444722,0.6557477281756858,0.4495700289488732,0.1573079356763818,-1.0,-44.886029347303634,-14.191806189294283,-29.53891776829896,30.69422315800935,-31.105375289916992,-31.075279712677002,-31.090327501296997,0.030095577239990234,0.0020831029396504164,0.0006645444664172828,0.020175302401185036,0.01906471513211727,-0.001762476284056902,-0.0008098072139546275,0.020103618502616882,0.019307004287838936,-478.24691864578705,35814.015896409204,0.0011066636070609093,-308.7151272742073,35747.866357607905,0.0011741714552044868,0.027399934828281403,0.004824856296181679,30463.592826472825,18834.104857144455
-0.13622523949961562,0.40945336485918116,0.6890749481096246,0.0,0.24168226810867793,0.3367725283372409,0.1497344189749228,-0.12410413892744343,-36.25557065207636,-12.677668531842016,-24.466619591959187,23.57790212023434,-29.552693367004395,-30.181641578674316,-29.867167472839355,-0.6289482116699219,-0.0023118327371776104,-0.0012993505224585533,0.024124715477228165,0.02279149368405342,0.0007717750850133598,0.002338320016860962,0.021709978580474854,0.021946562454104424,-323.1479916690549,35859.632828728194,0.0011275330325588584,-397.84587437092296,35864.73081079556,0.0011767747346311808,0.03391151875257492,0.004540832247585058,30473.100015895172,18477.087516161027
0.11242526973211221,0.08011693071285761,-0.0036223616570775184,0.4139114350877726,0.7860925566979534,0.8376628775898481,0.670249975560464,0.0,-38.9868037828028,-16.734889204717888,-27.860846493760345,22.251914578084914,-32.7817177772522,-32.4987268447876,-32.6402223110199,0.2829909324645996,0.001470985822379589,0.0006839768029749393,0.016515962779521942,0.01586230844259262,0.0004261172725819051,0.0018349760212004185,0.016538258641958237,0.016895074397325516,-427.40141036029166,35737.76123322505,0.0012330608442425728,-594.6326713352072,35875.48286701105,0.0012332157930359244,0.022950265556573868,0.003234874689951539,30263.209570858482,18445.03015235726
-0.027419875238248438,-0.10538097764771945,0.3950567433303709,0.3496432444216716,-0.016476562542684314,-0.23569626038664954,0.15312455930359925,-0.0292684433098499,-39.46393883453243,-16.984847364310383,-28.224393099421405,22.479091470222045,-31.35805606842041,-31.376924514770508,-31.36749029159546,-0.018868446350097656,0.0020953097846359015,-0.0004814400745090097,0.01926853135228157,0.018856508657336235,0.0021161907352507114,-0.00028409791411831975,0.01931185834109783,0.01872934401035309,-447.6914345257562,35830.218912465534,0.0012102676555514336,-462.948454805721,35859.406850424166,0.0011263987980782986,0.026111163198947906,0.005219504702836275,30918.873794800544,18530.96168508651
0.30825211526468627,0.0,0.32807385991947347,0.11005653330976412,0.19807546375547996,0.5573940206657992,0.20521617550657545,0.0,-43.54526556587672,-14.466450510303275,-29.005858038089997,29.078815055573443,-29.711267948150635,-29.54883575439453,-29.630051851272583,0.16243219375610352,0.0022392868995666504,0.0012877205153927207,0.023669539019465446,0.022401412948966026,-0.0017424010438844562,0.0019965909887105227,0.022940155118703842,0.024004153907299042,-391.5597813630382,35828.93491102102,0.0010986232664436102,-287.73071878436133,35859.08090406652,0.0011608041822910309,0.032921794801950455,0.004855017177760601,30469.638496245123,18584.423199099805
-0.9710803793629547,-0.9697359576318796,-0.9726048243696835,-0.972948779906426,-0.9817217067696661,0.021270313872642128,0.020471158302710686,0.9692717043354128,-46.17054796078901,-15.297930857705406,-30.73423940924721,30.872617103083602,-30.463082790374756,-30.372421741485596,-30.417752265930176,0.09066104888916016,-0.0016519383061677217,-0.0016805098857730627,0.021526524797081947,0.0207343902438879,-0.0006796343950554729,-0.002001994289457798,0.0211544930934906,0.021583281457424164,-398.6321385207732,35827.39641401498,0.0010958322091028094,-417.43302021691164,35732.86077014578,0.0011510576587170362,0.03000112809240818,0.00397456856444478,30474.227334470193,18459.86372365239
-0.3174202223967324,0.32415249127086443,0.5115829899126514,0.0,0.1608785354482512,0.1770747390602252,0.19037232067311582,-0.1155735744699875,-37.4604311100498,-14.30761046534073,-25.884020787695263,23.152820644709067,-29.758055210113525,-29.77741241455078,-29.767733812332153,-0.01935720443725586,0.0024586650542914867,-0.0007994389161467552,0.023051589727401733,0.022786637768149376,0.0020690816454589367,-0.0015422697179019451,0.022569766268134117,0.023163223639130592,-290.54228206922716,35844.86081032842,0.0011673569679260254,-275.21435345104175,35841.84371357607,0.0011822555679827929,0.03141940385103226,0.0060792723670601845,30914.132753018584,18426.8941803312
0.04935521276747755,-0.0014368763354585866,0.14643621310410834,0.3925481585665122,0.5342574651757048,0.5911686949594936,0.6762132720676888,0.0,-39.60907724265353,-17.27735576964622,-28.443216506149874,22.331721473007306,-30.422141551971436,-30.514745712280273,-30.468443632125854,-0.09260416030883789,0.0007228128961287439,0.0019925739616155624,0.021070634946227074,0.02142215520143509,0.0007500386564061046,0.002236978616565466,0.020893407985568047,0.021121762692928314,-446.61869913424266,35761.47862723362,0.0012476706178858876,-448.1062549699936,35815.630830313894,0.0011042829137295485,0.03041759878396988,0.0030753137543797493,30727.662013102236,18693.842948351594
0.0,-0.013784310228214053,0.2962720459483154,0.22136813477954262,-0.15937203819791665,-0.21698866745001777,0.10999136841308643,-0.10507092238538829,-39.67059887348742,-16.017543884004397,-27.84407137874591,23.653054989483024,-31.09609842300415,-31.27884864807129,-31.18747353553772,-0.18275022506713867,-0.00044290110236033797,0.002163562225177884,0.019099252298474312,0.020181333646178246,-0.0004011119599454105,-0.002128293737769127,0.018990328535437584,0.01948348805308342,-530.4382795805811,35861.221975818895,0.00119374122004956,-540.8432080395047,35840.55636362439,0.001119113527238369,0.027666248381137848,0.002534744329750538,31226.93816102104,17843.77906739066
0.9582943389295239,0.7336402699263852,0.452937205194968,0.09321334506846563,0.2531171601946503,0.11216195935059325,-0.7137250068793876,-1.0,-43.768794392679325,-11.906676279861358,-27.83773533627034,31.862118112817967,-31.215171813964844,-31.00562334060669,-31.110397577285767,0.2095484733581543,0.0007160105742514133,-0.002051645191386342,0.018818547949194908,0.019926682114601135,0.00041361904004588723,-0.0022020686883479357,0.019298212602734566,0.020392628386616707,-502.25579422149536,35847.7614194768,0.0011236307909712195,-400.4681737367477,35842.63648955296,0.001194875338114798,0.027198776602745056,0.0025123371742665768,31228.367419190185,17810.89021057207
0.9539135296540673,0.9789136011693823,0.7517508764021246,0.6912407540204688,0.6076080386976571,0.38043515558984853,0.17598882877312683,-1.0,-45.680476531793204,-17.328336939456477,-31.50440673562484,28.352139592336727,-30.973165035247803,-31.177761554718018,-31.07546329498291,-0.20459651947021484,0.001609597820788622,-0.0015346754807978868,0.01956273801624775,0.020288042724132538,-0.0018034446984529495,-0.0007083950331434608,0.01988653652369976,0.019058942794799805,-449.321565822807,35839.34624379432,0.0011274067219346762,-605.8003537820218,35751.404147741996,0.0012921964516863227,0.027326401323080063,0.0034507797099649906,31245.497784290746,17309.770200108724
0.011338510510151778,0.531611056300936,0.2411826709399593,-0.15088432004340757,-0.2518656219768256,-0.17929144446271633,-0.07629634548043096,-0.8296522648788163,-36.933125338736374,-11.775349613085723,-24.35423747591105,25.15777572565065,-30.88937520980835,-30.720510482788086,-30.804942846298218,0.16886472702026367,-0.0002949837944470346,0.0022518474142998457,0.01958874613046646,0.020638426765799522,-0.0021445592865347862,0.0008628042414784431,0.020551657304167747,0.020479591563344002,-407.7830826472128,35878.064018572964,0.001203866908326745,-416.4193133767398,35846.373874256176,0.0011980209965258837,0.028516819700598717,0.0026627536863088608,31226.403190343844,17893.24046513964
0.964783085777441,0.9776098363630892,0.9485343689836055,0.7991997009181939,0.5972237496974006,0.5374585132882608,0.3118844384659879,-1.0,-42.64974661621936,-16.160706184776075,-29.405226400497718,26.489040431443286,-31.280312538146973,-31.109704971313477,-31.195008754730225,0.1706075668334961,-0.0020087328739464283,0.0007787684444338083,0.019287969917058945,0.019183611497282982,-0.0016622135881334543,-0.0014616287080571055,0.020055869594216347,0.019167086109519005,-486.09246115571045,35821.85172717985,0.0011562725994735956,-485.04949245837486,35811.62707649829,0.001102031790651381,0.025893239304423332,0.004809324163943529,31011.958496548043,17518.91403624052
1.0,0.9659620638930446,-0.10868321148462824,-0.23521763918077895,0.594409360195909,-0.6454795806659112,-0.8283045604956553,-0.9937794376126468,-42.949181649916454,-14.820763324154598,-28.884972487035526,28.128418325761857,-30.251765251159668,-30.261366367340088,-30.256565809249878,-0.009601116180419922,0.001968835713341832,0.0014204849721863866,0.022193999961018562,0.021099982783198357,-0.0017162207514047623,-0.001745280809700489,0.022049162536859512,0.021199913695454597,-405.18052930547145,35843.101747225985,0.0011848052963614464,-436.63632307912053,35833.02362744181,0.0011051878100261092,0.031074879691004753,0.004352562595158815,30473.03524885242,18490.60029995745
0.95324287878828,0.8552487114528539,0.487146691675751,0.13150082752516795,0.1626131794568857,-0.05645397865604784,-0.7008450978229543,-1.0,-43.42366735706594,-7.3661740771342465,-25.394920717100092,36.05749327993169,-31.217772960662842,-30.825281143188477,-31.02152705192566,0.39249181747436523,0.0017416072078049183,-0.0012884620809927583,0.01913273334503174,0.01961440034210682,0.001633908599615097,0.0016024886863306165,0.020683718845248222,0.019846457988023758,-559.6445570788728,35836.35342148628,0.0011299081379547715,-431.61598869195313,35852.96225354158,0.0011909364257007837,0.026592960581183434,0.004030666314065456,31258.243394211637,17245.45437162827
-0.04131210757460344,0.07480102398507524,0.052862992368644585,0.1850846859527284,0.15209553022843136,0.01641059543619916,-0.13490801068734415,0.0,-39.10398547566314,-15.909013270290814,-27.506499372976975,23.194972205372324,-29.6936297416687,-30.48241138458252,-30.08802056312561,-0.7887816429138184,0.001808978384360671,0.0018702961970120668,0.023521892726421356,0.022650443017482758,-0.0006644083769060671,0.002281852765008807,0.02046852745115757,0.021685458719730377,-271.88183901267274,35842.98736740238,0.0011304165236651897,-397.5557420532446,35823.453764021135,0.0011060204124078155,0.03305633366107941,0.004034279379993677,30477.19031928464,18366.858655302916
0.11950264863469084,0.39485798014604423,0.0,0.2893264276266916,0.12040441676226687,0.22844099907729754,0.5881720343503696,-0.1724104038564227,-39.27754528107056,-13.76092626029336,-26.51923577068196,25.5166190207772,-31.020286083221436,-29.860923290252686,-30.44060468673706,1.15936279296875,0.0015301881358027458,0.0016308464109897614,0.02018078602850437,0.019451508298516273,-0.0022349883802235126,0.0012381358537822962,0.022524483501911163,0.022774143144488335,-224.9848302478375,35877.45784165041,0.0012220473727211356,-104.27565679790024,35856.74053766927,0.0011965844314545393,0.028560489416122437,0.003502032021060586,30478.65157496945,18372.131110298214
-0.8307215821503792,-0.9772283234457714,-0.7600077138045526,-0.48500059160215125,-0.44049548842887454,-0.4755098776169594,0.7183806495918408,0.9884641773133968,-42.026298477451405,-17.166267595437546,-29.596283036444476,24.86003088201386,-28.55426788330078,-29.06435489654541,-28.809311389923096,-0.5100870132446289,-0.0022819729056209326,-0.00186881422996521,0.02694069780409336,0.025700107216835022,-0.0021533919498324394,0.001788546796888113,0.0244342852383852,0.02520987205207348,-320.71470932699197,35828.54594988731,0.0010845805518329144,-466.5854853935556,35820.74641135918,0.0010697790421545506,0.03779415786266327,0.005022650118917227,30474.705745902647,18442.619920863996
0.32326299411974535,0.37448720888573145,0.4948305247190695,0.33318037888086716,-0.2782857572859682,0.06584001983396803,0.1750814888051212,-0.2466712024020754,-39.44150396555128,-15.43584438912984,-27.43867417734056,24.005659576421436,-31.667938232421875,-31.882221698760986,-31.77507996559143,-0.21428346633911133,-7.603521225973964e-05,-0.0020736600272357464,0.018025124445557594,0.018758509308099747,-0.0014015897177159786,0.0014680807944387197,0.017570748925209045,0.018315337598323822,-623.1622739369138,35861.37391346922,0.0011920903343707323,-747.2329909126994,35849.12231357794,0.001239814911969006,0.026225045323371887,0.0026310442481189966,30978.245265518628,18344.89430602145
0.9228081270493036,0.9309878488896536,0.5410198950971261,0.16735630598381285,0.1880562712176707,0.005340607868737024,-0.6187405544377054,-1.0,-45.33477707924345,-8.13934480120966,-26.737060940226556,37.19543227803379,-32.39966869354248,-32.215354442596436,-32.30751156806946,0.18431425094604492,0.001604833290912211,-0.0009935763664543629,0.0167734082788229,0.017046228051185608,-0.0014575266977772117,0.001290585845708847,0.016968131065368652,0.01757059246301651,-684.7651132718678,35832.14796630294,0.0011617351556196809,-684.2075972215297,35841.16990463271,0.001222342485561967,0.022967291995882988,0.003623455762863159,31260.865472012083,17258.91118026777
-0.004242797611438122,0.19896855034324243,0.266272294307489,0.299492936453014,0.04493711132092926,-0.12091086477481061,-0.23367650483848112,0.0,-41.59964862045325,-16.125156170121954,-28.862402395287603,25.474492450331297,-30.69971799850464,-30.36137104034424,-30.53054451942444,0.3383469581604004,-0.0022179598454385996,-0.0006710492889396846,0.0211443193256855,0.019968505948781967,0.0018576711881905794,0.0015411095228046179,0.021882016211748123,0.02086889185011387,-520.1270738303133,35843.54782494456,0.0011837973725050688,-390.39070882384067,35829.29338221366,0.0011110908817499876,0.028793994337320328,0.004864546936005354,30464.2624525007,18769.959804504728
0.6799526389484714,0.6562202795091754,0.5907160103739174,0.3273332928782921,-0.07302750925986612,-0.38282155942359647,-0.4912918536516061,-1.0,-36.69176444300393,-6.653849699516229,-21.67280707126008,30.037914743487704,-32.195396423339844,-32.279391288757324,-32.237393856048584,-0.08399486541748047,-0.0018934792606160045,0.00047838891623541713,0.01747659221291542,0.0171450674533844,0.0010366612114012241,0.0016247740713879466,0.017302921041846275,0.016986435279250145,-559.4478485405805,35899.31868335708,0.0012604666408151388,-614.5172086751642,35866.478408581024,0.0012547695077955723,0.02393844723701477,0.004676559939980507,30922.093436403065,18514.353723072945
0.1215365083150091,-0.062308069670557194,0.009888248169869052,0.32261931676507705,0.2370497924440107,0.039719218052231775,-0.05917124094511439,0.0,-41.869293429917434,-16.793278368839566,-29.3312858993785,25.076015061077868,-29.682750701904297,-29.713313579559326,-29.69803214073181,-0.030562877655029297,-0.002437378978356719,-0.0008996734977699816,0.023772869259119034,0.022447356954216957,-0.0010327803902328014,0.0023763070348650217,0.02235291339457035,0.023703861981630325,-178.47046470619088,35836.16027775838,0.001081338501535356,-351.3261493997536,35804.16529156823,0.0010794094996526837,0.03231218457221985,0.005293675698339939,30466.03287539533,18691.707032982235
0.36729001356718877,0.5963304640887943,0.619402710926906,-0.03341705853688534,-0.41200125192991766,0.2224032444080376,0.2563254768544715,-0.6287730222354301,-40.72249246209543,-12.548742643950277,-26.635617553022854,28.173749818145154,-30.215725898742676,-30.060608386993408,-30.138167142868042,0.15511751174926758,-0.0008366707479581237,-0.0022973923478275537,0.021660884842276573,0.0218258798122406,-0.00011321854981360957,0.0025021363981068134,0.021610861644148827,0.022645939141511917,-398.46950512796496,35857.72792029577,0.001170658622868359,-430.71035363394395,35858.45302018148,0.0011963087599724531,0.0314338244497776,0.0034449927043169737,30727.87267444585,18752.60200927969
0.9885926464046758,0.8184637996915517,0.6681101102728821,-0.11856118409023289,0.15464894218252084,0.29513267130087034,-0.5322253731740614,-1.0,-45.22644985781096,-12.443791181279266,-28.835120519545114,32.782658676531696,-30.429468154907227,-30.643892288208008,-30.536680221557617,-0.21442413330078125,0.0008872643811628222,-0.0022000411991029978,0.020599529147148132,0.02181457169353962,0.002019698265939951,-0.0011753623839467764,0.020556986331939697,0.020836392417550087,-474.1741363972139,35839.16493494526,0.0011054360074922442,-444.9849356240489,35836.68693938535,0.0011302083730697632,0.029961634427309036,0.002600172534584999,31228.46253454499,17771.887456566434
0.13909274294740512,0.5855645506299383,0.8041589638076353,0.3452892393783388,-0.3996079047614495,-0.3893112423207368,-0.5089225916010203,-0.4369139714745913,-43.25219905703182,-13.3001429736143,-28.276171015323058,29.952056083417517,-31.266002655029297,-31.627953052520752,-31.446977853775024,-0.3619503974914551,0.0006812785286456347,0.0020461364183574915,0.019167639315128326,0.0193671565502882,0.0020697289146482944,-0.0002577140985522419,0.018779588863253593,0.018176058307290077,-482.11326846605397,35862.530665879654,0.0011807411210611463,-410.8065368598667,35852.14921318597,0.001122487592510879,0.02752610482275486,0.0030034875962883234,30483.120705652123,18669.38026022282
0.7898006012837477,0.67104909194791,0.0,-0.11675773616602807,0.3205608120154776,-0.11948142255724281,-0.6579752430263182,-0.7901956125095815,-38.437375959330495,-12.218239055398897,-25.327807507364696,26.2191369039316,-32.03247785568237,-31.843507289886475,-31.937992572784424,0.18897056579589844,-0.00049450877122581,-0.0019323505694046617,0.0174711961299181,0.017805486917495728,-0.00012176819291198626,-0.002032279269769788,0.017677785828709602,0.018370047211647034,-519.3227188738081,35848.422754401414,0.0011393940076231956,-406.5642775463576,35853.030343997016,0.0012372005730867386,0.02541317790746689,0.0027885877061635256,30730.37468853811,18644.81322120758
0.03393503198913235,-0.04388560963506129,-0.01097511329711967,0.31563847418369473,0.23815780176936485,0.13908740138545528,0.03468551973127132,0.0,-42.942742179870464,-21.1133224066067,-32.02803229323858,21.829419773263766,-31.531071662902832,-31.73074245452881,-31.63090705871582,-0.19967079162597656,-0.000984632526524365,-0.0018472725059837103,0.018767019733786583,0.018609561026096344,-0.0019468115642666817,0.0006188563420437276,0.018372073769569397,0.018155110999941826,-493.2960069368978,35840.26666443834,0.0011289875255897641,-546.1719550228705,35811.423594583,0.0011274170828983188,0.026904162019491196,0.003143113572150469,30481.705180647536,18394.25387715853
-0.03640412720695904,0.34533058863695254,0.3405957014061605,-0.2198504876461745,-0.35313550202761085,0.06529203862641864,0.3234348071815123,-0.5666821152336567,-40.83376778502236,-15.702171807081413,-28.267969796051887,25.131595977940947,-30.749011039733887,-30.569815635681152,-30.65941333770752,0.17919540405273438,-0.00043169065611436963,0.0022638896480202675,0.01988288201391697,0.020998718217015266,0.002333045471459627,0.00031655916245654225,0.02140931412577629,0.02032575011253357,-512.6658268263923,35846.94176125222,0.0011635604314506054,-497.68061093378435,35861.533529766115,0.0012034728424623609,0.028777871280908585,0.0026660547591745853,31226.617403917462,17979.943484219246
0.19366738402592282,-0.022700190207703915,0.18277625586144494,0.10741097175739678,0.22428176919033738,0.2806189556626714,0.004004161271074502,0.0,-45.65747089342295,-15.742823147045499,-30.700147020234226,29.914647746377454,-31.70966625213623,-31.832282543182373,-31.7709743976593,-0.12261629104614258,0.0020281856413930655,0.00020632176892831922,0.018752142786979675,0.017854439094662666,0.0019583688117563725,-0.0005431700265035033,0.018203968182206154,0.01789652742445469,-556.327992902658,35852.14784577102,0.001150024589151144,-467.57379300277057,35847.37408736236,0.0011213441612198949,0.025224728509783745,0.004895665217190981,30693.82516655385,18685.374635235952
0.3972632661612752,0.6412749483837341,0.8006154395489662,0.44927714104494904,-0.36032399529651515,-0.5920976512890161,-0.3945038737833485,-0.8419746426428727,-41.670048706365776,-10.007341448914758,-25.838695077640267,31.662707257451018,-31.352763175964355,-31.344454288482666,-31.34860873222351,0.008308887481689453,-0.002121679950505495,0.00026088792947120965,0.01936974748969078,0.018777694553136826,0.0006054716650396585,-0.002070566639304161,0.01852806657552719,0.019642245024442673,-509.3730468928386,35864.41622968783,0.0011964977020397782,-410.77737208459877,35844.07214710492,0.0011393292807042599,0.025982476770877838,0.005127053242176771,30915.234749421794,18439.5784384957
1.0,0.750280927134164,0.18901672125352537,-0.04500538074609844,0.6655012483301344,0.33929463138013766,-0.004590174911882239,-0.5329357077486141,-42.32552072078953,-13.895409475779019,-28.110465098284273,28.430111245010508,-31.407549381256104,-31.496055126190186,-31.451802253723145,-0.08850574493408203,-0.0004427145468071103,0.0018672262085601687,0.018538901582360268,0.019385673105716705,0.0020784202497452497,0.00041542944381944835,0.01927795074880123,0.018233414739370346,-422.27397270971204,35712.44816360613,0.001158133614808321,-469.08360028713514,35860.69121327707,0.0012322053080424666,0.026751253753900528,0.002519710222259164,31225.350116162364,17643.552966777075
0.0,0.020052033105202406,0.051150691818389105,0.3631069355017871,0.24029379540248774,0.14108030456339155,0.09636552737342186,0.0,-41.268663059006826,-18.580964567131616,-29.92481381306922,22.68769849187521,-31.50290012359619,-31.280901432037354,-31.391900777816772,0.2219986915588379,-0.0009609846747480333,-0.0018742666579782963,0.01881912350654602,0.018678264692425728,-0.0018225314561277628,0.0011604458559304476,0.01906610280275345,0.01940084621310234,-397.6153037949053,35862.97387266867,0.0012371649499982595,-500.3380114407708,35859.14988932219,0.001105724018998444,0.02683594636619091,0.003038348164409399,30481.90430413181,18508.644815655476
0.5323282219728553,0.7742557896197946,0.7245540751596613,0.034592515365377274,-0.23086293823111592,-0.27215421063807993,-0.06734167356759901,-1.0,-40.22454261557053,-12.982784861825735,-26.60366373869813,27.241757753744793,-31.505255699157715,-31.57714605331421,-31.541200876235962,-0.07189035415649414,0.0019050879636779428,0.0009052318637259305,0.01927974447607994,0.018191540613770485,0.0020774744916707277,-0.00030780944507569075,0.01886390522122383,0.018309110775589943,-551.3824050209688,35828.48316457035,0.001175149343907833,-502.23143572108285,35874.770481952546,0.0012410815106704831,0.02672349475324154,0.003969796467572451,30470.010507169594,18604.05477056983
0.12001872115458234,-0.05188616486766019,0.08861804954576555,0.15579676639431383,0.16019394391910186,0.17157422246427423,-0.005037922217826729,0.0,-45.863753604557076,-18.151935254206336,-32.007844429381706,27.71181835035074,-31.29072666168213,-31.4310622215271,-31.360894441604614,-0.1403355598449707,0.0018098584841936827,-0.0011523705907166004,0.01904911734163761,0.019375819712877274,0.001542433863505721,-0.0014397806953638792,0.018564362078905106,0.019240202382206917,-530.6424848693043,35834.09174798108,0.0011185557814314961,-479.14358851772045,35848.65592395088,0.001112998346798122,0.02638271078467369,0.004195004235953093,31262.319579955605,17248.043854268024
0.9782367207007726,1.0,0.7660842316889822,0.4369790881460775,0.10512181518020475,-0.22290549367862061,-0.46281675152568763,-1.0,-42.50028273461041,-9.995236461096056,-26.247759597853232,32.50504627351435,-31.309163570404053,-31.304707527160645,-31.30693554878235,0.004456043243408203,0.0016810789238661528,-0.00133105693385005,0.018903417512774467,0.019437354058027267,-0.0021339247468858957,0.00031643989495933056,0.019462818279862404,0.01889582723379135,-464.44718703487786,35840.78799645909,0.0011893254704773426,-472.3774126278088,35866.10788714724,0.0012287560384720564,0.025898288935422897,0.003902693744748831,31255.2528439507,17241.155330699134
0.8481049580360482,0.53349743444864,0.11907491145901268,-0.014953994322293395,0.9789134909536494,0.6668140631982737,0.37203691226141006,0.0,-38.12032257633858,-14.612836925027352,-26.366579750682966,23.507485651311228,-31.85823678970337,-31.66463851928711,-31.76143765449524,0.19359827041625977,-0.0006347484304569662,-0.0016766772605478764,0.017865775153040886,0.018151937052607536,-0.002073497511446476,-0.00010216303053312004,0.018835224211215973,0.01795925386250019,-430.66032317952516,35760.33553901503,0.0011937938397750258,-444.8523582699594,35868.51335807148,0.0012465178733691573,0.025842949748039246,0.0026926854625344276,30727.38914793035,19108.99805327973
-0.0008223504918869704,0.033372452498393934,0.16956511125458307,0.4824596151640191,0.2508765780925033,0.028761476437959788,0.11881606070117523,0.0,-41.64364118687638,-18.67126799266046,-30.15745458976842,22.97237319421592,-30.759153366088867,-30.805535316467285,-30.782344341278076,-0.04638195037841797,-0.0015209547709673643,0.0017211148515343666,0.019963691011071205,0.020875807851552963,0.0014813289744779468,0.001736277132295072,0.020637335255742073,0.019989894703030586,-422.7175141576627,35848.17308570571,0.001198232057504356,-504.0647921562965,35849.54429798342,0.0010919689666479826,0.028014644980430603,0.0036481202114373446,31243.45330571499,17302.312962218126
0.12199734047489835,0.23086441292037183,0.33664823407431704,-0.024366196414263103,-0.24332041437973334,-0.6185059863729773,0.32533797512109863,-0.36272868704884953,-38.05165284510076,-13.218622080619298,-25.63513746286003,24.833030764481464,-30.684645175933838,-30.721795558929443,-30.70322036743164,-0.03715038299560547,-0.002279446227476001,-0.00047021592035889626,0.02116805873811245,0.020016219466924667,0.0008560291025787592,-0.0021496382541954517,0.01989654451608658,0.021110448986291885,-394.83212736903243,35825.481864625304,0.001165683032013476,-519.3911546020989,35859.45929133297,0.0012142860796302557,0.028770403936505318,0.004846434574574232,30461.18999526541,18783.691244370384
0.10710636871825537,-0.05446671515284359,0.10914561235357206,0.24241093287477355,0.18426121549983043,0.1322211029623943,0.0125928039218699,0.0,-41.75758622579323,-16.86207505442235,-29.30983064010779,24.895511171370885,-29.83701467514038,-29.657177925109863,-29.747096300125122,0.17983675003051758,-0.001423244597390294,-0.0021048160269856453,0.022950977087020874,0.022473061457276344,-0.0005808613495901227,-0.002533867722377181,0.02293129824101925,0.023442156612873077,-415.00267548751447,35822.15287748286,0.0010907963151112199,-331.1147516982342,35834.31349877993,0.0010808557271957397,0.032801516354084015,0.003935165237635374,30479.82653839378,18330.1337785709
0.9092790309788489,0.989381451760281,0.8879558125654186,0.40387203544846906,0.15554393569302505,-0.06434511858543823,-0.40015380682734986,-1.0,-39.11771534596622,-8.541517510378469,-23.829616428172343,30.57619783558775,-30.458557605743408,-30.554563999176025,-30.506560802459717,-0.09600639343261719,0.0023070774041116238,-0.0005447214934974909,0.021363725885748863,0.020922916010022163,0.0008304626098833978,0.0022048933897167444,0.020839717239141464,0.020982813090085983,-443.67040564062575,35841.42451644548,0.0011729220859706402,-367.3560970835433,35849.88922231644,0.0011936223600059748,0.028751026839017868,0.005694464780390263,30911.73214306364,18487.892797143686
-0.5544098040501331,-0.6188977434144749,-0.7309496929923083,-0.9873807292686364,-0.29467810948446327,-0.23092395440183333,-0.3575917506556954,1.0,-36.18406867206006,-13.97419544626905,-25.079132059164554,22.209873225791007,-30.216851234436035,-29.73698616027832,-29.976918697357178,0.47986507415771484,-0.0019775736145675182,0.0008582299342378974,0.0218883715569973,0.021622812375426292,0.0014227860374376178,0.0021703080274164677,0.023195521906018257,0.022752270102500916,-216.41786904700894,35771.80414248639,0.001159793813712895,-245.50782541602072,35859.94122543879,0.0011889757588505745,0.029923267662525177,0.0059517002664506435,30763.414756302205,17789.043385461857
-0.03080747116630872,0.03784508356275776,0.2542368359942806,0.5199809514238705,0.3529949889033858,-0.048848080603677846,0.06381864600660858,0.0,-41.1709237633535,-18.63261418449656,-29.90176897392503,22.53830957885694,-29.416944980621338,-29.903037548065186,-29.65999126434326,-0.48609256744384766,-0.002624333370476961,-0.0005919003742747009,0.024498360231518745,0.023157617077231407,0.0021787944715470076,-0.0013152698520570993,0.0223690252751112,0.022709621116518974,-318.69732439875173,35829.20290373853,0.001169929513707757,-462.980653013796,35802.971561654864,0.0010710387723520398,0.03326759114861488,0.005743600893765688,30463.59015457795,18858.14649174629
0.7086803196379216,0.6063298704143486,0.4221922488415586,0.0632333464762119,-0.04395081392579714,-0.5246958828116057,-0.33116990113098266,-0.7739002891361781,-38.113978467751735,-13.969307801618811,-26.041643134685273,24.144670666132924,-30.899746417999268,-30.93616247177124,-30.917954444885254,-0.036416053771972656,-0.0018024767050519586,0.0013865253422409296,0.019815631210803986,0.02037271298468113,-0.0007687739562243223,0.00211686035618186,0.019413957372307777,0.02059408463537693,-328.51641346835413,35815.53224370078,0.0010869846446439624,-469.16170971908923,35869.57357280495,0.0012120750034227967,0.027365878224372864,0.004603094886988401,31271.576811943283,17782.497091538182
0.025412370411857114,-0.03690361716995491,0.059873674019430556,0.16404695315683265,0.21155922560791235,0.2049644471122663,0.09301940636277306,0.0,-43.557152758405635,-20.055519043390404,-31.80633590089802,23.50163371501523,-31.13347291946411,-30.855395793914795,-30.994434356689453,0.2780771255493164,-0.0021429909393191338,0.000426954822614789,0.019797319546341896,0.019328182563185692,0.0013792529935017228,-0.001774749020114541,0.019713077694177628,0.020677627995610237,-473.89007138142796,35832.766520020225,0.0011101908748969436,-401.844184175284,35834.29282169987,0.0011060842080041766,0.026839612051844597,0.005366914439946413,30909.413914397413,18533.5767844875
0.8669425999643906,0.9834922279149142,0.8453530302778024,0.32935307361810046,0.13288802595427768,-0.017892074041679362,-0.38142345065443495,-1.0,-43.04069126708154,-11.36977048161097,-27.205230874346256,31.67092078547057,-28.69586944580078,-29.13849115371704,-28.91718029975891,-0.44262170791625977,-0.0013286698376759887,-0.002576508792117238,0.025993483141064644,0.0258104857057333,-0.0025177830830216408,0.0011677113361656666,0.024585209786891937,0.02464301325380802,-156.19912479589837,35844.317648170894,0.0011474151397123933,-203.65890072512366,35828.42784316904,0.0011431825114414096,0.03712320327758789,0.004292719531804323,30481.201594713784,18413.386771853922
0.12231327074510631,-0.02578927238057769,0.18778813108764064,0.07569242359128896,0.3931873331973378,0.44259397675451967,0.5600586157721401,0.0,-34.21116346319736,-12.680396933020575,-23.445780198108967,21.530766530176784,-32.04843997955322,-32.17308521270752,-32.11076259613037,-0.12464523315429688,0.0011567727196961641,0.0012935663107782602,0.017747679725289345,0.01749192550778389,0.0019590670708566904,-6.845668394817039e-06,0.017725782468914986,0.016978338360786438,-400.3049089477102,35799.548501520076,0.0013197228545323014,-231.65918866578974,35844.57545212189,0.0011583092855289578,0.025559665635228157,0.0030057064723223448,30482.66184096631,19029.655175560078
-0.018708153231121072,0.3582959153261255,0.32321625666875886,0.5217692746642048,0.31660851961922065,-0.0024820478989791006,0.22863922861742103,-0.11565334322368503,-40.69239270554522,-13.982345169192854,-27.337368937369035,26.710047536352363,-31.64433479309082,-31.453635692596436,-31.548985242843628,0.19069910049438477,0.0007091259467415512,0.0019440720789134502,0.018377449363470078,0.01851462759077549,-0.002117712050676346,0.00019194472406525165,0.019192520529031754,0.018511341884732246,-405.97145915143807,35893.67457039163,0.0012586787343025208,-367.7335576040833,35816.399522197666,0.001097903004847467,0.02657143399119377,0.002916540252044797,30727.566998682025,18965.34936502397
0.27377253941503266,0.22293528682372316,0.0,0.0593541867041914,0.49166225153311877,0.06466406890444013,0.056206504542096414,0.0,-36.03335437332487,-13.949783773675193,-24.99156907350003,22.083570599649676,-31.12593173980713,-30.874080657958984,-31.000006198883057,0.25185108184814453,0.0014849994331598282,-0.001630065031349659,0.01914934255182743,0.02000165916979313,0.0007360998424701393,-0.0021444675512611866,0.019553113728761673,0.020742014050483704,-331.63758724190353,35857.16151311729,0.001101802452467382,-482.8242623549402,35860.73802547487,0.0012099533341825008,0.026522375643253326,0.0039663054049015045,31252.6391137969,17242.93385368093
0.0014729036719863958,-0.024713975443720886,0.028381438400869707,0.18126632972596826,0.20541122979387333,0.1709037213605164,0.1379883471891732,0.0,-43.039996984637924,-20.998620663908696,-32.01930882427331,22.041376320729228,-30.195791721343994,-29.695682525634766,-29.94573712348938,0.5001091957092285,0.0022801593877375126,-0.0009174113511107862,0.021835915744304657,0.021750180050730705,-0.00018640278722159564,0.002586047863587737,0.02252102829515934,0.023636117577552795,-361.6192339899173,35811.36986964288,0.0011041938560083508,-301.5419339379034,35804.60947373967,0.0010736945550888777,0.029586447402834892,0.005572727415710688,31073.72649682007,17605.43020403897
0.7411097256739279,0.851959447583897,0.8801292383806871,0.31311584748970717,0.05656692507016148,-0.04567912843913002,-0.37720066766739496,-1.0,-41.916789447492306,-10.487042789050065,-26.201916118271185,31.42974665844224,-30.692932605743408,-30.758726596832275,-30.725829601287842,-0.06579399108886719,-0.0004827782977372408,0.002264014445245266,0.020008400082588196,0.021138334646821022,0.0019837969448417425,-0.0011691083200275898,0.020281586796045303,0.020568447187542915,-386.9389419769866,35848.24874099917,0.0011773684527724981,-381.0093183136814,35859.68714581996,0.0011950434418395162,0.028970573097467422,0.0028853134717792273,31226.258063961788,18114.261084186473
0.10885469749046862,-0.007250198756091002,-0.04736913381976342,-0.09707462510587203,0.07629133937755794,0.04790184482540205,-0.14398118260186699,0.0,-41.51402838349878,-15.987477604826154,-28.750752994162468,25.52655077867263,-30.348076820373535,-29.98621940612793,-30.167148113250732,0.36185741424560547,0.0008803965174593031,-0.0022238821256905794,0.02078482136130333,0.022028397768735886,0.001171271549537778,-0.002237651962786913,0.021670198068022728,0.022960873320698738,-550.9892969458887,35837.50494787399,0.0010797216091305017,-380.755801509973,35823.755787969414,0.001109899370931089,0.030068574473261833,0.0026939325034618378,31227.798702084983,17636.006504820543
-0.09077404647956828,0.43483261458403477,0.5362024094293113,0.7019968978633739,0.35481517660283973,-0.4118147434967377,0.14253213889773986,0.0,-38.904950928104256,-12.477095026275776,-25.691022977190016,26.42785590182848,-29.844355583190918,-29.798648357391357,-29.821501970291138,0.04570722579956055,0.002322377869859338,-0.001080705551430583,0.022663135081529617,0.02272244356572628,0.0024354085326194763,-0.0008608654025010765,0.022908207029104233,0.022715549916028976,-272.06373790625133,35876.12782735395,0.0011859372025355697,-321.71788712351486,35788.89008977982,0.0010600255336612463,0.030667435377836227,0.005793014541268349,31075.562349655946,17623.017852310924
0.3618676132415305,0.2678483709731084,0.0,0.03612779406397651,0.38082338664546106,0.10388009545190013,0.02321264192543926,0.0,-37.856930684021904,-15.436536171543281,-26.646733427782593,22.420394512478623,-31.011934280395508,-31.132729053497314,-31.07233166694641,-0.12079477310180664,-0.0006963060004636645,-0.002117434050887823,0.019728966057300568,0.01994863525032997,0.001785937463864684,0.0013118915958330035,0.020056644454598427,0.019058849662542343,-402.1328052602428,35846.098083021236,0.0010824057972058654,-547.4455808528642,35859.087887600224,0.0012203882215544581,0.028529036790132523,0.0030096909031271935,30729.860290649725,18462.63861916435
0.0,-0.003434527473302324,0.1621796817402853,0.2580333562242586,0.14055646528610888,0.18056923815893722,0.22351324056219535,0.0,-42.037441612548065,-19.7559574273277,-30.896699519937883,22.281484185220364,-31.08628749847412,-31.449577808380127,-31.267932653427124,-0.36329030990600586,-0.0010759918950498104,-0.0019249534234404564,0.019784681499004364,0.01955517753958702,0.0014057531952857971,-0.0015781461261212826,0.018448375165462494,0.019271844998002052,-517.7764177975854,35853.80534354699,0.0011808158596977592,-491.7555955656399,35831.12288404268,0.0011092288186773658,0.028615958988666534,0.0033640533220022917,30481.151935970804,18384.30338599877
0.7556740168638114,0.8536259208311553,0.8784992013315066,0.3230083670278521,0.043840446423541235,-0.08836800483755158,-0.3932426258804042,-1.0,-41.91642643971426,-8.315354920073673,-25.115890679893965,33.601071519640584,-31.787524223327637,-31.84276580810547,-31.815145015716553,-0.05524158477783203,-0.0017082662088796496,0.001116845291107893,0.017977077513933182,0.01830991916358471,-2.3819720809115097e-05,-0.00203363667242229,0.017649535089731216,0.018400467932224274,-425.81120729794304,35844.1742657218,0.0012212038272991776,-475.993101466292,35851.450469250645,0.0012222271179780364,0.024439441040158272,0.004130025859922171,31263.71359068534,17309.990672087573
0.16435433222277215,-0.041689338649185566,-0.10421314849472774,-0.03567633518041036,0.10766180007820586,-0.06864236806159707,-0.2585339742473738,0.0,-40.61085785949348,-14.074411372250154,-27.342634615871816,26.536446487243325,-31.48345947265625,-31.25056743621826,-31.367013454437256,0.23289203643798828,-0.0016296212561428547,0.0013286410830914974,0.018514184281229973,0.019064396619796753,0.0006882355082780123,-0.002066027605906129,0.018720630556344986,0.019864346832036972,-536.2586931154268,35853.191607456625,0.0011137282708659768,-379.0307718639234,35845.86626973435,0.0011362821096554399,0.025791585445404053,0.0039080483838915825,31258.24110417016,17227.268459124607
-0.240547923799289,0.0847421678205045,0.16582152743790654,0.5444119432216149,0.47129276567218287,0.059246890064493685,0.2262323977617119,-0.008397656787786145,-37.191720755088966,-13.384387107827763,-25.288053931458364,23.807333647261203,-30.46509027481079,-30.48682928085327,-30.47595977783203,-0.02173900604248047,-0.0019370194058865309,0.001391925266943872,0.020874720066785812,0.021377569064497948,-0.00122892449144274,-0.0020387438125908375,0.021234886720776558,0.02091340534389019,-444.4907965353608,35869.62865732266,0.0012064060429111123,-448.48054177022505,35836.31201874032,0.0011668410152196884,0.028726276010274887,0.005102627445012331,31028.989526002966,19585.05967916259
0.45316120792360626,0.3407080797561656,-0.006509746578312576,0.00918727981337819,0.3950754959943165,0.021272939612160757,-0.0011748256020392978,0.0,-40.055104644355055,-14.99449221612241,-27.524798430238732,25.060612428232645,-30.873312950134277,-30.944740772247314,-30.909026861190796,-0.07142782211303711,-0.002232629107311368,0.000358246557880193,0.020443536341190338,0.019869312644004822,0.001381490845233202,-0.0017752745188772678,0.01949501968920231,0.020478861406445503,-365.77832427263303,35831.368193029695,0.001075406325981021,-558.2174047207756,35861.6407676989,0.0012092911638319492,0.027421366423368454,0.005370714236050844,30938.597776240207,18831.989566534317
0.0,-0.04462670837518101,0.21226118130788352,0.30084242380917947,0.1612578448053223,0.1627574308708678,0.14012799124280395,0.0,-42.89503024584593,-20.769351876802716,-31.832191061324323,22.125678369043214,-31.274924278259277,-31.2492036819458,-31.26206398010254,0.025720596313476562,-0.0009531788527965546,-0.0019482988864183426,0.019293980672955513,0.019200025126338005,-0.0013817012077197433,0.0016576980706304312,0.018862619996070862,0.01973768323659897,-557.1136956216253,35851.00469028195,0.0012142733903601766,-485.10662277951593,35822.29659832445,0.0011148847406730056,0.027800776064395905,0.0032213591039180756,30481.80393127309,18469.267790092617
0.006093190686320738,0.023267287900736244,-0.010454379709168429,-0.2320123278835301,-0.40234875603965353,0.40752329571079826,0.21163093570207703,-0.019987209785820914,-44.72569620181031,-7.974566722062377,-26.350131461936343,36.75112947974793,-31.182072162628174,-31.259171962738037,-31.220622062683105,-0.07709980010986328,-0.0020856386981904507,0.0006071431562304497,0.019596198573708534,0.019312843680381775,-0.0014782582875341177,-0.0015870621427893639,0.019632359966635704,0.018925612792372704,-506.1308769543529,35851.353896759196,0.0012002357980236411,-438.33685312398194,35858.5823450447,0.001221023965626955,0.02637609839439392,0.004927495028823614,31081.613004055875,17639.05665444819
0.08436236373537614,-0.0692776281574945,-0.1840945254938925,-0.08752909682106419,0.26222815207646655,-0.047254258333554955,-0.32981639074933244,0.0,-39.32247031136694,-17.00198502380877,-28.162227667587857,22.32048528755817,-31.035385131835938,-31.10172986984253,-31.068557500839233,-0.0663447380065918,-0.002161664655432105,0.0005387869314290583,0.019975578412413597,0.019593261182308197,0.002186558907851577,-0.0002995296090375632,0.01993485540151596,0.019330518320202827,-410.0603015036522,35843.45823962508,0.0010946164838969707,-454.3933382018114,35837.87998622753,0.0011199245927855372,0.027219532057642937,0.0053908079862594604,30923.254239292713,18580.38109070223
-0.3183183280905855,0.22206430872013433,0.33415579046891786,0.30647473901650896,-0.01753489843227235,0.3727477332359539,0.2485976536835205,-0.6003834882491418,-38.53627227805532,-14.072358877955736,-26.30431557800553,24.463913400099585,-31.117217540740967,-31.035828590393066,-31.076523065567017,0.08138895034790039,0.00045724204392172396,0.002167954109609127,0.019363250583410263,0.01983257569372654,0.0021728246938437223,0.00046979106264188886,0.020329952239990234,0.019223768264055252,-383.23731777992253,35845.35297047354,0.0012202042853459716,-528.5075023468933,35865.92062688277,0.0011866778368130326,0.027857661247253418,0.002784549258649349,30731.013432238295,19351.428073989995
0.10903835180994469,0.10773283597624633,-0.051403410033703426,-0.09722031731192926,0.17237119464834122,-0.031370902890276886,0.19895521964022755,0.0,-40.27284111853102,-14.108659170081182,-27.1907501443061,26.164181948449837,-31.194820404052734,-31.247947216033936,-31.221383810043335,-0.05312681198120117,-0.001517607131972909,0.0015433705411851406,0.01903817057609558,0.01980772241950035,0.0009015785180963576,0.0019864889327436686,0.01931932009756565,0.019293878227472305,-595.9844876112235,35781.48026541466,0.001096584484912455,-492.10942674969374,35844.32420756535,0.0011395429028198123,0.026653382927179337,0.003466014051809907,31243.463280645992,17307.46962744066
0.0,-0.11161635818788772,0.3402471196319337,0.32626433738914346,0.06212391780412835,0.17437016200472966,0.07379647290008551,0.0,-41.92412740412152,-17.355536464428383,-29.63983193427495,24.568590939693138,-31.12401247024536,-31.19126319885254,-31.15763783454895,-0.06725072860717773,0.002157517708837986,0.00044453240116126835,0.020116398110985756,0.019037993624806404,0.000861473148688674,-0.002004170324653387,0.018855437636375427,0.019995464012026787,-558.851675427178,35853.43749821725,0.0012120751198381186,-457.2435570460754,35844.65685355575,0.001111190184019506,0.027511682361364365,0.0049631777219474316,30461.458297201825,19457.709864402703
0.9271145340049567,0.9310222335784984,0.45116532056768177,0.14758986575104638,0.03418705100560471,-0.2073006456308243,-0.7006054269833033,-1.0,-47.6727597099744,-12.039607557607013,-29.856183633790707,35.63315215236739,-31.42012357711792,-31.56240224838257,-31.491262912750244,-0.14227867126464844,0.0020336501765996218,0.000572924327570945,0.019444847479462624,0.018398938700556755,0.002093567978590727,1.1453234037617221e-05,0.019019337370991707,0.01821340061724186,-460.41189244914585,35838.91121821587,0.0011067058658227324,-476.58220019770414,35882.492561074534,0.0012122913030907512,0.025988537818193436,0.0048211184330284595,30699.32506833051,18566.36649329088
-0.3366746263580017,-0.4159013436856426,-0.5509489035780141,-0.29494053538311243,0.037018322170422904,-0.29464922134362315,-0.9131693859167661,0.05641665152605324,-34.43476570737289,-14.478729808749351,-24.45674775806112,19.95603589862354,-31.91887378692627,-31.852118968963623,-31.885496377944946,0.06675481796264648,0.0001704073220025748,-0.002009099815040827,0.01741938665509224,0.018312670290470123,-0.0009123478084802628,-0.0015321951359510422,0.018004106357693672,0.018041172996163368,-534.6189596165541,35842.97153387958,0.0011416191700845957,-387.71939313714597,35749.669726468135,0.0012385264271870255,0.025278408080339432,0.0020347200334072113,31226.908381043573,17846.646435121675
-0.17536512557316875,0.09895168758557378,0.23270217309085814,0.19579439251746505,0.07458033050169938,0.5189006504090428,0.4037764862533162,-0.2108049244111061,-38.748050491290854,-14.75980974363199,-26.753930117461422,23.988240747658864,-31.636512279510498,-31.61496877670288,-31.62574052810669,0.021543502807617188,0.0019236606312915683,0.0007892919238656759,0.018992826342582703,0.01791614666581154,-0.00047505306429229677,0.0020308876410126686,0.017974259331822395,0.019026989117264748,-539.7370173212237,35868.30357835662,0.0012435788521543145,-567.4369405370227,35846.72429178985,0.0012693558819592,0.026107482612133026,0.003980213310569525,30469.75122941957,18620.894280320175
0.18215339929551494,-0.0035451344887474224,0.1484820321385649,0.4764244136087945,0.28787677941681605,0.5022738408310532,0.7608252813256575,0.0,-37.210346813767444,-15.953360937189757,-26.5818538754786,21.256985876577687,-31.3748836517334,-31.408982276916504,-31.39193296432495,-0.03409862518310547,-0.000732298125512898,0.0017412995221093297,0.018629424273967743,0.01944258064031601,-0.0006237098132260144,-0.0020484807901084423,0.01881743036210537,0.01908554695546627,-590.1199408629982,35810.82205678926,0.001276848604902625,-586.8575457479665,35830.61503952052,0.00113239127676934,0.026327278465032578,0.002938230987638235,31233.019693623843,17364.32219574079
0.9425077362880128,0.9255966821234531,0.9540236805696184,0.6717797884904597,0.349197781906852,-0.13483966579971957,-0.6336318443429325,-1.0,-41.01382775090639,-12.337784086713327,-26.675805918809857,28.67604366419306,-31.41160011291504,-31.31303310394287,-31.362316608428955,0.09856700897216797,0.0021345769055187702,-9.477946150582284e-06,0.019347159191966057,0.018537377938628197,0.002086249180138111,-0.0005554606323130429,0.019331490620970726,0.018992671743035316,-530.8166420726315,35854.077136680484,0.001220058067701757,-440.2232398289273,35842.12042023734,0.001168406568467617,0.026050034910440445,0.004993276670575142,30695.389607717738,18659.44490159171
1.0,0.7431098246030939,0.19057641569981465,0.3469648736824623,0.8612802155943885,0.7220308829469708,-0.08340344740635713,-0.14449606376042146,-38.09441148421892,-13.106712157283027,-25.600561820750972,24.98769932693589,-31.36928081512451,-31.390273571014404,-31.379777193069458,-0.020992755889892578,0.0011904733255505562,-0.001488826354034245,0.018771091476082802,0.019328488036990166,-0.001193145988509059,-0.0017871255986392498,0.019189881160855293,0.01879338175058365,-464.35561827583996,35715.73777465799,0.001143722445704043,-456.83067671827695,35846.36787538311,0.0012303499970585108,0.025991369038820267,0.004021011758595705,31241.078163020687,17231.177350168506
0.0,-0.0029994066058020574,0.08865444374452087,0.41650567028313623,0.1273088155527275,-0.03127356052752661,0.34630479241616385,0.0,-41.22085636041868,-17.470257784344142,-29.34555707238141,23.750598576074538,-31.238667964935303,-31.347322463989258,-31.29299521446228,-0.10865449905395508,-0.0004653902433346957,0.002130369422957301,0.01878015138208866,0.019859611988067627,-0.0006153937429189682,0.002059485064819455,0.018525483086705208,0.019633207470178604,-400.261397289843,35845.025847953744,0.0011901898542419076,-530.6650648585975,35838.93174492489,0.001116179977543652,0.027426328510046005,0.0023068443406373262,31226.731080679005,17899.133331574572
0.8300548162656254,0.770694668677265,0.8721443853608599,0.40364904063029905,0.06540219606939579,-0.1534646087719831,-0.5309648187278332,-1.0,-42.11860695147925,-9.693854691550598,-25.906230821514924,32.42475225992865,-31.814517974853516,-31.899116039276123,-31.85681700706482,-0.08459806442260742,0.0004100526566617191,-0.00199211691506207,0.01758573390543461,0.018576698377728462,-0.0015552380355075002,0.001287414226680994,0.017632870003581047,0.01818767562508583,-459.7353044631197,35856.01140436651,0.001244456390850246,-616.7223285977468,35902.199735716626,0.0012284053955227137,0.025341367349028587,0.002565519418567419,31225.742982209787,18121.336989947227
0.9800805235381095,0.9411576168904693,0.6995786368721955,0.6411443117459819,0.6292046973557531,0.43298601820593097,0.16165756731878622,-1.0,-42.347987528760655,-14.438802483624917,-28.393395006192787,27.909185045135736,-31.78241729736328,-31.613051891326904,-31.697734594345093,0.16936540603637695,-0.0018426112364977598,-0.0008535893866792321,0.018665270879864693,0.017631154507398605,-0.0018192488932982087,-0.00016655678336974233,0.018916647881269455,0.018126724287867546,-630.975988621402,35836.37299613283,0.0010985847329720855,-338.8947042795418,35739.795819122795,0.0012149378890171647,0.025808680802583694,0.00403196644037962,30468.13337036921,18640.954769339514
0.3409710661809764,0.8460769823222858,0.6030321024712351,0.19456716105609623,0.19811743786822805,-0.04323732707078343,-0.22441852559272873,-1.0,-38.23535099972213,-11.12804536046832,-24.681698180095225,27.10730563925381,-30.948913097381592,-30.933845043182373,-30.941379070281982,0.01506805419921875,-0.0017249517841264606,0.0014424475375562906,0.019665710628032684,0.02029607817530632,0.0019382957834750414,0.0011789763811975718,0.020567214116454124,0.0194515623152256,-515.9461814443923,35869.521834908606,0.0012219446944072843,-486.5796948448022,35830.43928193816,0.0011770339915528893,0.02722395397722721,0.004480835981667042,31261.113231385614,17225.21216870357
0.04644267844166207,0.04137069543140829,-0.03384133742341525,0.13887316730978685,0.44483675966444225,0.22190413251929098,0.582047848226054,0.0,-41.238028652213245,-16.515421449934593,-28.87672505107392,24.722607202278652,-30.85228204727173,-30.82803726196289,-30.84015965461731,0.02424478530883789,-0.0012613877188414335,-0.0015853065997362137,0.020345009863376617,0.02009444497525692,0.002274481812492013,-0.00014038567314855754,0.02064785361289978,0.019871706143021584,-393.0707595152226,35758.46290016086,0.0012012574588879943,-547.5078937196266,35823.17337830105,0.0011148592457175255,0.02917471155524254,0.0034040494356304407,30484.549530472254,18699.832840923635
0.0,-0.1029385151824469,0.29858786528244485,0.4670542619428272,0.21920718196015881,0.1513118393112377,0.1298706905885263,0.0,-41.02754173073589,-20.090662178644322,-30.559101954690107,20.93687955209157,-31.13529682159424,-31.14278554916382,-31.13904118537903,-0.007488727569580078,-0.00011619054566835985,0.002200834220275283,0.019093556329607964,0.020013563334941864,-0.0021679680794477463,-0.00029988764435984194,0.020043162629008293,0.019029418006539345,-565.913017933846,35843.23655587335,0.0012162313796579838,-467.3320244733739,35835.584422561216,0.001113544451072812,0.027826938778162003,0.0026012167800217867,30979.082554548077,18689.313842423046
0.9573687986029995,0.9312663841986349,0.5348513034813066,0.20542821691740343,0.0803116101802469,-0.18506366324934637,-0.6206609810024823,-1.0,-47.398456679006244,-8.450411828075858,-27.92443425354105,38.94804485093039,-31.57292366027832,-31.75391435623169,-31.663419008255005,-0.18099069595336914,0.0016327837947756052,0.0012702674139291048,0.019026555120944977,0.018162280321121216,-0.0009029894135892391,0.0018432073993608356,0.017675451934337616,0.018737858161330223,-563.3659725746273,35833.972087130525,0.0011214872356504202,-485.50813522775894,35873.73032043348,0.0012432329822331667,0.026446202769875526,0.003900644602254033,30471.0068790909,18555.584201276757
-0.0008581296952182262,-0.015588720807978212,-0.19753075332476344,-0.11718937515787727,0.036763354607358766,-0.2607010732278496,-0.8812288584991158,0.0,-37.29730221172596,-14.553082279306338,-25.92519224551615,22.744219932419625,-30.818469524383545,-31.064932346343994,-30.94170093536377,-0.24646282196044922,0.001988573931157589,-0.0011344668455421925,0.020162614062428474,0.020407386124134064,0.00040654183248989284,0.0019117506453767419,0.01945739984512329,0.020003244280815125,-454.5455383307235,35804.27465336043,0.0011045438004657626,-443.6298234886208,35739.67177849526,0.0012054096441715956,0.02774512767791748,0.00524586858227849,31052.367175320946,17582.268000283377
-0.04173650513427002,0.4360517766456665,0.574842431774643,-0.024490733144383547,-0.24517608475590424,0.47647830303524485,0.2960136218083034,-0.846317594111418,-39.36052381620283,-14.2567178302981,-26.808620823250465,25.103805985904728,-31.2778902053833,-31.643681526184082,-31.46078586578369,-0.36579132080078125,0.0007722382433712482,-0.002031451789662242,0.018673626706004143,0.019790565595030785,0.001495226752012968,-0.0014589378843083978,0.01808124966919422,0.01880456693470478,-370.6833167518513,35869.86765636506,0.0012253457680344582,-564.7164637525361,35828.17931265703,0.0012173488503322005,0.026575179770588875,0.002656589960679412,31230.688883618237,17591.25709889493
0.22381577882147802,-0.022524626933149806,0.014752865523516512,0.13529976582990888,-0.22542910847469216,-0.05176820411054606,-0.09186333657780243,0.0,-45.68355854124411,-13.22820899733756,-29.455883769290836,32.45534954390655,-31.34908437728882,-30.865092277526855,-31.107088327407837,0.4839920997619629,0.001796067925170064,0.00113391550257802,0.019575433805584908,0.018581436946988106,0.0017638227436691523,0.0014258038718253374,0.020656118169426918,0.019686829298734665,-482.51501401035904,35820.888739172595,0.001116088475100696,-478.4482055737955,35844.62313089444,0.0011200659209862351,0.02719639614224434,0.004106353968381882,30469.275296025808,18600.66398637188
0.908547381382104,0.9193611713822828,0.785952998221036,0.5843859049590073,0.4498269617667345,-0.3339993678717071,-0.7918237464052643,-1.0,-38.693888082055764,-7.147158427612624,-22.920523254834194,31.54672965444314,-32.06210136413574,-32.05967664718628,-32.06088900566101,0.0024247169494628906,0.0014496131334453821,0.001349637983366847,0.017952047288417816,0.017198847606778145,0.0003456301928963512,-0.0019574628677219152,0.017102740705013275,0.018052473664283752,-637.4813668131527,35863.61819781116,0.0012619878398254514,-493.77412029857044,35843.427835731636,0.0011099267285317183,0.025451287627220154,0.0032399343326687813,30476.807844747444,18384.601526775114
0.8221144190339384,0.6100622627402019,-0.06697688175245742,-0.006957827097162306,0.5934789894526074,0.23220110814845624,-0.5365740926697282,0.0,-38.333265256409675,-15.03178449467228,-26.682524875540977,23.301480761737395,-30.335514545440674,-30.416240692138672,-30.375877618789673,-0.08072614669799805,-0.0001265918544959277,0.0024104006588459015,0.020930340513586998,0.021948765963315964,0.0023867073468863964,0.0002023392589762807,0.021765410900115967,0.020715603604912758,-383.87273860824445,35822.06463686005,0.0010775829432532191,-484.38455840947114,35843.70711723034,0.001180925639346242,0.030134672299027443,0.0027766225393861532,31224.808866921863,18773.525976246056
0.0,-0.0006220553360427213,0.1732891536431376,0.2577757338796168,0.11768897675333356,0.12937079419244601,0.18060389032257318,0.0,-43.31369311288819,-17.72334813906906,-30.518520625978624,25.59034497381913,-29.19665813446045,-28.963820934295654,-29.08023953437805,0.23283720016479492,0.00252497848123312,-0.001083154696971178,0.024462154135107994,0.02443857677280903,0.0016540230717509985,0.002289209980517626,0.025419075042009354,0.024806270375847816,-292.4245007786682,35855.521367679954,0.00116381561383605,-262.2650191236201,35812.06432263529,0.0010644870344549417,0.03321707993745804,0.0061532012186944485,31057.87925181934,17581.580658414103
0.8944902131408908,0.9433878038999888,0.8493619345215474,0.38386261454001025,0.0864317647455064,-0.10075654316668387,-0.4207915828237527,-1.0,-41.80648717842186,-7.20927049766226,-24.50787883804206,34.5972166807596,-30.00375509262085,-30.600895881652832,-30.30232548713684,-0.5971407890319824,0.00031067931558936834,-0.0024894741363823414,0.021700512617826462,0.02284577302634716,0.002235124818980694,0.0007009750697761774,0.021388022229075432,0.02019527554512024,-450.7672002920792,35829.92154500849,0.001155899721197784,-446.28751351060714,35849.23111981934,0.0011807415867224336,0.031584519892930984,0.0031071235425770283,30979.652556969406,19177.448968275454
0.1515517323275954,-0.003994269453831157,0.1902943593851185,0.29981872708993595,0.5019268842932307,0.3399881969479064,0.5540281028623544,0.0,-36.530154608535035,-14.285075020683905,-25.40761481460947,22.24507958785113,-29.48781967163086,-29.28931474685669,-29.388567209243774,0.19850492477416992,0.0009125767392106354,0.002169329673051834,0.023505007848143578,0.023814812302589417,-0.0024661030620336533,-0.0011622444726526737,0.024886922910809517,0.023473402485251427,-245.68699668463248,35762.27789878522,0.0012093862751498818,-244.64839853682054,35850.866864217256,0.0010953587479889393,0.03408162668347359,0.0033974742982536554,30725.94595958322,19411.02304572742
-0.8521876347319662,-0.8904336888275531,-0.3052020057134265,0.5558987452531801,0.035133021618004634,-0.18005108154693916,0.058798130851197894,0.0,-35.29014969772396,-13.513963837808376,-24.40205676776617,21.776185859915586,-31.00773811340332,-31.212763786315918,-31.11025094985962,-0.20502567291259766,0.00028518750332295895,-0.0022219098173081875,0.019323455169796944,0.020359275862574577,0.0021268504206091166,0.0004900765488855541,0.01992376521229744,0.018831653520464897,-355.50152327171537,35883.02092736924,0.001214782241731882,-448.68505698281075,35847.39868026865,0.0012108557857573032,0.027684016153216362,0.002416835865005851,31227.409168514983,17812.92925443544
0.9490728346481603,0.4993141469694089,-0.14183702443080193,-0.0154837626097582,-0.11877067240443362,0.4675845863354563,-0.062457645311379206,-0.10151646044416973,-45.513187633682094,-14.404639335318222,-29.958913484500158,31.10854829836387,-29.572627544403076,-29.540677070617676,-29.556652307510376,0.03195047378540039,-0.0024211385753005743,-0.0009916394483298063,0.02407059445977211,0.022741416469216347,0.0019424236379563808,-0.0018031185027211905,0.023069707676768303,0.02392326295375824,-261.5970232647218,35833.12969146788,0.0010854395804926753,-342.4259088443432,35856.19088401466,0.0011769348056986928,0.03300431743264198,0.0055371797643601894,30464.547951861936,18741.241074172212
1.0,0.8766156951276938,0.42848743763347996,0.42453367060454117,0.46124725135197586,-0.35731810646760653,-0.8743125151744291,-0.9274190053776263,-42.96683057891465,-12.65286607775144,-27.809848328333047,30.313964501163213,-30.124642848968506,-30.13514757156372,-30.129895210266113,-0.010504722595214844,-0.0022705497685819864,0.0009755490464158356,0.021978391334414482,0.021967042237520218,-0.0014256061986088753,-0.002000876236706972,0.022195378318428993,0.02169538475573063,-409.22504857621215,35847.21172154687,0.0011797238839790225,-472.9192275000113,35823.45436034142,0.001101422356441617,0.029980365186929703,0.005616731476038694,31065.662850089884,17582.047473454055
0.32197984606351915,0.5076842302017495,0.7530418541799329,-0.006610393322075517,-0.36357831479675096,-0.28679207252086614,-0.07782124481234443,-0.1849766778408971,-38.04179906218616,-15.142101407651381,-26.59195023491877,22.899697654534776,-30.242586135864258,-30.234439373016357,-30.238512754440308,0.00814676284790039,-0.0015720874071121216,-0.0018787949811667204,0.022013230249285698,0.021332839503884315,0.0020759336184710264,0.0012992696138098836,0.022287923842668533,0.02108791656792164,-356.6842949187069,35852.77967941362,0.001171674462966621,-455.06858006273956,35845.98980342171,0.0011787930270656943,0.030974145978689194,0.0036405487917363644,30480.24271072733,18363.383802269378
0.0950980775913365,-0.06213612783667584,0.034971905876529485,0.2076167331963723,0.17729669332405912,0.05847197210534738,0.02181876731915655,0.0,-43.476778524631925,-17.49825402559111,-30.487516275111517,25.978524499040816,-30.32770872116089,-30.23566484451294,-30.281686782836914,0.09204387664794922,-0.0022925911471247673,0.00071381323505193,0.02159932814538479,0.02133125811815262,-0.0024304017424583435,-0.0001252449001185596,0.022198237478733063,0.021177764981985092,-351.5856070576168,35832.92123963436,0.0010921312496066093,-323.07527516792567,35826.10396406989,0.001109699485823512,0.029226595535874367,0.005598796531558037,31094.59698427424,17693.132942300374
0.9418017981244318,1.0,0.8294892651676063,0.4183685214694297,0.1328503923740259,-0.17140313727181877,-0.48237530976791854,-1.0,-38.87024097656763,-8.003057666257462,-23.436649321412546,30.867183310310168,-30.497987270355225,-30.58201789855957,-30.540002584457397,-0.0840306282043457,-0.002115502953529358,-0.0010534438770264387,0.021638885140419006,0.020441073924303055,0.0019492101855576038,0.001304621691815555,0.02139383740723133,0.020282497629523277,-429.9585816489742,35832.81447709116,0.0011595849646255374,-390.43389433397437,35850.677803769955,0.0011945076985284686,0.029974544420838356,0.00439546350389719,30470.89659378602,18583.017385029983
-0.42459331169122405,-0.5922387254065611,-0.8760081393815835,-0.9772682319900913,-0.07292410579696518,-0.3435180097441667,-0.5032018544274091,1.0,-38.71587469305597,-14.678344972670857,-26.697109832863415,24.037529720385116,-30.552794933319092,-30.651466846466064,-30.602130889892578,-0.09867191314697266,-0.001999408006668091,-0.0006400029524229467,0.02138502523303032,0.020463522523641586,0.0023197855334728956,-0.0002581184380687773,0.021023795008659363,0.020328672602772713,-305.2224787918403,35715.78757518001,0.0011533356737345457,-353.2793641357258,35861.33600161301,0.0011993685038760304,0.030044948682188988,0.004532496444880962,30269.389508875072,18359.790940366176
-0.0936244716610522,-0.1543293163162046,0.19452443707391096,0.527742480471985,0.10160409541043824,-0.03710554760050866,0.10309995908747294,0.0,-40.125036963015646,-18.032004512775615,-29.07852073789563,22.09303245024003,-30.739994049072266,-30.73155403137207,-30.735774040222168,0.008440017700195312,0.0021279447246342897,0.0008670957759022713,0.021058306097984314,0.019864631816744804,0.001929332735016942,-0.0012690296862274408,0.020291374996304512,0.020685836672782898,-280.64705552588555,35876.771389523274,0.0012079887092113495,-430.50866005375644,35800.616415548444,0.0010921155335381627,0.02870987355709076,0.00450526038184762,30468.004787395505,18641.00798163609
0.9614091179328234,0.8844801367634911,0.5793611763119675,0.19724560872627128,-0.26805855166638665,-0.1529395439657471,-0.5574232122796003,-1.0,-44.9685500383126,-11.629329810438094,-28.298939924375347,33.339220227874506,-30.846033096313477,-30.9411883354187,-30.89361071586609,-0.09515523910522461,-0.002062325831502676,0.0009293693583458662,0.020210769027471542,0.02023368328809738,-0.0022228797897696495,0.00034898892045021057,0.020290356129407883,0.019707784056663513,-499.6928018110104,35809.81736121697,0.001113705337047577,-434.04161013645484,35886.91233808557,0.0012071721721440554,0.02758992835879326,0.004853086546063423,31042.740756522988,17589.06548075589
0.0,-0.03437192112235764,-0.1989828369031368,-0.25180190547778003,-0.1985275758273018,-0.47896844748606493,-0.7684321928407055,0.0,-40.60985842314901,-13.950892646618527,-27.280375534883767,26.65896577653048,-30.905215740203857,-30.989067554473877,-30.947141647338867,-0.08385181427001953,-0.0022286067251116037,-0.00035452586598694324,0.020601613447070122,0.019553419202566147,0.0005649467348121107,-0.0018944806652143598,0.019457679241895676,0.02034258283674717,-519.4236623240112,35830.79260350183,0.0011110201012343168,-402.89517789490867,35757.02135736381,0.0011562320869415998,0.02814488112926483,0.005186256021261215,30460.978758425197,19206.52991881171
-0.8783501142297176,-0.3525930700989295,0.266380383230566,0.0,-0.21358366861190337,0.1380805158079671,0.6041103082305211,0.3846733550028827,-34.12282297918205,-14.301316730028844,-24.212069854605446,19.821506249153202,-30.884172916412354,-30.892457962036133,-30.888315439224243,-0.008285045623779297,-0.002245961921289563,0.0003393283695913851,0.020429810509085655,0.019830817356705666,-0.0008434801711700857,0.002103141974657774,0.019511345773935318,0.02069821022450924,-374.8023228751034,35869.61502727553,0.001162155531346798,-511.4157328211081,35840.91218135088,0.0011759009212255478,0.027522126212716103,0.005230656359344721,30692.761049909244,18654.335297097517
0.029488961758313566,0.0,0.08652677622199467,0.10345259146413499,0.15756353828682373,0.27890686171462986,0.17577549433374462,0.0,-45.12685077198654,-16.349788483822323,-30.73831962790443,28.777062288164217,-31.004111766815186,-30.90632200241089,-30.955216884613037,0.09778976440429688,-0.0009314223425462842,-0.002018265426158905,0.019878052175045013,0.019836800172924995,0.0015164563665166497,-0.001677695894613862,0.019631972536444664,0.020521193742752075,-459.5466214752349,35806.65945362122,0.0011091360356658697,-413.133136978171,35825.58931966787,0.0011127475881949067,0.028743788599967957,0.0033399872481822968,30481.07499079877,18396.638071820566
0.4438676216457359,0.6180736454852905,0.8458308650302523,0.4428564727878192,-0.3199369921660719,-0.5371972160852567,-0.2989537879134837,-0.9648985102363358,-42.57771555097645,-11.303887634383472,-26.94080159267996,31.27382791659298,-30.949571132659912,-30.93048334121704,-30.940027236938477,0.019087791442871094,0.0014389134012162685,-0.00172118388582021,0.019513996317982674,0.02043958753347397,0.001879867515526712,-0.001261659199371934,0.01982036605477333,0.020228011533617973,-469.096676586975,35838.19944932124,0.0011902152327820659,-368.7681100369722,35845.81581168987,0.0011234428966417909,0.02747766673564911,0.0033062088768929243,31240.24262862173,17344.209785076495
0.7995040317799783,0.7867538421125962,0.3583167737418045,-0.011227418715964638,0.19681194479789055,-0.18553830233457733,-0.7434820795267104,-0.8555305944101347,-38.712784637372124,-12.012654709225131,-25.362719673298628,26.700129928146993,-30.888137817382812,-30.874531269073486,-30.88133454322815,0.013606548309326172,0.0022276178933680058,0.00046580532216466963,0.02067648433148861,0.019553955644369125,0.0021139425225555897,-0.0008520785486325622,0.0201877374202013,0.02012142539024353,-386.1242924340381,35814.20691730426,0.0010884973453357816,-373.94668715723475,35836.09219729352,0.0011943214340135455,0.0284161027520895,0.004860665649175644,30463.967712387897,18775.06070174238
0.08034682931551444,-0.029778221100125367,-0.0007648019846065446,0.2592298780102375,0.22495613791149582,0.10794551094451144,-0.02230944491863729,0.0,-41.95434930030149,-17.837284560580883,-29.895816930441185,24.117064739720604,-30.88097333908081,-30.780785083770752,-30.83087921142578,0.1001882553100586,-0.0001369150704704225,-0.002255313564091921,0.019759848713874817,0.020514441654086113,-0.0001316846755798906,0.002283067675307393,0.01988532580435276,0.02085176110267639,-260.06567909528854,35836.40756449709,0.0011060985270887613,-438.92995184385575,35795.00043460982,0.0010977167403325438,0.02853352390229702,0.002670057350769639,30977.18508780285,18789.57730581094
0.7287336417647386,0.9887323273340969,0.779259485960267,0.11880413381199481,-0.45801602642994477,0.10449676852941636,-0.21857228744092122,-0.9639892863114281,-40.17345136162896,-11.240800982773408,-25.707126172201185,28.932650378855556,-30.936472415924072,-30.969972610473633,-30.953222513198853,-0.03350019454956055,-0.001419748179614544,0.0017464386764913797,0.01952982135117054,0.020482998341321945,0.0017558126710355282,0.0013942243531346321,0.02041446790099144,0.01944381184875965,-489.6451658284936,35829.18934037631,0.0012010501231998205,-424.45522345194524,35897.9511342899,0.0012249558931216598,0.02763993665575981,0.0034634603653103113,31242.418051293625,17320.41264203743
0.9875668423141813,0.9765715882261246,0.19136406989889854,0.26491498834785837,0.6801738565593847,-0.16510608302069807,-0.7693210343031905,-0.6848356973294318,-43.18628446362314,-10.982677687877072,-27.084481075750105,32.20360677574607,-30.794224739074707,-30.88160753250122,-30.837916135787964,-0.08738279342651367,0.0020454220939427614,0.0009920767042785883,0.020906219258904457,0.019764430820941925,0.0008194806869141757,0.0021195458248257637,0.020091520622372627,0.0201853159815073,-528.8792484790939,35834.321395023646,0.0011265820357948542,-326.310218526558,35847.11105538031,0.0010957783088088036,0.02893548458814621,0.004540950525552034,30468.903491021927,18637.347377572518
-0.7473852627959615,-0.93485533179703,-0.2631175847103625,0.4087300246931377,0.18904855003091864,-0.10078119803235913,0.3675368746773452,0.8284468393062864,-33.72478043168297,-15.8766765982854,-24.800728514984186,17.848103833397573,-30.84439516067505,-30.899512767791748,-30.8719539642334,-0.05511760711669922,-0.001242716796696186,0.001917175017297268,0.019672108814120293,0.020762773230671883,0.0014102200511842966,0.001773500582203269,0.020388679578900337,0.019801247864961624,-381.4105981914333,35879.31524011144,0.0011652634711936116,-529.179690450344,35820.44502569077,0.0011156637920066714,0.027401860803365707,0.00365463993512094,31248.360734787726,17278.5174621081
0.1397499705031282,0.0,0.07055184460921284,0.15695044197829494,0.2844918725988269,0.41315541767371544,0.17408148179145233,0.0,-44.72198528352209,-16.225502710442782,-30.473743996982435,28.496482573079305,-31.061034202575684,-31.13532543182373,-31.098179817199707,-0.07429122924804688,-0.002001992892473936,-0.0009215207537636161,0.020280182361602783,0.01915985532104969,-0.0019363061292096972,-0.0010467679239809513,0.02010917477309704,0.018993018195033073,-520.5524833466786,35808.98557364232,0.0011138026602566242,-462.8757460810061,35849.4711804876,0.0011875106720253825,0.027830839157104492,0.0045069861225783825,30467.343152115234,18695.819697897405
-0.004414960820429611,0.0021972982766619224,-0.1763390818174499,-0.34185982159131173,-0.4008002045798749,-0.5791325778339348,-0.8154277918239582,0.0,-43.073758276206036,-12.694683042758461,-27.88422065948225,30.379075233447573,-31.073319911956787,-31.10762357711792,-31.090471744537354,-0.03430366516113281,-0.002007130067795515,0.0008835190674290061,0.019695095717906952,0.01970594748854637,-0.00036429351894184947,0.0019015106372535229,0.019197965040802956,0.02006428688764572,-478.25458207282503,35843.865756804546,0.0011750481789931655,-491.21505663163555,35755.30090497376,0.0012688611168414354,0.026713920757174492,0.004779028240591288,31035.574752306085,17793.039192938235
-0.13963843581569269,0.3797575208317846,0.712089754159448,-0.05836286660784953,-0.19973805485769813,-0.2895268447005753,-0.4467811614822675,-0.8884394888206666,-36.385387057287716,-11.389857270958032,-23.887622164122874,24.995529786329683,-30.57657480239868,-30.755913257598877,-30.66624402999878,-0.1793384552001953,0.00216631218791008,0.0009303782135248184,0.021462179720401764,0.020235875621438026,0.000213132007047534,0.00229948153719306,0.020070865750312805,0.020786477252840996,-411.6632370303396,35829.92871714299,0.0011668078368529677,-387.1083179517522,35844.14442952479,0.001207480556331575,0.030080672353506088,0.00430618179962039,30471.26908307072,18547.381697299064
0.2357631900091171,0.20375302827660205,0.023195906838604285,-0.04152066915266525,-0.20463943953189215,0.07326327022651102,0.23705401793381586,-1.0,-46.37379185009138,-10.740118968971966,-28.556955409531675,35.63367288111941,-34.1467547416687,-33.73228073120117,-33.93951773643494,0.4144740104675293,-4.991226887796074e-05,0.001532596768811345,0.013530771248042583,0.01412254385650158,0.001235010800883174,9.15502751013264e-05,0.01477664802223444,0.014266657643020153,-455.3667180773597,35868.791507905815,0.0012370864860713482,-789.5331067285244,35867.5515062261,0.001273373025469482,0.019368253648281097,0.0020385116804391146,30732.122774223328,19248.710519518794
-0.29522655421832783,-0.40641030217571794,0.2843660320331539,0.7616700537949722,-0.07605405858129345,-0.2551833129511572,0.0,0.15239365424499562,-36.71344603426701,-14.236846314729064,-25.475146174498036,22.476599719537944,-31.442458629608154,-31.173603534698486,-31.30803108215332,0.26885509490966797,0.00010735655814642087,-0.0021324644330888987,0.01842549815773964,0.019321752712130547,0.0013601717073470354,-0.0017151832580566406,0.018997618928551674,0.0199374221265316,-553.2482635530239,35820.08298489138,0.001191824208945036,-400.82886454298824,35917.10351462173,0.0012117252917960286,0.026854554191231728,0.0024617603048682213,31225.410531052094,18056.735570421402
-0.055014700513415025,0.0,0.9211295925609404,0.7151962893263413,0.6197354851482371,0.4895225220640316,0.2662178805281934,-0.01989272780689133,-44.22148335009376,-8.133295480050435,-26.1773894150721,36.08818787004333,-30.774576663970947,-30.724120140075684,-30.749348402023315,0.05045652389526367,-0.0008376464829780161,0.0021050875075161457,0.019801799207925797,0.02096194215118885,-0.0017053792253136635,-0.0015602654311805964,0.020950641483068466,0.02005373314023018,-564.1983161370987,35863.119553896635,0.0011355516035109758,-301.32917680235573,35872.63309829825,0.0011334008304402232,0.028703156858682632,0.002430235268548131,31229.69373923605,17735.89790950807
-0.9954680064703062,-0.961997678939195,-0.7843352121886328,-0.6005665710193449,-0.5215727756000994,-0.4682550209920898,0.7180697036822448,0.9977471202277167,-37.11086320311222,-20.331308282521007,-28.721085742816612,16.77955492059121,-29.88595962524414,-29.870893955230713,-29.878426790237427,0.015065670013427734,-0.0018268127460032701,-0.0017616238910704851,0.02304239571094513,0.022118179127573967,-0.0023833750747144222,-0.000878372578881681,0.02327781729400158,0.021951427683234215,-313.0669467114894,35875.7170533478,0.0011425625998526812,-465.7862743341761,35817.658401327884,0.0010990590089932084,0.032271262258291245,0.003861179808154702,30478.859629948667,18346.582179164234
-0.11882180657838198,-0.00019159523683420776,0.3237018068689749,0.04307632205236238,-0.2368062243230264,0.18526991877448962,0.4148990292882544,-0.479697491349786,-40.18131229993787,-12.161221723159258,-26.171267011548565,28.020090576778614,-29.47720766067505,-29.384288787841797,-29.430748224258423,0.09291887283325195,0.002571631455793977,-0.0007248420733958483,0.023862991482019424,0.02348066307604313,-0.0026904174592345953,0.00011923012789338827,0.024395877495408058,0.023450011387467384,-329.6725415762715,35823.171736059834,0.0011668798979371786,-328.9910716772776,35842.38168601342,0.0011308449320495129,0.03236490860581398,0.006189045961946249,30889.222957641603,18257.68430551536
0.49767056321684777,-0.0360494782626863,0.12080572107962206,0.6596941845328018,0.5134235068762916,-0.1852745108082638,-0.05703005761389068,-0.2692099358339771,-47.09734471534756,-14.306181866560166,-30.701763290953863,32.791162848787394,-29.081008434295654,-29.089603424072266,-29.08530592918396,-0.008594989776611328,-0.0017708971863612533,0.0021132477559149265,0.024222835898399353,0.025324152782559395,-0.00024263421073555946,0.0027816726360470057,0.024131614714860916,0.0253591351211071,-343.04778720060784,35811.837965091814,0.0010757055133581161,-261.1989542109723,35836.95991551691,0.0011025586863979697,0.03417733684182167,0.0035133110359311104,31236.90651909372,17426.342053422846
-0.6995588046090339,-0.48128524193097555,0.12184591446406956,0.0,0.4066913893855497,-0.0022756069904880105,0.019288162220770122,0.5338597326019203,-35.79683694465214,-13.863579139467447,-24.830208042059795,21.933257805184695,-29.008476734161377,-29.068138599395752,-29.038307666778564,-0.059661865234375,-0.001352624036371708,-0.002477720845490694,0.025113100185990334,0.024856265634298325,0.0011555778328329325,0.0025567151606082916,0.024830585345625877,0.024797121062874794,-275.3379551050796,35836.948429055956,0.001140505657531321,-220.55692315087435,35852.95135583218,0.0011627241037786007,0.03648258373141289,0.0039096251130104065,30727.752676430944,18984.366314784595
0.5495240553299977,0.3019717908290573,-0.007420085924959452,0.3740148779096822,0.8558498911916325,0.9211605595649017,0.5479419302323262,-0.07193384917128631,-37.96793761670418,-12.569562451383234,-25.268750034043705,25.398375165320942,-29.19872283935547,-29.19579029083252,-29.197256565093994,0.0029325485229492188,0.0006882412126287818,0.0023414124734699726,0.024203434586524963,0.024715496227145195,0.0003800304839387536,0.0027264817617833614,0.0240764282643795,0.02482292801141739,-134.77797199259774,35739.89258400798,0.001145028742030263,-318.804745522045,35838.01262466315,0.0011295380536466837,0.03446711227297783,0.003326177829876542,30972.96112581749,18832.90276749521
0.0,-0.021341970093028566,0.2551927028964207,0.22752183960548128,-0.26708304534436367,-0.1449247226692023,0.07961717656491574,0.0,-39.217320221486546,-15.220855843164486,-27.219088032325516,23.99646437832206,-29.957149028778076,-30.09610414505005,-30.026626586914062,-0.13895511627197266,-0.002361477818340063,-0.0008633898105472326,0.023044081404805183,0.021738538518548012,0.002436965238302946,-0.0004315062251407653,0.02234053425490856,0.02174603007733822,-345.789042570532,35851.17378806554,0.0011610366636887193,-402.56662481794996,35870.081753152335,0.0011291889240965247,0.032069750130176544,0.005050075240433216,30467.243667606854,18653.336603454733
0.9639148714952817,0.9661865363305124,0.8294005034410846,0.44930764337267304,0.2071624413012489,-0.052363210506963964,-0.5471428552059899,-1.0,-40.21809587245497,-5.390587117440475,-22.80434149494772,34.82750875501449,-30.416224002838135,-30.460023880004883,-30.43812394142151,-0.04379987716674805,0.002380703343078494,-0.0001757268764777109,0.021632112562656403,0.020855767652392387,-0.0003989888646174222,0.00234454357996583,0.02057201787829399,0.02169397845864296,-462.7514538018343,35823.15607056871,0.0011181042063981295,-377.691000944951,35880.05018424451,0.0011735352454707026,0.029342422261834145,0.005642041563987732,30688.289261042963,19019.28672304433
0.04573939165830317,-0.04393333965477222,-0.1691355247916138,0.1289989450041274,0.2669929339866912,0.03751916558508345,-0.31740319318220045,0.0,-38.85166396168955,-18.37031912202957,-28.610991541859562,20.481344839659982,-30.513229370117188,-30.553176403045654,-30.53320288658142,-0.0399470329284668,-0.0023155661765486,0.0004968600696884096,0.02125878445804119,0.02076043002307415,-0.0016071562422439456,0.0017173849046230316,0.020462270826101303,0.02135808952152729,-358.18575199195794,35823.61102649847,0.001087711425498128,-392.65672398523094,35828.47323583198,0.0011315495939925313,0.028338471427559853,0.005636304616928101,30924.041741969973,18440.092498355032
-0.2330335319306421,0.1813054795347628,0.012255911536497554,0.2035874658894672,-0.058499759388451866,0.23830335069508046,0.6285230679470986,-0.2132971430847017,-39.46284570710864,-14.80735973789956,-27.1351027225041,24.65548596920908,-30.67268133163452,-30.600464344024658,-30.63657283782959,0.07221698760986328,-0.0021631461568176746,0.0008595762774348259,0.020663538947701454,0.020593909546732903,-0.001887305872514844,-0.0014010871527716517,0.02132551185786724,0.02026248350739479,-319.0388317337944,35850.74919914899,0.0012160676997154951,-266.1615224998721,35837.45477726734,0.0011916394578292966,0.028195884078741074,0.005426820833235979,30861.001286273906,18397.670403365555
0.9940427010382403,0.8682862727919926,0.7475137081999582,0.3930109774027768,0.3219298739636895,0.1339928409258072,-0.39541781180271324,-1.0,-43.641262187081225,-10.942416734516712,-27.29183946079897,32.69884545256451,-29.95987892150879,-29.91879940032959,-29.93933916091919,0.04107952117919922,-0.0006156227900646627,0.002416562521830201,0.02177269198000431,0.023000270128250122,-0.0015993858687579632,0.001970349345356226,0.0219497662037611,0.02303563989698887,-321.3103905739698,35830.58080458938,0.0010883209761232138,-403.02646275462337,35848.1276231873,0.0010864795185625553,0.03144663944840431,0.002736001741141081,31225.196842498786,18190.46068262149
-0.5419871567007564,-0.5144774293360911,-0.10144893190763299,0.3179969718673642,0.2412164390261458,-0.10082106138699565,-0.12368487225512592,0.1801127690236869,-35.45498560490634,-15.584067983440775,-25.519526794173558,19.870917621465566,-30.543804168701172,-31.000118255615234,-30.771961212158203,-0.4563140869140625,-0.0022134212777018547,-0.000793576065916568,0.02154199406504631,0.020315513014793396,-5.117824912304059e-05,0.002231821184977889,0.019412541761994362,0.020309509709477425,-599.0935984215243,35873.32181648139,0.0011387461563572288,-504.1494003067928,35853.923038420544,0.0011334968730807304,0.030241910368204117,0.004380454309284687,30470.26615209295,18582.231786475157
0.026389252519865347,0.028084602354055632,-0.2440180001160378,-0.4657756892993248,-0.5084101354695378,-0.5363742662490432,0.19994023691629273,-0.01481796748958005,-41.47118151750203,-5.767069450975981,-23.619125484239007,35.70411206652605,-32.91249752044678,-32.9216194152832,-32.91705846786499,-0.009121894836425781,-0.0013677806127816439,-0.00115675397682935,0.016299370676279068,0.015572705306112766,-0.0001388150849379599,0.0017788760596886277,0.015535801649093628,0.016302447766065598,-517.4030309771772,35819.26807760094,0.0012251741718500853,-788.4429219548945,35865.8200029421,0.001210262649692595,0.022446371614933014,0.0029943007975816727,30474.35705551183,18456.68049698348
0.015954087379588314,-0.10020701425105066,-0.16617694349286524,0.05971236065701274,0.26750316655219536,-0.03612395319095907,-0.11597070316018199,0.0,-40.4063390909177,-21.446100741480308,-30.926219916199003,18.96023834943739,-33.479392528533936,-33.46207141876221,-33.47073197364807,0.017321109771728516,-2.8172293241368607e-05,0.0016771137015894055,0.014600897207856178,0.015258063562214375,-0.0011614477261900902,0.0012142974883317947,0.01464927103370428,0.015270139090716839,-753.5404745663394,35794.7269540718,0.0011388686252757907,-640.2681934596402,35841.43687683392,0.0012344011338427663,0.021380165591835976,0.0019216076470911503,30979.308633043987,18776.508516467064
0.6171550064598557,0.4656787353132235,0.8406197881400209,0.29201631903515723,-0.13426044070010296,0.016521614431708964,-0.31628475707790005,-1.0,-37.29928580311072,-10.214925366421596,-23.75710558476616,27.084360436689124,-32.24043607711792,-31.959803104400635,-32.10011959075928,0.28063297271728516,0.0019224024144932628,-4.570923556457274e-05,0.01757720112800598,0.016861777752637863,-0.0004664909210987389,0.0019565769471228123,0.017273440957069397,0.018286796286702156,-829.0985134066816,35861.32665288591,0.0012583066709339619,-559.8544337433165,35811.18207168064,0.0011966528836637735,0.024070004001259804,0.004527144134044647,30504.499060758983,18548.889305745255
0.025733785840783223,0.054063851799868376,-0.18189803923404485,-0.06943051071618661,0.17711105644615338,0.08468818583085602,-0.22524507287132667,0.0,-49.79713285140383,-15.99538469372851,-32.89625877256617,33.80174815767532,-30.67558526992798,-30.53717851638794,-30.60638189315796,0.13840675354003906,0.0007176994113251567,0.002149228472262621,0.020522451028227806,0.020727546885609627,0.002074706833809614,0.001135466038249433,0.021544238552451134,0.020344680175185204,-383.863231682252,35854.55633074213,0.001094161649234593,-421.8184766877074,35836.716234703046,0.001109617529436946,0.029337111860513687,0.003410591743886471,30481.29233980551,18331.125288208103
-0.6871719370171415,-0.9278750648770422,-0.41679996477707065,0.3578172987267465,0.3781324410192209,-0.34021784082990975,-0.12373709782349451,0.396774273545453,-36.547127442918,-16.075118101360374,-26.311122772139186,20.472009341557623,-29.819726943969727,-29.674441814422607,-29.747084379196167,0.14528512954711914,-0.0023395230527967215,-0.0010624376591295004,0.0234245415776968,0.02206970378756523,0.000524508417584002,0.002555636689066887,0.022854821756482124,0.02342422492802143,-352.2528552436597,35850.61744059013,0.0011810048017650843,-283.9532844364784,35838.25199984123,0.0011073700152337551,0.03279479220509529,0.004618799313902855,30471.532443825417,18528.66880184694
0.9559140778038243,0.6054818209128443,0.17007872511401434,0.07177408658889675,0.2636613564710703,0.05502092017754451,-0.6867195631062801,-0.8634008701628707,-43.18879473413733,-12.181086224718001,-27.684940479427667,31.00770850941933,-29.597313404083252,-29.66717004776001,-29.63224172592163,-0.06985664367675781,0.002403970342129469,0.001023882650770247,0.024016207084059715,0.022661663591861725,-0.0024000040721148252,-0.0010106135159730911,0.023833440616726875,0.02246854640543461,-359.21133943263465,35810.053614851204,0.0010959006613120437,-550.9147796964625,35841.45820125597,0.0011580655118450522,0.03264820575714111,0.0052386377938091755,30467.379981244772,18678.809151271344
-0.005556914290191006,0.0,0.012472835248083652,0.17643108094160465,-0.04253994752899573,0.08602259647113075,-0.024637330814954228,0.0,-39.74419155175656,-17.724912463641033,-28.734552007698795,22.019279088115525,-30.126631259918213,-30.553200244903564,-30.33991575241089,-0.42656898498535156,-0.0013233962235972285,-0.002094101393595338,0.02215668372809887,0.021776314824819565,0.002347372705116868,-3.65175110346172e-05,0.02134864404797554,0.020472511649131775,-485.5266360653968,35809.18861058856,0.0011492277262732387,-484.73628143842376,35865.73060975408,0.0011536757228896022,0.03195599466562271,0.0036076002288609743,30480.846185965565,18374.351280261257
0.5784662018051252,0.8044524012274834,0.8139860277700339,0.45844739210591345,0.2070245947339767,-0.17732678515027572,-0.4467220590218692,-1.0,-40.551847011031555,-7.992577096807736,-24.272212053919645,32.55926991422382,-30.18183469772339,-30.033881664276123,-30.107858180999756,0.14795303344726562,0.00014279325841926038,0.0024539129808545113,0.0214085653424263,0.022240210324525833,-0.00010779889998957515,0.0024892014916986227,0.02169669419527054,0.02269965596497059,-399.3329823912206,35892.75349263254,0.0011946295853704214,-241.2780008088547,35854.78898916039,0.001121502835303545,0.030927158892154694,0.003046633442863822,30977.210265391546,18254.10551960506
0.0,-0.0011673612779714254,0.012122807193417124,0.030069378860462095,0.021147826953911177,0.0022994236048165945,0.011133488390989016,0.0,-38.00637419166306,-17.1688755892095,-27.58762489043628,20.837498602453564,-30.48367738723755,-30.626060962677002,-30.554869174957275,-0.14238357543945312,0.002016532700508833,0.0005801289808005095,0.021560637280344963,0.020623845979571342,0.001569398446008563,0.0013282778672873974,0.021023835986852646,0.020482273772358894,-539.3469579199821,35790.57526680665,0.0012088995426893234,-441.67502028949,35725.91923988849,0.0012600384652614594,0.030299030244350433,0.004483143333345652,30270.73646233429,18346.47825045396
-0.01349784999758364,0.036706048964002744,0.2603254032192087,0.4737420652437413,0.34942877206809386,0.5161160756445354,0.841950217432712,0.0,-37.55440825872848,-15.662797306218891,-26.608602782473685,21.891610952509588,-30.79580783843994,-30.83167791366577,-30.813742876052856,-0.03587007522583008,0.0019754767417907715,-0.0003023622266482562,0.020671367645263672,0.02003166638314724,-0.001546973013319075,0.001668495126068592,0.019817311316728592,0.020683715119957924,-482.7114952359508,35749.45716017212,0.0012131764087826014,-509.2040916210198,35813.37387118012,0.001155064906924963,0.02835950441658497,0.005291057284921408,30522.014134597463,18059.07578671998
0.9847865429806384,0.8440625035144527,0.5237774737415488,0.1785453479883673,0.1936929096622843,0.005300420148311891,-0.5313667571736861,-1.0,-47.54740943593902,-11.673144252880661,-29.61027684440984,35.874265183058355,-30.83932876586914,-30.73965311050415,-30.789490938186646,0.09967565536499023,0.0010170862078666687,-0.0020111235789954662,0.019678806886076927,0.020782949402928352,0.001890065730549395,-0.001328476588241756,0.020239297300577164,0.020698687061667442,-291.8827335191567,35828.66218180897,0.0011055062059313059,-402.1897645515845,35851.12381197685,0.0011793230660259724,0.027945516631007195,0.002546394942328334,31228.94119653823,17742.5138068736
0.0,0.03256482086605961,0.04627213644285527,0.08611700234253922,0.24079877697080976,-0.009369056318399571,-0.0982083576820566,0.0,-36.511584744509946,-16.54292939934598,-26.527257071927963,19.968655345163967,-30.22697687149048,-30.282461643218994,-30.254719257354736,-0.055484771728515625,0.0013185967691242695,0.002056607510894537,0.021916503086686134,0.021512262523174286,0.0024198307655751705,-0.00018486985936760902,0.021973097696900368,0.021173657849431038,-531.8512551254946,35857.03470845011,0.0011531360214576125,-280.5051204302463,35868.245716233505,0.0011367264669388533,0.031949300318956375,0.003531600581482053,30481.808577405787,18383.91725114273
0.7804102779745763,0.9104764504930227,0.7536219659418051,0.44440362206855266,0.04902824721345184,-0.1519922513988431,-0.3740395311216269,-1.0,-41.28342423408003,-10.011974100057841,-25.647699167068936,31.27145013402219,-29.72080707550049,-29.691531658172607,-29.706169366836548,0.02927541732788086,0.001578769413754344,0.0020510186441242695,0.023328537121415138,0.022704139351844788,0.002440999262034893,0.000910474918782711,0.023767691105604172,0.022403573617339134,-348.15701376421964,35841.65983931058,0.001167733920738101,-429.9245589400084,35859.63288173848,0.001147426781244576,0.03296566754579544,0.003911575302481651,30478.37169112812,18362.7030574355
0.04920811326274995,-0.113729963932752,-0.1026049345288744,0.06171829162803505,0.14512169151295878,-0.19953565172726806,-0.08056303853318703,0.0,-41.40365737381916,-17.989164231112426,-29.696410802465792,23.414493142706732,-29.627394676208496,-29.73461389541626,-29.681004285812378,-0.10721921920776367,-0.0026032826863229275,0.0002728765830397606,0.02365502528846264,0.022872943431138992,-0.00105254293885082,-0.00236087990924716,0.022986453026533127,0.02297726459801197,-307.49078272319605,35781.133053972386,0.001038067857734859,-432.6151825744038,35838.73531778303,0.0011063014389947057,0.031790196895599365,0.006258745212107897,30924.73290622638,18521.850877666726
0.007069268946530018,-0.054090870996357045,0.4528860339095895,0.3480558414216209,0.2706600449058659,0.5670548090139773,0.2964557536334621,0.0,-40.79867250618855,-16.355084411695202,-28.576878458941877,24.44358809449335,-29.76438045501709,-29.442434310913086,-29.603407382965088,0.3219461441040039,0.0024979570880532265,-0.0006359037943184376,0.02312249131500721,0.022681675851345062,-0.0017278328305110335,-0.0020436260383576155,0.02414681948721409,0.0233828853815794,-415.1422020392227,35877.08736838762,0.0011844512773677707,-263.484323275643,35851.59082635335,0.0011350300628691912,0.0312747098505497,0.006088655441999435,30904.14400689002,18314.164975993768
0.963569465790237,0.9615758115484769,0.35559600836276445,0.08128167604791875,0.25182941808771425,0.022510977467368076,-0.6504376194881006,-1.0,-47.35567651759155,-11.496775606072049,-29.426226061831798,35.8589009115195,-29.453608989715576,-29.49418067932129,-29.473894834518433,-0.04057168960571289,0.0003204005188308656,0.0025966481771320105,0.023384608328342438,0.024091141298413277,-0.0005361019866541028,0.0026192674413323402,0.022959478199481964,0.024274207651615143,-366.8174289154497,35845.23125946456,0.001069547375664115,-300.6496453575751,35851.20297771963,0.0011740376939997077,0.03405631706118584,0.003683922579512,30729.17296411059,18476.320178823673
-0.22338791514680362,-0.2537256394435552,0.02018345900135482,0.25016072873643347,0.3411988360450711,-0.13403403440858047,-0.18262831928217593,0.3266791059583659,-37.77260518493961,-15.798853636416084,-26.785729410677845,21.973751548523524,-29.41542387008667,-29.43932056427002,-29.427372217178345,-0.02389669418334961,0.002611412201076746,0.000665479339659214,0.02451106160879135,0.023152299225330353,0.001511171692982316,0.0022118426859378815,0.024030335247516632,0.023519620299339294,-340.66902902461624,35832.7199235901,0.0011474444763734937,-293.12296405582487,35822.48296523379,0.0011009923182427883,0.03404482826590538,0.005476984195411205,30465.80751223066,18688.330832953467
0.9275041793966816,0.8298951008691998,0.7126621978481075,0.528213177209518,0.10320273672921265,-0.04907794109908492,-0.40580452723739074,-1.0,-40.662886392598296,-10.21691495686889,-25.439900674733593,30.445971435729405,-29.49861764907837,-29.52547788619995,-29.51204776763916,-0.02686023712158203,4.7010398702695966e-05,-0.002650367096066475,0.02308277226984501,0.024135755375027657,-0.0026488418225198984,-0.00019093591254204512,0.02410413883626461,0.02296503446996212,-197.23188155377989,35844.300844383324,0.0011128541082143784,-402.4241434809167,35837.433913870416,0.0011390970321372151,0.033076800405979156,0.0031997840851545334,30978.34840623869,18271.988842274983
0.12565909581824006,-0.042309145869359424,-0.03711639802688871,0.11906260818261033,0.03013019106139614,-0.12556478428055234,-0.06215770569136059,0.0,-41.87161854167803,-16.22800879252452,-29.049813667101276,25.643609749153512,-29.732017517089844,-29.899725914001465,-29.815871715545654,-0.1677083969116211,0.0024612960405647755,-0.000756544410251081,0.02314101532101631,0.022836634889245033,0.0017047806177288294,0.001886908314190805,0.02293914370238781,0.02215144783258438,-376.04452178785203,35839.91941540224,0.0010837980080395937,-422.44728232314617,35822.06897080428,0.0011282108025625348,0.031527161598205566,0.006146079394966364,31122.939000119575,17970.226887106557
0.7074443653628858,0.7361393148768047,1.0,0.3066184325132556,-0.03696304385333771,0.30067766740842067,-0.22192446264918375,-1.0,-41.467470422362624,-11.480576919433588,-26.474023670898106,29.986893502929036,-30.004677772521973,-29.878382682800293,-29.941530227661133,0.1262950897216797,0.00232820026576519,0.000937921809963882,0.0229189470410347,0.021618163213133812,-0.002139156451448798,-0.0013863667845726013,0.023213142529129982,0.02197841927409172,-440.50380510377903,35860.695061633814,0.0011856879573315382,-430.8243138513135,35827.3859769169,0.0011590243084356189,0.03175456076860428,0.004992342088371515,30467.675295397534,18645.92449380153
0.2673613397938552,0.39060263216693325,-0.01408417206252638,0.10267802225447234,0.8286212758915174,0.882123332879105,0.02760475506842524,0.0,-33.25476419356552,-14.080451246668758,-23.66760772011714,19.174312946896762,-30.005652904510498,-30.028769969940186,-30.017211437225342,-0.0231170654296875,0.0020563839934766293,0.0007671704515814781,0.022759880870580673,0.021814435720443726,-0.0003604890080168843,-0.0024801790714263916,0.02187475375831127,0.022552412003278732,-227.31322447160696,35764.918138722715,0.0011660550953820348,-329.15764821153357,35834.06810125877,0.0011066965525969863,0.03169180080294609,0.004258474800735712,30258.50758952138,18495.50751590307
-0.2163674992612944,-0.28407247556412407,-0.05128264986604841,0.3542197507541695,0.12365829339517792,-0.3021705163175566,-0.0925265349148302,0.13580344567418123,-37.96706077535819,-13.323917327175252,-25.645489051266722,24.64314344818294,-30.18606185913086,-29.849271774291992,-30.017666816711426,0.3367900848388672,-0.0020565507002174854,-0.001349438214674592,0.022391505539417267,0.021228110417723656,-0.0015633224975317717,0.002030411269515753,0.02210237644612789,0.023242931813001633,-342.58271613907283,35856.250140296375,0.001195957651361823,-241.05101566425162,35838.799974541995,0.001116079743951559,0.03155859559774399,0.004183705896139145,30474.525788387225,18449.54573534689
0.9568256825374009,0.4531847226807506,-0.054940538585835766,0.14900936124760678,0.2585613161350997,0.05019311159833517,-0.6264360121558207,-0.9634040842795254,-41.91869295283436,-12.709122028057834,-27.3139074904461,29.20957092477653,-29.82095718383789,-29.833106994628906,-29.8270320892334,-0.012149810791015625,0.0004961285158060491,0.002505579264834523,0.022472459822893143,0.02303371950984001,0.00024147541262209415,-0.002555359620600939,0.022148706018924713,0.023281391710042953,-294.67245254493537,35824.90900691729,0.0010904059745371342,-455.8586093391032,35834.7298699093,0.001177476835437119,0.03240881860256195,0.003365623764693737,30730.187676064514,18425.605645395648
-0.9334660575801537,-0.9837546903888391,-0.8681265848410588,-0.6061634297410726,-0.5998285568991173,0.5054640153026845,0.7637365141999575,0.9764694521613946,-42.448704120276204,-17.870316470320972,-30.15951029529859,24.578387649955232,-29.945120811462402,-30.027830600738525,-29.986475706100464,-0.08270978927612305,-0.0017707645893096924,-0.001789598842151463,0.02286277711391449,0.02199253812432289,0.0022701630368828773,0.0010526871774345636,0.022856181487441063,0.021562594920396805,-371.7803223700539,35848.04773838922,0.0010739921126514673,-481.7416029715559,35833.65194828209,0.0011180565925315022,0.03240232169628143,0.004050888121128082,30476.6152928168,18390.05932828557
0.6458337689467136,0.802602761749348,0.9683295050527337,0.46228359273694064,0.03346878955913557,0.13458751609958197,-0.34062265257128815,-1.0,-38.113729608522306,-8.670621557519155,-23.39217558302073,29.44310805100315,-30.241107940673828,-30.147881507873535,-30.19449472427368,0.09322643280029297,-0.0015131355030462146,-0.0019312091171741486,0.021982254460453987,0.02137187123298645,0.0011775316670536995,0.0021708679851144552,0.022027386352419853,0.021799476817250252,-377.2586103442434,35845.79391142717,0.0012012021616101265,-380.60547085801505,35826.37268836925,0.001150126801803708,0.03123057633638382,0.0036523027811199427,30479.56452191678,18367.449095993525
0.37519755177510106,0.3593537995453383,0.06836032020573934,0.2100169304356111,0.4570084534705032,-0.036833298708418116,-0.7860325856434652,0.0,-46.88015941389776,-14.00375730058579,-30.441958357241774,32.87640211331197,-30.290746688842773,-30.402390956878662,-30.346568822860718,-0.11164426803588867,-0.001578953000716865,0.001790795475244522,0.021101495251059532,0.022006170824170113,0.0023979749530553818,-3.978877066401765e-05,0.021725069731473923,0.02082735113799572,-411.58685561999965,35828.757140808244,0.0010777267161756754,-369.3704732014388,35850.41480179514,0.0011313636787235737,0.02972756326198578,0.00314833945594728,31238.55306982985,17409.34819049504
-0.28160450395225484,-0.3978565087902532,-0.08711422031076516,0.30265312533110245,0.1707796501657825,-0.342879263370728,-0.1685274497397069,0.29757014835954176,-36.78042736498725,-13.266312423340764,-25.023369894164006,23.514114941646483,-30.10371446609497,-30.147955417633057,-30.125834941864014,-0.04424095153808594,0.002428270410746336,0.0005221903556957841,0.02263394556939602,0.021399466320872307,-0.0015930087538436055,0.0018848087638616562,0.021393265575170517,0.022421948611736298,-367.16578520239597,35865.2341284885,0.0011748989345505834,-380.01116170435813,35812.19959173168,0.0011083417339250445,0.031396087259054184,0.005137267988175154,30463.816028848658,18735.81915293881
0.9585960368980594,0.5308466737737333,-0.07721844391243146,0.12660994329590994,0.28859787289677113,0.048016807133309136,-0.656910902803475,-0.8480716761905082,-42.15999814361024,-12.14836125751168,-27.15417970056096,30.011636886098557,-29.933648109436035,-29.82872486114502,-29.881186485290527,0.10492324829101562,0.0003299937816336751,0.00249607115983963,0.022108178585767746,0.022809749469161034,-0.0017068195156753063,-0.0019247797317802906,0.023128144443035126,0.022331515327095985,-211.65096921248647,35838.953786653045,0.0011076955124735832,-385.96595605569394,35817.53776950308,0.0011471288744360209,0.03168816864490509,0.0032845220994204283,30731.19700869976,18639.398238452963
0.009980831058204635,-0.020816628890005993,0.03690162849636294,0.08686577080736163,0.002768608957774754,-0.05024464352142205,0.04151966525627693,0.0,-41.629562876858614,-16.49208877388611,-29.060825825372362,25.137474102972504,-30.052316188812256,-30.1596999168396,-30.106008052825928,-0.10738372802734375,0.0023784032091498375,0.0007088264683261514,0.022778697311878204,0.021517379209399223,-0.0024475688114762306,0.0003123003407381475,0.02222447656095028,0.02153787948191166,-426.45788188739385,35867.71991749594,0.001165761728771031,-436.6185825925253,35824.88884652902,0.001130102202296257,0.03144517540931702,0.0053396075963974,30465.534252774505,18778.451734958955
0.8688210428690304,0.812297135941355,1.0,0.28469507906205876,-0.04261454184543484,0.23200817161334913,-0.23957714182299,-1.0,-41.670485986953196,-10.194659304366894,-25.932572645660045,31.475826682586302,-30.319538116455078,-30.355560779571533,-30.337549448013306,-0.03602266311645508,0.0009893565438687801,-0.002201294992119074,0.020859410986304283,0.02209356240928173,-0.0023980485275387764,0.00034373969538137317,0.02171293832361698,0.021072976291179657,-506.0171261314728,35850.837359453784,0.0011809899006038904,-440.96102712150343,35828.759926731036,0.001160624553449452,0.030194776132702827,0.002897360362112522,31231.837853663106,17567.972802583277
0.08018222815185998,0.0,-0.1015386895532542,0.12702393796014555,0.15405932663510358,-0.1279738429026977,-0.2207131497613083,0.0,-48.69264868537678,-16.871395115478492,-32.78202190042764,31.82125356989829,-30.38673162460327,-30.368757247924805,-30.377744436264038,0.017974376678466797,-0.0016069626435637474,0.0017175795510411263,0.02090422250330448,0.021732062101364136,0.0021308823488652706,0.0011052615009248257,0.021969033405184746,0.020741140469908714,-354.8364757493899,35837.365894859206,0.0010852663544937968,-340.3989203732814,35847.260372980396,0.0011255271965637803,0.029066795483231544,0.003018373856320977,31238.393958485132,17421.366342427715
-0.9231807557492882,-0.9629783473463656,-0.3289895476675493,-0.20571501374271295,0.13711179908588994,-0.24737348448242333,0.2391470690105747,1.0,-32.416685649885494,-11.923811926426765,-22.17024878815613,20.49287372345873,-30.655691623687744,-30.640933513641357,-30.64831256866455,0.014758110046386719,-0.000777463021222502,-0.0022029797546565533,0.02057776041328907,0.02075967751443386,0.001055556582286954,0.0020931605249643326,0.020777391269803047,0.020630016922950745,-406.47264824864544,35860.20563176669,0.001208861474879086,-249.1088506956747,35853.06018633196,0.0012091638054698706,0.02990896999835968,0.002879129257053137,30731.370217909967,19668.983406260773
0.9169314278812953,0.6381911828212704,-0.0923812558893393,0.22020653409551752,0.5922692606858636,0.44189862288921944,-0.3109327580784747,-0.4267526820727956,-44.30475937662817,-14.213656568870476,-29.259207972749323,30.091102807757693,-30.804829597473145,-30.871176719665527,-30.838003158569336,-0.06634712219238281,-0.0022301168646663427,0.00038453435990959406,0.020589187741279602,0.020045030862092972,0.0009014997631311417,0.0020869537256658077,0.020152507349848747,0.020173033699393272,-375.5381320320098,35862.58910034955,0.0011253778357058764,-450.77283955632186,35839.67378763955,0.0011870790040120482,0.027431564405560493,0.005277909338474274,30913.284166674606,18502.400068178693
0.0,-0.053501452528608905,0.05255801154627482,0.19769750217620463,0.17117805653911466,-0.09217136627091377,0.02965946075124759,0.0,-38.458344615077635,-17.215303209692138,-27.836823912384887,21.243041405385497,-30.661654472351074,-30.75852632522583,-30.710090398788452,-0.09687185287475586,0.0010295717511326075,-0.0020930622704327106,0.020050672814249992,0.021241849288344383,0.0021865428425371647,0.0007162174442782998,0.021010134369134903,0.019824858754873276,-428.5843595510734,35825.14538308924,0.0011548033216968179,-498.1435150829085,35831.46342245464,0.0011287450324743986,0.02864331752061844,0.002729713683947921,31233.932561541296,17454.394055588946
-0.04186461175436186,-0.12139848642341046,0.5143244356086747,0.07388237516618729,-0.0073796427625811845,0.5174032671077832,0.34899561171217963,-0.2738151846140362,-39.120840555407426,-12.297638595200965,-25.709239575304196,26.82320196020646,-30.58814287185669,-30.461103916168213,-30.52462339401245,0.12703895568847656,0.0014575202949345112,-0.001831842353567481,0.02032572217285633,0.021324392408132553,-0.000797735876403749,-0.0022434911224991083,0.021041298285126686,0.021233536303043365,-506.09311115322146,35893.13278155943,0.001218428136780858,-340.2992757336303,35872.56218070975,0.0011640003649517894,0.02864786423742771,0.003576199756935239,31241.995860368777,17310.0002503146
0.5050735755146272,-0.039933930836389006,-0.02280203378127657,0.6488347992084569,0.5655478250596924,-0.2906710291631719,-0.2030211781496526,-0.41528512160021414,-46.896049655961235,-14.044227424446063,-30.47013854020365,32.85182223151517,-30.345072746276855,-30.40219783782959,-30.373635292053223,-0.057125091552734375,0.0020004608668386936,-0.0012743077240884304,0.021241651847958565,0.02160520665347576,-0.0021096370182931423,-0.0011394782923161983,0.021882381290197372,0.020663049072027206,-449.03549878999513,35819.12065989138,0.001072546700015664,-384.23734978481855,35834.90483887985,0.0011157450499013066,0.029124608263373375,0.004189361352473497,31255.58316961128,17244.76309963835
-0.6649390250930036,-0.47518604406032305,-0.01960720484571743,-0.05983694457907602,0.3975095653899222,0.27745962848413497,0.3975809293125533,0.8790676981570654,-34.90648311531092,-13.727745335235682,-24.3171142252733,21.178737780075238,-30.141584873199463,-30.160980224609375,-30.15128254890442,-0.01939535140991211,0.0024694104213267565,0.00012064971087966114,0.02244042232632637,0.02140653133392334,-0.0018632494611665606,0.0016115489415824413,0.02151516266167164,0.022240517660975456,-390.4644176034201,35865.81619266632,0.001147145521827042,-312.32659792460544,35875.1705133096,0.0011851710733026266,0.031037628650665283,0.005407705437391996,30462.868232585624,19030.76370074202
0.9407355487079008,0.9579004132528437,0.2020152207098349,0.10188353298664166,0.40747117641952935,0.05290785386816432,-0.701246984556024,-0.9363267720419847,-43.10358919975914,-11.93222880135005,-27.517909000554596,31.171360398409092,-30.259859561920166,-30.07751226425171,-30.168685913085938,0.18234729766845703,-0.001660653855651617,0.0017605023458600044,0.02118244767189026,0.02207638882100582,0.0006276407511904836,0.002414530608803034,0.021892130374908447,0.022289486601948738,-237.70639254980506,35826.63419745431,0.0011328095570206642,-407.2717426328629,35813.480017092916,0.001137507613748312,0.029338447377085686,0.003603223245590925,31241.668658831382,17324.316698509516
-0.46867693683826006,-0.8094942445683873,-0.1896774427706603,0.4016808685375132,0.19338128884456474,-0.26447021221551553,-0.1787064361711228,0.0,-35.371784208451004,-16.787181859684267,-26.079483034067636,18.584602348766737,-30.216898918151855,-30.23948907852173,-30.228193998336792,-0.022590160369873047,-0.0004173839697614312,-0.002412233967334032,0.02143838442862034,0.0220382921397686,-0.002323244232684374,0.0007359543815255165,0.02182672917842865,0.021540740504860878,-280.43105456512626,35847.59497881657,0.0011528885224834085,-486.99008351033723,35859.49946542887,0.0011252759722992778,0.031086362898349762,0.0028273893985897303,30977.071389176126,18338.643079418936
-0.04491282906931606,0.0349069087793845,0.11897056139409533,0.1742964125245549,-0.17149116406648035,0.1514618485000958,0.44622905789866296,-0.1542361406492797,-43.8992387802393,-15.983377620483964,-29.941308200361632,27.915861159755337,-30.176596641540527,-30.226528644561768,-30.201562643051147,-0.049932003021240234,-0.0013127359561622143,0.002077704994007945,0.02124124951660633,0.022425921633839607,-0.0023254691623151302,-0.0007585147395730019,0.02234557271003723,0.021068202331662178,-447.7810301159479,35845.45291482633,0.0011737223248928785,-439.4405747614424,35836.05070684557,0.0011580564314499497,0.030651552602648735,0.0031946601811796427,31235.35929015759,17463.124064415777
-0.2798925323539203,-0.6532515502734249,-0.33357008259132365,0.14750295067044528,0.01718470054929422,-0.6789034992858844,0.6352294835275227,0.469364914912505,-37.58072382011713,-13.09791296731936,-25.339318393718244,24.48281085279777,-30.140440464019775,-29.89069700241089,-30.015568733215332,0.24974346160888672,-0.00017630172078497708,0.0019661446567624807,0.021547632291913033,0.022360285744071007,0.0024840820115059614,-0.0005214313277974725,0.022838406264781952,0.022303637117147446,-5.618972734654454,35764.44394961452,0.0010446927044540644,-397.86605583115545,35850.944639807916,0.0010672444477677345,0.030549393966794014,0.0027007029857486486,31230.09666978338,17512.242017690343
0.5173240495742044,0.805448038107266,0.9228832381350586,0.49824009976974254,-0.24592592911357034,0.413860863448938,0.26510723313145856,-0.12089748311351867,-36.29480500161344,-10.478892275663696,-23.38684863863857,25.815912725949744,-30.09079933166504,-30.14082431793213,-30.115811824798584,-0.050024986267089844,0.0023109731264412403,0.0009097270085476339,0.022695209830999374,0.021402552723884583,0.002161995740607381,-0.001197576872073114,0.02181158773601055,0.02205086313188076,-528.7353280390762,35847.51235905029,0.001172696822322905,-242.88236796117715,35855.307705648695,0.001209249603562057,0.03169474005699158,0.00469368789345026,30468.964033067787,18594.302554856647
-0.04136972741359955,0.009584446169343858,-0.10883002160421115,0.7070088895471387,-0.33185218672682,0.4959487448387716,0.2559345342657863,-0.012794409341352675,-43.28456165348709,-8.992878292139949,-26.13871997281352,34.29168336134714,-30.07899284362793,-30.161290168762207,-30.12014150619507,-0.08229732513427734,0.0018716603517532349,-0.001607663230970502,0.021741531789302826,0.022431977093219757,-0.0017763524083420634,-0.001709486125037074,0.022328538820147514,0.02142198197543621,-505.134161705021,35835.764697264836,0.0011003789259120822,-315.2007734612843,35872.236679407695,0.0011396282352507114,0.03029448725283146,0.00423358753323555,31252.42141370877,17258.928130235603
-0.22754420196616754,-0.12995270907346285,-0.05091830743021625,0.4423232773828994,0.23853614185314445,-0.1558593862178167,-0.3086995360769499,0.05016784554770959,-36.1051682371824,-16.269417473956935,-26.187292855569666,19.835750763225462,-30.036797523498535,-30.059170722961426,-30.04798412322998,-0.022373199462890625,0.0001990961900446564,-0.0025079124607145786,0.0216478630900383,0.022728918120265007,-0.0010633901692926884,0.002247497206553817,0.021484792232513428,0.02277476154267788,-374.60231158034867,35832.57429936368,0.0011560370912775397,-371.9025080180356,35821.942316068,0.0011054511414840817,0.031005574390292168,0.0025190203450620174,31225.08488274242,18024.418991122453
0.9661648874353657,0.8343558733916172,0.25750741409417577,0.23665437260007352,0.01852775907422477,-0.19580836722578476,-0.40310561891086494,-1.0,-41.763781562200904,-12.926264253841282,-27.345022908021093,28.837517308359622,-30.214312076568604,-30.16815185546875,-30.191231966018677,0.046160221099853516,0.001856952323578298,0.0015923932660371065,0.02223670855164528,0.021246064454317093,-0.0018721059896051884,0.0016030349070206285,0.021499305963516235,0.022219963371753693,-379.3618608128208,35842.42863809713,0.0011260597966611385,-290.06170799819245,35869.55723611379,0.0011802632361650467,0.031492412090301514,0.004064004868268967,30475.417827433594,18424.1353446032
0.10132722552919202,-0.039159742006641955,-0.024195254807946043,0.28167065378906264,0.2511622779866039,0.05839837685493465,-0.05252461561244881,0.0,-41.66660231995971,-16.625790132383173,-29.14619622617144,25.040812187576535,-30.13962984085083,-30.161936283111572,-30.1507830619812,-0.022306442260742188,0.0010091610020026565,0.0022427691146731377,0.021949466317892075,0.0219210647046566,0.0007146126590669155,0.0023575506638735533,0.021724745631217957,0.022031031548976898,-337.5730491956262,35823.187120425355,0.001102843089029193,-506.35456009216733,35820.07860974115,0.001106870942749083,0.0313795767724514,0.0035300860181450844,30482.646270456327,18498.593103497806
0.47194865680711473,0.7582841024510728,0.8450399746450575,0.2160554053923664,-0.35945537986197573,-0.1148413325479345,0.2829126877987884,-0.60460230609222,-39.133606881098046,-13.475168768101241,-26.304387824599644,25.658438112996805,-29.995291233062744,-30.048062801361084,-30.021677017211914,-0.052771568298339844,0.002423121128231287,-0.0006592264398932457,0.02248992584645748,0.02211293950676918,-0.002474060747772455,0.0004246901662554592,0.022467156872153282,0.021861372515559196,-427.85983752263104,35866.38067330494,0.0011421197559684515,-491.28783230102766,35839.679229698064,0.0011859617661684752,0.030474979430437088,0.005957910791039467,30903.367008772628,18316.66648991569
-0.7311385611646524,-0.9667239755705492,-0.7252201546858887,-0.7267142033825197,-0.2714586695901079,0.0,0.8749523328153742,0.9770394027804084,-44.59958578794664,-14.108742808286308,-29.354164298116473,30.49084297966033,-30.13282299041748,-29.962639808654785,-30.047731399536133,0.1701831817626953,-0.0019518198678269982,-0.00146776984911412,0.02247256226837635,0.02142193727195263,0.002337836194783449,-0.0009379737311974168,0.022423550486564636,0.02234901674091816,-406.77295259072525,35852.23561064064,0.0011225449852645397,-321.44943362795215,35820.52729439577,0.0011013378389179707,0.03127364441752434,0.0044110007584095,30472.767493836534,18515.698638719437
0.024354317538344692,0.0041352204800785206,-0.1690698675094425,-0.27346774218326025,-0.42000579200986593,-0.6802787112780526,-0.881976276361856,0.0,-42.473913589256995,-10.26104585693825,-26.367479723097624,32.21286773231874,-30.00523567199707,-29.9106502532959,-29.957942962646484,0.09458541870117188,-0.0010200366377830505,-0.002265293849632144,0.02228691801428795,0.02226918190717697,0.00031646015122532845,-0.0021657526958733797,0.02205425128340721,0.023013167083263397,-485.25089247937893,35849.608464432225,0.0011414418695494533,-392.77954530452166,35739.73214819977,0.0012087624054402113,0.03224130719900131,0.0035971079487353563,30481.765154881865,18456.422466976986
0.9126380090297239,0.8856145450988965,0.637973974940073,-0.13071034776022833,0.159109473196073,-0.09167281078742151,-0.49668544716087,-0.6814565522687839,-38.28300424113863,-8.893074711710824,-23.588039476424726,29.389929529427803,-29.824442863464355,-30.077173709869385,-29.95080828666687,-0.2527308464050293,0.0009562944760546088,0.0023775827139616013,0.022702082991600037,0.022788146510720253,-0.001014716923236847,-0.002284940332174301,0.022101430222392082,0.02208309806883335,-392.6488091798742,35832.30225714773,0.0010711131617426872,-310.96136203356247,35848.60803682964,0.001183561165817082,0.0332169234752655,0.003747236216440797,30728.69320126718,18640.57381043146
0.0,-0.013957272259701392,-0.0633008957589119,0.22859008518065457,0.3481298389646905,0.02476630902697985,-0.1008684536633242,0.0,-42.11011412123048,-18.493535915813027,-30.301825018521754,23.616578205417454,-30.18731117248535,-29.91461753845215,-30.05096435546875,0.2726936340332031,-0.0007314899703487754,-0.0023282284382730722,0.021671874448657036,0.021958164870738983,-0.0021887593902647495,-0.0012876942055299878,0.023131154477596283,0.021871346980333328,-251.76688712032086,35823.32151512299,0.0011212924728170037,-418.290984339542,35799.3382653079,0.0010647623566910625,0.030985262244939804,0.0032678539864718914,30728.430792857707,18898.890939002555
-0.5393236005821752,0.07067670082604272,0.5750639659546979,0.0,-0.3080295002753009,-0.07121836307310625,0.5623596659505434,0.12190278581739977,-35.30850001893975,-13.765378881450772,-24.536939450195263,21.54312113748898,-30.306074619293213,-30.452091693878174,-30.379083156585693,-0.14601707458496094,0.0002254397259093821,-0.002425938146188855,0.020976204425096512,0.022045698016881943,-0.002075337106361985,0.001187813002616167,0.0210171677172184,0.021300185471773148,-283.9521118368199,35849.21669821418,0.001122751971706748,-533.8427047242245,35865.47862391176,0.001214408315718174,0.030342672020196915,0.0025776249822229147,31226.47424007883,17877.92841931096
0.033461725585521816,0.029027512855588643,-0.12620009640270213,0.07464541398760621,0.09729398536359007,0.07414833151425537,0.12923279063615312,0.0,-44.96395503820122,-17.42741720211012,-31.19568612015567,27.5365378360911,-30.471558570861816,-30.56349754333496,-30.51752805709839,-0.09193897247314453,-0.0023424820974469185,-0.00022047318634577096,0.021612750366330147,0.020602427423000336,0.0017515169456601143,-0.0015671076253056526,0.020525285974144936,0.021248625591397285,-444.8954304160706,35809.928022902044,0.00110118358861655,-447.8317441926757,35812.20114764202,0.0010915175080299377,0.029437914490699768,0.005756184924393892,30697.916629598585,18800.249751051742
-0.2272557408337738,-0.23082442671879594,0.8695886734315988,0.7348025437309373,-0.26663141324551376,-0.4545826156629852,0.057625668644383565,0.0,-40.60597469776826,-14.780315338874686,-27.693145018321474,25.825659358893574,-30.580272674560547,-30.524539947509766,-30.552406311035156,0.05573272705078125,0.0022435463033616543,0.000671287183649838,0.021445365622639656,0.020237121731042862,0.0015548082301393151,0.0017820211360231042,0.021334277465939522,0.020627275109291077,-292.71935144651195,35858.911208767095,0.0011940178228542209,-566.972104474753,35856.44760278404,0.0010858412133529782,0.028873685747385025,0.004801773000508547,30465.316388439624,18726.503573380243
0.9369360521846773,0.7898378049307658,0.26271434467591404,-0.04751353410713455,-0.4190076822735588,-0.12340631929261325,-0.6916353615649802,-1.0,-43.78422304081613,-11.775921642863835,-27.780072341839983,32.008301397952295,-30.52271604537964,-30.537757873535156,-30.530236959457397,-0.015041828155517578,-0.0015956044662743807,0.0017302092164754868,0.020544255152344704,0.021424179896712303,7.127480785129592e-06,0.002364350715652108,0.02049526572227478,0.021398354321718216,-513.6012848308206,35814.78329532386,0.0011325485538691282,-385.39536761126715,35897.42853350882,0.0012496990384534001,0.02923682890832424,0.003602545941248536,31243.78555444648,17335.821583246106
0.00957577055377933,0.004160737737417094,-0.15000147610597697,-0.23370164312668845,-0.27775734914584355,-0.40042723471451713,-0.8259472376919275,0.0,-41.70833504031543,-11.854400336969663,-26.781367688642547,29.85393470334577,-30.512659549713135,-30.505454540252686,-30.50905704498291,0.007205009460449219,-0.002142753917723894,-0.0009802586864680052,0.021610945463180542,0.020397834479808807,-0.0006351983756758273,-0.0019705835729837418,0.02081405743956566,0.021274888888001442,-508.16880667836705,35845.691777713044,0.001191526185721159,-505.2659206655113,35741.88769228509,0.0012086675269529223,0.029924500733613968,0.004702938720583916,30468.59573304683,18623.83167784191
0.7401460627909013,1.0,0.6785467024785972,0.17185888557862275,-0.11776753249775973,-0.1406531588073655,-0.46751605690555964,-1.0,-42.910783969525966,-10.740453632186018,-26.82561880085599,32.17033033733995,-30.458626747131348,-30.469603538513184,-30.464115142822266,-0.010976791381835938,-0.002360848244279623,-0.00018876936519518495,0.021645212545990944,0.020631466060876846,0.00045691977720707655,0.0023338356986641884,0.020851027220487595,0.021379655227065086,-366.37681753569836,35858.20826147745,0.0011553310323506594,-375.33197382552436,35860.336264612786,0.0011864122934639454,0.028718624264001846,0.005478624254465103,30696.592627527345,18704.522020324606
-0.857133533773421,-0.9819437171529838,-0.8744178824435123,-0.7826729318993553,-0.43588114230283226,-0.5454539110667493,-0.3480125938436116,1.0,-38.40745172208272,-16.14085085132723,-27.274151286704974,22.26660087075549,-30.63225746154785,-30.632121562957764,-30.632189512252808,0.00013589859008789062,-0.0020432015880942345,-0.0003027922357432544,0.02117856591939926,0.02029089629650116,-5.6540477089583874e-05,-0.0023426280822604895,0.020295118913054466,0.021146217361092567,-375.36721082694345,35780.009637941585,0.0012632921570912004,-270.9242283244739,35826.22727888317,0.0011299168691039085,0.02950967475771904,0.004849340301007032,30276.021517804533,18316.84656987474
-0.5401487114283137,-0.39514451906701054,-0.027752658381691386,0.5342738663649838,0.2284580409860894,-0.13286277278186887,0.10281224634786545,-0.0035962919216848688,-37.247212653314136,-14.929968022011963,-26.08859033766305,22.317244631302174,-30.568859577178955,-30.609400272369385,-30.58912992477417,-0.04054069519042969,0.002301283646374941,-0.0005175404949113727,0.021107858046889305,0.02064281888306141,0.0020600950811058283,0.0011053946800529957,0.021364016458392143,0.020179029554128647,-393.5545123495543,35861.41741036544,0.0012120308820158243,-497.75153400968424,35871.082383260575,0.0011749735567718744,0.028417712077498436,0.005493853706866503,30919.56787026077,18416.413019603817
0.5852513543384114,0.484544826303228,-0.032255019851554136,0.15703369475697643,0.8166158999871669,0.25150512712548156,0.4211962239590099,0.0,-40.67678707711017,-14.899267202322335,-27.788027139716252,25.777519874787835,-30.381672382354736,-30.466175079345703,-30.42392373085022,-0.0845026969909668,-0.00017918163212016225,-0.002143137389793992,0.020970335230231285,0.02171376347541809,0.0013175525236874819,-0.0019847960211336613,0.02054929919540882,0.02168571949005127,-364.66434962900234,35726.42501271773,0.001149473711848259,-530.3619585668682,35860.484462699314,0.0011918313102796674,0.03038366138935089,0.0026315839495509863,30974.420654074023,19339.368124823002
0.0,-0.024178852049193608,0.10485244534371313,0.3649823877458047,0.21233706600648422,0.05705976887597086,0.22087477583575588,0.0,-40.92046758193129,-18.479747350155492,-29.70010746604339,22.4407202317758,-30.57945728302002,-30.484094619750977,-30.531775951385498,0.09536266326904297,-0.0019960140343755484,-0.0012503392063081264,0.021414458751678467,0.020272312685847282,-0.0017488603480160236,0.0015878998674452305,0.020707888528704643,0.021450506523251534,-394.369340615016,35843.29102119703,0.0012165362713858485,-352.4316146021541,35810.74788837932,0.001093788887374103,0.02991408482193947,0.004331881180405617,30472.125611770192,18520.479507096294
0.7753365624153032,0.7354686750429272,0.8830814969937734,0.3153412510417597,-0.100359969857445,-0.19461433394457628,-0.4755064831145095,-1.0,-39.15329573057028,-8.822505222748646,-23.987900476659462,30.330790507821632,-30.47776699066162,-30.505995750427246,-30.491881370544434,-0.028228759765625,0.0019456202862784266,0.0013577549252659082,0.02163521759212017,0.02054540440440178,-0.001947656273841858,-0.0013530831784009933,0.021575598046183586,0.020466819405555725,-411.918540838413,35859.73033118693,0.0011822280939668417,-524.2005485941886,35871.81033524713,0.0011895429342985153,0.029954947531223297,0.004036865197122097,30473.739899659406,18470.366574376596
0.15259609575714203,-0.028363333654799726,-0.0758577715424236,0.1232725358367216,-0.08534985998696026,-0.02191158857711417,-0.13434300179208802,0.0,-44.544672768673934,-17.8036015018659,-31.174137135269916,26.741071266808035,-30.309696197509766,-30.370638370513916,-30.34016728401184,-0.06094217300415039,0.00039395131170749664,0.002379742218181491,0.02121184952557087,0.021803950890898705,0.0018303205724805593,0.0015584720531478524,0.021847616881132126,0.02085905894637108,-422.5835832884675,35798.58365258863,0.0010801125317811966,-463.80613230921995,35863.79476269671,0.0011379695497453213,0.031088316813111305,0.0031054955907166004,30730.11167164493,18466.70159474945
0.4096512768410083,0.5949261167913651,0.8726209504691356,0.5740924132611968,0.1575564171822219,0.15482492739534892,-0.4558912999107768,-1.0,-36.752399413386115,-9.791514919336976,-23.271957166361545,26.96088449404914,-30.551791191101074,-30.368781089782715,-30.460286140441895,0.18301010131835938,-0.001377875218167901,-0.0019282161956653,0.021161261945962906,0.020670507103204727,0.0018408035393804312,0.0015551968244835734,0.021854637190699577,0.020860446617007256,-419.11897350626714,35833.80569384696,0.0012254267930984497,-390.9067718873326,35829.15782998966,0.0011559922713786364,0.030097972601652145,0.0034609234426170588,30481.110798697908,18420.947302634973
0.890153081386004,1.0,0.20779011474052453,-0.11136558658343373,0.29894082437979325,0.1074152942842399,-0.6866368524416772,-1.0,-48.75369617598511,-13.107148911073352,-30.930422543529232,35.64654726491176,-30.40639877319336,-30.474824905395508,-30.440611839294434,-0.06842613220214844,0.0010853998828679323,0.0020877656061202288,0.021344011649489403,0.0212029330432415,0.002274242229759693,-0.0006890458753332496,0.02124701254069805,0.020960677415132523,-382.39879058166497,35846.811240100025,0.0010923013323917985,-394.93933052004127,35854.05745731406,0.001204012893140316,0.030578749254345894,0.0037562542129307985,30478.961255944057,18347.590795271146
-0.3642770120054178,-0.37879685284075837,0.048000308071107944,0.20090679914910847,0.285999902806233,-0.2015922476204713,-0.16381682604935421,0.4026758055767038,-37.58474274864875,-16.347092794587127,-26.96591777161794,21.237649954061624,-30.37639617919922,-30.49208641052246,-30.43424129486084,-0.11569023132324219,-0.002389599336311221,0.0003544585779309273,0.02166346088051796,0.021019984036684036,0.0007403820054605603,-0.0022505144588649273,0.020439835265278816,0.02166740782558918,-371.2641334002816,35844.97085762919,0.0011611839290708303,-334.81841268947414,35837.39942738822,0.0011257573496550322,0.029760392382740974,0.0057327719405293465,30690.172268592338,18816.98775406927
0.9620202618828811,0.9589867132865236,0.669194411082201,0.4083479525352194,0.21068882208083584,-0.09609197428709104,-0.5323809353271112,-1.0,-37.30639901186581,-7.336756171688535,-22.32157759177717,29.969642840177272,-30.613908767700195,-30.5273175239563,-30.570613145828247,0.08659124374389648,-0.002164549892768264,0.0008615056285634637,0.020817698910832405,0.020721353590488434,0.0006654874887317419,0.002267309930175543,0.020819133147597313,0.021133920177817345,-307.6053175787075,35819.22074949106,0.0011254596756771207,-455.92276128153213,35838.792249792445,0.0011439957888796926,0.027790745720267296,0.005329953972250223,31086.514648284785,17884.785740794043
0.012855502537201514,-0.16612437238579184,-0.18862381097840447,0.09598144342964121,0.2289551486570478,0.0031976678939270586,-0.1518923876505197,0.0,-36.19821125533548,-19.511327391363466,-27.854769323349473,16.686883863972014,-30.58011531829834,-30.625591278076172,-30.602853298187256,-0.04547595977783203,-0.0013432400301098824,0.0019257316598668694,0.020298926159739494,0.021386951208114624,0.0023188532795757055,-0.0002356459735892713,0.021096056327223778,0.02038063481450081,-309.6606942465079,35833.812411578474,0.0010498962365090847,-540.6099859728658,35845.62037181091,0.0011335957096889615,0.028678201138973236,0.0035607435274869204,31245.9966891601,17305.410538068045
-0.12489606328057051,0.3263362386623224,0.0,0.1183283130226803,-0.25142215220558867,0.1448351061470926,0.5877827293398177,-0.40101846959851895,-41.11692462719742,-14.585420104871787,-27.851172366034604,26.531504522325633,-30.252463817596436,-30.25838851928711,-30.255426168441772,-0.005924701690673828,0.002349104266613722,0.0006786262383684516,0.022266609594225883,0.02101771906018257,0.0014728750102221966,0.00195579812861979,0.02192545495927334,0.021342895925045013,-366.83733646473934,35829.799318484256,0.0011798149207606912,-402.9968306601409,35815.48612189328,0.001153153833001852,0.030844638124108315,0.005118246655911207,30465.188387827144,18734.70581309014
0.6167876502922102,0.17680937753690212,-0.04285851147565242,0.08848912375026707,0.48063518930223176,0.08205777330924446,-0.3808315493553081,0.0,-44.3821182925746,-12.465040662708589,-28.423579477641596,31.917077629866014,-30.163397789001465,-30.117478370666504,-30.140438079833984,0.04591941833496094,0.00021024479065090418,-0.002425083424896002,0.021352410316467285,0.022388046607375145,-0.0024825935252010822,0.00011906086729140952,0.02241893857717514,0.021552857011556625,-262.5064265756381,35831.75672931749,0.0011131821665912867,-552.2574080625429,35827.67591471223,0.0010661646956577897,0.030722592025995255,0.002892268355935812,30977.9867613165,18385.025138108445
0.07222272695683031,0.004581950405446164,0.38962872639461854,0.41773235951143756,-0.2630137970205689,-0.19089176216159953,0.0782837353793171,0.0,-38.97679401066068,-14.118050648068277,-26.54742232936448,24.858743362592406,-30.192735195159912,-30.234742164611816,-30.213738679885864,-0.0420069694519043,0.002355082891881466,-0.0006931372336111963,0.021955111995339394,0.02164573408663273,0.0024058078415691853,-0.0003911464591510594,0.022002652287483215,0.021385179832577705,-407.26069837410984,35828.24153944467,0.0011609538923949003,-372.4602538282336,35876.15540031931,0.001127975876443088,0.030005455017089844,0.005870958790183067,30889.865503160232,18250.858984310707
0.977213937347855,0.6745005396204319,0.5075982707627514,0.12933682163346993,0.05934351737539928,0.028590501980694794,-0.6269753613145338,-1.0,-42.45288432389802,-9.756979408978964,-26.10493186643849,32.695904914919055,-30.070855617523193,-30.084447860717773,-30.077651739120483,-0.013592243194580078,0.00023285177303478122,0.0024628916289657354,0.02172570489346981,0.022487573325634003,0.0015104778576642275,0.00197846838273108,0.022368328645825386,0.021776242181658745,-438.19369821187956,35836.98910725223,0.0011058824602514505,-408.6262144983413,35828.65048234265,0.0011556703830137849,0.031859494745731354,0.0031577737536281347,30731.910519044326,18834.274744476203
-0.016680615065783055,0.0012829502716122337,-0.21209358523749006,-0.3371306366418574,-0.4162054093826548,-0.58519653815887,-0.7915421102438002,0.0,-45.91397153194856,-14.910276177044347,-30.412123854496453,31.003695354904217,-29.930238723754883,-29.970786571502686,-29.950512647628784,-0.040547847747802734,-0.002131654415279627,0.0013130458537489176,0.022301318123936653,0.02264014072716236,0.0019790050573647022,-0.0010032471036538482,0.02247106097638607,0.022290753200650215,-302.9570448366293,35834.45996060667,0.0010705947643145919,-455.4543948884215,35743.13672108991,0.0012220623902976513,0.030236344784498215,0.00460522435605526,31260.610600451284,17227.548849677194
0.29333704671131633,0.6101893121588255,0.9869129503998637,0.9414596914919855,0.38712963808716305,0.11167672932916817,0.13265579988936071,-1.0,-38.25646689306538,-13.437124248574221,-25.8467955708198,24.819342644491158,-30.166645050048828,-30.12427806854248,-30.145461559295654,0.042366981506347656,0.0015516187995672226,-0.0019142746459692717,0.021337123587727547,0.022383268922567368,-0.0021249388810247183,-7.258391997311264e-05,0.022428223863244057,0.021546313539147377,-411.68486488104816,35868.14813122171,0.001183556392788887,-215.4963643813002,35757.02242595801,0.0012658711057156324,0.03037075698375702,0.00411382457241416,31247.638076343672,17274.69631454519
-0.9703823569865446,-0.9327176944486572,0.0,0.41332606256177895,0.6769790319914124,0.5276958969308181,0.5634730575724252,0.9453461601635259,-45.725758113375946,-15.212981426036663,-30.469369769706304,30.512776687339283,-30.532195568084717,-30.74697494506836,-30.639585256576538,-0.21477937698364258,-0.0014544567093253136,-0.0018461017170920968,0.021253719925880432,0.020674241706728935,0.0013959112111479044,-0.001837884890846908,0.01993286982178688,0.020960340276360512,-402.3566712586392,35839.65609837619,0.001142078428529203,-498.4513304218604,35808.70589591354,0.0010717578697949648,0.030063806101679802,0.0038224293384701014,30476.713461346866,18387.30964769361
-0.9792469446455497,-0.9296226243592814,-0.5706440746156265,-0.5016606129818613,-0.6934962256739395,-0.607078241974669,-0.33817255961941683,1.0,-38.88870556954623,-15.615359292659775,-27.252032431103004,23.273346276886457,-30.790164470672607,-31.083056926727295,-30.93661069869995,-0.2928924560546875,-0.0020143319852650166,3.507951623760164e-05,0.0207506213337183,0.019975043833255768,0.0008402066887356341,-0.002050773473456502,0.01908692717552185,0.020249908789992332,-512.0786414060251,35780.89508929331,0.0012347697047516704,-689.0361303254708,35814.2835029863,0.001157270511612296,0.028424974530935287,0.005102052818983793,30521.90876236491,18636.688066060662
0.9540564716310916,0.855346615470274,-0.09031781569112704,0.2790812460680364,0.4668030558235954,0.3825354977078668,0.07106020770459476,-0.3283300393252859,-44.153362810192675,-13.476109995855836,-28.814736403024256,30.67725281433684,-35.03661632537842,-34.904348850250244,-34.97048258781433,0.13226747512817383,0.0011849896982312202,-0.0007463137153536081,0.012374622747302055,0.012588895857334137,-0.0005731970304623246,-0.0013093793531879783,0.012670541182160378,0.012676128186285496,-727.443137796863,35860.00221944132,0.0012830616906285286,-632.317530638128,35894.19461922586,0.0013770271325483918,0.017151005566120148,0.00283561903052032,31265.739425738208,17309.69404595497
0.13055187075636196,0.11389993019536991,0.09263126959149326,-0.04418024592320846,-0.3101164722809792,-0.4378008763717917,-0.7685385587188671,0.0,-40.32456667247271,-5.740846000969446,-23.03270633672108,34.583720671503265,-36.87110424041748,-37.25351095199585,-37.062307596206665,-0.38240671157836914,0.00017149750783573836,0.00111459381878376,0.009962220676243305,0.010247890837490559,0.0007762646418996155,-0.0005063210846856236,0.009686488658189774,0.009670866653323174,-996.7875377385594,35923.40472220836,0.0015592618146911263,-1328.6870434076711,35893.483870393036,0.001673922874033451,0.01426719781011343,0.0016673676436766982,30731.05635202575,18948.38775249775
0.7103259786154319,0.9875825850886824,0.7650543656376276,0.036318922689616784,-0.5840022524374404,0.0013904365307048083,-0.0774075020698144,-0.833837295782229,-43.214234527923,-12.886417048798819,-28.050325788360908,30.327817479124178,-36.16234064102173,-36.16337299346924,-36.16285681724548,-0.0010323524475097656,0.0006966831278987229,-0.0010103089734911919,0.010678463615477085,0.011244408786296844,0.0008153334492817521,0.0009234179742634296,0.011148765683174133,0.010775086469948292,-932.1037550039797,35911.0035342276,0.001428235205821693,-1125.565974136325,35942.469774608035,0.0015230426797643304,0.015247950330376625,0.0020431727170944214,31236.347134375173,17452.42058041812
0.6419643468520668,0.5440145557424909,0.3665139078243345,0.32191701492433966,0.30981607748644524,0.22811984162202836,0.1101280809742724,-1.0,-46.24913914359422,-16.10890108770674,-31.17902011565048,30.14023805588748,-36.96004867553711,-36.8361234664917,-36.898086071014404,0.12392520904541016,0.0010947370901703835,-0.00017814067541621625,0.010138042271137238,0.009867123328149319,-7.178297528298572e-05,0.0009913267567753792,0.009930124506354332,0.010373220779001713,-1038.916032318941,35920.52261301199,0.001444665133021772,-1165.3488453374136,35900.86633293777,0.001414163620211184,0.013514092192053795,0.0027838496025651693,30894.927203440555,18588.066469486424
0.8872471369571306,1.0,0.7439472435582578,0.3522626096858458,0.04352784170726387,-0.20518344476599654,-0.3905823741784295,-1.0,-46.33790963861816,-9.827192165857753,-28.082550902237955,36.510717472760405,-35.68854331970215,-35.71964502334595,-35.70409417152405,-0.031101703643798828,-0.00038261726149357855,0.0012233528541401029,0.011261719278991222,0.011890971101820469,-0.0012470146175473928,0.00038546803989447653,0.011610866524279118,0.011463981121778488,-949.4048914431522,35926.02858971984,0.0013910961570218205,-812.5889384225477,35917.589135389215,0.001471585244871676,0.016220862045884132,0.0018153463024646044,31225.027281350893,18236.824437619725
0.06562085940587703,-0.09408762257196024,-0.595003412566843,-0.9655067060162926,-0.3574402950605454,-0.34348564112573465,-0.8688907667727059,0.21311643690268087,-44.29004559120345,-12.37085681753723,-28.33045120437034,31.91918877366622,-33.622353076934814,-33.26093673706055,-33.44164490699768,0.3614163398742676,-0.0014801054494455457,-7.954125612741336e-05,0.014992478303611279,0.014398038387298584,0.00030759841320104897,0.0016962510999292135,0.015112200751900673,0.015511628240346909,-749.6032079868947,35785.639393718644,0.0012595985317602754,-674.8572242438682,35920.120882570234,0.0012853414518758655,0.020848365500569344,0.003970976918935776,30522.062130873182,18285.109656914414
-0.03784437285298538,0.08413150884829586,0.08722339771229498,0.3145952478621769,0.5113926526788608,0.08404936885100661,-0.03782134445325902,0.0,-40.39788445859415,-17.355074029585978,-28.876479244090064,23.04281042900817,-31.514570713043213,-31.12589120864868,-31.320230960845947,0.38867950439453125,0.0001322747702943161,-0.0021016965620219707,0.018269186839461327,0.01916707307100296,-0.0021955748088657856,-0.0003092234837822616,0.02009080909192562,0.019054559990763664,-330.86322692127294,35859.89015708197,0.0012356425868347287,-427.4264249136909,35771.33808386648,0.0010801948374137282,0.026172339916229248,0.0022414694540202618,30978.694356251337,19500.25809779544
0.33677314305707395,0.3422873952883514,0.6672124107564997,0.42444244114269675,-0.3745587406761124,-0.46454052915110683,-0.566965076493292,-1.0,-34.88036616523601,-8.657605197440034,-21.768985681338023,26.222760967795978,-30.383617877960205,-30.39618730545044,-30.389902591705322,-0.012569427490234375,0.0014613040257245302,-0.0019110690336674452,0.020792456343770027,0.021848192438483238,0.0023311316035687923,-0.0005899507086724043,0.02149464190006256,0.021095264703035355,-453.6578263704371,35884.561820447336,0.0011298487661406398,-518.530572265985,35821.36741803237,0.0011948526371270418,0.029163997620344162,0.0040194084867835045,31250.6928571451,17261.686975375032
0.05500606850370552,-0.02530354969231864,-0.20430283433041777,0.09604488044819226,0.18803337935934233,0.01158206434763609,0.025835688459950767,0.0,-44.08663844798093,-17.947632302108673,-31.017135375044802,26.13900614587226,-30.2415132522583,-30.14770269393921,-30.194607973098755,0.0938105583190918,-0.002338829217478633,-0.0006327229202724993,0.022278381511569023,0.02106444723904133,0.0014832456363365054,-0.001956376014277339,0.021370165050029755,0.022446615621447563,-383.36337471533443,35828.327765495385,0.001106542767956853,-430.48911952202945,35849.305327119524,0.0010914759477600455,0.030687766149640083,0.005537977907806635,30462.423555555633,18902.85117560103
-0.30423928141383616,0.042957185865613035,0.49243833817517924,0.4922317838446409,0.3376105907294519,0.5107146037790209,0.42255188474233357,-0.05639501983676406,-31.325310931133743,-12.287335741186894,-21.806323336160318,19.03797518994685,-35.57915449142456,-37.066333293914795,-36.32274389266968,-1.4871788024902344,0.000663558195810765,0.0011494997888803482,0.01180637814104557,0.011644559912383556,0.0011176425032317638,-3.974907303927466e-05,0.010075706988573074,0.009681494906544685,-942.517530701256,35863.66260871072,0.0014200693694874644,-1095.115665045242,35878.08464563038,0.0014938953099772334,0.016556020826101303,0.0018996144644916058,30728.821068458117,18475.09577068326
0.16713550678370548,0.04267312821820097,-0.11362209537204909,-0.20077011296364022,-0.2979129020972604,0.039541393596625896,0.16768681900111038,0.0,-43.00891991317337,-15.471750012535978,-29.240334962854675,27.537169900637394,-29.676847457885742,-29.747023582458496,-29.71193552017212,-0.0701761245727539,-0.0025980703067034483,-2.6608278858475387e-05,0.023632017895579338,0.022627945989370346,0.0014386714901775122,0.002146949991583824,0.02318727597594261,0.022707948461174965,-355.99226332644247,35841.93599460758,0.0010847264202311635,-455.77588291710174,35845.90322680141,0.0011923215351998806,0.032122235745191574,0.006198921240866184,30691.078234020795,18764.898275153926
0.01278785342156886,-0.1343029181028861,0.23585627408755047,0.3982639307774223,0.19952979907248972,0.2568229254350316,0.02920800302632076,0.0,-42.24468731224658,-20.764985473929528,-31.504836393088056,21.479701838317055,-32.43052005767822,-33.479862213134766,-32.955191135406494,-1.049342155456543,-0.0003911223029717803,-0.0018569579115137458,0.01665467768907547,0.017042025923728943,-9.846960165305063e-05,-0.0016601423267275095,0.014656717889010906,0.015204422175884247,-885.2285699255741,35863.14606758497,0.0012464825995266438,-834.0349548793689,35861.19327821281,0.0011816670885309577,0.024499088525772095,0.00259127514436841,30730.187021842215,18766.05283498261
0.010259526360448357,-0.03504430210430731,-0.21948329080789153,0.5984456061989282,0.4782805227881312,0.37441142663537363,0.18462923198400905,-0.061738830963984304,-49.07948798419011,0.5459739714682144,-24.266757006360947,49.625461955658324,-38.07708024978638,-38.35937738418579,-38.218228816986084,-0.28229713439941406,-0.0005481812986545265,-0.0007901496719568968,0.008884497918188572,0.008708737790584564,-0.0008296255255118012,0.0004322464228607714,0.0084824925288558,0.008548365905880928,-1318.2334389700907,35856.786034440185,0.0014496835647150874,-1397.309143143173,35931.00647727863,0.0016562503296881914,0.012462407350540161,0.0018882954027503729,30475.440867395577,18491.54981962264
-0.1373071520609408,-0.14702052540989302,-0.09833111749209095,0.021938344876251244,0.027582653506447292,0.01106938769859682,0.10215441287782613,0.0,-29.919480966216945,-16.82622563741201,-23.372853301814477,13.093255328804936,-37.59843111038208,-37.557923793792725,-37.5781774520874,0.04050731658935547,6.297937943600118e-06,-0.0008708256063982844,0.00911657977849245,0.009485380724072456,-0.000529071781784296,-0.0007721841102465987,0.009362329728901386,0.009324298240244389,-1190.4308214774887,35960.93292448771,0.0016885129734873772,-1115.9785713604774,35800.31543855863,0.001530703972093761,0.012952718883752823,0.001424333080649376,31226.87579622442,17582.35308915884
-0.16604494437919948,0.1847027193715809,0.3813228728187213,0.24150606323857016,0.35919740580373377,0.09792553936000314,0.2613199875313699,0.0,-34.102865407229274,-5.403491327852862,-19.753178367541068,28.699374079376412,-37.67030954360962,-37.740185260772705,-37.70524740219116,-0.06987571716308594,0.0009478206629864872,-0.00041463691741228104,0.009219908155500889,0.009214787743985653,-0.0005070958286523819,0.0008901223773136735,0.008882800117135048,0.009397161193192005,-1443.0286073062612,36007.57223113159,0.0016700898995622993,-1176.7896942470195,35905.73093620084,0.001553375506773591,0.012646656483411789,0.0025738466065376997,30900.425340608042,18397.631335855345
0.31251470602401477,0.33947528218556233,-0.05451654822029922,0.0690724323282129,0.7582705258415169,0.9000044222000856,0.15588926633770495,0.0,-39.93726514542383,-18.002074770846264,-28.969669958135047,21.935190374577566,-38.234407901763916,-38.27351093292236,-38.25395941734314,-0.039103031158447266,0.0005851942114531994,0.0006433018133975565,0.008725141175091267,0.008560219779610634,0.00043327384628355503,-0.0008665446657687426,0.008344226516783237,0.008845958858728409,-1444.0133954163884,35738.35888025908,0.0014895136700943112,-1533.7934050016663,35881.03711170181,0.001515776733867824,0.01237941812723875,0.0016889022663235664,30242.28377817453,19785.109776416783
-0.7560831488468397,-0.917211475992499,-0.5677729563781253,0.27690050441219766,0.19367560018941626,-0.0178755258738722,0.5402841650988583,1.0,-29.603700128277183,-16.57962854792234,-23.09166433809976,13.024071580354843,-38.35975170135498,-38.16213846206665,-38.260945081710815,0.19761323928833008,-0.0009091738611459732,-0.00029045206611044705,0.008756767027080059,0.008264252915978432,0.0008655725978314877,0.0004200667317491025,0.008950402960181236,0.008464395999908447,-1349.1172972003706,35977.91323121711,0.001722961664199829,-1341.1482125617154,35938.59212910369,0.0015040194848552346,0.012291026301681995,0.0018635632004588842,30471.03728505103,18583.986908007904
0.9262689869618971,0.8444926985384118,0.5229064038360289,0.39066503655379475,0.053531270533908826,0.06632138337297411,-0.4030854618752093,-1.0,-46.82540955822759,-9.093520012058661,-27.959464785143126,37.73188954616893,-38.29030513763428,-38.32451820373535,-38.307411670684814,-0.03421306610107422,-0.0009565967484377325,-7.0567839429713786e-06,0.008766519837081432,0.008394901640713215,-0.00021239923080429435,0.0009322663536295295,0.008306826464831829,0.008784106932580471,-1366.0093110347195,35943.5567625138,0.0015075813280418515,-1595.7678894404778,35903.75227126009,0.0016991083975881338,0.011652203276753426,0.0022107711993157864,30929.05725791733,18424.614431719216
0.019608748072666056,-0.10729541484108057,-0.33800038542631616,-0.4194186117191688,-0.3563100566875946,-0.49017683760189157,-0.8120261647447813,0.0,-43.713168528489575,-13.6496046986891,-28.68138661358934,30.063563829800476,-38.2144570350647,-38.56528997421265,-38.38987350463867,-0.3508329391479492,-0.00016320643771905452,0.0009453559760004282,0.008433916606009007,0.008877039887011051,-5.08490702486597e-05,0.0008226053905673325,0.0081394724547863,0.008497989736497402,-1600.6427127594366,35873.01422210498,0.0014320120681077242,-1420.5726164440425,35900.27230210337,0.0016635411884635687,0.01216546818614006,0.0012213075533509254,31224.836116512277,18325.27533828126
-0.014548802585953695,0.11754916013212377,-0.39552751526523877,-0.917760275029585,0.27458746440622406,-0.04895504612737134,0.01112529979031962,-0.43144140521789287,-34.35053952076902,-15.44557870942549,-24.898059115097254,18.90496081134353,-38.584158420562744,-38.493807315826416,-38.53898286819458,0.09035110473632812,-0.0006888119387440383,-0.0006351312040351331,0.00847663078457117,0.008112442679703236,0.0006079844897612929,0.0007049291743896902,0.008516788482666016,0.008249425329267979,-1753.2391419681605,35987.583385415564,0.001777197583578527,-1364.0591554902437,36008.90126274084,0.0016968073323369026,0.011920997872948647,0.0016516509931534529,30478.320862318546,18467.65252098325
0.6664480058470376,0.6717508287241395,0.6070339993063687,0.6177726069590331,0.6143272783169177,0.5620506234341018,0.8341136797486506,-1.0,-39.810557459968535,-13.333068081941848,-26.57181277095519,26.47748937802669,-38.57645034790039,-38.70123624801636,-38.638843297958374,-0.1247859001159668,0.0004927353002130985,-0.0006899803993292153,0.008159340359270573,0.008455488830804825,0.0002672203700058162,0.0007605310529470444,0.00811619684100151,0.008266526274383068,-1616.9883757102511,35858.03246352172,0.001805219566449523,-1966.5595062639459,35938.6023331308,0.0017545028822496533,0.011262373998761177,0.0016347512137144804,31236.581927946037,17365.255989139914
-0.9284723618609255,-0.8901673556465255,-0.2257768637765989,0.21206803886013392,-0.1659221805979542,0.059185494844502584,0.5493274705090596,1.0,-29.03976087732923,-13.65080721958492,-21.345284048457074,15.38895365774431,-38.3115029335022,-38.45697641372681,-38.3842396736145,-0.14547348022460938,-0.0005307125393301249,-0.0008038695668801665,0.008647043257951736,0.008474688045680523,-0.00010178512457059696,-0.0009369057370349765,0.008279691450297832,0.008556785993278027,-1805.6620086718829,35960.386602578335,0.001615407527424395,-1352.8059580917784,35905.6756343269,0.001593777327798307,0.012481977231800556,0.0015657232142984867,30728.75080191067,19179.586364709252
0.8922687920111682,0.9689533573321438,0.6427942915547621,0.2430425914974978,0.19621179504738495,-0.09452989019857189,-0.5363776240287158,-1.0,-45.52333473116832,2.0199740936903936,-21.751680318738963,47.54330882485871,-38.43600273132324,-38.14986228942871,-38.29293251037598,0.28614044189453125,0.0005892646731808782,-0.0007300747674889863,0.008241522125899792,0.008634104393422604,0.0008743673679418862,-0.0003864275058731437,0.00871921144425869,0.00872783549129963,-1570.0275029278448,35999.89575513325,0.001582478522323072,-1274.459062110964,36025.6557000863,0.001612938242033124,0.011614108458161354,0.0015357135562226176,31240.08400755307,17506.72039687567
-0.11535023953879465,0.03277179008285624,-0.4922413667974812,-0.34761934333788247,-0.13872263618088798,-0.3831340136879222,-0.7823146356208038,0.0,-37.47810717509782,-13.903641502981188,-25.690874339039503,23.57446567211663,-38.30533027648926,-38.16948652267456,-38.23740839958191,0.13584375381469727,0.0009043063037097454,-0.0003207604750059545,0.008599364198744297,0.00853579118847847,-0.0003102228802163154,0.0008004812407307327,0.008513664826750755,0.008899652399122715,-1380.8893043116973,35893.713402570465,0.001582948723807931,-1590.4153822203814,35908.8910669747,0.0017909685848280787,0.01149908360093832,0.0024719408247619867,30904.95217312355,18680.062831627434
-0.09747623580990461,0.17513913450518914,0.5892515112789175,0.28173055557201465,-0.1998697024416245,-0.11188217926152072,0.31542579909998186,-0.06376780282540874,-35.49578586655835,-6.169952095809066,-20.832868981183708,29.325833770749284,-37.9506516456604,-37.5418758392334,-37.7462637424469,0.40877580642700195,0.0008925383444875479,-0.0004548372817225754,0.008888845331966877,0.008960211649537086,-0.0009801052510738373,-0.00038028278504498303,0.0096244215965271,0.009076718240976334,-1254.9306438992173,35989.185533663374,0.0016240429831668735,-1365.0535369572906,35911.91634369714,0.0016417994629591703,0.01236814633011818,0.002351831179112196,30847.5416747907,18155.691903124083
0.9607194151824288,0.9454531554396444,0.9595054748496379,0.9642170458106051,0.9963906884870196,0.9561460815664585,0.9094873209256575,-1.0,-33.34239794164196,-18.38119952453306,-25.86179873308751,14.961198417108903,-37.38456726074219,-37.19432353973389,-37.28944540023804,0.19024372100830078,0.0009071993408724666,-0.00026937710936181247,0.009629263542592525,0.009433959610760212,-0.0008467843290418386,-0.0006817965768277645,0.00996391847729683,0.009504406712949276,-1210.1739122667188,35949.004113219664,0.0016858892049640417,-1251.0657849985475,35897.98048804032,0.0013809067895635962,0.01290179044008255,0.002659581834450364,30520.671518939802,18274.481418847347
-0.8680362261961885,-0.9846438647496728,-0.19190237975806812,0.22300769112951052,-0.08181724245484903,-0.40257958209501665,0.6491403287610303,1.0,-29.641892994891805,-14.368722588533217,-22.00530779171251,15.273170406358588,-36.11081838607788,-36.047160625457764,-36.07898950576782,0.06365776062011719,0.00122459651902318,0.0001822561607696116,0.011313806287944317,0.01073895487934351,-0.001050251186825335,0.0006779017276130617,0.011007620953023434,0.011213626712560654,-1289.46994723201,35877.24930104396,0.0014179300051182508,-1257.2131637807363,35931.05265961932,0.0014718665042892098,0.015681475400924683,0.0025236562360078096,30467.634674227447,18662.901004923402
0.28348178857224077,0.037209953421717186,-0.1042514802618907,-0.014184323099992513,0.3614088009311283,0.5339978677733308,0.0006416679027112515,-0.15546775320781447,-50.40212145722347,-16.441718894402072,-33.42192017581277,33.9604025628214,-35.40820360183716,-35.57898998260498,-35.49359679222107,-0.17078638076782227,0.0006205685203894973,-0.0011645655613392591,0.011645453050732613,0.012267885729670525,-0.0012507981155067682,-0.00040539889596402645,0.012059432454407215,0.011384188197553158,-1283.204575489941,35843.52516373315,0.001283041900023818,-1297.4280131129665,35909.481801081805,0.001398806576617062,0.01703258976340294,0.0015444468008354306,31228.65100011971,17945.571001268643
0.055315411260836084,-0.029502995865135634,-0.07785054488568452,-0.2908730097432338,-0.22652348040211093,-0.5264722118429412,-0.9468597525662888,0.0,-38.5973810856556,-9.517039393801928,-24.057210239728764,29.08034169185367,-35.65399646759033,-35.754432678222656,-35.704214572906494,-0.10043621063232422,0.000160107811097987,0.0012923749163746834,0.011440059170126915,0.011808848939836025,-0.00011301237827865407,0.0011156313121318817,0.01124822162091732,0.011748242191970348,-948.6510593312605,35919.48699509703,0.0014110689517110586,-1120.312812423032,35844.95664333691,0.0014726306544616818,0.016423074528574944,0.0016442247433587909,30976.642791788363,18825.175866085607
0.28901747416003076,0.5605320627551652,0.8440029285288027,0.3436437057270595,-0.4920785456807501,-0.47448552129094906,-0.3641226164681493,-1.0,-39.06525306860709,-2.9585819324653926,-21.011917500536242,36.1066711361417,-36.78687334060669,-36.83058500289917,-36.80872917175293,-0.04371166229248047,0.0006605847738683224,0.0009373045759275556,0.010324081405997276,0.010082683525979519,-0.0005315903690643609,-0.0009985064389184117,0.01020521204918623,0.010101358406245708,-1548.696676365538,35916.87431698499,0.0014938715612515807,-1017.4857903882685,35938.882506106966,0.001567969680763781,0.014762863516807556,0.0020500265527516603,30479.86404466355,18463.495733726446
0.9462191967004205,0.894702502496707,0.707817846678646,0.6331065533416762,0.720936118305443,0.42363238918479973,0.1271492904714573,-1.0,-42.74382500396399,-15.747455431368333,-29.245640217666164,26.996369572595658,-35.310823917388916,-35.147879123687744,-35.22935152053833,0.16294479370117188,0.001331019913777709,-0.00015146195073612034,0.012282690964639187,0.011904924176633358,-0.0009175223531201482,0.0008191396482288837,0.012225979007780552,0.012435991317033768,-1034.8350961249387,35868.13916572731,0.0012683236273005605,-912.7325458154755,35810.73215225593,0.0012981558684259653,0.016620323061943054,0.003418574808165431,30923.052659920435,18569.775016279596
-0.613643255404146,0.1176974327290512,0.1768131801245465,0.29662482223240966,-0.0793094667956514,-0.04345535010549595,-0.38440932990250315,0.518206003000436,-31.690893123098135,-11.962592447840848,-21.82674278546949,19.728300675257287,-35.16627073287964,-35.30792474746704,-35.23709774017334,-0.14165401458740234,0.00020327171660028398,-0.0013754821848124266,0.011969512328505516,0.012615355663001537,0.00022354414977598935,-0.001351175713352859,0.01176251471042633,0.012423788197338581,-842.0738305645261,35895.03956315625,0.0013625561259686947,-832.4656006271315,35858.41698140915,0.0013954408932477236,0.0169919915497303,0.0015480059664696455,31229.828926464554,17679.68565114922
0.9137588779963661,0.7366299954036227,-0.04837437415204584,0.08841722825006157,0.9245587351473296,0.6506959454804869,0.12202758500179645,-0.5660368968610215,-44.56601856917993,-14.033266318068854,-29.299642443624393,30.532752251111077,-37.09880352020264,-37.1562933921814,-37.12754845619202,-0.057489871978759766,0.0007198385428637266,0.0006893564132042229,0.00997686106711626,0.00972147285938263,0.0009178449981845915,-0.0006043016910552979,0.009678944945335388,0.009878452867269516,-1187.9617994117255,35777.51485858099,0.00148802122566849,-1009.6661159760281,35912.95379477463,0.0015681268414482474,0.014177940785884857,0.0020778251346200705,30243.11228431314,19200.3565572102
-0.4421418365830082,-0.5666814799802482,-0.20894121803825527,0.5502521338499085,-0.06850536278475972,-0.38882758875439727,-0.06604212072888038,0.013912748584794743,-40.16297287213922,-23.64472274627113,-31.903847809205175,16.518250125868093,-38.121933937072754,-38.20822238922119,-38.16507816314697,-0.0862884521484375,-0.0009211045107804239,-0.00033434739452786744,0.008997781202197075,0.00849594734609127,-0.0009429433848708868,0.00018280265794601291,0.008767188526690006,0.008560589514672756,-1248.4158964523162,35955.67556960016,0.001660647219978273,-1277.2367903977959,35941.59182976193,0.0014761306811124086,0.012223996222019196,0.0022436289582401514,30465.697194845994,18794.040935038884
0.2715771351161884,0.09221658796463261,0.6345326232702789,0.18959851653834356,-0.5089066001600078,-0.7497658529624398,-0.20120690322546952,-1.0,-37.115941933826036,-8.629721140301456,-22.872831537063746,28.48622079352458,-36.94835424423218,-37.55082845687866,-37.24959135055542,-0.6024742126464844,0.0008877195650711656,-0.0006929482915438712,0.00987246260046959,0.010157727636396885,-0.0010416831355541945,0.00015265245747286826,0.0094784339889884,0.009209216572344303,-1334.4523111356175,35809.72039400209,0.001299400464631617,-1472.7909728016346,35954.803734912806,0.0015806319424882531,0.013479385524988174,0.002387026557698846,31025.235030191874,17907.416233897904
0.06891287286378608,-0.008643137343087429,-0.25586032497518885,-0.3403711398393792,-0.32037530274241355,-0.4889884500344634,-0.2663355551326367,0.0,-45.62284716834898,-3.0398385455429096,-24.331342856945945,42.58300862280608,-37.61288404464722,-37.50940561294556,-37.56114482879639,0.10347843170166016,-0.0005115102976560593,0.0008977631223388016,0.009029902517795563,0.009521480649709702,0.00018455812823958695,-0.0008876929059624672,0.009181465022265911,0.009608425199985504,-1321.3090236593798,35840.45909792397,0.001407591043971479,-1281.5094477359542,35861.35767652306,0.0015124052297323942,0.012949444353580475,0.0013984300894662738,31232.16435182595,17632.248883457098
-0.06259366885192075,0.1924743157685065,0.9513919123450805,0.10188952679478908,-0.28833759922565894,-0.12894225053840735,-0.3117102547376911,-1.0,-36.192173670123964,-5.05624638298417,-20.624210026554067,31.135927287139793,-38.09322118759155,-38.09852600097656,-38.09587359428406,-0.005304813385009766,-0.0006140709156170487,0.0007736807456240058,0.008564571850001812,0.008988664485514164,-0.00022565129620488733,-0.000956205592956394,0.008682901039719582,0.008864322677254677,-1333.152222113714,35970.902348331096,0.0016723200678825378,-1237.000070694926,36001.4777161469,0.0016612489707767963,0.011967187747359276,0.0019640913233160973,31248.323648658752,17356.744872240204
-0.5636786368333634,-0.7448967352130467,-1.0,-0.7969738573646803,-0.7115760418495822,0.029775774562555313,-0.6033745209446046,0.8596815570635897,-29.7647892269649,-14.372133895075393,-22.068461561020147,15.392655331889507,-37.86149978637695,-38.039257526397705,-37.95037865638733,-0.17775774002075195,-0.0008731996640563011,-6.659949576715007e-05,0.009222299791872501,0.008820850402116776,-0.0008939450490288436,-0.0004338990547694266,0.009085385128855705,0.00857505016028881,-972.2794597276013,35797.50884433192,0.0015962390461936593,-1382.2984946713138,35916.06998542203,0.0015109520172700286,0.012846726924180984,0.0020596650429069996,30272.721390169212,18386.295706631005
-0.15040823536439865,-0.3563764990103093,-0.22923550451802932,0.0175315271085416,-0.17830636968636665,-0.7569634152656366,-0.9636777582368232,0.23313014731923465,-40.87445885906348,-14.943154068072385,-27.908806463567934,25.931304790991096,-37.82484769821167,-37.35946178436279,-37.59215474128723,0.46538591384887695,0.000977284274995327,0.000263455614913255,0.00930863618850708,0.008794130757451057,0.00036424913560040295,-0.000850964686833322,0.0093746492639184,0.009743495844304562,-1146.6687498537228,35973.647873502676,0.0016860446194186807,-1030.4436076800562,35895.37716861781,0.0016417070291936398,0.012536656111478806,0.0023885739501565695,30465.051380246106,18856.014505518426
0.04752234827163626,0.004222222923480623,-0.3192920161308518,-0.4768082337914369,-0.46307261479773143,-0.5975054978516583,0.0,-0.27005677112691473,-41.46848246935338,-2.5834506580742413,-22.025966563713812,38.88503181127914,-39.60376024246216,-42.063608169555664,-40.83368420600891,-2.459847927093506,-0.000544599024578929,0.0004873358702752739,0.007309759967029095,0.007455620914697647,0.0006087735528126359,2.7654925361275673e-05,0.005676065571606159,0.005439599510282278,-2240.772899602249,36000.34841087913,0.0017900951206684113,-1873.327595733525,36235.28581919247,0.00249992567114532,0.010277969762682915,0.001971815014258027,31241.8306404145,17318.516043738542
-0.9794454695829398,-0.9760826716317826,-0.9582665128595536,-0.9215937068616127,-0.9492033766581182,-0.9342598466782827,-0.8907822668558327,1.0,-39.03080999539057,-15.123200987981031,-27.0770054916858,23.90760900740954,-33.941993713378906,-34.69749927520752,-34.31974649429321,-0.7555055618286133,-0.0011541710700839758,0.0008061399566940963,0.014131027273833752,0.014205357059836388,0.0011627334170043468,-0.0005777268088422716,0.013039259240031242,0.012935660779476166,-474.27350461349494,35790.241046671064,0.001411768957041204,-679.4868566768818,35725.00684769138,0.0012701612431555986,0.019442325457930565,0.003707053605467081,31003.389342153336,17535.361782563596
-0.348419008323536,0.12356503501816707,0.22029998039652443,-0.2705548385772607,-0.3747988935738409,0.18579277426949514,0.586237463540109,-0.14509971998258347,-22.97247050310881,-8.868522377742352,-15.92049644042558,14.103948125366458,-45.949463844299316,-37.380473613739014,-41.664968729019165,8.568990230560303,0.0003890595107804984,-5.561608850257471e-05,0.0035927891731262207,0.003514295443892479,-0.0009400298586115241,0.0005043417331762612,0.009481549263000488,0.009578743949532509,-2321.301816432826,36673.12366763813,0.003926918841898441,-992.947794490937,35955.18982146622,0.0015543949557468295,0.004727242514491081,0.001136462902650237,30460.514754040018,19498.378625464287
0.9991496017747927,0.9935338900352675,0.9542637469801961,-0.08432220522361067,-0.10627494172958164,0.8408191035305409,-0.21305734497716716,-0.990172196584558,-44.041518284685225,-14.297097340051266,-29.169307812368245,29.74442094463396,-35.41067838668823,-34.234209060668945,-34.82244372367859,1.176469326019287,0.0011418520007282495,0.0004175952053628862,0.012228679843246937,0.011690856888890266,-0.0011068249586969614,-0.00107334996573627,0.013968603685498238,0.01340549997985363,-1005.408234517891,35818.326483289165,0.00150793488137424,-681.6333415975661,35885.16148498578,0.0012414923403412104,0.017241716384887695,0.002928966423496604,30274.6567617942,18344.94728277954
0.0056552513068095014,0.09334152725928888,0.0638729023879202,0.15661017854927656,-0.3963768294284875,-0.38040892693309686,0.20654037560940708,0.0,-41.1874575376759,-14.60981284165291,-27.898635189664404,26.577644696022986,-33.279240131378174,-33.2555627822876,-33.267401456832886,0.023677349090576172,-0.001460994710214436,-0.0008956271922215819,0.015695923939347267,0.014855219051241875,-0.001686513191089034,-0.0003709526208695024,0.01574585773050785,0.01488729938864708,-584.0369053975338,35847.845756255745,0.0013112040469422936,-529.3528907570917,35854.323578376956,0.0011828914284706116,0.022089974954724312,0.0032387322280555964,30472.530855428184,18525.108353761778
0.4514670381763024,0.14034105597084692,-0.09173047571999082,-0.02315617625912436,0.6849002778262014,0.3172152628575274,-0.3456159158778201,-0.29916268995718265,-40.14269931975264,-12.306055518587357,-26.224377419169997,27.83664380116528,-30.720489025115967,-30.942347049713135,-30.83141803741455,-0.22185802459716797,-0.002235827501863241,-0.0005589554202742875,0.021082496270537376,0.019933616742491722,-0.001189468544907868,0.0019230360630899668,0.019435949623584747,0.020544447004795074,-349.6108658927609,35851.300699326675,0.0010935995960608125,-696.2191313146423,35845.56336315668,0.0011739678448066115,0.02814239263534546,0.004825038369745016,30464.01416418926,18805.02964775349
0.9509031021652785,0.9983165587684282,0.8971440370703451,0.6386578933163732,0.5377300295812346,0.3691165420608258,0.18888827993781043,-1.0,-48.05711761500356,-13.353900150913413,-30.705508882958487,34.70321746409015,-33.191566467285156,-33.626868724823,-33.40921759605408,-0.4353022575378418,-0.0016177543438971043,0.000592460623010993,0.015477719716727734,0.015395858325064182,-0.0012370275799185038,0.000739305280148983,0.014707768335938454,0.014677475206553936,-1073.0313927913298,35872.11677403666,0.0013521070359274745,-457.14885212450173,35792.41501300107,0.0013852829579263926,0.02156602032482624,0.004049492068588734,31039.908179398248,17636.372956384374
0.08305837243689962,0.19144524509248445,0.45071103563167414,-0.21741852076462642,-0.43224016359347117,0.4984525350100455,0.3359658616771395,-0.14118881270776196,-36.68114490911344,-13.554671514704694,-25.117908211909068,23.126473394408748,-32.753448486328125,-32.75179386138916,-32.75262117385864,0.0016546249389648438,-0.0011105581652373075,0.0014626058982685208,0.01582305133342743,0.016634950414299965,-0.0003639430506154895,0.001790629350580275,0.01578414998948574,0.0166789423674345,-678.8296783724686,35852.540826913595,0.0012929654913023114,-594.6611216524047,35878.44912448312,0.001246799249202013,0.022421294823288918,0.003024525009095669,31246.654053078793,17291.169542072148
-0.6563755475438042,-0.983159264996404,-0.9456219277160078,0.0,0.8166147593596427,0.061053798114868246,0.43576472519068504,0.15815670547501132,-44.07094908050516,-11.576260211712139,-27.82360464610865,32.49468886879302,-32.388057708740234,-32.69930362701416,-32.5436806678772,-0.3112459182739258,-0.0012733475305140018,-0.0013963466044515371,0.017217623069882393,0.016643516719341278,0.0018395055085420609,-6.867738557048142e-05,0.016663789749145508,0.016001487150788307,-607.2913744768372,35845.72738902649,0.0011176705593243241,-782.5398723626125,35863.75485759176,0.001190410926938057,0.02405192330479622,0.003144816728308797,30476.328981395844,18421.142085216256
0.09386689812344662,0.15649197038906992,0.4830297860332771,0.0,-0.07129352206035158,-0.5579946891933198,-0.47550363238179505,0.04375910141701522,-34.25863080360176,-12.774572459849878,-23.51660163172582,21.484058343751883,-32.92750597000122,-32.98520565032959,-32.956355810165405,-0.05769968032836914,0.0007528488058596849,0.0016296232352033257,0.015934891998767853,0.01588962972164154,0.001555431168526411,-0.0008745772647671402,0.015711359679698944,0.015901774168014526,-636.050496054363,35911.602800332854,0.0012829764746129513,-457.5110334628023,35889.43067234712,0.0013173060724511743,0.023130793124437332,0.0025157462805509567,30728.69134914507,18667.41793978573
0.38032003841154427,0.3228458439934094,-0.03931024580176576,0.2666931537116754,0.6947985647682491,0.7852499607656713,0.6621892799156854,0.0,-41.661774117900826,-17.63216250202447,-29.64696830996265,24.029611615876355,-33.68764877319336,-33.35963487625122,-33.52364182472229,0.32801389694213867,-6.403822044376284e-05,0.0014660126762464643,0.0142859211191535,0.014884673990309238,0.0009042417514137924,0.0014432385796681046,0.015267386101186275,0.015012087300419807,-623.9258291291535,35734.46590871955,0.001261156634427607,-638.3249047505022,35842.00172123814,0.0012432674411684275,0.020224548876285553,0.001868349383585155,31222.756874110208,18020.08235309404
0.0,0.012956087195121813,0.33134563888837487,0.4738729386469799,0.22413981701772362,0.12760125090068286,-0.013956250720935093,0.0,-40.6865467021409,-17.18620616393173,-28.936376433036315,23.500340538209173,-32.27733850479126,-32.27429389953613,-32.275816202163696,0.003044605255126953,0.0007419834146276116,-0.0017829349962994456,0.016648191958665848,0.017636114731431007,-0.00010941748041659594,0.001926956232637167,0.016743458807468414,0.017557645216584206,-590.74629893474,35878.18434649464,0.001212102361023426,-819.5664138547144,35830.749940751586,0.0011645692866295576,0.023788373917341232,0.002071938244625926,31230.7680350423,17605.30021261566
0.8580347779188311,0.8898661504032749,0.6842918714434234,0.26823322988131526,-0.3228146488195809,-0.4746082100365344,-0.4383647529841468,-1.0,-39.40597648509058,-9.326527872567453,-24.366252178829015,30.079448612523123,-32.32044696807861,-32.26946830749512,-32.294957637786865,0.050978660583496094,0.0015455270186066628,0.0011425332631915808,0.017488259822130203,0.016629626974463463,-0.0003787917667068541,0.0018955899868160486,0.01668730191886425,0.017629379406571388,-555.4742185403002,35876.63825056712,0.0012618209002539515,-604.0426306798192,35869.09579751355,0.0012630583951249719,0.02458762191236019,0.003229692578315735,30474.169906749736,18462.2018911069
0.09075143887332705,-0.05880321300541191,-0.05896321417998235,0.19606836468769906,0.3021027805025397,0.1282340567954121,-0.02166574565866286,0.0,-43.53207890053022,-17.23823673871067,-30.385157819620446,26.293842161819555,-32.083072662353516,-32.105069160461426,-32.09407091140747,-0.021996498107910156,-0.0017416570335626602,0.0008993940427899361,0.017471101135015488,0.017604578286409378,0.0019381181336939335,0.0003371439524926245,0.01795400306582451,0.01701938733458519,-617.8511751764672,35836.785082321905,0.0011513548670336604,-712.4039139714381,35812.3514493167,0.0011123946169391274,0.02350323460996151,0.004301434848457575,31037.63391509513,17731.13175003394
0.8857494606826869,1.0,0.7861083776093575,0.34971521244429327,0.07204139516890151,-0.23540512159153487,-0.4880612416259205,-1.0,-41.000703476269024,-10.56590123952077,-25.783302357894897,30.434802236748254,-32.208993434906006,-32.42987632751465,-32.31943488121033,-0.22088289260864258,0.0016859931638464332,0.0009533742559142411,0.017757825553417206,0.01679944433271885,0.00021524113253690302,0.00188552588224411,0.016571879386901855,0.017125016078352928,-655.247115233591,35862.599998136,0.0012351134791970253,-734.7820295128562,35900.44414004937,0.0012991464463993907,0.024802573025226593,0.003711310215294361,30471.43922581471,18568.53315673637
0.19391203997102885,0.0,-0.056083606399723915,-0.250122091965405,0.06985365526417714,0.378405025459487,0.008110803077746143,0.0,-40.0665188305594,-15.182256402405642,-27.624387616482522,24.88426242815376,-33.24076175689697,-33.314993381500244,-33.27787756919861,-0.07423162460327148,0.0015241345390677452,0.0008191418601199985,0.01578001119196415,0.014904901385307312,-0.0017071478068828583,-0.00012670039723161608,0.015584188513457775,0.014843377284705639,-678.2637765842517,35850.406117902225,0.0012141228653490543,-717.7940718546581,35858.13291384873,0.0012800089316442609,0.02181924320757389,0.0032071382738649845,30471.07752354905,18563.253771788768
0.0,-0.052003930854670935,-0.11668282369644924,-0.15291365035513793,-0.3031981750641184,-0.6426478524960093,-0.8221033844841525,0.0,-42.56442996751329,-13.580907542366706,-28.072668754939997,28.983522425146585,-33.64107847213745,-33.52653741836548,-33.583807945251465,0.11454105377197266,-0.0016220749821513891,-0.00023398338817059994,0.01502758078277111,0.014279088005423546,0.0009762927074916661,-0.0010695350356400013,0.01470582652837038,0.015020124614238739,-719.1875219373057,35895.55649078934,0.0012851484352722764,-733.9174008062904,35816.691608517416,0.001415510312654078,0.020085688680410385,0.0038205995224416256,30702.486127599277,18702.474518423765
0.4749035655636662,0.46172182463286393,0.32694461878237113,-0.1721311818475889,0.2520979754381075,0.14169090509273685,-0.16293867437151077,0.0,-38.48312604376497,-13.648951494298018,-26.066038769031493,24.83417454946695,-31.326277256011963,-31.30361557006836,-31.31494641304016,0.022661685943603516,0.00018554343841969967,-0.002148030325770378,0.018656736239790916,0.019598886370658875,-0.002066223183646798,0.0006464971229434013,0.019308587536215782,0.019057398661971092,-639.6919755706875,35833.36738814618,0.0010924942325800657,-497.1369053065843,35851.07706816531,0.0012097563594579697,0.0276403296738863,0.0026181910652667284,31225.31832154597,18288.325348919927
0.022996785255593715,-0.04893572153155544,-0.06366737300769126,0.37145364421864335,0.43327363915621114,-0.023711499703443994,-0.13635644219265886,0.0,-41.96244865936433,-16.40306922696243,-29.18275894316338,25.559379432401897,-31.35504722595215,-31.309175491333008,-31.332111358642578,0.045871734619140625,0.0017123065190389752,0.0012789848260581493,0.019536323845386505,0.01859402284026146,4.2828174628084525e-05,-0.0021655927412211895,0.01873278245329857,0.019599411636590958,-584.9569244394025,35836.93293526775,0.0011329477420076728,-681.7821068125778,35801.92711369607,0.0010865251533687115,0.027000291272997856,0.0037257997319102287,30474.164749785738,18474.2631240359
-0.9581402849702751,-0.5210966364056218,0.09176239093635552,-0.0018737388740249234,-0.013540228513061414,0.4010249209172654,0.8700120899086665,0.6943183966519015,-34.25500086106115,-14.27467488328574,-24.264837872173445,19.980325977775408,-31.626009941101074,-31.62658929824829,-31.626299619674683,-0.0005793571472167969,0.001448501250706613,-0.0015130770625546575,0.0180913507938385,0.018868371844291687,-6.87341089360416e-05,-0.002088149543851614,0.018109658733010292,0.0188489630818367,-702.6848091621745,35849.43740748226,0.00118341320194304,-740.2994624395345,35851.25919318427,0.0012093235272914171,0.02514040097594261,0.004062654450535774,31262.283919177837,17219.59799261385
-0.8167867629850637,-0.8075373185028248,-0.9648531214551226,-0.6116587439007772,-0.45953701232203725,-0.28541964510357176,-0.15947339055469534,1.0,-38.44285424723216,-14.50282600137183,-26.472840124301996,23.940028245860333,-31.50648832321167,-31.490049362182617,-31.498268842697144,0.016438961029052734,-0.0018245582468807697,0.000435837748227641,0.01898827962577343,0.018515266478061676,0.0020881257951259613,0.0003502918407320976,0.01927410066127777,0.01826460100710392,-777.1562515999767,35713.89185924692,0.001189724775031209,-801.7627510510783,35831.950260130994,0.0011077913222834468,0.025913819670677185,0.005138678010553122,30520.640414533387,18202.179096082993
-0.07251493809101192,-0.07966385271869035,0.48455984719274453,0.5589008946944287,0.17595291458403522,-0.0560343764593938,0.08033444206576046,0.0,-37.64778415152273,-13.366025108422747,-25.506904629972738,24.28175904309998,-31.41765832901001,-31.37387752532959,-31.3957679271698,0.04378080368041992,0.0013158598449081182,-0.0016911713173612952,0.018461447209119797,0.01939278095960617,0.0021296655759215355,-0.0002536224783398211,0.019337670877575874,0.01871527172625065,-759.4050345292856,35834.06810885534,0.001191742718219757,-947.5651446691194,35817.902138950805,0.0011007926659658551,0.025859851390123367,0.0033588602673262358,31244.83574041926,17303.371803082682
0.9729176299030006,0.8383466721525016,0.4678101035709498,0.17747718243975696,-0.10804923719143456,-0.1990293034615646,-0.6229602219425545,-1.0,-42.95089548786035,-9.341934337513749,-26.14641491268705,33.6089611503466,-30.583152770996094,-31.058921813964844,-30.82103729248047,-0.47576904296875,0.0004131890891585499,0.0022957497276365757,0.020572630688548088,0.021111007779836655,0.0018566031940281391,-0.0012356627266854048,0.019526444375514984,0.01993410289287567,-663.2516683797811,35813.67513796498,0.0010867668315768242,-686.8350081309652,35868.05218075155,0.0012131427647545934,0.030182410031557083,0.0032019861973822117,30730.170806111815,18460.69833303895
0.9528597529471379,0.8523149778820452,0.5175398164885991,0.5137526985729706,0.5771312405799625,0.6988839489873566,0.1428561049365693,-1.0,-39.3865736878376,-16.990417396673116,-28.188495542255357,22.39615629116448,-32.03139543533325,-31.934709548950195,-31.983052492141724,0.09668588638305664,0.0008193387766368687,-0.0018169103423133492,0.01711362972855568,0.01815389096736908,-0.0016682044370099902,-0.0006470729713328183,0.018236584961414337,0.017456797882914543,-714.3465640122529,35829.801661803795,0.001188064692541957,-532.1605171738238,35695.533362188806,0.0011656918795779347,0.02468121610581875,0.0024170458782464266,31233.487049315547,17488.088523075578
-0.10797017711552492,0.1313034632604837,0.7136120425082544,0.5976695538022194,0.06992308570337585,-0.18362690885493382,-0.07533240799321261,-0.8780633635814948,-37.79034249160799,-10.8184062989518,-24.304374395279893,26.971936192656187,-30.287799835205078,-30.110292434692383,-30.19904613494873,0.1775074005126953,-0.0024264196399599314,5.900767064304091e-05,0.022001635283231735,0.02111673355102539,-0.0006135383155196905,-0.0024032138753682375,0.021800143644213676,0.022215435281395912,-681.295702717627,35864.212081965095,0.001166837872005999,-685.1440597533634,35831.86699912306,0.0011617272393777966,0.029646873474121094,0.005428576376289129,30700.00661552501,18655.41342479564
0.22403289264043424,0.2078533524070821,-0.1269221138652743,-0.15060722193679282,0.18446057002239968,0.17200212485360677,-0.12096266682251888,0.0,-46.27713051773475,-15.934617046522533,-31.10587378212864,30.342513471212214,-29.445855617523193,-29.351372718811035,-29.398614168167114,0.0944828987121582,0.002347794361412525,0.0011819395003840327,0.024392616003751755,0.023112455382943153,0.002266897587105632,-0.0014795101014897227,0.023790642619132996,0.02424374222755432,-553.583469764347,35845.84745916488,0.0011140390997752547,-547.0013768991264,35852.30988696133,0.0011216497514396906,0.03337091952562332,0.005456021521240473,30466.44282872216,18699.956856744957
-0.8863176884985066,-0.9356615541599637,-0.4193848843253059,0.1735328071835051,0.3045799205865456,-0.28537708636713066,-0.006691307094176646,0.36910554264750206,-34.66983358018098,-14.115260664193045,-24.39254712218701,20.554572915987933,-28.612606525421143,-28.680191040039062,-28.646398782730103,-0.06758451461791992,0.0027087992057204247,0.0011985398596152663,0.026905981823801994,0.025370799005031586,-0.0024947808124125004,-0.0015116386348381639,0.026653258129954338,0.025223486125469208,-533.6363393922531,35815.16919566281,0.0011339228367432952,-579.667841778272,35827.07650755598,0.0011000168742612004,0.0374874472618103,0.005135135259479284,30471.00483058912,18524.711195080643
0.9973150834495799,0.9696270597014882,0.7111374006122286,0.31066816482054715,0.14218089014787028,0.08191271717689319,-0.5272968565651031,-1.0,-47.66788584091972,-9.139017038343468,-28.403451439631596,38.528868802576255,-29.59040403366089,-29.794282913208008,-29.69234347343445,-0.20387887954711914,-0.0014617601409554482,0.002138986950740218,0.022782208397984505,0.02394081838428974,-0.0003178106271661818,-0.0025524632073938847,0.022457370534539223,0.023185307160019875,-489.93659759703905,35839.40633209751,0.00111010589171201,-803.7758622176004,35866.05575851627,0.0011492331977933645,0.03243659436702728,0.00310114910826087,31232.94029302977,17570.512080420052
0.0,0.011130455373200607,-0.23899898018942375,-0.05019730406668066,0.12917063114232358,-0.05870904051153464,-0.19194303309529503,0.0,-41.72711563616156,-21.081163720617127,-31.404139678389342,20.64595191554443,-30.464022159576416,-30.539753437042236,-30.501887798309326,-0.07573127746582031,0.0017229908844456077,0.0016283902805298567,0.021565990522503853,0.020687013864517212,-0.001300242030993104,-0.001957542961463332,0.02115202322602272,0.020741242915391922,-595.1089071655501,35823.50662352249,0.0011895919451490045,-647.6769744911543,35794.43132343582,0.0011450930032879114,0.030469229444861412,0.0038139154203236103,30475.948210879702,18402.839195595407
0.9822686214499808,0.9920048442000966,0.8658815376897587,-0.5094058347445647,0.4042454591833578,0.443662626207373,0.29546726608155727,-0.008996982288865746,-37.601649943530106,-6.051535654286681,-21.826592798908393,31.550114289243425,-30.842766761779785,-30.769288539886475,-30.80602765083313,0.07347822189331055,-0.0015032305382192135,-0.0017104212893173099,0.020567763596773148,0.019884543493390083,-0.0020851152949035168,0.0009701147209852934,0.020371640101075172,0.020429732277989388,-736.1399992691216,35891.420345692924,0.0011809492716565728,-737.0083523433177,35850.153346129926,0.0011739949695765972,0.029101938009262085,0.003382195485755801,30479.196860138334,18388.429508115703
0.21557935310082338,0.1739839012053794,-0.1426568042666341,0.2791631951034471,0.5656516917033684,-0.00020769993152669475,-0.3261085343390844,-0.03467109355191933,-45.54807035879048,-14.446550656500818,-29.99731050764565,31.101519702289664,-30.487792491912842,-30.529050827026367,-30.508421659469604,-0.04125833511352539,0.0013995841145515442,0.0018663208466023207,0.0213323924690485,0.020814575254917145,0.0021649659611284733,0.0009215482277795672,0.021582158282399178,0.02034657448530197,-660.132612926729,35818.05598282494,0.001124166650697589,-596.4722636903955,35869.367647696956,0.001151526696048677,0.03040812909603119,0.00375338364392519,30476.651438315483,18384.263250611333
-0.9722109040103343,-1.0,-0.4996980233619063,-0.06895804242808146,-0.08379342803542422,0.11316856828730743,0.5531465786839214,1.0,-29.397389346974762,-17.970022537439945,-23.683705942207354,11.427366809534817,-30.438811779022217,-30.367283821105957,-30.403047800064087,0.07152795791625977,-0.0023454087786376476,-0.00048674840945750475,0.021756375208497047,0.02061113528907299,-0.0022640321403741837,0.0007878746837377548,0.0214606374502182,0.02127443253993988,-732.0948027731531,35826.25556669613,0.0011847964487969875,-668.8187088264224,35873.88427098941,0.00118828599806875,0.03025738149881363,0.004323345143347979,30470.00891445248,18566.926523841663
0.9503227678832202,0.991177654755539,0.45496956080511863,0.20149905523265166,0.48285410317019584,0.36623165725949636,-0.24176928857488872,-1.0,-47.49569527710241,-11.30614121446311,-29.400918245782762,36.1895540626393,-30.32094717025757,-30.325815677642822,-30.323381423950195,-0.004868507385253906,0.0002786479890346527,-0.002366121858358383,0.02096547931432724,0.021989459171891212,-0.0023911132011562586,0.0003438804124016315,0.0217914879322052,0.021142808720469475,-561.6155426889435,35833.04707752541,0.0011282856576144695,-594.2559382527198,35867.00358803877,0.0011631408706307411,0.0305467639118433,0.0029133546631783247,30977.59979675832,18506.426152763175
0.0,-0.016119143064665404,0.05215303714557462,0.18897187501091045,0.2455090487356801,-0.009366355773082036,-0.27139719654418026,0.0,-37.855591938448526,-19.08082726011739,-28.468209599282957,18.774764678331138,-30.127897262573242,-30.189788341522217,-30.15884280204773,-0.06189107894897461,0.001967781223356724,-0.0015089630614966154,0.021667400375008583,0.02225656621158123,0.001619439572095871,-0.0018414065707474947,0.021312927827239037,0.022293196991086006,-610.5164060316044,35837.32840866003,0.0011672084219753742,-688.398741712886,35799.495899275484,0.0011369968997314572,0.03001493401825428,0.00501801073551178,31265.98888246561,17209.048042125753
0.65312704737574,0.6871135853100446,0.8333287651758378,0.36978367675332435,-0.10561890359420062,-0.25479199029682,-0.3302859599719318,-1.0,-39.56323566516244,-4.658536185327705,-22.11088592524507,34.90469947983473,-29.937026500701904,-29.886457920074463,-29.911742210388184,0.050568580627441406,-0.0006438036798499525,0.0024372355546802282,0.02180195227265358,0.02308519557118416,-0.0015442881267517805,0.0020101498812437057,0.022023674100637436,0.023130519315600395,-583.0897874376986,35889.60341665616,0.001180951832793653,-606.7031218779505,35855.38418258978,0.001154041150584817,0.031407326459884644,0.0027951521333307028,31227.397502846878,17756.386593121442
0.08552183308660968,-0.030047198522950097,-0.08451437030977782,0.18133361171730034,0.36722071014876484,-0.0158379722809896,-0.2440088426405761,0.0,-46.64364529501614,-16.715170560175437,-31.67940792759579,29.928474734840705,-29.66590166091919,-29.691226482391357,-29.678564071655273,-0.02532482147216797,0.0022933734580874443,0.0011494815116748214,0.02378944493830204,0.022526584565639496,0.0022646579891443253,0.0012718900106847286,0.023739326745271683,0.022436227649450302,-577.7043957147522,35806.826811922045,0.0010934520978480577,-573.5550405422563,35829.70752746899,0.001129685202613473,0.03257288783788681,0.0053103333339095116,30468.342658518854,18694.257987075936
0.0,0.013385001396012508,0.12288085785791836,0.46349549324183287,-0.09326529713522783,-0.803130864470595,-0.21101750796032473,-0.05877927628934606,-36.46984262940239,-11.71844853054796,-24.094145579975176,24.751394098854433,-29.57693338394165,-29.626610279083252,-29.60177183151245,-0.04967689514160156,0.0005274630384519696,-0.002588976174592972,0.02274112030863762,0.024045327678322792,0.0005115363746881485,-0.0025729010812938213,0.022622335702180862,0.023898309096693993,-796.2216958656778,35825.95884962003,0.0011405611876398325,-614.6870803502494,35873.386001046005,0.0011566249886527658,0.03303370252251625,0.002834119601175189,31229.38619372213,17674.86950496766
0.7118578807425916,0.6255718369178943,-0.06031336694022987,-0.25683445596416776,0.5445349562561886,0.5135792165241615,-0.45631333113396333,-0.635822160556287,-44.67376493421392,-10.893615787193255,-27.783690360703588,33.780149147020666,-29.447131156921387,-29.57855224609375,-29.51284170150757,-0.13142108917236328,0.002487079007551074,-0.0008939901017583907,0.023851841688156128,0.023661475628614426,0.0014958863612264395,0.0021616173908114433,0.023658830672502518,0.0231355968862772,-544.7103490363735,35805.5919375978,0.0011081293923780322,-584.7220255632118,35844.60429078748,0.0011169667122885585,0.0321066714823246,0.005781670566648245,31056.186628216434,17578.84500423594
-0.3529488241910139,-0.3338376021190512,-0.01116806852380997,0.6455141862175166,0.22012023988352,-0.24859528371495637,-0.1934745308336816,0.0,-35.980528802512936,-16.709828733441867,-26.3451787679774,19.27070006907107,-30.296366214752197,-30.355312824249268,-30.325839519500732,-0.05894660949707031,-1.5888461348367855e-05,0.002432588953524828,0.021059924736618996,0.02201356738805771,5.7045075664063916e-05,0.0024107026401907206,0.020943008363246918,0.021840767934918404,-746.2575345445265,35844.52339346487,0.0011621234007179737,-616.0886476851292,35809.57060807836,0.0011487718438729644,0.030508289113640785,0.002661357633769512,31224.38965336862,18332.70473125828
0.8502965708268434,0.8535150183284237,0.48099745180452147,-0.13619469833373665,-0.217772665868733,-0.040618005857078754,-0.33271124775081884,-1.0,-40.82865770217916,-12.051031802309922,-26.43984475224454,28.777625899869236,-29.633514881134033,-29.815828800201416,-29.724671840667725,-0.1823139190673828,-0.002426117192953825,-0.0009781307308003306,0.023920712992548943,0.022561153396964073,-0.0018473531818017364,0.0017818575724959373,0.022325070574879646,0.023201780393719673,-600.3627526805573,35868.753282934194,0.0011258083395659924,-539.5569475485685,35842.608933327756,0.001142451772466302,0.033072635531425476,0.005117304157465696,30468.388120139898,18629.55151224778
0.0028331874755199936,-0.0006757252528253238,-0.035703236600920785,0.15307678113952622,0.2679877076888373,0.1637275980464591,-0.03787304349755294,0.0,-47.29978316438269,-23.98014425986389,-35.63996371212329,23.319638904518797,-30.259506702423096,-30.35064935684204,-30.30507802963257,-0.09114265441894531,0.0005641475436277688,0.002337666926905513,0.021428924053907394,0.021840665489435196,0.0006633753655478358,-0.0022958102636039257,0.020806975662708282,0.021995283663272858,-706.8260389497771,35842.589529519384,0.0011323431972414255,-700.011212634475,35800.2025333952,0.0011324133956804872,0.030986161902546883,0.003348457859829068,30483.435976923975,19065.262426886795
0.382095932700394,0.39829282326659554,0.7997185135071461,0.46024151083990356,-0.2974942990330943,-0.6270504199716519,-0.653373479046511,-0.8093654400193677,-36.33956592875404,-8.632891403930728,-22.486228666342384,27.706674524823313,-30.411064624786377,-30.270256996154785,-30.34066081047058,0.1408076286315918,-0.0018711630254983902,0.001507397973909974,0.020939061418175697,0.02157481200993061,0.0021336593199521303,0.0011479335371404886,0.022212477400898933,0.020985787734389305,-622.8283560101388,35862.10163370618,0.0011689502280205488,-655.8107869164129,35883.517234733285,0.0011751737911254168,0.028920501470565796,0.004892479162663221,31024.42677681032,18561.564748777353
0.22512835482708288,0.16545960932346893,-0.17289349771964296,-0.04773996274463482,0.2814261265204919,0.31874879580917903,0.027293776266292924,0.0,-49.322939704970906,-16.874709694001382,-33.098824699486144,32.448230010969525,-30.083329677581787,-30.060360431671143,-30.071845054626465,0.02296924591064453,-0.0004905794630758464,-0.002406397368758917,0.021822554990649223,0.02233249321579933,-0.0024102008901536465,0.0006441008881665766,0.022331602871418,0.021937940269708633,-672.7991644956494,35806.66924695652,0.0011479652021080256,-688.2912244871426,35815.551061429396,0.0011172646190971136,0.03186316788196564,0.0034358378034085035,30483.585507585096,18783.92403923839
-0.43703574943404766,-0.487948659176471,0.25126280281747426,0.8070181433792684,0.4249020065696486,-0.6629972438552315,-0.3245615117669542,-0.09620593076658812,-35.74344400392056,-13.049910377947242,-24.3966771909339,22.693533625973316,-29.927067756652832,-30.008420944213867,-29.96774435043335,-0.08135318756103516,0.0014655133709311485,-0.0020668446086347103,0.021884240210056305,0.023056352511048317,-0.0015064273029565811,-0.0020159785635769367,0.02255396358668804,0.021978361532092094,-622.9423989075165,35842.520084308286,0.0011411999585106969,-798.6919788169198,35860.66380315571,0.001136874663643539,0.030766615644097328,0.004202351905405521,31247.32838588811,17275.203570808488
0.9637881075489299,0.755310454416341,0.250250789140295,-0.23694410479092398,-0.11625825007169155,0.09141774418520021,-0.3245539128482424,-0.6509756872759954,-41.84960618994387,-10.399369699786291,-26.12448794486508,31.45023649015758,-29.87727403640747,-29.884705543518066,-29.88098978996277,-0.007431507110595703,-0.0024540452286601067,-0.0006422106525860727,0.023234108462929726,0.02196367457509041,-0.0005755271995440125,0.00249558431096375,0.02193794772028923,0.023217886686325073,-607.7787535580424,35828.407662315156,0.0011207174975425005,-639.8492437493851,35812.91031821287,0.0011586830951273441,0.03168865293264389,0.005502082873135805,30463.512950996923,18850.94722659413
-0.13495528329182294,-0.09027910971219305,-0.060362432550845946,0.20756462015211824,0.549668501827077,0.3787172281893187,0.1185966801889421,0.0,-37.76833799885921,-21.228237257202466,-29.498287628030837,16.540100741656744,-29.94547128677368,-29.855473041534424,-29.900472164154053,0.08999824523925781,-0.0004697865224443376,0.002473321743309498,0.021809522062540054,0.02303565852344036,0.0007656520465388894,-0.0024187653325498104,0.02201487310230732,0.023296941071748734,-638.602236483159,35871.2522872248,0.0011600125581026077,-559.093865500086,35818.182212229454,0.0011181430891156197,0.03144208341836929,0.0024826384615153074,31227.480925483713,17764.752552818438
0.5501009056774308,0.6566709763508096,0.9020485797581709,0.4808915971024451,-0.27960110558890927,-0.45639802654497963,-0.4486810214346215,-1.0,-37.757670406008145,-6.095485949110724,-21.926578177559435,31.66218445689742,-29.852640628814697,-29.916322231292725,-29.88448143005371,-0.06368160247802734,0.001738187507726252,0.0018701513763517141,0.023077890276908875,0.022257700562477112,0.0005027591250836849,-0.0024764658883213997,0.02188531868159771,0.023110637441277504,-586.6751318373092,35844.445108744825,0.0011399316135793924,-614.671009936221,35840.12643557042,0.0011526650050655007,0.03287435322999954,0.003916892223060131,30478.512214909515,18361.087587179787
0.012485218564529848,-0.012347265662589101,-0.11823319146033039,-0.04964758112374751,0.17072231973488333,0.125891941685229,-0.020499756897500387,0.0,-46.71883071070911,-19.653647023607135,-33.186238867158124,27.065183687101978,-29.871795177459717,-29.795544147491455,-29.833669662475586,0.07625102996826172,0.0024733813479542732,0.0004642268468160182,0.02320994809269905,0.02202102169394493,0.0012073852121829987,0.002255633007735014,0.022925088182091713,0.0227177906781435,-651.414030063539,35830.51081237944,0.0011408384889364243,-659.384563366944,35854.666903761834,0.0011188157368451357,0.03117489442229271,0.005934879649430513,30700.622671674497,18678.14029638793
-0.15578549378898643,-0.28118860903122,0.37988047567007366,0.7720645451308645,0.11283173759060577,-0.520787206358285,-0.65082861829429,-0.633531806348271,-35.61381640616267,-10.916462939192172,-23.26513967267742,24.697353466970497,-30.02814531326294,-29.901244640350342,-29.96469497680664,0.12690067291259766,0.0021384786814451218,-0.0013153026811778545,0.022036438807845116,0.022397151216864586,0.002408668166026473,-0.0008362566004507244,0.022648582234978676,0.022439710795879364,-596.2240686202769,35811.645170634285,0.0011444868287071586,-653.3853372075408,35871.87550451566,0.001177038997411728,0.030043603852391243,0.005605482030659914,31061.92970010922,17613.690488185064
0.010450544274439588,-0.03529006796102352,-0.6532272006726333,0.2567395090216436,0.3845664470144351,0.3049893492249238,-0.02609601702502054,-0.05696120967583779,-48.57542621562283,-11.115758418914595,-29.84559231726871,37.45966779670823,-30.05815029144287,-30.17292022705078,-30.115535259246826,-0.11476993560791016,-0.0015539061278104782,-0.0018996933940798044,0.022459734231233597,0.021822841838002205,0.0002551746729295701,0.0024566063657402992,0.02148192562162876,0.02221244014799595,-787.8334703806667,35800.42375673097,0.0011236825957894325,-719.0260345941372,35856.958113769695,0.0011766022071242332,0.03204905241727829,0.004120723344385624,30475.380677311394,18426.13798973539
-0.4653807407018554,-0.5459008708961277,-0.27761737100187067,0.33531759936964944,0.47434613906253725,0.053690611909276875,-0.19611760076749263,0.0,-35.06397916371165,-16.288014337292424,-25.675996750502037,18.775964826419226,-30.05089521408081,-30.082414150238037,-30.066654682159424,-0.03151893615722656,0.0005228391382843256,-0.0024437704123556614,0.02153041586279869,0.022771591320633888,0.0014260730240494013,0.002021602587774396,0.02233024314045906,0.021827558055520058,-588.0037636024846,35828.0899433955,0.001148547395132482,-630.1525178964841,35840.90580153986,0.0011099501280114055,0.03094695508480072,0.0024732351303100586,31229.871332899,17636.31422175904
0.8781490719949098,0.9121491921907174,0.8159138847925143,0.4620797840779393,-0.10247416423009459,-0.2364596491878761,-0.43457362723924814,-1.0,-42.020377033051204,-7.729083025719319,-24.874730029385262,34.291294007331885,-30.169992446899414,-30.127625465393066,-30.14880895614624,0.042366981506347656,0.00209234282374382,0.0012838335242122412,0.02244749665260315,0.021253185346722603,-0.0020478805527091026,-0.001380258472636342,0.02254302054643631,0.021371804177761078,-715.247853452755,35847.971156892294,0.0011211251839995384,-645.6498349480128,35825.84390962487,0.0011899999808520079,0.031056273728609085,0.00448004761710763,30471.448918795584,18542.07129687823
0.0,-0.025519812125164538,-0.17008623164188924,-0.0739369236603038,0.19141715167015894,0.18637058388487465,-0.013878381294928133,0.0,-42.58845764917069,-25.50840970403243,-34.04843367660156,17.08004794513826,-30.1257061958313,-30.035760402679443,-30.08073329925537,0.08994579315185547,0.0022878742311149836,0.0009091360843740404,0.022595958784222603,0.021326789632439613,-0.0005608820356428623,0.002393841976299882,0.021603591740131378,0.022782443091273308,-609.8031895411776,35853.42415612167,0.001136516802944243,-579.7546995364966,35808.460604053565,0.0011199982836842537,0.031245261430740356,0.004938902799040079,30468.15389316202,18661.91615053689
0.6832072437083602,0.7597994012433431,0.9373881290485093,0.6410134905797903,0.07568112762415302,-0.07663529868811692,-0.4287639085811027,-1.0,-38.51267066594551,-7.686183255447986,-23.099426960696746,30.82648741049752,-30.00032901763916,-29.980571269989014,-29.990450143814087,0.019757747650146484,0.0006872164085507393,0.002412615343928337,0.022112473845481873,0.022464854642748833,0.0024998271837830544,0.00033856232766993344,0.022914638742804527,0.021749461069703102,-625.8248433070872,35872.63033544725,0.0011587169719859958,-800.9589435595559,35802.23321462646,0.001140484120696783,0.03176172077655792,0.0031782181467860937,30729.64719076492,18500.80921960471
0.5528130589330583,0.6100656878662994,-0.15240462505370583,-0.19408736345078753,0.24198313339588828,0.20175304194891774,-0.14543704467098773,0.0,-48.12319146987369,-14.361527509991049,-31.24235948993237,33.76166395988264,-30.005505084991455,-29.99211549758911,-29.998810291290283,0.01338958740234375,0.002093786373734474,-0.0012886273907497525,0.022112814709544182,0.022443534806370735,-0.0019851115066558123,-0.0015566442161798477,0.022851381450891495,0.021754717454314232,-546.1801091793898,35823.85083996603,0.001118150190450251,-595.1076372283075,35817.28046183343,0.001121251261793077,0.030454006046056747,0.004219118971377611,31253.48993507697,17251.38178253991
-0.9316845133580482,-1.0,-0.44990964767750546,0.40974300269371855,0.3190327676399391,0.0641432374532856,0.3906697920677672,0.8356050039448717,-33.29146857213897,-12.857605668301858,-23.074537120220413,20.43386290383711,-30.030157566070557,-30.068809986114502,-30.04948377609253,-0.03865242004394531,-0.0024269698187708855,0.0006110125686973333,0.022425111383199692,0.021998433396220207,0.0019010099349543452,0.0016020323382690549,0.022622212767601013,0.02159481681883335,-735.8603291916936,35865.747250566135,0.0011495132930576801,-694.0778214562639,35850.90926694385,0.001119967782869935,0.030634678900241852,0.005808970890939236,30685.429501081162,18720.005810903636
0.9543913968147403,0.9735267328743696,0.6911316217123823,0.36330630048368406,0.0932396261104857,-0.1278323865842364,-0.5350143708719116,-1.0,-43.355698120891304,-8.424753620706383,-25.890225870798844,34.93094450018492,-29.9733304977417,-30.093166828155518,-30.03324866294861,-0.11983633041381836,0.0024898117408156395,-0.00026309589156880975,0.02272271364927292,0.02199021726846695,-0.0024775934871286154,0.00011836299381684512,0.022481730207800865,0.02161470241844654,-689.6008163476713,35821.41634273102,0.0011048709275200963,-580.2016573573187,35839.60472452813,0.0011705310316756368,0.03059105947613716,0.0058217765763401985,30914.347209659827,18336.08534645817
-0.00360528787852331,0.0086394747762255,-0.16467203535422364,0.03233685176087864,0.31822349084072976,0.31025244808905295,-0.0312857467060228,0.0,-40.83956810871649,-25.55854451516211,-33.1990563119393,15.28102359355438,-30.084686279296875,-30.003888607025146,-30.04428744316101,0.08079767227172852,-0.0005791844450868666,0.002412714995443821,0.021443603560328484,0.022687098011374474,-4.6488159568980336e-05,0.0024673165753483772,0.02180813066661358,0.02274688147008419,-667.0550502499875,35873.03565314732,0.0011628252686932683,-565.9560466349193,35856.79446881017,0.0011148458579555154,0.031056705862283707,0.0024954781401902437,31226.86821949169,17770.55215758578
0.8066069058897284,0.897892823496268,0.920392558034922,0.5051617744258873,0.04522564692501102,-0.1050310854324834,-0.3834020648344452,-1.0,-43.12375977399523,-7.661477821426956,-25.392618797711094,35.462281952568276,-29.99854564666748,-29.926187992095947,-29.962366819381714,0.0723576545715332,-0.002466645324602723,0.00041405443334951997,0.02260144054889679,0.021983034908771515,-0.0009753634221851826,0.002337972167879343,0.021817561239004135,0.023123957216739655,-714.9787463579014,35840.8377420997,0.0011617481941357255,-631.2086596083619,35816.340412261256,0.001173745491541922,0.030314214527606964,0.0056494539603590965,30909.111984840267,18434.321940870494
0.048401556393094604,-0.01207609453908845,-0.18719377260327302,-0.1860431317639342,0.03760726671389736,-0.12256836286353556,-0.2420976952082352,0.0,-47.68656197262169,-18.334364119625548,-33.01046304612362,29.35219785299614,-29.877092838287354,-29.922668933868408,-29.89988088607788,-0.04557609558105469,-0.0024202815257012844,0.0006360189290717244,0.022797362878918648,0.022421473637223244,0.0009364337311126292,0.0023520425893366337,0.02244245819747448,0.022536469623446465,-601.3505439252912,35855.2819452848,0.0011036517098546028,-635.1629986439574,35852.18303846478,0.0011160146677866578,0.030922193080186844,0.005621223710477352,31070.834827927833,17577.77534861461
-0.7028973754596257,-0.8173665599269666,0.08148811182835247,0.5784488460453291,-0.004705807636459697,-0.08290719772857089,0.729137464564819,0.9719037666615001,-30.473144702164063,-10.107043675677176,-20.29009418892062,20.366101026486888,-29.84147071838379,-29.842052459716797,-29.841761589050293,-0.0005817413330078125,-0.002564487513154745,-0.00017619768914300948,0.023240787908434868,0.022145764902234077,-7.865093357395381e-05,-0.002559760818257928,0.0222296342253685,0.023158656433224678,-678.9524683364027,35835.66046070732,0.0011635511182248592,-719.9317903072249,35850.51338966596,0.0011305834632366896,0.03187817335128784,0.0051595717668533325,30463.403519720334,18735.981887702033
0.9600746634593437,0.9461496184799071,0.39743663751166186,0.09757108385532864,0.1650930992310795,-0.04841087658264154,-0.6640516608795739,-1.0,-49.15376755337218,-12.836992570466094,-30.995380061919136,36.31677498290608,-29.854352474212646,-29.804303646087646,-29.829328060150146,0.050048828125,-0.002512317383661866,0.00011796911712735891,0.02308356948196888,0.022246988490223885,-0.002444993006065488,-0.0007724932511337101,0.02345523238182068,0.02212168648838997,-617.5381830309314,35819.35258890303,0.0011300857877358794,-527.5452794060689,35856.27802071852,0.0011721852933987975,0.030842948704957962,0.005912404041737318,30904.71283417401,18369.084247059196
-0.7488940880536806,-0.7962404433207674,-0.9810401437770568,-0.3760655682089507,-0.053309012301249015,0.006172879228520566,-0.20419759256807546,0.4602322555974526,-34.466175379714,-7.09030737501314,-20.77824137736357,27.375868004700862,-29.864280223846436,-29.956014156341553,-29.910147190093994,-0.09173393249511719,-0.0010221030097454786,-0.002346860244870186,0.022635025903582573,0.022646130993962288,0.0021368651650846004,0.000314348959363997,0.022895634174346924,0.021938657388091087,-775.9700077187534,35869.11689153416,0.0011462554102763534,-633.83291220407,35745.66786516057,0.0011128458427265286,0.032844144850969315,0.003315308364108205,30729.419413068612,18634.861576374366
-0.04898807313236267,-0.026780480794573618,0.01708195984471547,-0.11800084729671602,0.5594115054426044,-0.6417151043793677,0.2582985440085125,-0.025027903511329108,-43.193827817642955,-5.767249738625935,-24.480538778134445,37.42657807901702,-30.033676624298096,-29.94602918624878,-29.989852905273438,0.0876474380493164,-0.002233621897175908,0.0010874149156734347,0.022156856954097748,0.02225259132683277,-0.0017409994034096599,-0.0018344612326472998,0.022844983264803886,0.02200489118695259,-724.0406905255983,35835.05976831773,0.0011420067166909575,-628.445973314173,35821.637706760164,0.0011571269715204835,0.02997252717614174,0.005130082368850708,31029.77857577391,17628.10363412939
0.018813631055571267,-0.03753747060825578,-0.1755752715732145,-0.07381856132102982,0.064269662844607,-0.05965126906218454,-0.17465185100331415,0.0,-43.18372971446382,-19.431406292431035,-31.30756800344743,23.752323422032788,-30.206220149993896,-30.13404369354248,-30.17013192176819,0.07217645645141602,0.002306642010807991,0.0007178948726505041,0.022364461794495583,0.021157044917345047,-0.0022372400853782892,-0.0010137550998479128,0.022573962807655334,0.02130703628063202,-557.7497778737664,35842.65775551473,0.001122172106988728,-587.5838097397877,35839.15565430804,0.0011280536418780684,0.03048935905098915,0.0052794478833675385,30464.799397047253,18821.401541785573
-0.24844649348097847,-0.2509850399135477,0.26003380303153045,0.39364116259233345,-0.11440008052939298,-0.18031328440160785,0.16292779245987155,-0.1315845151199773,-33.998080422317116,-10.341603696257494,-22.169842059287305,23.656476726059623,-30.155029296875,-30.114684104919434,-30.134856700897217,0.040345191955566406,-0.0007058735354803503,-0.002362027997151017,0.021743550896644592,0.022047068923711777,-0.002157112816348672,0.0012330228928476572,0.021863367408514023,0.022130481898784637,-746.3296790833223,35861.126738350526,0.0011645077029243112,-729.6100209067299,35858.05928638528,0.0011601571459323168,0.03134586662054062,0.0029754762072116137,30975.29070637992,18497.020160175234
0.9772700839050733,0.9967135103829469,0.18273225954207778,0.19482985024332483,0.4627195679232523,0.2059697838127259,-0.7316329954323045,-0.981597813730701,-50.664836734426615,-15.588394846812719,-33.12661579061967,35.076441887613896,-29.956793785095215,-30.067110061645508,-30.01195192337036,-0.11031627655029297,0.0008815882029011846,-0.002308253664523363,0.021786317229270935,0.023005425930023193,-0.00020640759612433612,0.0024906466715037823,0.021561235189437866,0.022661278024315834,-709.1368046919052,35814.778767084994,0.0011146058095619082,-585.9742364018881,35816.26618651952,0.0011409998405724764,0.03175269439816475,0.002893611090257764,30980.94220880433,19466.990103662694
-0.9034235612118438,-0.9617528767173005,-0.6938778913573636,0.12174250208374093,0.4230221341206845,0.20082369725211668,0.0532122887776193,0.43982814480367016,-34.55842847624996,-18.183947144210663,-26.37118781023031,16.374481332039295,-30.045270919799805,-30.04873752593994,-30.047004222869873,-0.0034666061401367188,-0.0023194639943540096,-0.0009532200056128204,0.022813940420746803,0.02151431515812874,0.002315807156264782,0.0008871384197846055,0.022794542834162712,0.021519744768738747,-587.1360929915785,35876.33892152506,0.0011695451103150845,-544.1890568883468,35822.94709534518,0.0011133127845823765,0.031696952879428864,0.0043955035507678986,30472.047323168983,18528.30582120613
1.0,0.9769349300225134,0.7942662739843156,0.37808080949302425,0.03452172968813122,-0.08420578822331759,-0.5250924238218975,-1.0,-48.065343458689085,-6.539066242378965,-27.302204850534025,41.52627721631012,-30.12747049331665,-30.086424350738525,-30.106947422027588,0.041046142578125,0.0017558279214426875,-0.0016877317102625966,0.02156936563551426,0.022358590736985207,0.0019445366924628615,0.0015574581921100616,0.02259053848683834,0.021535025909543037,-615.7716691727704,35859.942855062836,0.001112159457989037,-779.8936730351692,35839.64771462565,0.0011696475557982922,0.030134383589029312,0.0035554617643356323,31242.064060046312,17383.780561625532
-0.9677825536375745,-0.953558346270239,-0.9182757431025704,-0.6464512661721421,-0.5140564501083289,-0.5292410186973873,0.6480228210407347,0.9923438273886989,-41.42223521676942,-21.433815032120407,-31.428025124444915,19.988420184649016,-30.005745887756348,-30.04924774169922,-30.027496814727783,-0.043501853942871094,-0.0018498811405152082,-0.0016783538740128279,0.02274945378303528,0.021792227402329445,-0.001263212296180427,0.00213401741348207,0.02155202068388462,0.02276148460805416,-677.2215255342131,35798.64311706035,0.0011150327045470476,-673.8841033533906,35806.23505307682,0.0011214703554287553,0.03231200575828552,0.004115321207791567,30476.222836545046,18404.63378679902
-0.0069095223625187385,0.0341216124782977,0.6348143342875617,0.5189236423603951,0.02669519602321463,-0.14141046042033362,-0.12002545213659382,-0.6350987864660094,-36.86309388885047,-9.033846128028529,-22.9484700084395,27.829247760821943,-29.944884777069092,-29.949498176574707,-29.9471914768219,-0.004613399505615234,-0.002380166668444872,0.0008585583418607712,0.022511988878250122,0.022351277992129326,-0.00019571330631151795,-0.0025138529017567635,0.022009825333952904,0.022823365405201912,-575.5315797771144,35842.190101475455,0.0011472462210804224,-633.4903122399963,35851.99110788684,0.0011400558287277818,0.030596444383263588,0.005716477055102587,30895.384024234583,18248.036377995784
0.3027338213138095,0.303186569605934,-0.1320524307597411,0.09440939233013257,0.3058170241916535,0.3387776130535999,-0.13041414969613363,0.0,-47.915870527885886,-15.94442493918325,-31.930147733534568,31.971445588702636,-30.017037391662598,-30.017764568328857,-30.017400979995728,-0.0007271766662597656,0.0018270134460180998,-0.0016358460998162627,0.02189056947827339,0.022602517157793045,1.3840726751368493e-06,-0.0025093392468988895,0.02175445854663849,0.022723661735653877,-637.7146367917385,35843.50544135016,0.0011061587138101459,-667.6649779297337,35860.01954812168,0.0011544761946424842,0.03057815507054329,0.003509699832648039,31242.87509363968,17350.376054045093
-0.8729048100398386,-0.9339021837406383,-0.488023449280221,0.11007305889988556,0.320531281744232,-0.06846367660118508,0.14568269102152143,0.5639914008281142,-35.329524832931384,-14.575374379916525,-24.952449606423954,20.75415045301486,-29.920330047607422,-29.979100227355957,-29.94971513748169,-0.058770179748535156,-0.0005967303877696395,-0.002476051915436983,0.022266564890742302,0.022720638662576675,-0.00011745618394343182,-0.0025110605638474226,0.02190389856696129,0.02277551405131817,-614.5864294859914,35819.103630103105,0.0011480271350592375,-679.9849555396302,35838.15452583224,0.0011248292867094278,0.03220752626657486,0.0029913100879639387,30976.188735014694,18518.99237379439
1.0,0.9659063286472045,0.7094921628973355,0.3261620391335306,0.131014793426725,-0.06451970290093301,-0.5433544633814438,-1.0,-46.433881546792975,-6.937468277477393,-26.685674912135184,39.49641326931558,-29.98983860015869,-29.955646991729736,-29.972742795944214,0.03419160842895508,-0.0024183066561818123,0.0005471940967254341,0.022550130262970924,0.022083623334765434,0.0005887803854420781,0.0024430230259895325,0.022183436900377274,0.02262398973107338,-628.3375085340183,35807.773537875495,0.0011174187529832125,-710.0420536934289,35838.45440942147,0.0011498804669827223,0.03024189919233322,0.005554468836635351,31103.04740115529,17834.082041644462
-0.007768984967769409,0.0,-0.21273194050857466,0.002237013992920922,0.3312191713594964,0.2039126182296555,-0.03286080583803441,0.0,-38.467817356015246,-23.834018046754124,-31.150917701384685,14.633799309261121,-30.00856637954712,-29.911270141601562,-29.95991826057434,0.09729623794555664,-0.0006847787881270051,-0.002403062069788575,0.022090084850788116,0.0224457997828722,0.001369577832520008,-0.0021005049347877502,0.021939745172858238,0.023086803033947945,-682.8752927803856,35875.224558114605,0.0011626813793554902,-564.0553359697689,35838.452690167214,0.0011308511020615697,0.03201751410961151,0.003172299126163125,30729.92374217058,18758.22989850032
-0.07221455959195411,0.10486502801056463,0.7419115311059913,0.5829539293562844,0.03318397696775083,-0.11489213214618244,0.03050259208285544,-0.7457794320432442,-37.98456093887796,-8.695260170417953,-23.339910554647957,29.28930076846001,-30.015830993652344,-29.96901035308838,-29.99242067337036,0.046820640563964844,-0.0019438397139310837,-0.001590485917404294,0.022771872580051422,0.02171393670141697,0.0025114864110946655,0.00010349338117521256,0.022880351170897484,0.021847939118742943,-651.8077895375376,35870.006113523974,0.0011704717762768269,-604.5138526604138,35849.75300221576,0.001159927574917674,0.03192960098385811,0.003976598847657442,30476.516267116516,18408.162484229753
-0.9158706170794553,-0.9614057706502479,-0.8641777625283791,-0.716651596933223,-0.39015461153528785,0.535174095231612,0.5263185638069161,0.9625783898366527,-45.77347822503691,-17.217140656235046,-31.495309440635978,28.556337568801865,-29.933855533599854,-30.01258373260498,-29.973219633102417,-0.07872819900512695,-0.0018620091723278165,-0.001662114285863936,0.02293185517191887,0.021982885897159576,0.0017988092731684446,-0.0017498559318482876,0.02182217873632908,0.02268483117222786,-624.8937553677074,35821.007727581455,0.0011044263374060392,-735.2475004663894,35808.19990499773,0.0011241015745326877,0.03231032192707062,0.0044007934629917145,30473.64071588983,18478.274267846355
-0.8903416320785886,-1.0,-0.20352855570918182,0.42823194132172815,0.08300931353117315,0.11932019466909546,0.773830646116402,1.0,-32.73944513490875,-13.171467236515639,-22.955456185712194,19.56797789839311,-29.972949028015137,-30.011234283447266,-29.9920916557312,-0.038285255432128906,-0.00013316924741957337,0.0025288420729339123,0.02182852290570736,0.022876860573887825,0.0024584277998656034,0.0004963383544236422,0.022869084030389786,0.021636342629790306,-560.8538875513866,35824.76808262549,0.0011837674537673593,-709.8141163977242,35828.68442475674,0.0011499213287606835,0.031273823231458664,0.002638864330947399,31226.53631079528,17734.73802736407
0.9687338292478298,0.9344278051989843,0.46043732254365943,0.12086937703386252,0.09608290425647958,-0.14142526367086805,-0.6141652769548802,-1.0,-45.916938777462235,-9.752430487944423,-27.83468463270333,36.16450828951781,-30.08378028869629,-30.101680755615234,-30.09273052215576,-0.017900466918945312,0.00017616819241084158,0.002445296850055456,0.021687980741262436,0.02246140129864216,0.0009549122187308967,0.0022879857569932938,0.022014502435922623,0.02204708196222782,-620.7214781411653,35820.521219999864,0.0011318387696519494,-541.7280142978974,35886.57471118987,0.0011878861114382744,0.031674906611442566,0.0032393531873822212,30730.77443983222,18351.967201608684
-0.35694758430188567,-0.35004908397776974,-0.5470356913335993,-0.131944968788195,0.37536826464796863,0.5718648794755556,-0.14685195352247526,0.0,-37.10062822548559,-25.311364464118583,-31.205996344802088,11.78926376136701,-30.077781677246094,-30.050060749053955,-30.063921213150024,0.027720928192138672,0.0023457063362002373,0.0008225482306443155,0.022733217105269432,0.021430622786283493,0.0006040853913873434,-0.002381394151598215,0.021562106907367706,0.022750362753868103,-743.4933790635384,35897.294563952615,0.0011695316061377525,-549.305966101861,35858.73395286811,0.001113463076762855,0.0316869355738163,0.004659103229641914,30468.687172648366,18601.816719618026
