-0.02289207984441921,-0.008111006060511072,-0.13004379037606606,-0.6926002692989917,-0.9934377916624798,-0.2513284850853783,1.0,0.25342809155958024,-58.815842520707605,-24.659552903828455,-41.73769771226803,34.15628961687915,-19.209553003311157,-19.249178171157837,-19.229365587234497,-0.03962516784667969,-0.006501900963485241,-0.004310282878577709,0.07860462367534637,0.07587282359600067,0.008676283061504364,0.0007511627045460045,0.07873010635375977,0.07491996139287949,375.33538953907515,35713.92181689122,0.00111865543294698,351.433169937661,35813.32175315856,0.0010653177741914988,0.10938861966133118,0.01675039529800415,30258.969009677763,18581.281189933736
-0.007493466070835441,0.01570232294688627,-0.01529498210987984,0.03668746966976094,0.14061673259360924,0.18234226321285352,0.049142018060106984,0.0,-62.14722540982851,-30.763326172108464,-46.455275790968486,31.383899237720044,-19.25011396408081,-19.237356185913086,-19.24373507499695,0.01275777816772461,0.0020850186701864004,-0.008367380127310753,0.07469720393419266,0.07893464714288712,-0.006978414952754974,-0.005245228298008442,0.07890100032091141,0.07495397329330444,363.113175826898,35805.95229333799,0.0010530392173677683,381.4594835966495,35821.98768718642,0.0010646539740264416,0.10951490700244904,0.010771428234875202,30731.711433485427,19003.772746429262
0.014709803643984755,-0.008867644127175413,0.3485853205268961,0.35684933117949064,0.0022448422199709828,-0.13572974304225321,0.07338627776913487,0.0,-57.70853085718295,-25.973079073762392,-41.84080496547267,31.735451783420558,-18.99174690246582,-18.964985609054565,-18.978366255760193,0.026761293411254883,-0.007466665934771299,-0.004961563739925623,0.08128383010625839,0.07697903364896774,-0.00778025109320879,-0.004551938734948635,0.0816359892487526,0.07710691541433334,365.97425232740363,35808.34857301749,0.0010589335579425097,350.98679056520587,35804.0626604177,0.0010508933337405324,0.11174580454826355,0.018122045323252678,30466.803923086558,18810.10792215703
0.15755144518407355,0.14609466310744845,0.038626511245901954,-0.2141800438550544,0.21845550571599465,0.4703117255978779,0.09112947904629387,0.0,-61.461250538329466,-27.7751380605485,-44.61819429943898,33.686112477780966,-18.83872389793396,-18.88055682182312,-18.85964035987854,-0.041832923889160156,0.004894348792731762,-0.007618319243192673,0.07838873565196991,0.08269679546356201,0.008553113788366318,-0.003093070350587368,0.0804414302110672,0.07991717010736465,341.6954483350134,35819.641106674775,0.001066510914824903,318.48228521920095,35806.79997010846,0.0010434514842927456,0.1130795031785965,0.011515495367348194,30982.43343202063,18715.504687013927
0.018154603844888914,0.0,0.050133390600599084,0.21185831862465976,0.24854238907675708,0.11277883856108195,0.01704910521539882,0.0,-59.27326441603526,-29.84793404915939,-44.560599232597326,29.42533036687587,-18.858033418655396,-18.853740692138672,-18.855887055397034,0.004292726516723633,0.008981030434370041,-0.0012668865965679288,0.0815695971250534,0.07919419556856155,-0.004872406367212534,-0.007699924986809492,0.0811716765165329,0.07967795431613922,337.6904663732757,35808.23372052522,0.0010498930932953954,348.2526408756531,35818.14667215858,0.0010641129920259118,0.10984857380390167,0.018994146957993507,31101.093704594517,17788.954222162756
0.989631070162734,0.997326251111165,0.7245190758887982,0.13734711393654098,-0.17998590613806412,-0.1819559232159697,-0.43528954738685,-1.0,-58.23096292690434,-22.879107488051176,-40.55503520747776,35.351855438853164,-18.866291046142578,-18.847522735595703,-18.85690689086914,0.018768310546875,-0.005131959915161133,0.007473395671695471,0.07815098762512207,0.08242031931877136,0.0061042420566082,0.006762717850506306,0.08195269107818604,0.0789927989244461,345.60560468440974,35806.51044557389,0.0010554930195212364,324.28319984627973,35801.49425253762,0.0010428499663248658,0.11246403306722641,0.011717510409653187,31227.889615344167,17906.89202662748
-0.0072403133275901,0.011808731937797478,-0.04646893827805624,0.020580528510361906,0.18458610400425485,0.025102408467499226,-0.0486388727806939,0.0,-63.543802001143206,-30.348722736260896,-46.94626236870205,33.19507926488231,-18.831422328948975,-19.053325653076172,-18.942373991012573,-0.22190332412719727,-0.0023230952210724354,0.008778007701039314,0.07834701240062714,0.08286632597446442,0.0034020435996353626,-0.008219195529818535,0.07622823119163513,0.08090578764677048,341.59054375207563,35815.55192366426,0.0010599391534924507,307.5706175960265,35807.33829519569,0.0010592153994366527,0.11496146023273468,0.011345500126481056,30975.742984272572,19233.75519936976
0.10403564072357524,0.0059551988889155,0.4535542509244919,0.29596358614767226,-0.21058155653534663,-0.24097892238824287,0.03295258175407345,0.0,-59.69177620054131,-28.01762430160312,-43.85470025107222,31.67415189893819,-18.66676926612854,-18.643308877944946,-18.655039072036743,0.02346038818359375,0.0014391110744327307,-0.00918736681342125,0.07997232675552368,0.08432789146900177,-0.009352507069706917,-0.0001356067368760705,0.08421264588832855,0.08054571598768234,362.50752597514594,35816.82203060237,0.0010564916301518679,348.5563180172489,35810.20985423872,0.0010541159426793456,0.11715574562549591,0.011441484093666077,30730.501557595147,19640.74718826646
0.059207203663894474,0.05355091676946331,-0.07907937201639692,-0.06744175178755907,0.15016300464726146,0.19541832171876905,0.037208165097198376,0.0,-61.11509426861244,-28.182697864124265,-44.64889606636835,32.93239640448817,-18.569165468215942,-18.54586362838745,-18.557514548301697,0.02330183982849121,-0.008209461346268654,-0.004424416925758123,0.08539541810750961,0.08076415210962296,2.869023592211306e-05,0.00942874513566494,0.08153603225946426,0.08508796989917755,343.3221554325443,35811.34609480542,0.0010664607398211956,341.5397473199561,35804.68541677,0.0010475304443389177,0.11590319871902466,0.020223276689648628,30704.615416902674,18449.028999093636
0.01375654070367811,0.0,0.12279400739956728,0.24792893377971217,0.19138132855227707,0.07227291372934075,0.06031908172336742,0.0,-59.668388827495164,-29.384118758019724,-44.526253792757444,30.28427006947544,-18.62107753753662,-18.63442063331604,-18.62774908542633,-0.013343095779418945,0.0007874679286032915,0.009298832155764103,0.0811643898487091,0.08403728157281876,-0.0007500654901377857,0.009323939681053162,0.08044127374887466,0.08447824418544769,362.19458010445135,35810.43303429197,0.0010516606271266937,342.6841047708733,35817.46638718127,0.001073958002962172,0.11860807985067368,0.012405110523104668,30726.793208074043,18374.597730499954
0.9592488695288359,0.9964783194914304,0.772265213345773,0.04678000871014423,-0.2913947219787872,-0.17176888324552064,-0.35017987712443516,-1.0,-57.693152857927004,-24.71916950014173,-41.20616117903437,32.97398335778527,-18.554433584213257,-18.519948720932007,-18.537191152572632,0.03448486328125,0.004434266593307257,-0.008259741589426994,0.08084855228662491,0.08558657765388489,-0.007416567299515009,0.005926104262471199,0.08226743340492249,0.08486805111169815,352.92016196984156,35814.56667746453,0.0010573541512712836,364.93766590844433,35807.5203915835,0.001052466919645667,0.11706748604774475,0.011582260020077229,30982.329322039965,18639.33955390183
0.005017699514780281,0.0,0.03328607767231001,0.12711718379747033,0.1838741748696791,0.11481389957169752,0.014081956925087513,0.0,-59.74993990099176,-30.270359696165713,-45.01014979857874,29.47958020482605,-18.551350831985474,-18.56535315513611,-18.55835199356079,-0.014002323150634766,-0.008836017921566963,-0.003123451489955187,0.08566512912511826,0.08082694560289383,0.00941566750407219,-7.82371498644352e-05,0.08487316220998764,0.08137746900320053,340.2069505058411,35813.06827460043,0.0010638439562171698,351.0651570876958,35811.41009785307,0.001064975280314684,0.11551642417907715,0.020412754267454147,30700.047245934376,18519.02419926411
1.0,0.9725964700851198,0.882445931798622,0.4588706763161149,-0.03399405950662998,-0.19884021248540257,-0.3934132205223194,-1.0,-59.11252550049733,-26.24204326746093,-42.67728438397913,32.8704822330364,-18.337881565093994,-18.34446668624878,-18.341174125671387,-0.006585121154785156,-0.0025875307619571686,-0.009283972904086113,0.08469105511903763,0.0860067829489708,0.009650496765971184,0.000415494927437976,0.08723971247673035,0.08328468352556229,348.2189054213422,35810.668822223226,0.001047332538291812,334.274286883581,35817.582798706055,0.0010636000661179423,0.12286267429590225,0.013710081577301025,30480.39409123071,18616.691062627895
0.05480177438251025,0.077623555926442,-0.09448028149751314,-0.14199186654512957,0.08469143312594657,0.21946018986888927,-0.006289312631929778,0.0,-61.78672118227621,-27.288102665034785,-44.5374119236555,34.498618517241425,-18.442537784576416,-18.445770740509033,-18.444154262542725,-0.0032329559326171875,0.0011403075186535716,-0.009398805908858776,0.08221369236707687,0.08639897406101227,-0.007431045174598694,-0.006012662313878536,0.08635091781616211,0.08218885958194733,380.1240991967392,35811.13141108398,0.0010619532549753785,358.424805385038,35808.67135695716,0.001058650086633861,0.12076307833194733,0.012085425667464733,30729.281822574423,18252.244182565446
-0.002658080805587586,0.0,0.25495194207713573,0.38989208826123783,0.1826262251575771,-0.02294961530057149,-0.011456588138946233,0.0,-56.7140870568968,-27.066165614968952,-41.89012633593288,29.64792144192785,-18.47794771194458,-18.48058581352234,-18.47926676273346,-0.002638101577758789,0.00920211710035801,-0.002344088163226843,0.08473740518093109,0.08322669565677643,-0.001525992644019425,0.009396513924002647,0.08165588974952698,0.08619949966669083,347.95376222716357,35812.489638260995,0.0010457836324349046,347.85711482805533,35812.59413027011,0.0010667861206457019,0.1146746575832367,0.019543133676052094,31068.934111207564,17578.145551423182
0.552627801077797,0.584271736593903,0.26692444504079194,-0.19800762684280948,0.08043274001589007,0.4537911320154162,0.0663437305544089,-0.1299704548908971,-61.42755345742313,-26.968766357835193,-44.19815990762916,34.45878709958794,-18.50796341896057,-18.52748155593872,-18.517722487449646,-0.019518136978149414,0.0018460978753864765,-0.009229600429534912,0.08140779286623001,0.08592832088470459,-0.004198092967271805,0.008484013378620148,0.08101789653301239,0.08592306822538376,345.60994452924166,35819.05954089277,0.0010617864318192005,343.02440254469883,35815.35669804677,0.0010447062086313963,0.11966447532176971,0.011692704632878304,30730.966681453043,18521.86030159649
0.008052138421742207,0.0,0.0023150244803369635,0.1384707493651648,0.21204180965599295,0.09161262331571757,-0.004271687001646485,0.0,-56.477954106828406,-28.054003906321896,-42.26597900657515,28.42395020050651,-18.551998138427734,-18.564882278442383,-18.55844020843506,-0.012884140014648438,0.004442295990884304,0.008273901417851448,0.08369845896959305,0.08284708112478256,0.004782197065651417,0.008104659616947174,0.08378078043460846,0.08251146972179413,361.59787174704815,35809.34435989263,0.0010588292498141527,354.50383723037766,35811.65824283767,0.0010581511305645108,0.11967220902442932,0.014400077052414417,30476.972959574294,18356.05879733149
0.9972671594469305,0.9926630661319938,0.826865272968628,0.06964349951969924,-0.22597901955442695,0.001025633630522993,-0.11854778555884049,-1.0,-61.39545459229174,-25.908597719694853,-43.6520261559933,35.48685687259689,-18.584388494491577,-18.585879802703857,-18.585134148597717,-0.0014913082122802734,0.009307192638516426,-0.0009121517068706453,0.08435000479221344,0.08155471831560135,0.006617623846977949,0.006672857329249382,0.084628626704216,0.08123097568750381,352.7348686483693,35811.18346587898,0.0010458376491442323,342.3814032320609,35806.106004387526,0.0010536928893998265,0.11360520124435425,0.019288893789052963,31095.778794123707,18433.532672043562
-0.005856539019370835,0.0057426488195568065,-0.019357394958112242,0.0338089544954564,0.1291984447549649,0.04041076607571614,-0.0028792423814993917,0.0,-60.43035260910119,-27.33618123369814,-43.88326692139967,33.09417137540305,-18.54115128517151,-18.518552780151367,-18.529852032661438,0.0225985050201416,0.002003764733672142,-0.009154385887086391,0.08107233792543411,0.08562490344047546,0.009447307325899601,0.000698448158800602,0.08559941500425339,0.08153627067804337,348.2585593916192,35817.26597082788,0.001061916002072394,370.40422029957375,35812.22655329159,0.0010673985816538334,0.11904800683259964,0.0115413973107934,30731.831802727862,19470.355655984462
0.027952451662724715,-0.007417435161059533,0.2916226057768859,0.34797943923039953,0.06837874988146636,-0.032560780266220446,0.11258891532706927,0.0,-56.29534301542088,-25.540331059424517,-40.9178370374227,30.755011955996366,-18.60698938369751,-18.56395721435547,-18.58547329902649,0.043032169342041016,-0.0011589666828513145,0.00928710401058197,0.08060064911842346,0.08483858406543732,-0.009271489456295967,-0.001587769016623497,0.08539240062236786,0.08086122572422028,347.3969611964525,35812.73254178787,0.0010513707529753447,329.75399675571174,35809.13946973966,0.0010546946432441473,0.11781583726406097,0.011320139281451702,30975.374440839954,18584.818792301972
0.14093835522710568,0.13316090859561952,-0.09002696018056298,-0.027941177572566506,0.24477392072419463,0.30813218376378615,0.06407118521236366,0.0,-62.81449610314132,-27.91895713229252,-45.36672661771692,34.895538970848804,-18.52113366127014,-18.52200150489807,-18.521567583084106,-0.0008678436279296875,0.008103791624307632,0.004658268298953772,0.08582819998264313,0.08125855773687363,-0.006179019808769226,-0.007175171282142401,0.08499648422002792,0.08209708333015442,375.3803605264475,35817.440242014636,0.0010565053671598434,346.12297136197105,35812.47585371438,0.0010481877252459526,0.11652816832065582,0.020342526957392693,30703.741094623318,18497.306528023277
0.001495497063545112,0.0,0.058110609979008326,0.19268396194508308,0.08817040035690538,-0.03462576608020629,-0.0452115756524929,0.0,-57.346833897118074,-26.054095234637288,-41.70046456587768,31.292738662480787,-18.575422763824463,-18.571263551712036,-18.57334315776825,0.004159212112426758,-0.009346051141619682,-0.0007865919033065438,0.08503901213407516,0.08100975304841995,-0.0029229670763015747,0.00892978347837925,0.08059801161289215,0.08550532162189484,355.4874856248569,35807.03487565072,0.0010503323283046484,338.16025527997544,35808.39463307079,0.0010639273095875978,0.11439546197652817,0.020433459430933,30923.7320745997,18267.302263340614
0.9589563094463341,0.9908784241369704,0.6893428885949922,0.147352959958217,-0.12769165874464414,-0.11803171804184825,-0.431250070635668,-1.0,-60.32925482117588,-24.8383428196816,-42.58379882042874,35.49091200149428,-18.557898998260498,-18.573323488235474,-18.565611243247986,-0.015424489974975586,0.006066186353564262,0.007147574797272682,0.08458040654659271,0.08183260262012482,0.0011562337167561054,0.009336217306554317,0.08173487335443497,0.0843789204955101,361.6512775630149,35817.21241741328,0.0010594699997454882,315.46400833913384,35806.59397573094,0.001054038293659687,0.11844480037689209,0.01695873960852623,30472.847417398723,18478.32519609876
0.0014898145542275667,-3.041851302713172e-05,0.012296313455249036,0.13844278702067542,0.18368743348431493,0.06880961728879748,-0.044448565341006496,0.0,-62.86478461994648,-33.03585054111113,-47.950317580528804,29.828934078835346,-18.554903268814087,-18.55832576751709,-18.55661451816559,-0.0034224987030029297,0.0030767801217734814,0.008858622051775455,0.08290790766477585,0.08358388394117355,0.009364094585180283,-0.0010062353685498238,0.08458560705184937,0.08181390911340714,348.39130317572693,35816.848631142435,0.0010570985032245517,361.56773009013637,35816.000844729504,0.0010713163064792752,0.11967459321022034,0.014120454899966717,30478.845750333036,18365.957357840194
0.5820119504253438,0.5477432451133833,0.5661839375192196,0.17080355843026568,-0.29511528394791203,0.02928321490764696,0.26498638198385327,-0.2438862738077191,-61.68674248687228,-27.278986202299137,-44.48286434458571,34.40775628457314,-18.564536571502686,-18.563038110733032,-18.56378734111786,0.0014984607696533203,-0.008109001442790031,0.004724887665361166,0.08255209028720856,0.08375019580125809,-0.003575399052351713,0.008705610409379005,0.08064210414886475,0.08561602234840393,335.17829549235597,35813.44041393813,0.0010549239814281464,332.04208694118665,35810.02610483739,0.00105605972930789,0.11430376768112183,0.01667504943907261,31245.127932045732,17415.66536864658
-0.009282451723922799,0.022551832921416007,-0.053711960463296425,-0.035763344885539755,0.1521918197045946,0.21979455967481865,0.07033791497345032,0.0,-61.020470283778025,-27.6849219039878,-44.35269609388291,33.335548379790225,-18.49950671195984,-18.514928817749023,-18.50721776485443,-0.01542210578918457,0.00777827063575387,0.005263923667371273,0.08593863993883133,0.08156789094209671,-0.009130900725722313,0.002519913949072361,0.08427546918392181,0.08297485113143921,354.9555598251525,35806.38921478004,0.001050557242706418,359.93503281175964,35820.987504702745,0.0010643547866493464,0.11758481711149216,0.019872982054948807,30709.004895713882,18412.570108538905
-0.005150092672728637,0.0,0.316155769900941,0.31380713553010137,0.024484096657925697,-0.10407041433035286,0.04952412138149198,0.0,-60.13742877867952,-30.41443706878539,-45.275932923732455,29.72299170989413,-18.539589643478394,-18.550652265548706,-18.54512095451355,-0.0110626220703125,0.004324659705162048,0.00837196595966816,0.08374650776386261,0.08303568512201309,0.009151052683591843,-0.002365207765251398,0.08402854949235916,0.08253152668476105,361.0564203330267,35808.44508205773,0.001060866517946124,334.42802234016636,35809.03329714212,0.001058807596564293,0.11968290060758591,0.014764566905796528,30477.056193648554,18368.513884592674
0.19447573360648057,0.2045515327185601,0.09298211714169556,-0.20354179239904832,0.10216489820634278,0.3827621984389806,0.1405998622817528,0.0,-61.77781758940944,-28.290017860481726,-45.03391772494558,33.48779972892771,-18.59849452972412,-18.599218130111694,-18.598856329917908,-0.0007236003875732422,-0.009284242987632751,0.0005169175565242767,0.08435948193073273,0.0812751054763794,-0.0030001141130924225,0.008919388987123966,0.08033125847578049,0.08523298054933548,352.2792908055088,35812.551393737784,0.0010595895582810044,347.79548056068415,35810.465407923824,0.0010515596950426698,0.1132589802145958,0.019528737291693687,30871.68445952649,18684.8420314419
0.00919614355899738,0.0,0.03330297248348019,0.18746511492282095,0.19357590693224264,0.04003770671186424,-0.033910668756394036,0.0,-59.45773099645703,-28.21139042529765,-43.83456071087734,31.24634057115938,-18.604589700698853,-18.620805740356445,-18.61269772052765,-0.016216039657592773,0.007431110832840204,0.0056299082934856415,0.08480870723724365,0.08068350702524185,0.0006023531313985586,-0.00934327021241188,0.08059912174940109,0.08458129316568375,338.7410487612803,35806.961300891875,0.0010444504441693425,344.88545559432526,35807.08113768163,0.0010687694884836674,0.11690972745418549,0.018821777775883675,30467.804343452182,18667.10674079928
0.9999607242757322,0.9921724982645884,0.8007727914421352,-0.05674620626528371,-0.32390857036278703,-0.10423962702410045,-0.2665786963443108,-1.0,-62.09438936861699,-27.233579666651224,-44.663984517634105,34.86080970196576,-18.59564185142517,-18.59992265701294,-18.597782254219055,-0.004280805587768555,0.0006685944390483201,0.00931619107723236,0.08134381473064423,0.08434245735406876,0.008861716836690903,0.0031310326885432005,0.08523182570934296,0.08031994104385376,348.47466783462505,35813.864779715106,0.0010532200103625655,343.77118504514345,35809.873141466356,0.0010527468984946609,0.1188306212425232,0.012517591007053852,30727.00384587518,18376.9731241001
0.005383526549412902,0.0,0.020618311224672656,0.10415302132023677,0.18996958827099797,0.11246339600607613,0.012124755329294246,0.0,-63.162765232206596,-31.037595418653723,-47.10018032543016,32.12516981355287,-18.607165813446045,-18.608099222183228,-18.607632517814636,-0.0009334087371826172,-0.0017028728034347296,0.009148872457444668,0.08050895482301712,0.08492814749479294,-0.009255531243979931,0.0013554726028814912,0.08394196629524231,0.08151300251483917,354.5523372377518,35809.71897238874,0.001057581976056099,358.3032937558252,35815.225202659494,0.0010656444355845451,0.11813101172447205,0.011748163029551506,30730.391739894916,18413.02470670648
0.21283228987836483,0.07886961815520066,0.7483421211241337,0.6361228810221664,-0.16093805678071582,-0.3764742686059446,0.20831865279934492,0.0,-56.04560162093509,-24.019030704577176,-40.03231616275613,32.02657091635791,-18.614529371261597,-18.62528920173645,-18.619909286499023,-0.010759830474853516,0.006232911720871925,-0.006988240405917168,0.08077102154493332,0.08453459292650223,-0.00583109213039279,0.007332402281463146,0.08046916872262955,0.08462057262659073,337.8073895828904,35812.556984191186,0.0010601365938782692,349.7033493415991,35818.05566926419,0.0010690019698813558,0.11475253105163574,0.013746552169322968,31233.237764339836,17481.986579867887
0.0853434156881954,0.08410301646407196,-0.09924215490931237,-0.05790685053445252,0.2165345819898929,0.31774990721220275,0.06789958464711288,0.0,-63.40446242073472,-28.651744023679555,-46.028103222207136,34.75271839705516,-18.60548973083496,-18.612940311431885,-18.609215021133423,-0.007450580596923828,-0.009273296222090721,-0.0005288186948746443,0.08462649583816528,0.08086089789867401,0.006366382818669081,0.0068677496165037155,0.08424641937017441,0.08110249787569046,372.24059885697807,35811.97477931423,0.0010642422130331397,338.99624820552333,35806.74824501315,0.001051675179041922,0.1133355051279068,0.019764630123972893,30886.742607071716,18206.37133633768
0.0007359344985058153,0.0,0.11958586346703554,0.21659556928346363,0.1079346066726739,0.04275279263192078,0.056400296724416044,0.0,-59.79758010221212,-25.896936687187633,-42.84725839469988,33.90064341502449,-18.608766794204712,-18.6139178276062,-18.611342310905457,-0.005151033401489258,0.009313707239925861,0.0004978548968210816,0.08462229371070862,0.08079653978347778,-0.0028579244390130043,-0.008915429934859276,0.08222650736570358,0.08313136547803879,355.12529812499344,35811.65492869599,0.0010503868106752634,352.96068635455276,35814.20574036457,0.0010733490344136953,0.11357752978801727,0.019966308027505875,30910.09386081414,18244.71061886793
0.9562986994582403,0.988582905364732,0.6192039368297094,-0.13385749721303267,-0.38404602348334393,-0.09397459792746804,-0.3663910907355675,-0.983912278882831,-62.53367740399267,-27.71636772573123,-45.12502256486195,34.81730967826144,-18.64217519760132,-18.65816354751587,-18.650169372558594,-0.01598834991455078,-0.009296268224716187,-0.00016715785022825003,0.08418216556310654,0.08060614764690399,-0.008226236328482628,0.004436513874679804,0.08180517703294754,0.0827089175581932,375.4351790523004,35815.65955777502,0.0010628442978486419,368.6828761450554,35810.99356338754,0.00106422312092036,0.11316359043121338,0.01948986016213894,30886.162048227336,18184.33882127581
0.002407971261291846,0.0,0.009793540941689702,0.1540755105174037,0.2454784577722976,0.09932901041470421,-0.014134439170880309,0.0,-61.31810525772033,-30.728665483849625,-46.02338537078498,30.58943977387071,-18.641377687454224,-18.664060831069946,-18.652719259262085,-0.022683143615722656,0.008841762319207191,-0.0028233337216079235,0.08287984132766724,0.08196177333593369,0.004957535304129124,-0.007861015386879444,0.07989783585071564,0.08444932103157043,359.90346983059464,35821.95733199456,0.0010675393277779222,337.639335448269,35807.417764648075,0.0010627638548612595,0.11272242665290833,0.017994537949562073,31024.957764868184,17562.076247843313
-0.06447695416853083,-0.10916931170805289,0.010595843936334504,-0.566661203396885,-1.0,0.34979445148974275,0.6481930719858858,0.5618674682697673,-59.1850799275166,-24.663693602345973,-41.924386764931285,34.521386325170624,-18.5451877117157,-18.51193904876709,-18.528563380241394,0.0332486629486084,-0.006511884741485119,-0.006778387352824211,0.08493431657552719,0.0817127674818039,0.0022687194868922234,0.00921094324439764,0.08284936845302582,0.08445466309785843,350.4766435313994,35815.18950506733,0.0010507858823984861,350.74342815288657,35814.73077593466,0.0010604618582874537,0.11855527758598328,0.017347747460007668,30471.625378923974,18510.999657153454
-0.011837556575342576,0.02132345266569617,-0.0933921643160328,-0.0666335028231465,0.11460239419230606,0.14803785557862625,-0.034980353117288754,0.0,-60.57356293053027,-26.598273773640926,-43.5859183520856,33.975289156889346,-18.58535408973694,-18.583601713180542,-18.58447790145874,0.0017523765563964844,0.0027289497666060925,-0.008904101327061653,0.08058404177427292,0.08526401966810226,0.009397007524967194,0.0004092867602594197,0.0848698541522026,0.08102283626794815,346.4183740497304,35819.7071664509,0.0010665481677278876,343.98930269367753,35811.841627800415,0.0010671428171917796,0.11799202114343643,0.011399188078939915,30976.354255300055,18471.56247725739
-0.009135845470249856,0.003950988117274608,0.3246106267292125,0.3997664133443991,0.13191107602725002,-0.017779180561821373,0.11820916507459311,0.0,-57.64215653350135,-27.97707335761538,-42.809614945558366,29.665083175885968,-18.523736000061035,-18.53355884552002,-18.528647422790527,-0.009822845458984375,0.003447407390922308,-0.008798619732260704,0.08104272931814194,0.08597185462713242,-0.009385067969560623,0.001206767512485385,0.0847393274307251,0.08213620632886887,351.647727137153,35809.35853698412,0.0010485934326425195,352.28045706343323,35817.536516793276,0.001064920797944069,0.11800850927829742,0.011534656397998333,30979.336696302787,18044.717514901757
0.9089730918473123,0.8876108846170583,0.44397575466859956,-0.041222626482886195,0.4112495363196465,0.9110356923604274,0.7492149630780016,-0.04901662209427038,-60.91940767255409,-29.024777695160424,-44.972092683857255,31.894629977393663,-18.54283332824707,-18.55704426765442,-18.549938797950745,-0.014210939407348633,-0.0008765555685386062,0.00834386982023716,0.08166312426328659,0.08513219654560089,0.0056285616010427475,0.007582599297165871,0.08433747291564941,0.08209182322025299,375.179886395084,35707.37490048702,0.0011229452211409807,353.3341790962673,35813.39169624287,0.0010539492359384894,0.11853303015232086,0.01174494531005621,30971.986399545596,18402.389505787673
0.0028506783504911645,0.0,0.030523422831134045,0.16373543446587246,0.25834225519761167,0.12255095085788897,0.003824351355094513,0.0,-58.89203918126276,-30.232215321210106,-44.56212725123643,28.659823860052654,-18.557745218276978,-18.564293384552002,-18.56101930141449,-0.006548166275024414,0.003250584239140153,0.008820971474051476,0.08296763896942139,0.08346733450889587,0.007681176532059908,0.005443189293146133,0.08532287925481796,0.08092700690031052,374.0169463703239,35811.50913207767,0.0010613970225676894,359.2626485854935,35815.13397843068,0.0010602325201034546,0.11956906318664551,0.013710131868720055,30478.712642834846,18425.92051147888
0.9978590479904837,0.9888488105586498,0.8503990507452543,0.3595682723041933,0.007269419458261206,-0.05026443610198089,-0.36723781717763554,-1.0,-59.86317945152945,-25.15187312405999,-42.50752628779472,34.71130632746946,-18.551669120788574,-18.574368953704834,-18.563019037246704,-0.022699832916259766,-0.009386308491230011,-0.0003922322066500783,0.08514789491891861,0.0813627541065216,0.0003491420648060739,-0.009416811168193817,0.08112227916717529,0.08494662493467331,333.9701350600066,35807.43958210727,0.0010453774593770504,323.2768719582001,35808.43047167716,0.0010449243709445,0.11459078639745712,0.02004777453839779,30906.711221882328,18232.00923806331
-4.7558617220524766e-05,0.0030405479814462413,0.06086298397869162,0.2568079559782245,0.5224303089084881,0.5641139300851351,0.6576318020876954,0.0,-55.11487530950298,-28.776039820010965,-41.94545756475697,26.338835489492013,-18.563765287399292,-18.5677707195282,-18.565768003463745,-0.00400543212890625,0.008001284673810005,-0.0023561192210763693,0.08408062160015106,0.08234301209449768,0.0018849875777959824,-0.00921443197876215,0.08078112453222275,0.08539679646492004,387.3316968752676,35702.065118565915,0.0011124898446723819,340.84156213096713,35804.97684542681,0.0010505587561056018,0.11387380212545395,0.019865553826093674,30758.0134245108,17808.14717444656
0.06264974262841687,-0.006625060284545944,0.3066162048310346,0.3669995005131379,0.01039495271125715,-0.014282560834174285,0.1683397902996333,0.0,-57.03952323212897,-25.138672947884345,-41.08909809000666,31.900850284244626,-18.58668327331543,-18.58198046684265,-18.58433187007904,0.00470280647277832,0.006641761865466833,0.006593492813408375,0.08461002260446548,0.08123909682035446,-0.009056600742042065,0.0025259042158722878,0.08362268656492233,0.08234123885631561,345.26081264249535,35810.845376903795,0.0010407478548586369,342.67204886536746,35811.82242161448,0.0010644507128745317,0.11803383380174637,0.01695737987756729,30472.720524348122,18476.306764863
0.48559584364789643,0.46751628918962906,-0.07244730610838626,-0.24511612415193015,0.24882431784649994,0.3918861415103523,0.07154487409592325,0.0,-63.7374517327828,-26.580092143073955,-45.15877193792838,37.15735958970885,-18.578897714614868,-18.58521342277527,-18.58205556869507,-0.006315708160400391,0.0024911081418395042,-0.008978533558547497,0.08066197484731674,0.08531063795089722,0.00014331130660139024,0.00940273329615593,0.08120890706777573,0.08466170728206635,359.1682289475646,35818.90570629987,0.0010716707911342382,366.2642893626072,35812.395263277576,0.0010669740149751306,0.11852903664112091,0.011661623604595661,30731.200405893454,18792.604377476127
-0.9792485689118776,-0.9960347143964977,-0.7833229330279114,0.4104884010662273,0.47021385534244414,0.5407432590671417,0.7230685564640245,0.9679970435069283,-59.16187662843754,-31.338617222082974,-45.25024692526026,27.823259406354566,-18.580654859542847,-18.58882188796997,-18.58473837375641,-0.008167028427124023,-0.00614157784730196,-0.00708164693787694,0.08440067619085312,0.08157283067703247,0.001929985941387713,-0.009169775061309338,0.08058280497789383,0.08519399166107178,354.99299704160757,35819.285748774055,0.001057575922459364,330.91097677080336,35812.251665038006,0.0010594221530482173,0.11824361979961395,0.016555113717913628,30473.004643092852,18463.439670057327
0.958393238467843,0.9959254015113617,0.894752260955667,-0.14624625941847502,-0.17596480549927268,0.0020205198795673063,-0.19268148474050473,-1.0,-61.52141587060328,-26.125145805503337,-43.82328083805331,35.39627006509994,-18.580154180526733,-18.58426570892334,-18.582209944725037,-0.004111528396606445,0.008691772818565369,-0.0034336037933826447,0.08313906192779541,0.08287113904953003,0.0019814318511635065,-0.009199559688568115,0.0805930495262146,0.0852651372551918,355.9282151024863,35811.026618209406,0.001061402028426528,351.9922697933586,35805.543422637835,0.001045658951625228,0.11373008787631989,0.017576249316334724,31017.599210512093,17645.4326592158
5.447668817565104e-05,0.0,-0.006011077269776885,0.08477999843240877,0.17843737950890354,0.06571097690647165,-0.01777505544447744,0.0,-59.38321029182106,-29.797578469369626,-44.59039438059534,29.585631822451433,-18.590314388275146,-18.590787649154663,-18.590551018714905,-0.00047326087951660156,0.0093294158577919,0.0002778647467494011,0.08472420275211334,0.08105157315731049,-0.008135808631777763,0.004646661691367626,0.0823412761092186,0.0834582969546318,338.93224986350185,35817.726856348,0.0010630161268636584,359.0328034658581,35821.08457378497,0.0010711391223594546,0.11370453983545303,0.020236289128661156,30904.940372983485,18234.97140471857
0.6260433493479727,0.5013053870381708,0.7503307987681936,0.37526133666751105,-0.22111737375822133,-0.12365142732659395,0.26244341129359827,-0.1746245611922318,-55.61405639177809,-22.50884592512449,-39.06145115845129,33.1052104666536,-18.579806089401245,-18.59886884689331,-18.589337468147278,-0.01906275749206543,-0.0025416691787540913,0.009042044170200825,0.08058439195156097,0.08535873889923096,0.008493280038237572,0.004001175984740257,0.08524388074874878,0.08032915741205215,345.7849953868846,35811.94490867829,0.0010579937370494008,348.42036102189513,35816.21836037811,0.0010649487376213074,0.11761092394590378,0.011169055476784706,30978.002147271465,18055.90276701405
0.20783334863088532,0.2595683508549728,-0.07973992524188774,-0.16695986619941974,0.16195378191634802,0.15747252312820192,-0.024692320406993873,0.0,-60.78625910694467,-26.88412662132137,-43.83519286413302,33.9021324856233,-18.604722023010254,-18.602067232131958,-18.603394627571106,0.0026547908782958984,-0.002173395361751318,0.00903453677892685,0.08044902980327606,0.08503205329179764,0.007633506320416927,0.005430666729807854,0.08495517820119858,0.08057373762130737,337.0060003184407,35813.697008044815,0.0010530985891819,334.4817823736643,35817.12264183878,0.0010684911394491792,0.11806252598762512,0.011521357111632824,30732.005268991474,19557.459133251068
-0.005159051730970464,0.0010841436717821732,0.16720463908524694,0.2819087041818117,0.1833522685478397,0.0802166627715809,0.0488482998441071,0.0,-57.23344700650881,-27.90565896503682,-42.569552985772816,29.32778804147199,-18.566458225250244,-18.547996282577515,-18.55722725391388,0.018461942672729492,0.008654844015836716,-0.003656678134575486,0.08315218240022659,0.08311618864536285,-0.007525383494794369,-0.005702209193259478,0.08541784435510635,0.08114661276340485,355.08653212376635,35809.911644162115,0.0010630862088873982,352.2562664339106,35811.47308293437,0.0010573248146101832,0.11361832916736603,0.018252475187182426,31024.288320663738,17576.628661243612
0.9221582798968556,0.9912938522583356,0.6246715245295144,-0.06331424032932287,-0.11210151083779979,0.19209643481997185,-0.32233806575682356,-1.0,-61.001243397843325,-24.610664695140315,-42.80595404649182,36.39057870270301,-18.566601276397705,-18.591437339782715,-18.57901930809021,-0.024836063385009766,0.00013009511167183518,-0.009361057542264462,0.08133725821971893,0.08489411324262619,0.00936986692249775,0.0007221953710541129,0.08489792048931122,0.08084005117416382,359.02167426960057,35813.67141189966,0.001063058851286769,341.45258642840207,35816.87059903147,0.001056912005878985,0.11935171484947205,0.01220090314745903,30727.782141199536,18270.149842618084
0.016136509157275734,0.0,-0.02647304120314671,0.07723218325868872,0.13563218832113372,0.03292052019121505,-0.0762096437647295,0.0,-63.15643452281546,-33.01846753276823,-48.08745102779184,30.137966990047232,-18.503520488739014,-18.491369485855103,-18.497444987297058,0.012151002883911133,0.009398871101439,-0.0008843490504659712,0.08514679223299026,0.08230936527252197,0.008546628057956696,-0.004121393896639347,0.08362336456775665,0.08408671617507935,372.37736569259556,35808.80817105473,0.0010534285102039576,345.9416633201539,35809.55031308948,0.0010557066416367888,0.11463350057601929,0.019408266991376877,31078.134061175842,17641.624079761223
0.9817118672813998,0.9357807668791532,0.8387237432239942,0.12450312173935506,-0.2693015540858897,0.0743314032003809,0.13932943662148667,-0.5231978863345753,-59.749187482000536,-26.982628121993002,-43.36590780199677,32.766559360007534,-18.608617782592773,-18.60963463783264,-18.609126210212708,-0.001016855239868164,-0.005136450752615929,-0.007795581594109535,0.08357895165681839,0.08187723159790039,-0.003324589692056179,-0.008774766698479652,0.08251941949129105,0.082920141518116,356.5497130615877,35814.12592027001,0.0010569278383627534,328.9666049657077,35810.75644365952,0.001050225575454533,0.11829845607280731,0.015475718304514885,30475.620311383966,18390.133185409974
0.0003095938139762531,0.030149446143128318,-0.09399140804097078,-0.04982277299002713,0.10204138763083853,0.13725068066861779,-0.014160956888371046,0.0,-56.76699751991646,-24.143535547822182,-40.45526653386932,32.623461972094276,-18.379327058792114,-18.428484201431274,-18.403905630111694,-0.049157142639160156,-0.008651952259242535,0.004035092890262604,0.08478813618421555,0.0851069986820221,-0.007739957422018051,-0.005627012811601162,0.08665752410888672,0.08221198618412018,347.5761276716728,35810.28461101676,0.0010608283337205648,356.82625472445346,35807.702366557685,0.0010610631434246898,0.11634008586406708,0.017972031608223915,31015.735238946014,18303.45047968447
0.009272557515961954,0.0,0.25134706036864973,0.3919242372815749,0.1916330448703775,0.06357452918186762,0.09145314212797229,0.0,-57.21962571533675,-27.988195098691506,-42.603910407014126,29.23143061664524,-18.488447666168213,-18.5235595703125,-18.506003618240356,-0.03511190414428711,-0.0024639228358864784,0.00916633103042841,0.08144041150808334,0.08625756949186325,-0.00926447194069624,0.0019792900420725346,0.0844712182879448,0.08260642737150192,367.32018893616663,35815.75209172468,0.001051131752319634,362.43714730232205,35811.68962520733,0.0010482618818059564,0.1188807338476181,0.011406561359763145,30977.492188362197,18101.03343742169
0.43648780824926997,0.48093311925698423,0.07711525783578788,-0.21498677346239603,0.14597203496286337,0.46565342431128764,-0.06490909756923746,-0.3145889115248214,-62.50583585855611,-27.03484082799335,-44.77033834327473,35.47099503056276,-18.599573373794556,-18.624550104141235,-18.612061738967896,-0.024976730346679688,0.005834312178194523,0.007233340293169022,0.08405455201864243,0.08157002925872803,9.101931937038898e-05,0.00935220904648304,0.08081164956092834,0.0843091756105423,354.98493138615675,35812.700831586706,0.0010599083034321666,350.80736455368117,35802.259862625695,0.0010489586275070906,0.11775170266628265,0.017077922821044922,30472.775360494412,18481.40670787017
0.023902975089289992,0.0,0.032735988349262266,0.15447554011884074,0.15579033710198625,0.06836379822969751,-0.06990585751680567,0.0,-59.03611234155824,-28.688214266666023,-43.86216330411213,30.347898074892214,-18.70875835418701,-18.718206882476807,-18.71348261833191,-0.009448528289794922,-0.0025047871749848127,0.008872087113559246,0.07941558212041855,0.08408702909946442,-0.0043434565886855125,-0.008162859827280045,0.08211273699998856,0.08127234876155853,363.729907799785,35813.76682820394,0.0010455385781824589,375.5294942409363,35814.458876474004,0.0010614836355671287,0.11627646535634995,0.01116735115647316,30977.35235270827,18141.886815339185
0.9801491141672747,0.9978871246031512,0.7912223045460919,0.2605326443744672,-0.08785408111593276,-0.17739068496784138,-0.42443698011509323,-1.0,-63.30957392173434,-27.366873008490586,-45.33822346511246,35.942700913243755,-18.705683946609497,-18.725390434265137,-18.715537190437317,-0.01970648765563965,0.006977233104407787,0.0060407742857933044,0.08368198573589325,0.0799008160829544,0.008693013340234756,-0.003157793078571558,0.08189484477043152,0.08135533332824707,363.34920571542574,35817.496067288186,0.0010552153689786792,334.9836258539695,35804.077426022304,0.0010531750740483403,0.11538121104240417,0.01865447498857975,30467.85355294231,18849.410488912326
-0.004748140567457988,0.0007538162264877377,-0.005915090881213003,0.083383027381673,0.1371072973822252,0.07555479688965105,-0.025171098648013257,0.0,-61.59464240129705,-29.2388334372572,-45.416737919277125,32.35580896403985,-18.694764375686646,-18.708549737930298,-18.70165705680847,-0.013785362243652344,-0.009034592658281326,0.0018192613497376442,0.08284784853458405,0.08097653836011887,-0.007497011683881283,-0.005457645282149315,0.08388730138540268,0.07962429523468018,373.90160278379045,35819.440839167524,0.0010649369796738029,371.2760376227675,35811.09175015238,0.0010596733773127198,0.11200650036334991,0.018494101241230965,31052.06990979344,17538.30489703465
0.1154689050821786,0.0418090142481823,0.3231190394183883,0.3469140821814475,-0.24784857632113177,-0.2591317294337803,0.14740541648857386,0.0,-59.24186306040343,-28.34931064139664,-43.79558685090004,30.89255241900679,-18.717433214187622,-18.657342195510864,-18.687387704849243,0.06009101867675781,-0.0022422000765800476,0.00896320678293705,0.07936187833547592,0.08397568017244339,-0.005824953317642212,-0.007267945446074009,0.08353590220212936,0.08098012953996658,336.529398329732,35818.44527520422,0.0010537896305322647,330.1574118379963,35814.819027597965,0.0010644932044669986,0.11606600135564804,0.011173968203365803,30976.558226883928,18188.83488443722
0.15383996525478655,0.16372549124537045,-0.08801968018099364,-0.18811641265994694,0.2508516788959267,0.31363191283062275,0.10784006541974278,0.0,-62.107857905279275,-26.27679264890648,-44.19232527709288,35.831065256372796,-18.773778676986694,-18.647379875183105,-18.7105792760849,0.12639880180358887,-0.0046916985884308815,0.007801930420100689,0.0789521336555481,0.08334312587976456,-0.001445771544240415,0.00921841524541378,0.08012814074754715,0.0845368355512619,355.3905384305162,35815.524708502744,0.001059417030774057,355.0168126452484,35806.633788355255,0.001048960373736918,0.11441096663475037,0.011353236623108387,30980.42173707978,18113.115159227928
0.018272611252370258,0.0,0.12739945921037715,0.21785782361705747,0.14514862075724677,0.02505231501849181,0.015372818844124225,0.0,-56.8083682168766,-26.06951562949655,-41.438941923186576,30.73885258738005,-17.79184103012085,-17.577757835388184,-17.684799432754517,0.21408319473266602,0.00977766327559948,0.0030859538819640875,0.09347617626190186,0.08822784572839737,0.006712768692523241,0.008155882358551025,0.0946422666311264,0.0916433036327362,337.880926687908,35812.7845946436,0.0010447320528328419,360.28920949829103,35811.99304530098,0.0010600961977615952,0.12617698311805725,0.02226698026061058,30699.789764063706,18507.25367659985
0.9423823210996393,0.9921062825046437,0.7878291718847528,0.11474128697801494,-0.14953017698685037,-0.1074007068921441,-0.3399638833385197,-1.0,-58.20851989750423,-23.85247473797989,-41.03049731774206,34.35604515952434,-17.829970121383667,-17.862548828125,-17.846259474754333,-0.03257870674133301,0.0014008769067004323,0.010100357234477997,0.08913438022136688,0.09183038026094437,0.009477653540670872,0.003857674077153206,0.09279423952102661,0.08742473274469376,332.9696964045282,35811.333879009195,0.0010613739723339677,348.3321600407769,35810.437490543896,0.0010535091860219836,0.12996326386928558,0.01373216975480318,30727.057048167648,18638.62201536618
0.20839938796470803,0.20838992661674646,0.20752083138741148,0.21377226696708684,0.20981707886842793,0.5221682996111089,0.935623092262551,-1.0,-52.887488451338314,-25.50195868034499,-39.194723565841656,27.385529770993323,-17.85999894142151,-17.87242889404297,-17.86621391773224,-0.012429952621459961,0.005504986736923456,0.007048160769045353,0.09068749845027924,0.08979956060647964,-0.0010312404483556747,-0.007734370417892933,0.08881249278783798,0.09150326251983643,381.3387015057801,35707.39234789856,0.0011072481283918023,411.374733652296,35699.42004149758,0.0010401759063825011,0.12984547019004822,0.015617758966982365,30479.95585140855,18596.555129803164
0.22349453714269726,0.08411553263938647,0.4008845111712376,0.16097532340605558,-0.29449601801876135,-0.06844838502107231,0.2544850451642561,-0.18432013501581368,-60.08900848612171,-27.677939922713847,-43.88347420441778,32.411068563407866,-17.868410348892212,-17.880641222000122,-17.874525785446167,-0.012230873107910156,-0.0011344500817358494,-0.010115209966897964,0.08861065655946732,0.09154803305864334,0.0012801268603652716,-0.010131752118468285,0.08759743720293045,0.09226565808057785,320.19061040414215,35809.62531067451,0.0010454297298565507,352.1421621606664,35814.656419846106,0.0010563026880845428,0.12930402159690857,0.013607810251414776,30727.135266965193,18408.705030886005
-0.011249499165846109,0.03281492742573228,-0.08143821861401096,-0.055009806313648546,0.16903041916220812,0.2195340687462347,0.049077742384331824,0.0,-62.830009455059155,-27.743490814052336,-45.286750134555746,35.08651864100682,-17.888120412826538,-17.912427186965942,-17.90027379989624,-0.024306774139404297,-0.009584158658981323,-0.0031874068081378937,0.09240785241127014,0.08730006217956543,0.0014767346438020468,-0.010033931583166122,0.08721765875816345,0.09198901802301407,363.7579725917309,35814.07008333261,0.0010649284813553095,351.38961844052403,35815.89741354697,0.001069914666004479,0.12424486130475998,0.02218990959227085,30935.63670421927,18799.127131131296
0.008780455932955861,0.0,0.18965038641314755,0.27079454421736154,0.10134275250485564,-0.0020773210070182957,0.045196161879008434,0.0,-58.324964909408095,-27.16978705814222,-42.74737598377516,31.155177851265876,-18.01521062850952,-18.029288053512573,-18.022249341011047,-0.014077425003051758,0.0019942079670727253,0.009801491163671017,0.08753840625286102,0.08961307257413864,0.009054997004568577,-0.004274321720004082,0.0882364884018898,0.08863672614097595,336.49441950531474,35816.522304460435,0.0010575726628303528,342.33083980359186,35812.810148175966,0.0010493907611817122,0.12743327021598816,0.013732860796153545,30726.074477072863,19010.0557626183
0.9337852243921339,0.9939787268062116,0.5398228169746307,-0.1929414398379486,0.0008557780042532381,0.2814471263752797,-0.2056116079433571,-0.8445375491519796,-60.62320567474717,-24.742290554927052,-42.68274811483711,35.880915119820116,-17.9460871219635,-17.92636275291443,-17.936224937438965,0.019724369049072266,-0.0045172725804150105,-0.008976507931947708,0.0895993709564209,0.08898244053125381,0.009276783093810081,-0.004119321703910828,0.08941265195608139,0.08956729620695114,349.8322613081444,35815.56492469033,0.0010633112397044897,329.7932569041472,35805.962061508166,0.0010513582965359092,0.12799669802188873,0.0159769244492054,30476.773432819402,18367.299823384
0.015300484216697743,0.0,0.0201174856374213,0.15205547310935033,0.2046964829178825,0.06758304815950456,-0.031204124488035223,0.0,-59.45451016222199,-29.76041372782288,-44.607461945022436,29.694096434399114,-17.855690717697144,-17.85824418067932,-17.856967449188232,-0.0025534629821777344,-0.008961274288594723,-0.004772888496518135,0.0927533358335495,0.08762504905462265,0.00243217870593071,-0.009907438419759274,0.08759153634309769,0.09272775053977966,337.14445809770183,35811.9184575875,0.0010512314038351178,358.7668108431544,35814.907207247554,0.0010623715352267027,0.12627169489860535,0.02164442464709282,30706.879702777172,18403.777356988827
0.9985145336759413,0.9976424805585945,0.7893419825740245,-0.031228239420422285,-0.3480684234470865,0.17988646054285806,0.23605535568074032,-0.5949293405437264,-58.9730265179096,-24.278498514508527,-41.625762516209065,34.694528003401075,-17.80009627342224,-17.795196771621704,-17.797646522521973,0.004899501800537109,0.008493855595588684,0.005728015676140785,0.09318806231021881,0.08835458010435104,-0.0024076690897345543,0.0100010447204113,0.08820246905088425,0.09342771768569946,321.99568341504875,35812.79655293102,0.0010430463589727879,328.4305245649032,35809.65221003722,0.0010553640313446522,0.127738356590271,0.021149028092622757,30466.687197167743,19833.36069956228
-0.0075240547742004135,0.027202025509982974,-0.0327292860455786,0.003789502187353716,0.16168431243153797,0.12966186058032825,-0.014772554320440778,0.0,-62.35190694385051,-29.683506827611666,-46.01770688573109,32.66840011623884,-17.810381650924683,-17.83161997795105,-17.821000814437866,-0.021238327026367188,0.008080333471298218,0.006202452350407839,0.0928863137960434,0.08845683932304382,-0.007936688140034676,-0.006501250900328159,0.09266102313995361,0.08822783827781677,334.64298564662266,35812.01638575619,0.0010555246844887733,354.74621568230026,35812.65801111902,0.00107437779661268,0.12756973505020142,0.021222157403826714,30711.310607556887,18715.06978747778
0.04858901909051576,-0.004593664408300812,0.2891410483295435,0.267821225684567,-0.16149430143385463,-0.17741453601097956,0.045069766437231595,0.0,-55.72856594272483,-25.297537813566237,-40.51305187814553,30.43102812915859,-17.83157706260681,-17.833763360977173,-17.832670211791992,-0.002186298370361328,0.004414538852870464,0.009207673370838165,0.09069778770208359,0.09025121480226517,-0.0022554383613169193,-0.010009301826357841,0.0894816517829895,0.09140627831220627,345.83163394666315,35812.329177038686,0.0010449248366057873,347.7800643746244,35806.69688052011,0.0010463662911206484,0.13015900552272797,0.015252655372023582,30478.96974005533,18345.69435829116
0.45644009666963,0.43680895499290356,0.018132934704690143,-0.22775674844254207,0.1546187773581033,0.41143992715904876,0.1229353269398793,0.0,-64.6680393131374,-28.88471911810069,-46.776379215619045,35.78332019503671,-17.99225926399231,-18.003185987472534,-17.997722625732422,-0.01092672348022461,-0.009194763377308846,0.0038566000293940306,0.08886019885540009,0.08877868950366974,-0.001275587477721274,-0.009992585517466068,0.08731486648321152,0.0900663211941719,338.9042076270162,35815.1500772598,0.001061394577845931,347.6506262036773,35808.74981772653,0.0010560313239693642,0.12187409400939941,0.018186980858445168,31008.49131912068,18604.053651831357
0.011095117436350735,0.0,0.04968274134851727,0.18877081314616687,0.20638850807360815,0.046247845388115216,-0.023924087832300378,0.0,-60.45700284097583,-29.270733700760275,-44.86386827086805,31.186269140215558,-17.999591827392578,-18.01310658454895,-18.006349205970764,-0.01351475715637207,0.00854696985334158,-0.0052259210497140884,0.08800116926431656,0.08947544544935226,-0.0031472821719944477,-0.009538538753986359,0.08816193044185638,0.08903796225786209,340.7715200242379,35810.532671659654,0.0010544528486207128,359.2470564677076,35808.293170472505,0.0010680294362828135,0.12214156985282898,0.01759236305952072,31245.90904746996,17328.88353213001
0.9440775058927351,1.0,0.7743396455452312,0.11670914953166511,-0.19143099421378584,0.06690189953395365,-0.12284987556430027,-1.0,-58.496671595767054,-24.87234656179794,-41.6845090787825,33.624325033969114,-17.994030714035034,-18.001192808151245,-17.99761176109314,-0.0071620941162109375,-0.002304434310644865,0.00973877590149641,0.08629192411899567,0.09123750030994415,-0.00983385555446148,0.0021748021245002747,0.08968178182840347,0.08775150030851364,362.38599373885296,35816.986160984,0.0010552812600508332,336.2970134450034,35808.3214448439,0.001052452833391726,0.12624886631965637,0.012113066390156746,30976.845726518073,18411.739773635345
-0.00033128179297264556,0.0,0.052447163162700525,0.0886859062876928,0.18229229316398915,0.09864111597037162,0.016261498948631936,0.0,-59.240384348385476,-27.824836669207173,-43.532610508796324,31.415547679178303,-18.008285760879517,-18.00726294517517,-18.007774353027344,0.0010228157043457031,-0.008980970829725266,0.004295507445931435,0.0884501114487648,0.08886051923036575,-0.00405935849994421,0.009175682440400124,0.08601077646017075,0.09123554825782776,349.8791855375793,35811.5473891314,0.0010593859478831291,343.7808203461168,35810.18073941614,0.0010646660812199116,0.12139837443828583,0.018328553065657616,31255.46640380751,17444.614053341833
0.8518956272529135,0.6999011867460118,0.9417372435702724,0.42645351707293055,-0.2915805075839158,-0.3697867995461209,-0.15783245121185419,-0.46617773426197695,-58.03269711525297,-26.109376658873657,-42.071036887063315,31.923320456379315,-18.014051914215088,-18.021831512451172,-18.01794171333313,-0.007779598236083984,-0.005404706113040447,-0.00842984113842249,0.08942869305610657,0.08774948120117188,-0.00725276954472065,0.00697416253387928,0.0867544412612915,0.09023240953683853,341.85975378207485,35801.38867725313,0.0010442961938679218,346.5449514667134,35811.91798185443,0.0010639637475833297,0.12710580229759216,0.016241328790783882,30476.507677358826,18365.244500108773
0.43233549117943043,0.43931306625071953,-0.08990554573301471,-0.0955945618600369,0.31736178113918806,0.46254866949656703,0.061350344555396896,-0.042757904919986434,-62.49790636001012,-25.463060922225793,-43.98048364111796,37.03484543778433,-18.012447357177734,-18.031010627746582,-18.021728992462158,-0.018563270568847656,-0.0036098542623221874,0.009240532293915749,0.08604951947927475,0.0911078229546547,-0.0010541961528360844,-0.009974303655326366,0.08693224936723709,0.08987965434789658,359.0257943403012,35808.24982437674,0.001059755333699286,338.67898624767474,35823.316375138456,0.0010714948875829577,0.12577590346336365,0.012289902195334435,30977.613179175743,18208.18426716686
-0.0012245705198368432,0.0,0.17214843173113797,0.30315171672253316,0.19842106877417914,0.0548373423907938,0.034998374768185125,0.0,-58.57729598571325,-28.039576549232322,-43.308436267472786,30.537719436480927,-18.03495168685913,-18.040955066680908,-18.03795337677002,-0.006003379821777344,-0.009269796311855316,-0.003769834991544485,0.09093992412090302,0.08574196696281433,-0.006242910400032997,0.007815580815076828,0.08608543872833252,0.09049537777900696,342.15444723635613,35809.84160896975,0.0010549068683758378,346.63580208703524,35817.18659615408,0.0010553277097642422,0.12335141003131866,0.02120276540517807,30703.499133805108,18467.22003867391
0.5020590139146521,0.5790501302322401,0.5071533947088596,-0.18025468857676072,-0.07552748427161804,0.44694775149269605,0.2710648776302823,-0.17029063243533993,-58.54443923391932,-24.463073358169595,-41.50375629604446,34.081365875749725,-18.042033910751343,-18.046631813049316,-18.04433286190033,-0.004597902297973633,0.004384671337902546,0.008928230032324791,0.08857844769954681,0.08804087340831757,-0.0014757197350263596,-0.009896008297801018,0.08697985112667084,0.08952130377292633,351.0988019455727,35812.049335247866,0.0010685286251828074,336.4830693014854,35807.06118222736,0.0010489578125998378,0.12679043412208557,0.015401966869831085,30477.161790852948,18352.11996447461
0.005957610014868898,0.0,0.020926100952484025,0.14014906021836548,0.19020756591968196,0.07167115463476476,-0.026014314759402746,0.0,-61.22194581218048,-30.976995201994924,-46.0994705070877,30.244950610185555,-18.003236055374146,-18.051912784576416,-18.02757441997528,-0.04867672920227051,-0.0074727414175868034,0.006614530924707651,0.08715787529945374,0.09022769331932068,-0.003594319336116314,-0.009307552129030228,0.08801144361495972,0.08840276300907135,341.0172320333008,35811.06448012427,0.0010520238429307938,339.7903628095293,35810.23775382325,0.0010576515924185514,0.12302631139755249,0.014936706982553005,31234.745284819906,17471.54156504448
0.9256393073074669,0.8962011409417868,0.9143987032818686,-0.09584906415494418,-0.31133205114269064,-0.022479783498763672,0.251050747675611,-0.4133654272461198,-59.656363083651314,-25.87839899027631,-42.76738103696381,33.777964093375004,-18.359391689300537,-18.603966236114502,-18.48167896270752,-0.24457454681396484,-0.008346832357347012,0.004770806059241295,0.08456811308860779,0.08570876717567444,0.006936287507414818,0.0063150376081466675,0.08462800830602646,0.08087862282991409,323.1367349161902,35813.23631953377,0.0010485294042155147,322.6532315284395,35811.97614267126,0.0010596622014418244,0.1169632077217102,0.017297927290201187,31249.88419108971,17430.873051952094
-0.004666794372692079,0.012639138798757199,-0.06873177221277744,-0.018050082700556108,0.17429799914187344,0.21616798070962062,0.08553791558374735,0.0,-63.39012910713768,-28.18419457052522,-45.78716183883145,35.20593453661246,-20.74514865875244,-20.497536659240723,-20.621342658996582,0.24761199951171875,-0.0038455917965620756,-0.006152343936264515,0.06525156646966934,0.06413228809833527,0.006664288230240345,0.0035287621431052685,0.0684676244854927,0.06459786742925644,397.6890703931511,35821.90451933112,0.0010706454049795866,365.58400774545686,35808.618325674885,0.0010763972532004118,0.09213665127754211,0.01253347098827362,30474.116749014735,18439.579043477323
-0.05139129480730765,-0.05294014882976037,0.4526360430834714,0.4840783218601551,-0.05782867194820503,-0.24440549607073464,0.018554185631405984,0.0,-55.63126093887939,-25.681090957671557,-40.656175948275475,29.950169981207836,-20.057852268218994,-20.035557746887207,-20.0467050075531,0.02229452133178711,0.0019978771451860666,-0.007675503380596638,0.06798148900270462,0.07199504971504211,0.007946447469294071,-0.00015114883717615157,0.07163449376821518,0.06872983276844025,360.18325659918094,35815.496493820785,0.0010569647420197725,350.1875347874799,35807.30069209216,0.001063165138475597,0.09930116683244705,0.009479904547333717,30977.54645102199,18058.056456660644
0.39373130474842427,0.42669118419105795,0.13894652437474525,-0.2151765424617288,0.24866461404970658,0.4817889575801023,0.07016428402448305,-0.14831299679698073,-62.72614154104542,-26.09608832369861,-44.411114932372016,36.63005321734681,-19.998183250427246,-19.98652935028076,-19.992356300354004,0.011653900146484375,-0.0033839449752122164,-0.007157468236982822,0.07065653800964355,0.07035025209188461,0.00022539502242580056,0.007998784072697163,0.06913886964321136,0.0720198005437851,366.13704891336806,35813.46562621591,0.0010561362141743302,333.71927744004756,35813.46250274786,0.0010643444256857038,0.10106278210878372,0.012662838213145733,30476.934747314306,18367.143154118818
0.006857989786633968,0.0,0.048157402106215164,0.2138220226090533,0.267490630282671,0.0877456869487962,-0.007750279439422747,0.0,-58.38115421423714,-28.153100268699916,-43.26712724146853,30.228053945537226,-19.967161417007446,-19.996846914291382,-19.982004165649414,-0.029685497283935547,0.004158731549978256,-0.006816964130848646,0.06876874715089798,0.07268419116735458,-0.006981418468058109,-0.0038928177673369646,0.07250272482633591,0.068459652364254,369.97730430936275,35812.152130935545,0.0010556994238868356,336.76233452934605,35815.940398533174,0.0010713551891967654,0.09919595718383789,0.010138185694813728,31226.36347443948,18160.330197863866
0.9928071379322806,0.9755820587857464,0.7719266936813123,-0.12391764892583992,-0.3584870172830306,0.06713518134598573,0.06292311676610352,-0.767741603268237,-59.842800334016374,-26.033541972813964,-42.93817115341517,33.80925836120241,-19.91978168487549,-19.86763834953308,-19.893710017204285,0.05214333534240723,0.007365603931248188,0.0031795999966561794,0.07319043576717377,0.06903060525655746,0.003094583051279187,-0.007519065402448177,0.06939660757780075,0.07367131859064102,351.86246253382495,35804.32590435324,0.0010614803759381175,370.67377611892726,35811.02080679779,0.0010541807860136032,0.09907460957765579,0.017262717708945274,30704.62630551472,18443.867533318476
-0.0035726893637804667,0.0003852111162457744,0.016607105734840283,0.11202739085057276,0.19330489454618555,0.10456133559029701,-0.030195145673211576,0.0,-61.98469723534754,-30.075270819688143,-46.02998402751784,31.909426415659397,-19.571335315704346,-19.584826231002808,-19.578080773353577,-0.013490915298461914,-0.008300172165036201,-0.0005076532252132893,0.07574573904275894,0.07232443243265152,0.000817950232885778,-0.00833327230066061,0.07207320630550385,0.07575289905071259,338.5330621391126,35806.050944515635,0.0010553335305303335,357.47989397946986,35810.931217324374,0.0010606023715808988,0.10169576108455658,0.017812877893447876,30907.80538518946,18251.77378965376
0.9192692212681299,0.7807962090639362,0.9598133519542391,0.413862296028679,-0.28735281625118986,-0.1258628834435403,0.16155670020352186,-0.2811854852361968,-60.105474441891005,-26.24630397724394,-43.17588920956747,33.859170464647065,-19.50627088546753,-19.530913829803467,-19.518592357635498,-0.0246429443359375,0.008397290483117104,-0.0005479648243635893,0.07597130537033081,0.07322254776954651,0.005169590003788471,0.006671098992228508,0.07547168433666229,0.0733034610748291,350.95602982604953,35815.6931437291,0.0010490247514098883,370.0438044885215,35818.62435800731,0.0010649700416252017,0.10228009521961212,0.0177016444504261,30877.172335048825,18160.412095256233
0.1689005631569532,0.20477048881604903,-0.09128307943202861,-0.10450662658811119,0.23795432055449844,0.3139823342777365,0.019897587294998353,0.0,-64.13038547866512,-29.73601612019712,-46.93320079943112,34.394369358468,-19.403804540634155,-19.39166784286499,-19.397736191749573,0.012136697769165039,0.008152933791279793,0.002331061288714409,0.07759293913841248,0.07334107160568237,-0.00706053851172328,0.004865783732384443,0.07471656054258347,0.07646892219781876,357.30282458358835,35814.54109547204,0.0010551089653745294,346.55665577832633,35806.301113653564,0.0010560781229287386,0.1040414497256279,0.018435560166835785,30933.36395391434,18288.503518968853
-0.0016040815896568505,0.0,0.2048032240048041,0.35935673955907077,0.19112296161041203,-0.05527503235163167,-0.023611454338525073,0.0,-56.059413185763276,-27.08132891434832,-41.5703710500558,28.978084271414957,-19.283299446105957,-19.312626123428345,-19.29796278476715,-0.029326677322387695,-0.0004826716030947864,0.008650502189993858,0.07472904026508331,0.07832462340593338,0.00661890022456646,-0.005576489493250847,0.07500547170639038,0.07755088061094284,357.00736336430447,35813.046555110195,0.0010557372588664293,356.40981417487353,35807.18991817404,0.0010648226598277688,0.10950624942779541,0.010684182867407799,30729.694894132044,18722.36033747932
0.16689927049798367,0.2039900410346725,0.09837720745504241,-0.19179458798822094,0.001400679379969294,0.3847710661798003,0.2806403755114757,-0.055903810724097,-58.768427940375375,-23.985935533895656,-41.377181737135516,34.78249240647972,-19.308159351348877,-19.343442916870117,-19.325801134109497,-0.035283565521240234,0.006219522096216679,0.005902534816414118,0.07792023569345474,0.07471168786287308,-0.0035944608971476555,-0.007840662263333797,0.07613728940486908,0.0758996233344078,357.43256653227763,35808.30799242232,0.001050598337315023,355.946649682064,35807.17563310323,0.0010480512864887714,0.10824218392372131,0.016411839053034782,30471.05089707622,18531.14577937708
0.003808583507844126,0.0,0.022935374059726427,0.1471305078000015,0.21219726493002367,0.09247014473392035,-0.009065545033436373,0.0,-63.40573660426827,-31.40002512710518,-47.402880865686726,32.00571147716309,-19.382646083831787,-19.35794472694397,-19.37029540538788,0.024701356887817383,-0.008397345431149006,-0.0013781740562990308,0.07763777673244476,0.073671355843544,0.005461592227220535,0.006624768953770399,0.07709453999996185,0.07467243820428848,358.9111729494451,35810.42979481857,0.001050935941748321,340.82220077818187,35814.00778111725,0.0010613769991323352,0.1040734127163887,0.01832292228937149,30919.576990906397,18261.449416586216
1.0,0.9789803503018742,0.8520179433072788,0.18541581346046992,-0.3078796467485726,-0.2808580865319484,-0.4199758937044456,-1.0,-58.1997531426087,-25.03627837790185,-41.618015760255275,33.16347476470685,-19.380728006362915,-19.380980730056763,-19.38085436820984,-0.00025272369384765625,-0.0018195341108366847,0.008351504802703857,0.07356753945350647,0.07776475697755814,-0.00010782790195662528,-0.008581647649407387,0.07408873736858368,0.07726015895605087,343.07095400790183,35810.3388608966,0.0010635099606588483,366.2651962602399,35821.25627941843,0.0010631871409714222,0.10773035883903503,0.010366502217948437,30976.607474335415,18300.419502020417
-0.9600646232296034,-0.9448063853924098,-0.9733218399725185,-0.7583160565796593,-0.4675077585191346,-0.30580679120913146,0.7819516673637059,0.9830534236180045,-64.68041809479212,-30.55944612612464,-47.61993211045838,34.120971968667476,-19.32538866996765,-19.337215423583984,-19.331302046775818,-0.011826753616333008,-0.006312333978712559,-0.005778108723461628,0.07780624181032181,0.07452145218849182,0.008569726720452309,0.0009140872280113399,0.07797646522521973,0.0741223469376564,336.897717777908,35811.15723961641,0.0010594326304271817,338.55272896109295,35813.05269236929,0.0010714862728491426,0.10739917308092117,0.01747257634997368,30469.031471388877,18746.997756925346
0.02438695493053283,0.0,0.43952739834170285,0.40285746926881705,-0.05146404113249557,-0.23220377701598416,0.06465678864065993,0.0,-53.77141189698199,-23.163494895709277,-38.46745339634563,30.60791700127271,-19.30882453918457,-19.313950538635254,-19.311387538909912,-0.005125999450683594,0.008593774400651455,0.0007372801192104816,0.07817437499761581,0.07442779093980789,-0.0071244388818740845,-0.00493982806801796,0.07830455899238586,0.07419254630804062,362.28724485457195,35820.11158443696,0.0010636858642101288,372.95301826819144,35809.98052935322,0.00106417341157794,0.1052502766251564,0.018994752317667007,30927.50639072966,18323.044018284858
0.2073959061906382,0.21776360208057627,0.008001657578508597,-0.21502250682752902,0.12678127101471753,0.4073361428778861,0.09762438177643173,0.0,-62.2975786255314,-26.078620885530313,-44.18809975553086,36.21895774000109,-19.367249011993408,-19.35784935951233,-19.36254918575287,0.009399652481079102,-0.003983011469244957,0.007541728671640158,0.0736478790640831,0.07792108505964279,-0.0035308031365275383,0.00784965232014656,0.07359133660793304,0.078126460313797,366.5976880068981,35818.4191362867,0.0010650170734152198,359.73491060158017,35816.214237729495,0.0010635233484208584,0.10689166188240051,0.010557735338807106,30980.050972189812,18046.478031882616
0.006676080732379675,0.0,0.038530573076824004,0.19593060047562424,0.19882788307575205,0.03074767055294747,-0.04524290195345593,0.0,-59.239662159230306,-30.287343443978102,-44.763502801604204,28.952318715252204,-19.323794841766357,-19.325073957443237,-19.324434399604797,-0.0012791156768798828,-0.002754716668277979,0.008128087967634201,0.07395409792661667,0.07837039232254028,0.0006270299199968576,-0.00858944933861494,0.0743088498711586,0.078008733689785,336.9916720786138,35811.15221811467,0.001052451552823186,329.74451763873924,35812.61011652267,0.0010614842176437378,0.10820846259593964,0.010389112867414951,30978.150716107182,18078.1761446959
0.9956234803172909,0.9782454116326885,0.7298884282268276,0.18214545657486286,-0.16414174583213195,-0.10866976773055026,-0.32025657105336197,-1.0,-60.5437303228594,-26.65480407183935,-43.59926719734938,33.88892625102005,-19.247764348983765,-19.255484342575073,-19.25162434577942,-0.007719993591308594,-0.008671745657920837,-0.0005299535114318132,0.07865121960639954,0.07503098249435425,-0.007424038834869862,-0.004531873390078545,0.07891954481601715,0.07460612803697586,353.56726379012207,35808.666154189974,0.0010612527839839458,331.72674017084034,35810.613649618295,0.001048478065058589,0.10564269125461578,0.018413400277495384,30902.978866045345,18232.02930742692
-0.00413545915017928,0.013950710514046947,-0.009667348633039974,0.08405630043228218,0.1775428538652118,0.1386552071046081,-0.007481546075245982,0.0,-59.58903321540339,-26.867850174398995,-43.22844169490119,32.721183041004394,-19.266446828842163,-19.272950887680054,-19.26969885826111,-0.006504058837890625,0.0017583525041118264,-0.008431144058704376,0.07460307329893112,0.07874201238155365,-0.004036264959722757,0.007665099576115608,0.0743769034743309,0.07883787900209427,354.605277776523,35809.519049968556,0.0010624825954437256,360.8366043057952,35816.4521646471,0.0010697775287553668,0.10932158678770065,0.010622282512485981,30731.813820068022,19178.54686863852
0.6520815693219781,0.49409860324277255,0.810847972970519,0.46382047589470654,-0.20474625190924148,-0.1800386162927407,0.12749957801599054,0.0,-58.47109322018014,-27.67299997414358,-43.07204659716186,30.798093246036558,-19.377676248550415,-19.389541149139404,-19.38360869884491,-0.011864900588989258,0.007936469279229641,0.003209953662008047,0.07791432738304138,0.07346272468566895,0.008387625217437744,0.0018465376924723387,0.0777241587638855,0.07344666123390198,346.9104640191008,35815.85782548913,0.0010500679491087794,371.862320762854,35813.178581276756,0.0010594479972496629,0.10572866350412369,0.018167730420827866,30703.974524185116,18448.67026373894
0.44168189788849144,0.4537656470901681,-0.08651276627974996,-0.17607982113614004,0.33868634830771116,0.4438943874989375,0.023160277094887882,0.0,-64.9547442838691,-28.371992317394643,-46.66336830063187,36.58275196647446,-19.813257455825806,-19.90560293197632,-19.859430193901062,-0.0923454761505127,-0.004583471454679966,0.006649271585047245,0.07013557106256485,0.07385899126529694,0.007563982158899307,-0.0028293204959481955,0.07144664973020554,0.0710626095533371,354.9882029249079,35822.006674969554,0.0010638644453138113,312.2949332557445,35810.43819547048,0.0010653780773282051,0.10140536725521088,0.010446134023368359,30980.964946863045,18086.910705484213
0.0044760910853940804,0.0,0.19805033697745125,0.34668244205308907,0.22616689010692043,0.03495317286154315,0.029918838837944883,0.0,-57.85515016140249,-27.770331840020646,-42.81274100071157,30.084818321381846,-20.08723735809326,-20.02798557281494,-20.0576114654541,0.05925178527832031,0.0077273729257285595,-0.0016361735761165619,0.07057880610227585,0.06897372752428055,-0.0011931549524888396,0.007867958396673203,0.06836774945259094,0.07209915667772293,342.1030200867054,35806.62138668488,0.0010537037160247564,314.43613063777974,35809.089366966095,0.0010570966405794024,0.09534788131713867,0.01631920412182808,31079.777135565146,17700.89746797639
0.6406926361749862,0.7427240879809863,0.5832807449107206,-0.18989140891049197,-0.20410490479059817,0.42906322380665174,0.2772439438472303,-0.2677511787860247,-59.38660664625962,-26.45888553520939,-42.922746090734506,32.92772111105023,-19.835588932037354,-19.859570264816284,-19.84757959842682,-0.023981332778930664,0.006605256348848343,-0.004651284776628017,0.07098476588726044,0.07267547398805618,-0.004851299338042736,0.006499342620372772,0.0697488784790039,0.07347076386213303,344.2866402390127,35806.837127790146,0.001061724149622023,352.1974805329623,35808.87211701585,0.0010564458789303899,0.09900616109371185,0.013411559164524078,31242.14236784308,17352.544272363753
0.016034716022056437,0.0,0.014513270975847634,0.11459014517654159,0.18544527388103604,0.09079274218662275,-0.023589874680766454,0.0,-58.35742493448595,-28.005959620715203,-43.181692277600575,30.351465313770746,-20.372779369354248,-20.313127040863037,-20.342953205108643,0.05965232849121094,-0.0012225632090121508,-0.007502364460378885,0.0666089728474617,0.06843183189630508,-0.00610410887748003,0.004693502560257912,0.06700299680233002,0.0689614862203598,376.2393892383419,35810.11414971321,0.0010542913805693388,401.81938585934057,35818.79991963808,0.0010663986904546618,0.09718864411115646,0.010411981493234634,30726.344072109576,19409.568083524377
0.9985868923998421,0.9841838372570855,0.7899782482743993,0.009134305201376133,-0.3055640573706585,-0.003445628686521096,-0.06414618925469628,-0.8860560441416085,-57.9919992559735,-24.558266693599535,-41.275132974786516,33.43373256237396,-19.04189109802246,-18.977138996124268,-19.009515047073364,0.06475210189819336,0.005101367365568876,0.007260995917022228,0.07963763922452927,0.07776570320129395,-0.007108044810593128,-0.0055089788511395454,0.08129043877124786,0.0772443488240242,347.4139151743533,35817.275873516664,0.0010554662439972162,370.6807498872025,35817.47672035796,0.0010674430523067713,0.11259090900421143,0.014743110164999962,30475.4055261715,18391.033270560063
-0.007058788536085157,0.011248138606969233,-0.03033870154107201,0.01964989033178316,0.1411440030283525,0.13280616880094742,0.025600300173302615,0.0,-60.15994493890355,-27.779500993908073,-43.96972296640581,32.38044394499548,-18.121625185012817,-18.037208318710327,-18.079416751861572,0.08441686630249023,-0.007949010469019413,0.0057786148972809315,0.0864078626036644,0.0885908454656601,-0.006651036906987429,0.007464145310223103,0.08631810545921326,0.09034910053014755,358.6052760462718,35819.967451645,0.0010655231308192015,319.8331621109094,35808.10237891316,0.0010606845607981086,0.12064940482378006,0.015728116035461426,31238.38684268032,17377.188995622106
0.03524066864301138,-0.0034930771208541863,0.3544079290032984,0.42440647009772103,0.05070496357087334,-0.04409862679423293,0.15519082706745646,0.0,-58.381466759568866,-28.527680871351834,-43.45457381546035,29.853785888217033,-17.42906928062439,-17.512707710266113,-17.47088849544525,-0.08363842964172363,-0.005001044366508722,0.009481217712163925,0.09198729693889618,0.09746306389570236,0.008703432977199554,0.006119111552834511,0.09631793200969696,0.09132632613182068,333.90781527435803,35807.928151311804,0.0010545025579631329,325.6057610281266,35804.98218404278,0.0010463042417541146,0.13334833085536957,0.013582076877355576,30981.74518080012,18610.314443781062
0.21160737831587767,0.17520523494058027,-0.044405342623580875,-0.22135490064323218,0.2387476484794292,0.3874252658924784,0.09722214009943964,0.0,-62.14103067256866,-26.82327259567495,-44.482151634121806,35.31775807689371,-17.470473051071167,-17.500253915786743,-17.485363483428955,-0.029780864715576172,-0.010341688059270382,0.002293157856911421,0.09531284123659134,0.09331324696540833,0.010496373288333416,-0.0018574371933937073,0.09521415829658508,0.09274910390377045,337.60765947554916,35802.167836910965,0.0010567986173555255,341.22758080462387,35817.07803866614,0.0010638616513460875,0.12893472611904144,0.020922396332025528,31051.246217606287,17556.610787383634
0.016637501412731556,0.0,0.10091577021434923,0.22395353725785777,0.20599222717506896,0.01646592239218031,-0.01297256413543979,0.0,-56.90688808331137,-27.639893240695017,-42.273390662003195,29.266994842616356,-17.71005153656006,-17.692865133285522,-17.70145833492279,0.017186403274536133,0.004375519696623087,0.009382950142025948,0.09191752970218658,0.09158144146203995,-0.00927842129021883,0.004710782784968615,0.09157885611057281,0.0922788754105568,327.10989036014706,35810.882397076915,0.0010477419709786773,354.5315135707667,35814.1721595459,0.0010639691026881337,0.13201534748077393,0.015476648695766926,30479.011059172986,18332.299587684796
0.9151457220947669,0.996104110658667,0.7496297469384979,0.04427473927752934,-0.36090634319587117,0.015153714530828255,-0.1132897184753493,-0.7585790253509612,-61.2095459159529,-26.251618457029593,-43.73058218649125,34.95792745892331,-17.701568603515625,-17.736715078353882,-17.719141840934753,-0.035146474838256836,0.009823889471590519,-0.00321982242166996,0.09230311959981918,0.0913759246468544,-0.002791263163089752,-0.009995405562222004,0.0907464474439621,0.09217838197946548,329.9369281503309,35818.31770209926,0.0010606611613184214,331.3971112965021,35807.49132809644,0.0010480222990736365,0.12571102380752563,0.019935302436351776,31028.18151884817,17570.346615585247
0.000658808144503093,-0.002522631276608761,0.021592216015625887,0.10142392425394081,0.17548242294745103,0.1007185952219184,0.015917011621801702,0.0,-60.8360227274774,-30.138192422432894,-45.48710757495515,30.697830305044505,-17.69198179244995,-17.70911931991577,-17.70055055618286,-0.017137527465820312,-0.009779371321201324,0.0033570926170796156,0.09233452379703522,0.09154915064573288,0.010362681932747364,0.0003456308913882822,0.09379959106445312,0.08967132866382599,333.1283590621557,35811.09285154575,0.0010528711136430502,330.9168583232694,35808.69979598615,0.0010573520557954907,0.12587937712669373,0.019886037334799767,31028.18100891548,17584.520911542462
0.5347803865957322,0.42860785710299903,0.729683744960971,0.16572295644360513,-0.27362164232578523,-0.09762530159205113,0.24535341864432214,-0.17428532927812646,-60.50398792211388,-26.69166404777951,-43.597825984946695,33.81232387433437,-17.69933581352234,-17.694283723831177,-17.696809768676758,0.005052089691162109,0.010364297777414322,0.000627896748483181,0.09399142861366272,0.08968183398246765,0.009953973814845085,-0.003082694485783577,0.09249205887317657,0.09133146703243256,354.4544824244541,35804.54609664107,0.0010505246464163065,321.5130045750952,35805.125469675324,0.0010457169264554977,0.12626653909683228,0.022069156169891357,30911.777775549308,18249.65810652462
0.06138758201357726,0.08018135134377867,-0.08375941904569575,-0.06402473569921094,0.18557552235334723,0.24936318777829758,0.00816814223955964,0.0,-64.65806494886789,-28.059039459908348,-46.35855220438812,36.59902548895954,-17.68599271774292,-17.67487406730652,-17.68043339252472,0.011118650436401367,0.003828363260254264,0.00957944244146347,0.09186995029449463,0.09214547276496887,-0.010359090752899647,-0.0010994711192324758,0.09442451596260071,0.08975780755281448,355.5752707964384,35810.3635124742,0.0010572596220299602,333.2486283259118,35815.7897794972,0.0010603527771309018,0.13187193870544434,0.016312088817358017,30477.05657446276,18365.894440273012
-0.0049626685750926,0.0,0.2037443445575121,0.2943011238775162,0.15625855836974048,-0.07424316244866808,0.07131866378785934,0.0,-56.35527819741395,-26.19543464779531,-41.27535642260463,30.159843549618643,-17.64458417892456,-17.675405740737915,-17.659994959831238,-0.030821561813354492,0.008291591890156269,0.006350124254822731,0.09475161880254745,0.09007540345191956,-0.000762144336476922,-0.010437539778649807,0.09042093902826309,0.09377319365739822,331.2730122220293,35817.36939969042,0.0010502556106075644,362.9189187273357,35819.80869357573,0.0010788087965920568,0.13115225732326508,0.020236849784851074,30469.488015985247,18585.03648837237
0.2752129280681428,0.32401803847446486,0.2511689971137436,-0.17933198585002494,0.09794190345214676,0.4797083748768939,0.20159419136543777,-0.07657865628346638,-59.36346193859231,-25.96284754942093,-42.66315474400662,33.40061438917138,-17.65324831008911,-17.672446966171265,-17.662847638130188,-0.01919865608215332,-0.006637421436607838,0.007987622171640396,0.09015799313783646,0.09449824690818787,0.010161771439015865,-0.00250686751678586,0.09301070868968964,0.09126874804496765,351.9446871762404,35821.31542107023,0.001066517666913569,331.0439530468572,35811.679909238424,0.001049028360284865,0.12863689661026,0.014111749827861786,31230.496552628403,17692.66814107385
0.019128411459794742,0.0,0.0183691467102724,0.1543693939979251,0.21103196532914126,0.08846123923114901,-0.007277414278985872,0.0,-61.794242795753576,-30.705576591802583,-46.24990969377808,31.088666203950993,-17.674038410186768,-17.6833176612854,-17.678678035736084,-0.009279251098632812,-0.004776651505380869,0.009209977462887764,0.08947515487670898,0.09471439570188522,-0.010405076667666435,0.0008330597775056958,0.09365370869636536,0.09037598967552185,335.44818593947133,35811.67393852553,0.001044605509378016,340.51442586220804,35812.0487134501,0.0010704613523557782,0.130016028881073,0.012922932393848896,30980.200427430835,18084.087869331062
0.9947323774256558,0.9766929497225981,0.7654580455852287,0.07331085775863366,-0.32953897530657383,-0.1575899446225556,-0.2951495066020959,-1.0,-59.01852025359369,-25.02798575536991,-42.0232530044818,33.99053449822378,-17.68181562423706,-17.686431407928467,-17.684123516082764,-0.00461578369140625,0.01040220633149147,0.00012185383820906281,0.09401969611644745,0.09003204852342606,-0.010161619633436203,0.0023105167783796787,0.09295006096363068,0.091034434735775,339.0519633645784,35806.89017065158,0.0010590709280222654,337.0830248211367,35813.8993972593,0.0010630814358592033,0.12633240222930908,0.022114327177405357,30897.049299046634,18190.73854114365
-0.005824293255438257,0.00787349092015594,0.009361303872501364,0.06290123574944431,0.17669735167965955,0.13695071415461424,0.03469406397187802,0.0,-62.48986345164087,-30.1101397672158,-46.300001609428335,32.37972368442507,-17.65930414199829,-17.665833234786987,-17.66256868839264,-0.006529092788696289,0.004654496442526579,0.00924440287053585,0.09261677414178848,0.09196373075246811,0.007888398133218288,0.006843891926109791,0.0943407416343689,0.0900406762957573,329.58758984280723,35807.28248588492,0.0010472532594576478,357.85640479956186,35814.220501893506,0.0010597347281873226,0.13233919441699982,0.016875145956873894,30477.0360760242,18356.122158734954
0.06917247063779419,-0.008701955336035808,0.2492874047719723,0.27592929064305527,-0.03187569486582531,-0.042240521382913676,0.06065620082071499,0.0,-59.65674655535821,-28.259815952387612,-43.95828125387291,31.3969306029706,-17.635798454284668,-17.63767123222351,-17.63673484325409,-0.0018727779388427734,-0.0010378503939136863,0.01040901243686676,0.09021306037902832,0.09480258822441101,-0.01018344797194004,-0.0025332202203571796,0.09512265771627426,0.08983030170202255,358.123585053731,35818.75222823793,0.0010571053717285395,350.9575203821269,35808.60545155199,0.0010454547591507435,0.13220998644828796,0.013047953136265278,30729.5312765478,18430.75655912165
0.5762618347721622,0.5622397000477756,-0.08029945035068113,-0.2166657208513841,0.3400412734972242,0.4576730487357593,0.07197486991632163,0.0,-61.820017964803924,-27.029773258475416,-44.42489561163967,34.79024470632851,-17.56751537322998,-17.573670148849487,-17.570592761039734,-0.006154775619506836,0.007545923814177513,0.007252393756061792,0.0951603427529335,0.09134247899055481,0.007831458002328873,0.007083107717335224,0.09528625756502151,0.09106432646512985,341.9143181832217,35816.18707473934,0.0010605596471577883,321.085143483111,35812.91283661268,0.0010584909468889236,0.13185271620750427,0.02053431235253811,30470.039834915202,18576.193922584924
0.005088373769708516,0.0,0.1142237697699997,0.2576028656430072,0.21354311545679525,0.05573065080881079,-0.007167985587981374,0.0,-57.14449505414257,-27.558673704468845,-42.351584379305706,29.585821349673722,-17.606651782989502,-17.625770568847656,-17.61621117591858,-0.019118785858154297,0.010073648765683174,-0.002891147043555975,0.09351526200771332,0.09217630326747894,-0.010298751294612885,0.001959692221134901,0.09378234297037125,0.09148858487606049,325.9005635980351,35806.71908839647,0.0010538798524066806,328.2044177161941,35816.20105753431,0.0010691556381061673,0.12708264589309692,0.021262312307953835,31052.21743016855,17535.67447496972
0.9048897767653374,0.9713476590805573,0.9929096869038181,-0.1252037412062651,-0.3193976364196483,0.26539403102042447,0.14517005393349625,-0.8835476545440513,-59.47288955570838,-26.085903257409484,-42.77939640655893,33.38698629829889,-17.57440686225891,-17.569693326950073,-17.572050094604492,0.004713535308837891,-0.005028113257139921,0.009228435344994068,0.09050814062356949,0.09580474346876144,-0.0051115588285028934,-0.009246574714779854,0.09379588812589645,0.09268445521593094,329.1889250589404,35807.76310632687,0.001062631607055664,329.34915069092614,35810.09133910306,0.0010565632255747914,0.13093245029449463,0.013138819485902786,30981.769728825697,18625.212370062425
0.00020172960586603908,0.0,0.014737413298482938,0.11707127396299224,0.192220999041185,0.09526795675511479,0.0019334388460156005,0.0,-61.940134233347806,-30.513035039228953,-46.22658463628838,31.427099194118853,-17.509084939956665,-17.501912117004395,-17.50549852848053,0.007172822952270508,-0.0062704384326934814,-0.008493583649396896,0.0950993150472641,0.0926838368177414,-0.008389689959585667,-0.006531460210680962,0.09628424793481827,0.0916038304567337,342.8077560120798,35812.28650900812,0.0010569471633061767,336.78339464555876,35808.77474456608,0.0010615098290145397,0.1339411735534668,0.0186208114027977,30473.78686727474,18448.732276943087
0.6214367049662006,0.5016462863139776,0.6474892317235038,0.07563324783189257,-0.2980451807174602,-0.16173681462914363,0.24066483294470853,-0.12121387838485509,-58.35468444605186,-26.498944147678856,-42.42681429686536,31.855740298373007,-17.530494928359985,-17.53528594970703,-17.53289043903351,-0.0047910213470458984,8.39985441416502e-05,0.01056700199842453,0.0916929617524147,0.09559863805770874,-0.01038228441029787,0.00224385317414999,0.09464290738105774,0.09256774932146072,346.1270417261153,35816.70157146028,0.0010506345424801111,359.7499028324842,35812.65293097746,0.0010554352775216103,0.13426508009433746,0.013495875522494316,30728.714695526258,18274.64733956976
-0.005413691368511254,0.011753093831740577,-0.06598098075832862,-0.03525406004444373,0.16513278068584725,0.2328359710458071,0.05006210965291791,0.0,-61.69145261734849,-28.510738972126575,-45.10109579473753,33.180713645221914,-17.494012117385864,-17.511597871780396,-17.50280499458313,-0.01758575439453125,-0.005086442455649376,-0.00925816223025322,0.09458334743976593,0.09354002773761749,-0.002784473355859518,-0.010267874225974083,0.09310653805732727,0.0946221873164177,339.4441266692862,35810.75203261398,0.001049076090566814,317.6501646851749,35807.304071883475,0.0010510284919291735,0.13481412827968597,0.01737678050994873,30476.06211860337,18372.845974267137
-0.004968933295000229,0.0,0.28022620932715187,0.32357983669013474,0.07251734171399632,-0.06149190293748685,0.08941996977392563,0.0,-59.1841346253978,-28.717430246058086,-43.950782435727945,30.466704379339717,-17.490673065185547,-17.487306594848633,-17.48898983001709,0.0033664703369140625,0.010567598044872284,0.0013651251792907715,0.09647993743419647,0.09164664149284363,-0.008890410885214806,-0.005894631613045931,0.09666714072227478,0.09152334183454514,342.800313426514,35808.56194060522,0.0010502563090994954,327.01737569915326,35810.982293258545,0.0010534179164096713,0.12973108887672424,0.022944143041968346,30923.5617564184,18308.79016783356
0.9076672637484826,0.9776619877979752,0.4866898684730765,-0.19677680231068415,0.06443879283863851,0.4665381990014128,0.04222607684765234,-0.45449199194982315,-60.013726963136605,-25.065399179609813,-42.53956307137321,34.94832778352679,-17.50321626663208,-17.508851289749146,-17.506033778190613,-0.00563502311706543,0.00471534114331007,-0.009460940957069397,0.0912361741065979,0.09661182761192322,0.008181503042578697,-0.0068148234859108925,0.09233777970075607,0.09543030709028244,346.2590733116811,35813.341230229504,0.001064347685314715,345.8527341739192,35812.07143613423,0.001048512407578528,0.13248851895332336,0.012950017116963863,30979.968871982706,18052.139594361084
-0.9767129413695006,-0.9943112180645376,-0.8499068050609951,0.35946636663492193,0.47754181213702207,0.5200127669011766,0.6922475605447533,0.9632300889191796,-60.58431250778554,-29.818264020081983,-45.20128826393376,30.766048487703557,-17.520867586135864,-17.54000425338745,-17.530435919761658,-0.019136667251586914,-0.006879795342683792,-0.008020252920687199,0.09532661736011505,0.09218858927488327,0.010577285662293434,0.0002965906460303813,0.0956568792462349,0.09141956269741058,321.4828305598122,35813.54250310454,0.0010526187252253294,345.90681734181203,35814.28837778881,0.0010689400369301438,0.1337568461894989,0.01904093660414219,30473.126864272162,18464.225781863217
0.909720329433186,0.9083786943874037,0.9684648565922922,0.07434533143672448,-0.34183791962748844,0.2571828499445803,0.21654882565051403,-0.7052661805340367,-59.53434571574684,-23.915254273589824,-41.72479999466833,35.619091442157014,-17.54211664199829,-17.541518211364746,-17.54181742668152,0.0005984306335449219,-0.00018993826233781874,-0.010541198775172234,0.09162238240242004,0.09542202204465866,0.008360231295228004,0.0065257796086370945,0.09587833285331726,0.09115079045295715,342.63272094119964,35812.793463080605,0.0010484653757885098,329.8674103146021,35806.476414023055,0.0010447989916428924,0.1340363621711731,0.013648886233568192,30728.23786536728,18253.087396546776
-0.0038674079860539796,0.005413470213551108,-0.011499231549158204,0.07980292765475691,0.16815320781333926,0.11409660319007375,0.018367787018574,0.0,-63.40604966918187,-30.056395719020543,-46.731222694101206,33.349653950161326,-17.555423974990845,-17.5549578666687,-17.555190920829773,0.0004661083221435547,0.010424207895994186,0.0008488418534398079,0.09558146446943283,0.09117068350315094,-0.004268365912139416,0.009672941640019417,0.09059087187051773,0.09612848609685898,337.4668290283662,35811.865845390625,0.0010520957875996828,336.20635143576396,35818.89811911706,0.0010726740583777428,0.1280999779701233,0.022381674498319626,30902.58536293364,18233.108318153863
0.2396946877358731,0.13199075249669626,0.5103194493590845,0.23958191021447206,-0.2327706003042588,-0.25946982744301483,0.09087175344130471,0.0,-57.703564964876705,-26.123153088103862,-41.913359026490284,31.580411876772843,-17.57405161857605,-17.569355964660645,-17.571703791618347,0.0046956539154052734,0.0024472051300108433,-0.010260434821248055,0.09053175896406174,0.09578561782836914,-0.008522209711372852,0.0062354011461138725,0.0919990986585617,0.09447601437568665,343.93770546656793,35811.33336550066,0.0010597201762720942,317.46528585677413,35805.80378703558,0.0010415703291073442,0.13248057663440704,0.012643493711948395,30976.52339423985,18160.65614890463
0.34576241079661973,0.3307732106679788,-0.08329549336017385,-0.15697374397040775,0.23261285067753085,0.35828999960490693,-0.01298021732650445,0.0,-61.34601101820704,-24.91098930261063,-43.128500160408834,36.435021715596406,-17.544560432434082,-17.565019130706787,-17.554789781570435,-0.020458698272705078,-0.006192508153617382,0.008470087312161922,0.09112966060638428,0.09584655612707138,0.010379048995673656,-0.0019283503061160445,0.09446253627538681,0.09210825711488724,327.8472980375505,35806.31267197935,0.001055397093296051,338.59564768864715,35817.52682520097,0.001068935263901949,0.13105535507202148,0.013568002730607986,31227.928860185802,18304.868334727926
-4.2682358608985005e-05,0.0,0.1682366652042122,0.27633164167358903,0.1255826390612142,-0.026214879370044852,0.0566976313821026,0.0,-58.88533679502396,-28.553302904665372,-43.719319849844666,30.332033890358588,-17.587411403656006,-17.579843997955322,-17.583627700805664,0.007567405700683594,-0.006173173896968365,-0.008496467024087906,0.09421735256910324,0.09187626093626022,0.0036458326503634453,0.00993924681097269,0.09284886717796326,0.09341228753328323,330.599110382934,35812.418647341176,0.0010466057574376464,363.63049726933673,35812.88737028954,0.0010630085598677397,0.13321243226528168,0.017672691494226456,30475.281663880956,18394.591609898696
0.6208475431183832,0.6967962748460494,0.5801493937327105,-0.17591487527805333,-0.004162335966145125,0.23145902148681108,0.26476869045823914,-0.244675787573562,-59.96788101907691,-25.29723511814433,-42.63255806861062,34.670645900932584,-17.573957443237305,-17.57301092147827,-17.573484182357788,0.0009465217590332031,0.010273676365613937,0.002168618142604828,0.09570903331041336,0.09062039852142334,-0.008615691214799881,-0.0061425757594406605,0.09564699977636337,0.09069745242595673,358.21018718251196,35820.42774015718,0.0010580078233033419,332.10651573520005,35810.523871310004,0.0010570171289145947,0.1284489631652832,0.022894645109772682,30929.938646265135,18310.882582986585
0.0062382341768784915,0.0,-0.003090253414886196,0.1541915033871482,0.19747479419776104,0.08091607119517302,-0.04537521142543044,0.0,-62.13555832455762,-31.10779759256124,-46.62167795855943,31.02776073199638,-17.55970001220703,-17.578436136245728,-17.56906807422638,-0.01873612403869629,-0.009952815249562263,-0.0033892442006617785,0.09600789099931717,0.09061983972787857,0.0012207119725644588,0.010447880253195763,0.09163779765367508,0.09463811665773392,329.77334247501835,35809.764104303875,0.0010504905367270112,312.6310303921926,35812.23340900184,0.001057057874277234,0.1294683963060379,0.022942600771784782,30696.068009563267,18665.470806073245
1.0,0.9738532387001658,0.8203875694228306,0.3293917861489096,-0.11884428139951045,-0.10530010346271967,-0.23734738227493485,-1.0,-55.75665360393293,-22.34922922470969,-39.05294141432131,33.407424379223244,-17.568479776382446,-17.57207751274109,-17.570278644561768,-0.003597736358642578,0.008478903211653233,-0.006250808015465736,0.09202530980110168,0.09447205811738968,0.010568277910351753,-0.00043547124369069934,0.09504444152116776,0.09134972840547562,326.2264922206924,35803.892325977075,0.001053294981829822,331.67521879196823,35815.13466585761,0.0010608931770548224,0.12814471125602722,0.01778360642492771,31244.172868904487,17318.606557198586
-0.007428226104508188,0.02951997371039057,-0.022709167869861005,0.03443741185375904,0.15485729160695572,0.16051801450774006,0.027066123510263607,0.0,-63.167423017320345,-29.347155534471,-46.25728927589567,33.820267482849346,-17.587167024612427,-17.593480348587036,-17.59032368659973,-0.006313323974609375,0.0008786388789303601,0.01039961352944374,0.09144138544797897,0.09465192258358002,0.009158164262771606,-0.005159611813724041,0.09238257259130478,0.09358997642993927,330.9990707419401,35805.629761099204,0.0010478016920387745,344.48268582423043,35812.38306387801,0.0010620589600875974,0.1336689293384552,0.014363215304911137,30726.607070849288,18805.39338102641
0.03293534796640823,-0.001965624091320386,0.3259260827779604,0.3429976655566207,0.006664022776528444,-0.11485024937945765,0.07476399630985286,0.0,-59.22228928371925,-28.890237900895244,-44.056263592307246,30.332051382824005,-17.591769695281982,-17.59888768196106,-17.59532868862152,-0.0071179866790771484,-0.008941836655139923,0.005507936235517263,0.09221375733613968,0.09379392117261887,-0.0010353634133934975,0.010467763990163803,0.09055618941783905,0.09524384886026382,331.25164930783245,35814.81158228656,0.0010509014828130603,337.1168157619009,35810.87812289022,0.0010553085012361407,0.12785857915878296,0.018820909783244133,31248.473859813137,17356.164222470245
0.9263888859440096,0.8886573257747564,0.22269417486016743,-0.22611659130470138,0.31051556834585403,0.45651302001596106,-0.014473239461062604,-0.11516106055845787,-62.006305537850324,-26.56385033189889,-44.28507793487461,35.44245520595143,-17.57740616798401,-17.593713998794556,-17.585560083389282,-0.016307830810546875,-0.004869939759373665,0.009229629300534725,0.09051766991615295,0.09574081003665924,0.008353288285434246,-0.006456983741372824,0.09160953760147095,0.0943366289138794,343.2218193435429,35814.066056464995,0.0010505334939807653,315.0729419557585,35807.63537744685,0.0010462542995810509,0.13150270283222198,0.012962771579623222,30980.23517793033,18028.65427744842
0.011277780979703703,0.0,0.0950273300956014,0.20877990175452818,0.2033482461586887,0.03648615099274738,-0.011810738859865166,0.0,-58.890305829043996,-27.602115954989017,-43.24621089201651,31.28818987405498,-17.585244178771973,-17.585880756378174,-17.585562467575073,-0.0006365776062011719,0.010397570207715034,0.0015131155960261822,0.09549331665039062,0.09059679508209229,0.005775488447397947,0.008829651400446892,0.09402887523174286,0.0920969620347023,326.7972119752627,35807.25262571566,0.0010532959131523967,331.6159964254703,35813.235709582455,0.0010548935970291495,0.12836262583732605,0.022924210876226425,30928.34977865689,18278.275379022314
0.8140563935035402,0.8682829108458385,0.8642949801141401,-0.13501901321605836,-0.32310554200802694,0.3746987230635789,0.27463941058776487,-0.5021211288442589,-59.97144114269139,-26.180605028678883,-43.07602308568514,33.79083611401251,-17.58271336555481,-17.5666344165802,-17.574673891067505,0.016078948974609375,0.005704166367650032,-0.008815232664346695,0.0905522033572197,0.09558958560228348,-0.006192122586071491,0.00858304463326931,0.09077299386262894,0.09570937603712082,345.5516320873908,35813.075113006875,0.0010683347936719656,334.7222445704228,35812.96656261763,0.0010597110958769917,0.13046932220458984,0.01347404532134533,31226.51585854217,18377.791075585206
0.0056812732229338915,0.0,0.00654184107483502,0.12601349738567558,0.18228120890131289,0.05757296342907903,-0.029405888024176874,0.0,-58.79984932255971,-28.427611805194772,-43.61373056387724,30.372237517364937,-17.548917531967163,-17.561200857162476,-17.55505919456482,-0.0122833251953125,0.010111942887306213,0.0028038863092660904,0.09607189148664474,0.09079480171203613,0.008533142507076263,0.00621695164591074,0.09575071185827255,0.09085313975811005,323.1587034961827,35808.14235991569,0.0010517752962186933,354.9534438128055,35815.383187694584,0.001074952888302505,0.12936832010746002,0.02331407740712166,30696.26048962295,18715.43672147421
1.0,0.9103341141168847,0.8492677212021127,-0.06318997314722069,-0.27469554727176027,-0.04651112587080675,0.1495918568246195,-0.6954834629760617,-59.10148875778407,-26.35458685681823,-42.72803780730115,32.74690190096584,-17.617958784103394,-17.614444494247437,-17.616201639175415,0.0035142898559570312,-0.008848432451486588,-0.005634496919810772,0.09523746371269226,0.09014478325843811,-0.0054015470668673515,0.009038405492901802,0.09008479863405228,0.09536333382129669,360.61775412881326,35816.511162692725,0.0010569845326244831,337.905778952879,35803.345074131015,0.0010429427493363619,0.13027405738830566,0.021723736077547073,30709.604638601075,18530.445881290238
-0.00695792871889632,0.014290773625996749,-0.039693906587509445,-0.017891169110862415,0.12441272590764013,0.1693741356098064,0.058063626902499665,0.0,-62.3387700367295,-28.043397287589244,-45.19108366215937,34.295372749140256,-17.6181697845459,-17.622640132904053,-17.620404958724976,-0.004470348358154297,0.006953755859285593,-0.007755490019917488,0.09066939353942871,0.0947418287396431,-0.0014991973293945193,-0.010387063957750797,0.09129656851291656,0.09403430670499802,356.2168978684967,35812.243452995324,0.0010546883568167686,335.37921978017823,35815.38016256818,0.00106401729863137,0.12941725552082062,0.014250576496124268,31229.7195392878,17736.57429637257
0.022949784242151616,-0.002001069744425955,0.32613029861402854,0.4313310291400615,0.29772618132961914,0.44972073647360844,0.7631986453397983,0.0,-55.99341058765782,-27.39973902563935,-41.696574806648584,28.59367156201847,-17.6376211643219,-17.6502788066864,-17.64394998550415,-0.012657642364501953,0.007992412894964218,0.004687048494815826,0.09430230408906937,0.09082593023777008,-0.007957713678479195,-0.00682668574154377,0.09453612565994263,0.09017189592123032,361.73592431460213,35706.16216957841,0.0011213162215426564,332.3511374668377,35813.36050121197,0.001054667867720127,0.13129502534866333,0.02023559808731079,30258.39448116427,18588.644346742363
1.0,0.9874665354552137,0.22350417312913112,-0.2117675120037599,0.3115677085738015,0.4481696346561894,-0.057909480834348104,-0.31660861553325037,-62.49231999708917,-26.606403481352743,-44.549361739220956,35.885916515736426,-17.64943838119507,-17.67064332962036,-17.660040855407715,-0.02120494842529297,0.0016434784047305584,-0.010242493823170662,0.08997130393981934,0.09475685656070709,0.007097937632352114,0.007679056841880083,0.09389370679855347,0.09040044993162155,335.1779744483533,35813.41503548002,0.0010602333350107074,339.8265472679412,35813.368927095136,0.0010679668048396707,0.13200066983699799,0.013135227374732494,30730.03465787056,18283.338620231134
0.01784977745895041,0.0,0.04898131797743191,0.20336641259853014,0.1770640919617924,-0.00921062865651412,-0.0511016907508961,0.0,-58.98201129580957,-27.214790691003714,-43.09840099340664,31.767220604805857,-17.7388334274292,-17.71679401397705,-17.727813720703125,0.022039413452148438,0.0008377341437153518,-0.010286589153110981,0.0892084613442421,0.0936300978064537,-0.010192475281655788,0.0020369805861264467,0.09276200085878372,0.09057631343603134,324.44367538971056,35808.60638907856,0.0010438249446451664,338.4579645362695,35810.129297656196,0.0010746459010988474,0.13082005083560944,0.01298596989363432,30730.284273670473,18372.513823577774
0.8145363218353336,0.8854499541062344,0.6523336927650984,-0.12850323884184023,-0.3456338234297429,0.2867114218564808,0.2842772300299946,-0.48983376358190056,-56.246097856818494,-23.130433279778742,-39.68826556829862,33.11566457703975,-17.65246272087097,-17.82289981842041,-17.73768126964569,-0.17043709754943848,0.010352452285587788,-0.001136399689130485,0.09383656084537506,0.09086020290851593,0.008199067786335945,0.006217210553586483,0.0928599014878273,0.08820289373397827,330.8748770471366,35812.46354996696,0.0010612539481371641,322.761997381496,35811.15688307676,0.001048221136443317,0.12630058825016022,0.022260822355747223,30878.303428670555,18199.67818166637
0.001539110708631734,-0.0002654263286679267,0.11283022674980586,0.36616834485582933,0.5369338219446574,0.5818202037279812,0.6955519777253865,0.0,-54.59255157316085,-30.157823999790708,-42.37518778647578,24.43472757337014,-17.85382628440857,-17.86847949028015,-17.86115288734436,-0.014653205871582031,-0.0010669210460036993,0.008948178961873055,0.08835543692111969,0.09221472591161728,0.00962710753083229,0.0033596684224903584,0.0927162691950798,0.08738399296998978,351.2022121508991,35704.14488227654,0.0011102408170700073,325.58575192463434,35814.517264900496,0.0010573010658845305,0.12778392434120178,0.012332411482930183,30973.99657362474,18065.533844014783
-0.6847762608355966,-0.7988091165811195,-0.4997307923212198,-0.7046251930832226,-1.0,0.3611063158014638,0.991416659284392,0.9477265240224846,-57.02556945679578,-24.258980161011493,-40.642274808903636,32.766589295784286,-17.98540234565735,-17.998021841049194,-17.99171209335327,-0.012619495391845703,-0.007006228435784578,-0.00717935711145401,0.09061796218156815,0.08712086826562881,0.0050720274448394775,0.008685728535056114,0.08941967785358429,0.08808580040931702,336.5855418634583,35814.075396186345,0.0010588164441287518,333.6184252078203,35816.46324941604,0.0010605464922264218,0.12663796544075012,0.01806366629898548,30472.309673260857,18484.33401468428
0.04674437141526413,0.06821316925157503,-0.08633761106261953,-0.10573262205179687,0.15092850916711426,0.2135994748370479,0.07364034070685899,0.0,-62.531169931647014,-29.065656182898152,-45.79841305727258,33.46551374874886,-17.795346975326538,-17.714924812316895,-17.755135893821716,0.08042216300964355,0.005414620973169804,-0.008647559210658073,0.08837376534938812,0.09327184408903122,-0.009556030854582787,-0.0040662167593836784,0.09438742697238922,0.08892321586608887,351.63062871700225,35817.01587399627,0.0010584333213046193,319.19140353205756,35808.25913332533,0.001058255205862224,0.12773606181144714,0.012942199595272541,30980.708412638432,18246.795877163793
0.004111340093391734,-0.002078602182177003,0.29855732822041214,0.3584487266367446,0.2716352118887317,0.4254626624718417,0.7420412378973616,0.0,-55.10994796641879,-26.838613435792922,-40.974280701105855,28.271334530625865,-18.072792291641235,-18.064922094345093,-18.068857192993164,0.007870197296142578,0.003999023232609034,-0.007861187681555748,0.08628527075052261,0.08979178220033646,0.0069031501188874245,-0.007189460564404726,0.08616585284471512,0.08994373679161072,344.15195239958865,35702.82763209264,0.001111618592403829,306.054299701907,35811.11406295578,0.001062188996002078,0.12266175448894501,0.013576224446296692,31223.40373027392,17644.001679701327
0.8856950924026852,0.9253122494234051,0.49782442868973914,-0.17801402728899626,0.05762662993428186,0.46843614992304394,0.13788017736546487,-0.3591985860184247,-63.11123385689859,-28.057685597776413,-45.5844597273375,35.05354825912218,-17.96885848045349,-17.98163414001465,-17.97524631023407,-0.012775659561157227,-0.0015889444621279836,-0.009907540865242481,0.08783496916294098,0.0902625173330307,0.0014069323660805821,-0.00997533556073904,0.08653983473777771,0.09124401211738586,322.5197880159201,35811.107325161596,0.0010615562787279487,305.9536515106801,35814.51396487254,0.0010567314457148314,0.12793198227882385,0.014096826314926147,30480.683677191508,19339.185615190854
0.006715605536616921,0.0,0.027070953078414867,0.1695781860773949,0.21564776857056728,0.06573719043600751,-0.04823802002472766,0.0,-60.66615539223119,-29.9550998085316,-45.310627600381395,30.71105558369959,-17.942240238189697,-17.97982692718506,-17.961033582687378,-0.03758668899536133,-0.002606622874736786,-0.009719641879200935,0.08859341591596603,0.09006144851446152,-0.0018418998224660754,-0.009882401674985886,0.08781895786523819,0.0900527685880661,319.6419993028596,35815.5021882331,0.001056225853972137,316.83435165906144,35811.206672437416,0.0010546604171395302,0.1284838616847992,0.014415031298995018,30480.04282440887,18474.9102569208
0.9900734743212393,1.0,0.9238725479741785,0.034841250782474936,-0.3295601570635691,0.0023788108119771056,-0.060064988208398895,-0.9165024672229073,-59.29714569256305,-24.468325863370296,-41.88273577796667,34.82881982919275,-17.93089270591736,-17.915878295898438,-17.923385500907898,0.015014410018920898,0.0039779916405677795,0.009257856756448746,0.08946369588375092,0.08943074941635132,-0.010027185082435608,0.001634396961890161,0.09082478284835815,0.08835472166538239,304.71632373906675,35810.996085228224,0.0010435001458972692,319.80201149543007,35815.59474884281,0.001062267692759633,0.12852616608142853,0.015276696532964706,30478.6884109594,18354.827928582246
-0.00147390136667659,0.012242506969363581,-0.02943359238482264,0.03999569658983165,0.1777862576351889,0.10968040574354032,0.011717520183319174,0.0,-65.36745317163655,-32.26233612822642,-48.81489464993149,33.10511704341013,-17.88969874382019,-17.907298803329468,-17.89849877357483,-0.017600059509277344,0.0100498516112566,0.0007801427273079753,0.09197130054235458,0.08772847801446915,-0.008770802989602089,-0.005129570607095957,0.09219638258218765,0.08710600435733795,302.5471984324712,35810.77010116051,0.0010535292094573379,306.8730907605956,35815.49785390323,0.001061547314748168,0.12340009212493896,0.021194301545619965,30897.466268472006,18226.06088733234
0.060580655355125225,-0.004589049769256299,0.21969733290873622,0.1076315290828124,-0.23073219854776725,-0.3437853094125152,0.01204639161117882,0.0,-57.53994526621187,-26.077178789197944,-41.80856202770491,31.46276647701393,-17.86388397216797,-17.921204566955566,-17.892544269561768,-0.057320594787597656,0.010056782513856888,0.0015370140317827463,0.09248203784227371,0.08773314952850342,0.009007986634969711,0.0046830251812934875,0.09212101995944977,0.08688930422067642,303.14838329524724,35810.65343155597,0.00104706606362015,310.01766641125687,35813.32370929261,0.0010597864165902138,0.12440092861652374,0.022242020815610886,30932.071398385324,18339.78912895695
0.14967977797382562,0.1129401453168023,-0.07150981893266847,-0.1407467923511227,0.15639019352564015,0.28993857016645685,0.09318899469382735,0.0,-63.4252686320977,-28.770877619775604,-46.09807312593665,34.654391012322094,-17.879199981689453,-17.876789569854736,-17.877994775772095,0.002410411834716797,0.008649207651615143,0.005204926710575819,0.0923922061920166,0.08750852942466736,0.006301222834736109,0.00802413746714592,0.09135185927152634,0.08863269537687302,325.2223926060617,35818.2442546916,0.0010617725783959031,318.23645661801055,35811.572652150324,0.001059435773640871,0.12553483247756958,0.021632935851812363,30705.870927036976,18437.293191323763
0.007574569271656208,0.0,0.15102163430883547,0.2393045997366647,0.12070104432215928,-0.020876202894610674,-0.011215894103607682,0.0,-59.79589457747619,-30.26635007703061,-45.0311223272534,29.52954450044558,-17.870253324508667,-17.876328229904175,-17.87329077720642,-0.0060749053955078125,0.009222068823873997,-0.0042905788868665695,0.08991960436105728,0.09022513777017593,-0.0007953569875098765,0.010166220366954803,0.08778583258390427,0.0921759158372879,307.5283552838005,35807.025944459354,0.001058730180375278,317.0572340557962,35810.3689677127,0.0010594729101285338,0.12352649867534637,0.019175009801983833,31014.277612228572,17678.305971828235
0.9577236343043215,1.0,0.7849910096663804,0.1769011615279125,0.09027630165642661,0.40586056494368405,0.2607871819841091,-1.0,-62.522497876720244,-27.56081442927473,-45.04165615299749,34.961683447445516,-17.857272624969482,-17.872260808944702,-17.864766716957092,-0.014988183975219727,0.004644437693059444,0.007818707264959812,0.09035342931747437,0.09017761051654816,-0.010063392110168934,0.0016229227185249329,0.09130409359931946,0.08877881616353989,337.99225128985944,35706.91734043812,0.0011182365706190467,295.6994650419807,35809.92529233981,0.0010511503787711263,0.12943768501281738,0.01589452475309372,30478.782135886475,18622.463033844542
0.0023590086313467814,0.0,0.013146413433700654,0.14567957159951234,0.16458249518081175,0.042315995512993476,-0.06935640015512745,0.0,-60.588087308380466,-28.620267451737675,-44.60417738005907,31.96781985664279,-17.867045402526855,-17.869582176208496,-17.868313789367676,-0.002536773681640625,0.00030082385637797415,0.010120300576090813,0.08831872045993805,0.09186363965272903,-0.0018864271696656942,-0.010009986348450184,0.08896180242300034,0.09118185937404633,330.5351605830507,35819.256235157656,0.0010620139073580503,321.3062388247593,35811.86570708043,0.0010565512347966433,0.12930671870708466,0.013381164520978928,30727.44173625904,18349.305872359502
0.4476988793898605,0.42577561266400565,0.6020053767249719,0.028600067864661544,-0.29372945120619187,0.17592433290800313,0.27285844723995045,-0.19833736639843202,-59.0367540318033,-25.837182891313148,-42.43696846155822,33.19957114049015,-17.881921529769897,-17.876861095428467,-17.879391312599182,0.005060434341430664,0.0031895239371806383,-0.009637157432734966,0.0872967392206192,0.0925309956073761,0.0035031880252063274,-0.009596266783773899,0.0872792974114418,0.0926428735256195,318.5654756236745,35813.762974479534,0.001054082764312625,321.0049322830347,35812.41776961148,0.0010540664661675692,0.1274847686290741,0.012286802753806114,30977.86667201809,18038.901786774015
-0.005552878655442052,0.016541941359269906,-0.03194096856389024,0.03455198431306841,0.21036154058048162,0.17508711720774173,0.040722394467007206,0.0,-61.62214987988477,-27.83639809177737,-44.72927398583107,33.785751788107405,-17.87116765975952,-17.88840889930725,-17.879788279533386,-0.017241239547729492,-0.009675993584096432,0.002937132027000189,0.09062473475933075,0.08950439095497131,0.006161517463624477,-0.008093493059277534,0.08755990117788315,0.09214790910482407,312.96881818169965,35812.79002906415,0.0010547094279900193,303.23122140485196,35817.09542501889,0.0010668127797544003,0.1233455166220665,0.019431879743933678,31025.245501277444,17572.489749319175
0.04349032756449703,-0.0025608767224597354,0.24374363573493163,0.2778125048034095,0.053046291018072345,-0.09360500079887984,0.04602543417818361,0.0,-58.07978091445278,-27.39080780558413,-42.73529436001846,30.68897310886865,-17.86873459815979,-17.878289222717285,-17.873511910438538,-0.009554624557495117,-0.010080844163894653,0.0015415775123983622,0.0913531482219696,0.08880249410867691,-0.0020740311592817307,0.00998837873339653,0.08742661029100418,0.09247647970914841,322.32756431631776,35817.2416843162,0.0010534549364820123,321.9507301375978,35817.39256824364,0.0010650292970240116,0.12330740690231323,0.021340372040867805,30844.67385567519,18754.832076989976
0.2510359548238558,0.21691356227141703,-0.07740933483635073,-0.1129894466628998,0.24299856536134468,0.46761714713025015,0.16736305495616677,-0.012726877945092752,-59.06827858539668,-24.80889219718415,-41.93858539129042,34.25938638821253,-17.892764806747437,-17.88950800895691,-17.891136407852173,0.0032567977905273438,-0.010033192113041878,0.0007778684375807643,0.09139843285083771,0.08826210349798203,0.004751843400299549,0.009012876078486443,0.09030544012784958,0.08943404257297516,315.4569895753705,35812.20911905324,0.00105278508272022,315.1345166128078,35812.63559058432,0.0010623142588883638,0.12273763865232468,0.02142827957868576,31113.876729193842,17968.59617817861
-0.00379069790479971,0.0,0.09237286971166124,0.20138400520966301,0.09787663442670785,-0.0008667280687658652,-0.016902203390309234,0.0,-59.803929309735224,-29.316195203291443,-44.56006225651333,30.48773410644378,-17.884511947631836,-17.892462015151978,-17.888486981391907,-0.007950067520141602,-0.007621116936206818,0.0066942633129656315,0.08835037797689438,0.09147325903177261,0.009039442986249924,0.004691094160079956,0.09241712093353271,0.08718733489513397,318.2198742162617,35808.23547534079,0.0010538516798987985,301.4918772749584,35814.3736508195,0.0010673808865249157,0.12452331930398941,0.015567471273243427,31235.53043603215,17435.449699819546
0.9686103362813027,0.9955356580773965,0.7855546623911854,0.10833225918237183,-0.15513933841088767,-0.10503167622419651,-0.38157305713122425,-1.0,-59.06461105688186,-23.590029105283463,-41.32732008108266,35.474581951598395,-17.877870798110962,-17.888952493667603,-17.883411645889282,-0.011081695556640625,0.001885340316221118,0.009975184686481953,0.08887556195259094,0.09109900146722794,0.006004342809319496,-0.008226819336414337,0.0874759778380394,0.09221513569355011,306.2702612707083,35808.23700920158,0.001050976337864995,296.9034927276445,35812.19153147865,0.0010592325124889612,0.1293736696243286,0.013979621231555939,30726.084053398656,19245.196474659107
0.000722893078032172,-0.002338908402507095,0.015295011102456915,0.15113886742477078,0.20373404982623367,0.07512535274840648,-0.04554534830270052,0.0,-58.27579215367456,-27.669791607692503,-42.97279188068353,30.606000545982056,-17.87643074989319,-17.88167715072632,-17.879053950309753,-0.005246400833129883,-0.007851256057620049,0.006408783607184887,0.08860740065574646,0.09139129519462585,-0.006395292934030294,-0.007922040298581123,0.09131968021392822,0.08856480568647385,317.1332795488581,35816.33376432838,0.0010575740598142147,306.1672490026842,35808.439376220995,0.0010643023997545242,0.12423054873943329,0.015873020514845848,31239.468440406654,17382.750264978775
0.17614133274486932,0.1555808152769716,0.3425392851048296,0.11874333613512451,-0.27672109102124137,-0.01098368441251052,0.277195104146317,-0.036872618416396885,-62.12881871202592,-28.709746876234874,-45.419282794130396,33.419071835791044,-17.893424034118652,-17.88451313972473,-17.888968586921692,0.008910894393920898,0.0026779486797749996,-0.00978526659309864,0.08722350746393204,0.09236781299114227,-0.0029024274554103613,-0.009768185205757618,0.08932122588157654,0.09052024036645889,317.02654505070626,35815.59993394993,0.0010499574709683657,321.12871684469377,35815.26943871005,0.0010551746236160398,0.12767618894577026,0.012546295300126076,30976.274646864123,18281.169783747995
-0.005377316537067136,0.0385916942113253,-0.08488130823303552,-0.05365000176383686,0.22550881416363378,0.28050417456476895,0.06846105656384294,0.0,-60.8161714139589,-26.913351428740043,-43.86476142134947,33.902819985218855,-17.85690665245056,-17.873051166534424,-17.864978909492493,-0.016144514083862305,0.009166587144136429,-0.004304374102503061,0.09004546701908112,0.09038301557302475,0.00820846762508154,-0.006103712599724531,0.08881629258394241,0.09124736487865448,319.04549767762893,35811.70415346122,0.0010581541573628783,315.57907184704897,35817.753932960026,0.0010721043217927217,0.12375745177268982,0.018436895683407784,31252.60149642441,17471.998964942857
0.01449307278651297,0.0,0.25407873542213066,0.3289650043533394,0.15588155404566192,-0.011083507077929933,0.07207460351444295,0.0,-56.73795655139139,-27.623407548284774,-42.18068204983808,29.114549003106617,-17.86132574081421,-17.86578893661499,-17.8635573387146,-0.00446319580078125,0.009040983393788338,-0.0047447700053453445,0.0897490531206131,0.09057606756687164,-0.005493959411978722,0.008587351068854332,0.08758404850959778,0.09258221089839935,315.49036692298796,35814.99591599649,0.001060754293575883,300.2626170403801,35811.81185587379,0.001054544234648347,0.12343781441450119,0.019276723265647888,31013.098568481426,17704.625282896577
0.32181286727193764,0.2727173541683051,-0.044654432453991005,-0.20124140888679068,0.16651018472151502,0.45687452249464944,0.2071270476914473,0.0,-62.96198155531266,-29.195980015595524,-46.07898078545409,33.76600153971714,-17.857675552368164,-17.861241102218628,-17.859458327293396,-0.003565549850463867,0.009327994659543037,0.003853490808978677,0.092760369181633,0.08758185803890228,0.0055936239659786224,0.008553207851946354,0.09108373522758484,0.08923449367284775,236.73063515396197,35791.57209449888,0.0010426840744912624,313.4318740797012,35805.63848683783,0.0010593069018796086,0.12513557076454163,0.022050274536013603,30706.396239767728,18959.963054872445
0.0084840642850107,0.0,0.06312210648160578,0.17437860260388185,0.1623522401272261,0.023487752183715294,-0.03231038799937613,0.0,-58.747659765830804,-28.503066413393128,-43.625363089611966,30.244593352437676,-17.878297567367554,-17.888047695159912,-17.883172631263733,-0.009750127792358398,-0.00863550789654255,-0.00533248670399189,0.092430979013443,0.08748059719800949,-0.01004752516746521,0.0016530613647773862,0.09112061560153961,0.08863488584756851,302.71046322375673,35810.80861632185,0.0010517336195334792,318.4327008884184,35809.55507708399,0.001066461787559092,0.12657669186592102,0.0211188942193985,30710.38372880925,18487.478360760193
0.9785578129407023,1.0,0.8506197605670892,0.23756755639775604,-0.08703172481085902,-0.025635771625116988,-0.3682981573245772,-1.0,-60.63530157910816,-24.166345666405675,-42.40082362275692,36.468955912702484,-17.873786687850952,-17.879159450531006,-17.87647306919098,-0.005372762680053711,-0.005057424772530794,0.008805874735116959,0.08747681230306625,0.09252553433179855,-0.008621877990663052,-0.005429081153124571,0.09245561063289642,0.08743146806955338,323.1520949181452,35809.08559983336,0.0010533402673900127,288.06723149926756,35810.92726935081,0.001049028360284865,0.12660259008407593,0.012797819450497627,30981.566212953083,18455.836029037735
-3.031007131621028e-05,0.0006646038768520604,-0.009482243812210245,0.0968790861514173,0.16682184078268397,0.08030556061862942,-0.0456416641456201,0.0,-60.76550807313291,-29.545721895952568,-45.15561498454274,31.21978617718034,-17.862530946731567,-17.86553978919983,-17.8640353679657,-0.0030088424682617188,-0.001263099955394864,-0.010059532709419727,0.08876331150531769,0.09152548015117645,-0.010170435532927513,0.000783117488026619,0.09172142297029495,0.08848971873521805,297.7591825839828,35807.68797647817,0.0010533324675634503,302.0280440651547,35813.846722384325,0.0010546722915023565,0.12957864999771118,0.013921142555773258,30726.700673754378,19052.66705044909
0.049637564898095315,-0.006220712193034048,0.2261438189782461,0.18945291416205007,-0.1378561206177127,-0.09651493658690141,0.17919857989247234,0.0,-59.62145949874696,-26.84125367448047,-43.231356586613714,32.78020582426649,-17.863651514053345,-17.863967418670654,-17.863809466362,-0.0003159046173095703,-0.008387342095375061,0.005764938425272703,0.08910208195447922,0.09116823226213455,0.009730970486998558,0.0031661291141062975,0.0927637368440628,0.08742649108171463,305.2279427805876,35815.14188248089,0.0010528730927035213,319.4824015243845,35814.14716643335,0.0010612212354317307,0.12408556789159775,0.01739082857966423,31243.248639519694,17345.741298693385
0.05739356217840046,0.0812447612580766,-0.09245121753223016,-0.11860770627781136,0.22941889589500508,0.33594985360052976,0.08797578106121973,0.0,-64.44320869378106,-28.932354232540234,-46.68778146316065,35.510854461240825,-17.858715057373047,-17.87571907043457,-17.86721706390381,-0.017004013061523438,-0.010022363625466824,0.0012415384408086538,0.091554194688797,0.08881919831037521,0.0058320024982094765,-0.008341384120285511,0.08758019655942917,0.09238586574792862,306.8522134779323,35811.12935130295,0.001052658655680716,306.46286372343513,35804.474240830175,0.0010519811185076833,0.12353703379631042,0.020305024459958076,31067.285831180863,17575.71961245018
-9.763294365374406e-06,0.004828360426583579,0.1721311610333922,0.2282126818294393,0.09337336997539089,0.02155801955508435,0.03242250785801126,0.0,-60.11054165261834,-29.403120268933606,-44.75683096077597,30.707421383684732,-17.852184772491455,-17.867412567138672,-17.859798669815063,-0.015227794647216797,-0.008541250601410866,-0.0055590723641216755,0.0926859900355339,0.08776731044054031,-0.010203778743743896,0.00024241206119768322,0.09192664176225662,0.08823587000370026,336.76685034431586,35811.51056238311,0.0010523796081542969,316.6855020327106,35814.6801187419,0.0010679184924811125,0.1269555687904358,0.02107623964548111,30710.07816887252,18441.105887657086
0.9933726398026441,0.9965680855022959,0.543968429757039,-0.0460897451375224,-0.17442444063162965,-0.08947869991097179,-0.37570081594345983,-1.0,-60.03410701493914,-25.354708459255733,-42.694407737097436,34.679398555683406,-17.86499261856079,-17.859491109848022,-17.862241864204407,0.005501508712768555,0.009742189198732376,0.0027820738032460213,0.09265074878931046,0.08753597736358643,0.007116933818906546,-0.00736226886510849,0.08823056519031525,0.09209015965461731,320.7261012852578,35807.97297810777,0.0010532221058383584,322.8920373943138,35823.69572110248,0.001069180783815682,0.12462487816810608,0.022158164530992508,30694.75312430045,19371.958548692575
-0.00010077256785929242,0.0,0.019399770527758126,0.17933153438080982,0.19774001709923172,0.09818774123373064,-0.005851589507525068,0.0,-57.00945485482987,-26.27080807020758,-41.640131462518724,30.73864678462229,-17.852301597595215,-17.87548065185547,-17.863891124725342,-0.023179054260253906,-0.00038100709207355976,-0.010193755850195885,0.0884724035859108,0.09200967848300934,-0.01012842170894146,-0.0009529663948342204,0.09222859144210815,0.08775145560503006,305.59243138992747,35814.468769544656,0.0010586550924926996,303.7141002816953,35812.78990078531,0.0010669247712939978,0.12960565090179443,0.013129506260156631,30728.043492864115,18313.869088358773
0.9999402703134319,0.9822869510737922,0.969717520069039,0.1695042670275655,-0.3097046338713881,0.0420264826671245,0.005291909712128562,-0.8165634586985352,-60.85316949831463,-27.024300404138216,-43.93873495122642,33.82886909417641,-17.80188798904419,-17.811739444732666,-17.806813716888428,-0.009851455688476562,0.010239848867058754,-0.00022318720584735274,0.09260687977075577,0.08892533928155899,-0.00968725886195898,-0.0034208879806101322,0.09334813058376312,0.08792980760335922,296.4828313203274,35808.952736942694,0.0010498950723558664,307.2420605355743,35812.63545596521,0.001062051742337644,0.124493807554245,0.02149248495697975,30891.631948119153,18194.21508799852
-0.007502692662766769,0.008282522765078789,-0.026251942777873974,0.03875027273523857,0.16060671969746054,0.10494639546377382,-0.009219034853552577,0.0,-63.12856459117893,-29.74805026167337,-46.43830742642615,33.38051432950556,-17.827517986297607,-17.830618619918823,-17.829068303108215,-0.0031006336212158203,0.004285845905542374,0.009227519854903221,0.0906766876578331,0.09036190062761307,0.0038581809494644403,0.009496833197772503,0.09038816392421722,0.09057693928480148,330.2995069933586,35812.42062759099,0.0010537415510043502,317.6821213642519,35807.37178894114,0.0010556820780038834,0.12974156439304352,0.016301825642585754,30476.449366760546,18374.203077577815
0.029314718697764777,-0.007631561415112219,0.22197910233169743,0.19307906237959432,0.08497880745823544,-0.034141798331665474,0.07555976985257651,0.0,-57.13385742431086,-26.889970000794477,-42.01191371255267,30.243887423516384,-17.842611074447632,-17.841343879699707,-17.84197747707367,0.0012671947479248047,-0.0010229211766272783,0.010155068710446358,0.08806904405355453,0.0925932303071022,0.008436046540737152,0.005821878556162119,0.09276849031448364,0.08790663629770279,319.2463525878564,35814.884739096145,0.0010531921871006489,313.4509053339192,35803.82363812395,0.0010465135565027595,0.12901175022125244,0.012547802180051804,30730.837087774642,18832.046687296774
0.1418747633749228,0.1253276443248533,-0.0808347704425902,-0.09151593114515283,0.25225684821174926,0.3593906235622988,0.13415872247015703,0.0,-60.925244967139406,-26.14640270057282,-43.535823833856114,34.778842266566585,-17.82143235206604,-17.839912176132202,-17.83067226409912,-0.01847982406616211,0.008549329824745655,-0.005472961813211441,0.08974207192659378,0.0914192870259285,0.005657758563756943,0.00853232853114605,0.09134344011545181,0.0894181877374649,316.559538762752,35811.403492916936,0.001049594720825553,296.00652777126555,35811.44712567189,0.001056517707183957,0.12486012279987335,0.016865098848938942,31242.595100263647,17353.18673141
0.0016027666695173567,0.0,0.12625455620450302,0.19422933103223378,0.07466852427431886,-0.025180140458414824,-0.011485450998961366,0.0,-60.42102509572288,-29.629821723014658,-45.02542340936877,30.791203372708225,-17.83015012741089,-17.83585786819458,-17.833003997802734,-0.005707740783691406,0.008927581831812859,-0.00498012313619256,0.08994469791650772,0.09103021025657654,-0.010239960625767708,-0.00014986943278927356,0.09241317957639694,0.08839871734380722,313.2415508111602,35804.58377211932,0.0010507268598303199,298.34033300558764,35813.08076748179,0.00106643489561975,0.12423217296600342,0.01851724460721016,31250.034648312714,17414.840804242514
0.9116679221878935,0.9948363447293599,0.7802192149987067,-0.1530942688005911,-0.22807936568868098,0.05516762189373148,-0.10811709558377458,-0.8058358470691629,-61.88204023421213,-27.031720799238315,-44.45688051672522,34.85031943497381,-17.832207679748535,-17.807435989379883,-17.81982183456421,0.024771690368652344,0.006864826660603285,-0.007537070196121931,0.08846121281385422,0.09243336319923401,-0.008922942914068699,-0.0051320199854671955,0.09328585118055344,0.08808671683073044,311.692711131878,35806.67155585669,0.0010552102467045188,313.6260703250315,35811.83550397606,0.0010450135450810194,0.12594057619571686,0.014393164776265621,31231.352364501126,17667.411251109697
0.006366875810383797,-0.00017454987576481486,0.035728799122839563,0.13242704618707296,0.20179161554862662,0.08725513728625905,-0.030371452553681677,0.0,-60.352911877958434,-31.341466484801174,-45.847189181379804,29.01144539315726,-17.789015769958496,-17.801860570907593,-17.795438170433044,-0.01284480094909668,0.0036158068105578423,-0.009574223309755325,0.08824775367975235,0.09351733326911926,-0.005365327466279268,0.008752686902880669,0.08820557594299316,0.09329062700271606,310.11902413663245,35817.4750978141,0.0010574102634564042,321.09936275570135,35821.66521038017,0.0010647322051227093,0.1289759874343872,0.012439875863492489,30978.312121700812,18073.802300884152
0.976599549697328,0.9823795237503398,0.8431613592849961,0.14096431373840118,-0.2966112864191958,0.07549315088792141,0.2732366407705382,-0.5696962481058714,-57.346857430309,-25.12179915022898,-41.23432829026899,32.22505828008002,-17.787470817565918,-17.791273593902588,-17.789372205734253,-0.003802776336669922,5.728329415433109e-05,0.010265616700053215,0.08900725841522217,0.09282314777374268,-0.009871283546090126,-0.0029778163880109787,0.093525730073452,0.08818092942237854,303.75749229581305,35813.83410531876,0.0010535066248849034,304.6847006794377,35810.35062151128,0.0010569078149273992,0.13024145364761353,0.013022265397012234,30729.115699971255,18299.28649051811
0.9815453359476576,0.9886199531840606,0.9017252378024947,0.7532662467612187,0.6147046897240294,0.48172973632325233,0.2610454189850745,-1.0,-64.63415487910726,-27.961470618389313,-46.297812748748285,36.67268426071794,-17.79071807861328,-17.798163890838623,-17.794440984725952,-0.007445812225341797,0.005398965440690517,-0.008641202934086323,0.08844037353992462,0.09330518543720245,-0.007441560737788677,-0.007089727558195591,0.09277492761611938,0.0888260081410408,315.240354187162,35807.592995080486,0.001050168531946838,322.57161351491436,35805.30845735824,0.001047714613378048,0.12803387641906738,0.013011173345148563,30980.886356712923,18141.473902692767
0.03393083446996721,0.0,0.2439208022079113,0.26015593060453657,-0.094100841235809,-0.15802445119859293,-0.010547750961783064,0.0,-57.77063741593153,-26.601390870024886,-42.18601414297821,31.169246545906645,-17.819658517837524,-17.828493118286133,-17.82407581806183,-0.008834600448608398,-0.003302398370578885,-0.009687419980764389,0.09020372480154037,0.09099149703979492,-0.010209798812866211,-0.0011098918039351702,0.09278087317943573,0.08816791325807571,311.46293036626105,35812.16338176413,0.0010444881627336144,339.6316102568245,35813.74012660853,0.0010548053542152047,0.13038510084152222,0.01470901444554329,30480.384335363113,18516.45754622953
0.8062935820847372,0.8009115538095561,0.11190436099271055,-0.21111176119220304,0.3010862595899045,0.46218973746298186,0.0024008993182509375,-0.13978252092586674,-61.61526719220353,-26.0344670171894,-43.824867104696466,35.58080017501413,-17.81517267227173,-17.824493646621704,-17.819833159446716,-0.009320974349975586,0.0009567869710735977,0.010141606442630291,0.08912362158298492,0.09214772284030914,-0.010187342762947083,0.0013114347821101546,0.09195306152105331,0.08911602944135666,328.6911436836243,35817.36718831467,0.0010640311520546675,290.8180908931217,35802.67933734865,0.0010468007531017065,0.1302671730518341,0.013897785916924477,30726.05260217348,18650.85389599914
0.012673757402395236,0.0,0.06825134540923755,0.19923529606770468,0.17063533326722297,0.043067641578011795,-0.008112150337263646,0.0,-59.88248632196962,-29.911135718819025,-44.896811020394324,29.971350603150597,-17.809619903564453,-17.81159281730652,-17.810606360435486,-0.0019729137420654297,-0.0009332344634458423,0.010192531161010265,0.08844910562038422,0.0929039716720581,-0.004922126419842243,0.009020941331982613,0.08802665770053864,0.09325948357582092,332.3622230907811,35814.60230870501,0.001059945672750473,316.2702696830497,35812.522336167815,0.00105983205139637,0.12970978021621704,0.01291625201702118,30729.376494708802,18396.74900733558
0.9739357989273346,0.9987138210731953,0.858578511169094,-0.02837125730630713,-0.3479329682869134,0.04410631165308887,-0.11495712595252316,-0.9201624004950522,-61.84116730433777,-26.51807344104128,-44.17962037268953,35.32309386329649,-17.847880125045776,-17.844318151474,-17.846099138259888,0.0035619735717773438,0.0070556094869971275,-0.007348670624196529,0.08839603513479233,0.09217517822980881,-0.0005981028662063181,-0.010232992470264435,0.08860713243484497,0.09203845262527466,316.9553876847635,35809.28609756854,0.0010550288716331124,331.91523992618767,35812.55511551828,0.0010526657570153475,0.12566542625427246,0.014684808440506458,31232.65184667894,17614.831352847847
0.0019565544455416796,-0.0009113774334310111,0.011792036495071642,0.10156955978876497,0.20406401798357948,0.12239499477501353,0.01331801175101932,0.0,-60.78628262506999,-27.8894296445971,-44.337856134833544,32.896852980472886,-17.83016324043274,-17.858216762542725,-17.844190001487732,-0.02805352210998535,-0.0037082775961607695,0.009500418789684772,0.08784130215644836,0.09306397289037704,-0.006823756732046604,0.007589142303913832,0.08812738209962845,0.09221873432397842,322.61476700539185,35813.190058321816,0.001058216206729412,310.861172177194,35816.48039201071,0.001073229592293501,0.12832489609718323,0.012377987615764141,30977.894875427915,18095.247268617226
0.9415733146536043,0.8724613747941177,0.9537921403619978,0.5728528983185299,-0.27491733304232624,-0.06868343076523259,0.2006689711267825,-0.18332247706094817,-57.97309629641512,-25.541002403367543,-41.75704934989133,32.43209389304758,-17.835735082626343,-17.84764289855957,-17.841688990592957,-0.011907815933227539,0.006988981738686562,-0.007443288341164589,0.0884552001953125,0.09236505627632141,0.0012374520301818848,0.010155485942959785,0.08885268867015839,0.09173516184091568,320.53658044855786,35804.7348643241,0.0010492326691746712,300.4837228255942,35811.62579224193,0.0010562797542661428,0.12545332312583923,0.014885688200592995,31234.209765697193,17510.497021738014
0.10951382744657297,0.12305663445679137,-0.07997000674305921,-0.08007494824138792,0.1983632756845532,0.2606064503324562,0.0659763278952582,0.0,-60.51150768672426,-26.162346663222877,-43.33692717497357,34.34916102350138,-17.836310863494873,-17.83441662788391,-17.835363745689392,0.001894235610961914,0.007335929200053215,0.0070211929269135,0.09227462857961655,0.0885436087846756,-0.006278454326093197,0.0080865528434515,0.08812312036752701,0.0927058532834053,328.81928604588376,35810.31289211209,0.0010579403024166822,311.74492156724114,35812.8760068985,0.001048732316121459,0.12799659371376038,0.019665004685521126,30470.54517050355,18554.658408262687
0.001135923821311467,0.0,0.24959175433871963,0.35685380241055586,0.16452226421321273,-0.011256603286997735,0.035610221843484835,0.0,-59.090063523297886,-27.69013955613684,-43.390101539717364,31.399923967161044,-17.83983588218689,-17.853686809539795,-17.846761345863342,-0.013850927352905273,-0.005941732320934534,-0.008312441408634186,0.0914924144744873,0.08926967531442642,0.0007215429795905948,0.010226419195532799,0.08856848627328873,0.09188307076692581,288.8941873068088,35805.512210686386,0.001043911324813962,314.49999437932064,35815.26675379215,0.0010624137939885259,0.12949490547180176,0.017145991325378418,30475.420509614425,18393.941135459358
0.39745169953572257,0.4430218097731407,0.24192383290016262,-0.004496640089248208,0.33882308079431517,0.9771997172775307,0.2751132782498323,-0.29362171179051033,-52.19431843679834,-26.362682481408655,-39.2785004591035,25.831635955389686,-17.831299304962158,-17.838104963302612,-17.834702134132385,-0.0068056583404541016,0.0028928988613188267,-0.008447494357824326,0.08857717365026474,0.0924718976020813,-0.009761888533830643,-0.0030791121535003185,0.09303835034370422,0.08769255876541138,388.76672136060915,35688.537749520474,0.0010177789954468608,296.1478482864424,35806.2232969385,0.0010442098136991262,0.12658476829528809,0.012630604207515717,31222.628679704172,17798.903228056908
0.009520282605709527,-0.003231102967452803,0.14628831847104848,0.37818084157423276,0.5220788374272877,0.5398335744749411,0.6798462365154518,0.0,-53.67256865951167,-30.39730581921623,-42.03493723936395,23.27526284029544,-17.845256328582764,-17.832599878311157,-17.83892810344696,0.012656450271606445,0.008758760057389736,0.0021373589988797903,0.09237043559551239,0.08837557584047318,0.009741414338350296,0.0031058406457304955,0.0930660143494606,0.08778344839811325,326.01647465506335,35706.22453552407,0.0011025898857042193,312.98225537817035,35814.58740004778,0.0010659272084012628,0.12652826309204102,0.0216570682823658,30521.58429864849,17992.584770006386
0.9994031906724347,0.9892216057674262,0.7400595221887114,0.04304744588611589,-0.3177573922519057,-0.22716901107515425,-0.4174084202264614,-1.0,-60.93446217290392,-26.058418826942727,-43.496440499923324,34.87604334596119,-17.828309535980225,-17.84276008605957,-17.835534811019897,-0.014450550079345703,0.010199418291449547,0.0008236198336817324,0.09266836196184158,0.08829445391893387,0.0030506872572004795,0.00978098250925541,0.0898158922791481,0.0908922478556633,327.4655939270971,35808.93606576934,0.001056677894666791,311.1463620550589,35810.103123701505,0.0010486762039363384,0.12459589540958405,0.02168574370443821,30910.396012573612,18264.971181688496
-0.007833034268753281,0.009938658922963424,-0.0708648836939353,0.02017399145462581,0.1475846279457909,0.10546416144132187,-0.029680486468437017,0.0,-60.42951780979433,-25.91620860834348,-43.17286320906891,34.51330920145085,-17.81989336013794,-17.827314138412476,-17.823603749275208,-0.007420778274536133,0.00889788381755352,-0.004977169446647167,0.09004593640565872,0.09114718437194824,0.009989013895392418,0.002272167941555381,0.0930444672703743,0.08791816979646683,335.5982960353959,35810.77499925322,0.00106162263546139,289.7312262270092,35815.17841351525,0.0010566413402557373,0.12450753152370453,0.017936883494257927,31246.26628199981,17325.52015876324
0.022821721690985532,-0.00028298287449980556,0.2845574138821632,0.4182951909964365,0.17039677446845788,0.2573708258711039,0.7157075359928174,0.0,-57.339304816361874,-26.7661290244221,-42.05271692039199,30.573175791939775,-17.805402278900146,-17.814875841140747,-17.810139060020447,-0.009473562240600586,0.00857231579720974,-0.0030423030257225037,0.09154490381479263,0.09006678313016891,-0.007465166971087456,-0.007063413970172405,0.09258855134248734,0.08866150677204132,346.98626152840944,35702.44661226239,0.001106439158320427,296.27426611463295,35807.923192986964,0.0010548749705776572,0.12427584081888199,0.021109070628881454,30998.749809533176,17574.675696382135
0.1229112637428366,0.10545123173940005,-0.08431365583592734,-0.09707315589572352,0.13975138335133613,0.2938991817708628,0.050494344578074335,0.0,-62.11899224391601,-26.818400168336098,-44.468696206126054,35.300592075579914,-17.84052014350891,-17.83915638923645,-17.83983826637268,0.0013637542724609375,0.0019220459507778287,0.009961456060409546,0.0893036276102066,0.0914531722664833,-0.005631666164845228,-0.008544780313968658,0.09133436530828476,0.08944392949342728,314.6114526581485,35812.25119872547,0.0010604106355458498,320.337665474406,35814.864890308294,0.0010617026127874851,0.1299939900636673,0.014374724589288235,30481.306818225352,18703.51487147007
0.010394059188603104,0.0,0.10051882949492577,0.21210286913146598,0.18166736727106708,0.0779158274006897,0.005535444317188776,0.0,-58.980536827852006,-27.355201925398376,-43.16786937662519,31.62533490245363,-17.817012071609497,-17.831685543060303,-17.8243488073349,-0.014673471450805664,0.006481839343905449,-0.00789940170943737,0.08844497799873352,0.09275805950164795,-0.000657321885228157,-0.01023101806640625,0.08877894282341003,0.09213264286518097,318.5459507644792,35811.27871089666,0.001048462581820786,313.6562252780044,35808.726657622115,0.0010563175892457366,0.12636592984199524,0.013879220001399517,31230.383364697496,17644.001047646503
0.9612422575954469,0.9931258135681352,0.6827433326986344,-0.08518512967995309,-0.36652377038191913,-0.05385875207912849,-0.29424890650769137,-0.9972693537996152,-62.451088065328236,-26.37376352541213,-44.41242579537018,36.077324539916106,-17.81842589378357,-17.829840183258057,-17.824133038520813,-0.011414289474487305,0.0060920389369130135,-0.008190706372261047,0.08829396218061447,0.09287401288747787,0.0016518260817974806,-0.010129161179065704,0.08800721168518066,0.09290658682584763,321.82380216616116,35809.27456077917,0.00105217844247818,307.63001969494434,35805.44619652673,0.0010547998826950788,0.12690666317939758,0.013609791174530983,31228.36544004443,18153.80370465124
-0.0020148356911051653,0.005167299645952298,-0.007088408630083087,0.10785829957494256,0.17550001326602843,0.05708174252379605,-0.015782739934192214,0.0,-61.34768987429112,-31.14762653692972,-46.24765820561042,30.2000633373614,-17.827948331832886,-17.81476140022278,-17.821354866027832,0.013186931610107422,-0.005428879987448454,-0.008628139272332191,0.09132043272256851,0.08969990164041519,0.001995621481910348,0.01005564071238041,0.08955826610326767,0.0917266234755516,320.42943785928577,35815.533917057284,0.001058602356351912,307.1757682918631,35809.02531287786,0.001064095413312316,0.12948167324066162,0.01698099449276924,30475.47986238647,18394.794488994557
0.7849524601424692,0.7074607916078828,0.9640285432228983,0.4032905029000378,-0.27212663504202944,-0.10949150417027598,0.06882483227493774,-0.4167733890303559,-60.56356479028767,-26.759477946850268,-43.66152136856897,33.8040868434374,-17.806363105773926,-17.827149629592896,-17.81675636768341,-0.020786523818969727,-0.005539469420909882,0.008626222610473633,0.08822104334831238,0.0931854099035263,-0.0016979556530714035,0.010125542990863323,0.08804263174533844,0.09292756021022797,313.56637801240225,35815.30763100042,0.0010526535334065557,308.6022479927673,35813.236056647904,0.0010475879535079002,0.1273610144853592,0.01342020183801651,31226.788816850756,18609.86761458845
-0.006159200191072333,0.015906454500618377,-0.07521493572875175,-0.05676791989781446,0.1304670327942251,0.17059432785135287,0.004954974975615034,0.0,-62.27792254502236,-28.433931059052043,-45.3559268020372,33.84399148597032,-17.81885027885437,-17.825922966003418,-17.822386622428894,-0.0070726871490478516,-0.009483139030635357,0.003700166940689087,0.0907851904630661,0.09043459594249725,-0.007877849042415619,-0.006556033156812191,0.0926935076713562,0.08831747621297836,313.6648482007861,35811.62534992758,0.001059110974892974,305.01018566849973,35812.891127776544,0.001053521758876741,0.1241162121295929,0.01898968033492565,31013.45889207905,17699.746352082348
-0.0035477953410739,0.005287877183188374,0.23467823475990326,0.33475619477282337,0.1183937184239888,0.009634781123227354,0.10979903587027096,0.0,-56.66946963075395,-26.98038848082126,-41.82492905578761,29.68908114993269,-17.814396619796753,-17.806951999664307,-17.81067430973053,0.007444620132446289,-0.0035152838099747896,0.00961821898818016,0.08795424550771713,0.09327446669340134,0.00830124132335186,-0.006060780957341194,0.08953513205051422,0.09190832823514938,332.9171264449562,35810.07525200878,0.0010550515726208687,315.33044045247266,35820.624807269196,0.0010677642421796918,0.12798640131950378,0.012353457510471344,30979.18360193871,18135.571886260535
0.9832795839076706,1.0,0.5449367652516685,-0.19743846438894572,-0.20322866226133013,0.24781266765502485,-0.40634749378984436,-0.6588947053443625,-58.195233144232986,-25.98949295820381,-42.0923630512184,32.205740186029175,-17.81591773033142,-17.831968069076538,-17.82394289970398,-0.016050338745117188,-0.01011121179908514,-0.0014085805742070079,0.09292645007371902,0.08829274028539658,0.0044318027794361115,0.009247835725545883,0.09070221334695816,0.09023359417915344,322.78130662175164,35809.25874794762,0.0010571901220828295,318.3566302579428,35812.2802905017,0.0010648808674886823,0.12479270994663239,0.022522691637277603,30924.972451735386,18270.94651154677
0.007941452962547496,-0.006564313410361109,0.15548814521262416,0.3574858354399104,0.4876149192116105,0.5374189769652439,0.6729327927731066,0.0,-55.99778910512503,-29.868481434240778,-42.93313526968291,26.129307670884252,-17.82570719718933,-17.84648895263672,-17.836098074913025,-0.020781755447387695,-0.005911332555115223,-0.0068261753767728806,0.0912632942199707,0.08992994576692581,-0.0024686052929610014,-0.00990421324968338,0.08947382122278214,0.0911559909582138,331.5159722241737,35709.50925803879,0.001108570140786469,297.2024588807312,35811.94398608987,0.0010598442750051618,0.12989351153373718,0.01644669659435749,30481.487345181064,19312.42599790703
0.9956750979438813,1.0,0.7977968805357163,0.3683226139439303,0.03565476380429927,-0.11104392295236543,-0.4166446715810824,-1.0,-59.00419923277053,-22.54751873447418,-40.775858983622356,36.45668049829635,-17.826313972473145,-17.822325229644775,-17.82431960105896,0.003988742828369141,0.003831457579508424,-0.009467755444347858,0.08785518258810043,0.09312767535448074,-0.009327851235866547,0.004294641315937042,0.09041488170623779,0.09072194993495941,319.7694689145323,35807.25377974348,0.0010439077159389853,313.99523542191235,35813.267508757956,0.0010614304337650537,0.12796738743782043,0.012342983856797218,30978.966382092207,18010.783062717008
-0.000549600945495025,0.00227968646401812,-0.010014530011753259,0.047477523832218566,0.1344791496958389,0.06474936933303821,-0.032264164586187305,0.0,-60.38304779725718,-29.351746108157556,-44.86739695270737,31.03130168909962,-17.828296422958374,-17.830233573913574,-17.829264998435974,-0.0019371509552001953,0.006054040044546127,-0.008192801848053932,0.08819616585969925,0.09276720881462097,0.007349452935159206,0.007132464554160833,0.092378169298172,0.08855576813220978,306.0060955644546,35809.210811002726,0.0010603682603687048,315.6257319065638,35810.279465450425,0.0010564527474343777,0.12670768797397614,0.013214579783380032,31228.825472629604,17913.54690251094
0.9321060142190851,0.8343078478907262,0.9675964990251994,0.4818259364657916,-0.2334645013606079,-0.22147934161766936,0.08762005733974865,-0.27347647620084115,-58.0998632216768,-25.19281999650633,-41.646341609091564,32.90704322517047,-17.817516326904297,-17.831867933273315,-17.824692130088806,-0.014351606369018555,0.0053955791518092155,-0.008714653551578522,0.0880681648850441,0.09310214966535568,0.0037243482656776905,0.009551442228257656,0.0903119221329689,0.09062667191028595,335.2953439587384,35814.93824345098,0.001053992542438209,294.9281309356344,35817.19354916569,0.0010642784181982279,0.12691645324230194,0.013230927288532257,31226.6011400005,18086.629610597498
0.12889964252834302,0.14397971294350975,-0.08770978555978133,-0.08866316211968175,0.20881824554572304,0.25394447571047185,0.02078081537571297,0.0,-60.037971442225455,-25.442164670421505,-42.74006805632348,34.59580677180395,-17.827889919281006,-17.824238538742065,-17.826064229011536,0.0036513805389404297,0.006290065124630928,0.007971612736582756,0.0918058305978775,0.08920881897211075,0.009045800194144249,0.00486650550737977,0.09314440935850143,0.08787554502487183,335.3672825313007,35815.6800741285,0.0010598314693197608,319.78169453123974,35812.7469113433,0.0010691104689612985,0.12905259430408478,0.018097633495926857,30472.85249571819,18469.557442789155
-0.004716108176870592,0.0,0.12781856029388777,0.25298759750593897,0.12943290379440603,0.022496077522396962,0.027249497124893884,0.0,-57.21058876111806,-26.720945393866344,-41.9657670774922,30.489643367251716,-17.851500511169434,-17.855767011642456,-17.853633761405945,-0.004266500473022461,-0.009854326024651527,-0.0027330624870955944,0.09281911700963974,0.08763711899518967,0.008898255415260792,0.0049899788573384285,0.09278247505426407,0.08758687227964401,315.28481189825646,35817.881532473984,0.001058861380442977,303.6288731556701,35810.679898278555,0.0010561755625531077,0.12525580823421478,0.022148888558149338,30696.509212703895,18593.424417776638
0.6435871515209931,0.7064407874183429,0.5295702733338777,-0.16754502561724438,-0.1499391451274781,0.3659330114352771,0.2718310739079942,-0.28572301819298906,-62.97182977819551,-27.21726486195331,-45.09454732007441,35.7545649162422,-17.934932708740234,-17.81445860862732,-17.874695658683777,0.12047410011291504,-0.008531801402568817,0.005341077223420143,0.0886010155081749,0.09020373225212097,0.010224702768027782,0.0011083828285336494,0.09293196350336075,0.0883096233010292,319.8733446554487,35808.195948833294,0.0010564352851361036,304.67975388551093,35813.90330630391,0.0010481147328391671,0.12320490926504135,0.017096156254410744,31241.720413018167,17373.77245297347
-0.002891336910023095,0.0,0.026989855228509954,0.14350330018843416,0.1734927702158383,0.04328312357645664,-0.024330389596436852,0.0,-60.01120403859966,-30.031625815015246,-45.02141492680745,29.97957822358441,-17.745060920715332,-17.745612859725952,-17.745336890220642,-0.0005519390106201172,0.010268568992614746,-0.0008314714068546891,0.09297008812427521,0.08976397663354874,-0.0028054602444171906,-0.009943390265107155,0.09068100899457932,0.09206096082925797,320.21412639693585,35806.95897669234,0.0010459214681759477,298.24231767678054,35807.726297279056,0.0010588503209874034,0.12505686283111572,0.021777261048555374,30868.195472614123,18407.286887221784
0.9437144668344044,0.9104473808072204,0.9876037583344762,0.10807597627722391,-0.2817384686813068,0.12208742634756597,0.16284509218803989,-0.532131436435562,-59.672606101961094,-27.176476750422808,-43.42454142619195,32.496129351538286,-17.770578861236572,-17.751190662384033,-17.760884761810303,0.019388198852539062,0.007149538956582546,-0.0074106017127633095,0.08917290717363358,0.09300988912582397,0.006871837191283703,-0.007775451056659222,0.08916816115379333,0.09340661764144897,316.12065892402217,35813.75764746873,0.0010515342000871897,323.7216887813153,35812.763285755405,0.0010576988570392132,0.12642405927181244,0.015070220455527306,31232.841908977218,17533.231805438645
-0.005606994805870801,0.01828954655548292,-0.047601996751496685,0.02211840327110648,0.1837374818501325,0.18197740357818648,0.0013458336471579013,0.0,-62.22702290637949,-28.64973353731284,-45.438378221846165,33.57728936906665,-17.731817960739136,-17.75997757911682,-17.74589776992798,-0.028159618377685547,0.004709276370704174,-0.009138979017734528,0.08890410512685776,0.094068244099617,-0.00642012245953083,0.008089704439043999,0.08891457319259644,0.0934722051024437,317.9873644234779,35812.44118940192,0.0010542129166424274,306.6084916775236,35820.1071526892,0.001074817730113864,0.12939879298210144,0.01270047016441822,30979.381303399034,18093.4630811695
0.05348899927312615,-0.006814751363987971,0.30782520274003056,0.3088527441047794,-0.007783495343320873,-0.04371316779780987,0.06202207273320093,0.0,-56.13698553330775,-24.314394953102465,-40.22569024320511,31.822590580205286,-17.739369869232178,-17.747244834899902,-17.74330735206604,-0.00787496566772461,0.010314444079995155,-0.0006088369991630316,0.09314567595720291,0.08970120549201965,-0.01033010333776474,-0.0008098718244582415,0.09356118738651276,0.0890933945775032,322.78906086903095,35807.25032565242,0.0010440392652526498,313.575719797361,35805.61526276903,0.001051126979291439,0.12542492151260376,0.022133352234959602,30902.21390209877,18224.55523743629
0.48971458041539856,0.45511342131195326,-0.031111020100275,-0.2197675026522524,0.34886023826661977,0.43343264149669336,0.044794129099888225,0.0,-61.34322988755258,-25.3595289035232,-43.35137939553789,35.98370098402938,-17.761882543563843,-17.754135131835938,-17.75800883769989,0.0077474117279052734,0.0019202138064429164,0.010068935342133045,0.09008870273828506,0.09230993688106537,0.010365376248955727,0.00021958714933134615,0.09330097585916519,0.08921603858470917,311.77934593161643,35814.842378000256,0.0010566747514531016,326.0008702988392,35809.312601722355,0.0010534926550462842,0.13107052445411682,0.014424995519220829,30481.268489238217,18875.54343581477
0.004013293171283851,0.0,0.07151289418171809,0.196170025311443,0.17425756672879927,0.05370264523142659,-0.01939909779817628,0.0,-60.11173995993755,-28.24358472525492,-44.177662342596236,31.868155234682632,-17.743161916732788,-17.752957344055176,-17.748059630393982,-0.009795427322387695,0.009803418070077896,0.003190819639712572,0.09400907158851624,0.08871583640575409,0.0015011174837127328,0.010220270603895187,0.08995293080806732,0.09261952340602875,299.4185766749337,35812.448286846025,0.001053594402037561,292.81863178278587,35812.3733116747,0.0010521028889343143,0.12690651416778564,0.022449396550655365,30697.81697912874,18573.699578036547
0.9730502992001532,0.9969015778670187,0.7114996034598877,-0.14211676182235972,-0.28273774813004215,0.10365653911525041,-0.06789128563301117,-0.8819440910900774,-59.918388265511965,-25.08515393648699,-42.50177110099948,34.833234329024975,-17.883310317993164,-18.000082969665527,-17.941696643829346,-0.11677265167236328,-0.002871647709980607,-0.0097341388463974,0.08933662623167038,0.09053459018468857,-0.006455228663980961,0.007700389251112938,0.08657196164131165,0.09084579348564148,335.22209568469316,35815.35052917787,0.0010592617327347398,288.49191621235275,35806.63935294408,0.0010493724839761853,0.12934517860412598,0.014648539014160633,30479.624838431828,18493.113605599614
0.008593198862373636,-0.002018315824643283,0.012624810355400529,0.16419531470383938,0.21413085015491157,0.12575806329948547,0.0027438253891692854,0.0,-60.70857582327642,-29.513209332656118,-45.11089257796627,31.1953664906203,-18.0465829372406,-18.067303895950317,-18.05694341659546,-0.020720958709716797,0.003769444767385721,0.009214680641889572,0.08818233013153076,0.08834364265203476,0.003367405151948333,0.009379997849464417,0.08773384243249893,0.08836661279201508,332.25805673482427,35815.01480983776,0.001059612724930048,315.7470404332949,35809.45706586295,0.0010656343074515462,0.12677928805351257,0.015106814913451672,30477.875074019288,18363.905816650076
0.8586251055587153,0.7908985640807256,0.9865849542403536,0.5360031409245122,-0.25511158912557325,-0.3335048575195151,-0.04035215407986903,-0.5713265237519206,-57.829739013741175,-24.749769185304103,-41.28975409952264,33.07996982843707,-18.031405210494995,-18.02783727645874,-18.029621243476868,0.003567934036254883,-0.009264053776860237,0.0037589308340102434,0.08850836008787155,0.08832357823848724,0.009029973298311234,0.004390008747577667,0.09103133529424667,0.08579134196043015,301.89155487074754,35811.86237360655,0.0010502010118216276,318.46172419550544,35819.31830649005,0.0010715000098571181,0.12111476063728333,0.019383877515792847,31024.006615748825,17575.20042505571
0.005055741440984331,0.034327753480172016,-0.09062576025895558,-0.015802471004284585,0.14599911862013926,0.19921921030586331,0.04406847522879098,0.0,-63.02145012528297,-28.84579903504749,-45.93362458016523,34.175651090235476,-17.903743982315063,-17.91316509246826,-17.908454537391663,-0.009421110153198242,-0.007047648541629314,0.007192385382950306,0.08789227157831192,0.09152963757514954,-0.010138187557458878,-3.0077426345087588e-05,0.09155125916004181,0.08766183257102966,320.9270128201103,35810.08792058749,0.001057194429449737,299.0073437343268,35813.780506257215,0.0010615283390507102,0.12497390806674957,0.014121243730187416,31231.221767433526,17655.383911494173
-0.0035708204200042277,0.004824474176035183,0.26535679360372566,0.3269028415559893,0.12867889952297637,0.052598597653677026,0.09449750704073756,0.0,-58.77279371895122,-27.164949926641384,-42.9688718227963,31.607843792309836,-17.914366722106934,-17.9089093208313,-17.911638021469116,0.005457401275634766,-0.009792018681764603,-0.002583327703177929,0.09213598072528839,0.08702267706394196,-0.008792455308139324,-0.005097703076899052,0.09219518303871155,0.08707248419523239,328.6377791270087,35817.197714542,0.0010610363679006696,329.8024643257179,35809.278940875876,0.0010529094142839313,0.12405534088611603,0.021952401846647263,30693.30226019538,18702.55240627612
0.9836587125697062,0.9774756088832782,0.4776775748316475,-0.20698889984251412,0.026353027774404902,0.44762172791376387,0.12551288282157447,-0.2527685328066944,-62.11945039028876,-25.40298475076986,-43.76121757052931,36.7164656395189,-17.937474250793457,-17.939821481704712,-17.938647866249084,-0.002347230911254883,0.009870972484350204,0.0019400862511247396,0.09174375981092453,0.08695194870233536,-0.010088986717164516,0.0008062788401730359,0.09093166887760162,0.0877443328499794,316.80370378894423,35815.91680402933,0.0010614136699587107,304.5546111150736,35811.32889280018,0.0010462573263794184,0.12318192422389984,0.021857423707842827,30923.262833844634,18320.985768362243
0.0005356570838994084,0.0,0.04154782441516505,0.16369776830339328,0.2090357475339245,0.10380912300886097,-0.006037186474805223,0.0,-56.56229235561426,-28.114586003853276,-42.33843917973377,28.447706351760985,-17.928597927093506,-17.937556505203247,-17.933077216148376,-0.008958578109741211,-0.006481638643890619,0.007735942956060171,0.0873299092054367,0.09156028926372528,0.002362458035349846,0.00981632899492979,0.08851036429405212,0.09023541957139969,325.4583970447042,35810.43364557608,0.001053205574862659,301.590898176373,35817.4566371428,0.0010619474342092872,0.12438683211803436,0.01370356697589159,31231.75735563786,17550.380267086748
0.9969726285541055,0.9923907224621082,0.8244535545336344,0.2933482869032026,-0.013064839535996742,-0.10005533832928298,-0.31649129860834735,-1.0,-58.20027375744522,-23.58567606772624,-40.89297491258573,34.61459768971898,-17.936091423034668,-17.937849760055542,-17.936970591545105,-0.0017583370208740234,0.006506434641778469,0.007703356444835663,0.09082760661840439,0.08793491125106812,-0.0028633098118007183,0.00973549298942089,0.08671274036169052,0.09195266664028168,312.0400649322007,35808.96342028194,0.0010466137900948524,319.2171489144684,35807.70979842437,0.0010575607884675264,0.1274549961090088,0.017788508906960487,30473.707156983954,18441.515335188134
-0.001878948453785931,0.005774997056673085,-0.05521249475460899,0.04621894332527804,0.1146994866751026,0.0810242326488625,-0.06735343785226877,0.0,-61.44205967957848,-28.83610921648085,-45.139084448029664,32.60595046309763,-17.940646409988403,-17.9454505443573,-17.94304847717285,-0.004804134368896484,0.009038737043738365,-0.0043319277465343475,0.08912620693445206,0.08957161754369736,0.004998656455427408,-0.008801091462373734,0.08669284731149673,0.09182135760784149,301.6014424124934,35811.24706064877,0.001058309688232839,327.61022286231105,35821.92391531287,0.0010694556403905153,0.12257947027683258,0.018265319988131523,31252.074174034853,17416.369814952097
0.2274640847145289,0.13899414672117952,0.4924903637135656,0.3896600458797875,-0.18823898169874945,-0.2511719535863846,0.14268003935270457,0.0,-55.56581648823027,-22.14794375709721,-38.85688012266374,33.41787273113306,-17.931665182113647,-17.95749068260193,-17.944577932357788,-0.02582550048828125,0.009159659966826439,0.004330094903707504,0.09200994670391083,0.0867859497666359,-0.008393900468945503,0.005638624541461468,0.08818305283784866,0.09014611691236496,321.6977399338352,35809.96412485838,0.0010536947520449758,294.85766060793554,35812.83033565607,0.0010503120720386505,0.12530894577503204,0.02125023491680622,30707.319564385187,18412.739591647933
0.14602674562596282,0.1369755961302903,-0.08711755453074069,-0.09313396848029235,0.19997098938479646,0.2508131421232298,-0.0769414190271539,0.0,-62.371095268132365,-27.78343048120786,-45.07726287467011,34.587664786924506,-17.93936252593994,-17.934805154800415,-17.937083840370178,0.004557371139526367,-0.0022374012041836977,-0.009772251360118389,0.08846180886030197,0.09025394916534424,-0.001241964171640575,0.010048242285847664,0.0870509222149849,0.09169664233922958,325.3334766084744,35814.7795464116,0.0010604640701785684,305.3615815495877,35806.754301265246,0.0010478124022483826,0.12850764393806458,0.014514094218611717,30480.06146195642,18446.321664644416
-0.001632399201686033,0.0,0.08086153865163359,0.22130371787440262,0.1725514031458953,0.07595950960710618,0.03590186813759433,0.0,-58.37323890712281,-28.08714555029161,-43.23019222870721,30.286093356831202,-17.942126989364624,-17.949742078781128,-17.945934534072876,-0.007615089416503906,-0.0007912369328550994,0.010060202330350876,0.08712787926197052,0.09147921204566956,0.009561752900481224,0.003265545004978776,0.09183990210294724,0.08658377081155777,299.89089453432445,35811.39388954352,0.0010489531559869647,310.3520620276947,35813.15442258694,0.0010567237623035908,0.12770313024520874,0.012550989165902138,30730.055510315557,18470.944191607727
0.9608084581910536,0.9953688866165437,0.7508551854801588,0.09210473888835682,-0.11047956731851216,0.053275381986577997,-0.24502034916818077,-1.0,-58.19307502198927,-21.280310533338707,-39.73669277766399,36.912764488650566,-17.943978309631348,-17.956479787826538,-17.950229048728943,-0.01250147819519043,0.0013723524753004313,-0.009972570464015007,0.08698848634958267,0.09157709777355194,-0.004655842669308186,-0.008979370817542076,0.08957255631685257,0.08878626674413681,318.70626240631367,35810.883715376716,0.0010563487885519862,292.90914436940125,35814.42269934193,0.0010585600975900888,0.12761200964450836,0.012462668120861053,30730.78543611578,18467.148184503854
-0.004250822747205529,0.0,0.01783964494744167,0.12215965106616122,0.1705586482748196,0.04929955101988315,-0.018553788556604167,0.0,-60.67581713201611,-29.343427207361913,-45.00962216968901,31.332389924654194,-17.938579320907593,-17.94252038002014,-17.940549850463867,-0.003941059112548828,0.009485449641942978,-0.0033881396520882845,0.08968043327331543,0.08905412256717682,-0.005589356180280447,-0.008418234065175056,0.09025424718856812,0.08838639408349991,340.3764917983121,35813.143010675136,0.0010564537951722741,318.1611652111106,35815.358259922774,0.0010713705560192466,0.122270867228508,0.019246194511651993,31020.18406216092,17592.20706266966
0.8128009830945262,0.8009872053868807,0.9809109234288399,0.21366102972752182,-0.28370538815532814,0.08424244626139277,0.24190329861013926,-0.22071291967637685,-55.81505886313488,-21.0164968924488,-38.41577787779184,34.79856197068608,-17.94607400894165,-17.954211235046387,-17.95014262199402,-0.008137226104736328,-0.008872326463460922,0.004786246921867132,0.08882267028093338,0.08975444734096527,-0.005113465245813131,-0.008725098334252834,0.08987997472286224,0.08852249383926392,312.55336451490797,35813.02946975632,0.0010544282849878073,302.4468150614598,35808.846349482745,0.0010478949407115579,0.12218639254570007,0.01883169449865818,31012.836598304486,17940.120237705894
0.004594707404764967,0.03577303901859459,-0.0966300027763725,-0.05580522619005665,0.18199591906188695,0.20085591194195862,0.0356925286265215,0.0,-62.773536281584654,-29.184907948971272,-45.97922211527796,33.58862833261338,-17.944421768188477,-17.965248823165894,-17.954835295677185,-0.020827054977416992,0.0009502831962890923,-0.009986923076212406,0.08713764697313309,0.09143003821372986,0.0008842200040817261,0.010058555752038956,0.08750753104686737,0.09064620733261108,315.09976234615357,35810.95093360363,0.0010476941242814064,318.95795112888874,35815.888759850415,0.001060696435160935,0.12805283069610596,0.012947591952979565,30728.814349809985,18235.748489046142
0.0,-0.0009753448137626182,0.2316868530176375,0.2973427045035572,-0.005257730350571033,-0.044149194450294915,0.019858399282112194,0.0,-57.7580213070604,-27.967079457011664,-42.862550382036034,29.79094185004874,-17.947837114334106,-17.95711636543274,-17.952476739883423,-0.009279251098632812,0.0013961304211989045,0.009999386966228485,0.08793202042579651,0.09058955311775208,-0.0025528138503432274,0.009769463911652565,0.08656097948551178,0.09171392023563385,330.34172380419074,35808.88090180978,0.001055578701198101,296.0163811024155,35810.822037123085,0.0010608130833134055,0.12820369005203247,0.013424004428088665,30727.16445546617,18430.35152782589
0.9969699418868972,1.0,0.30289652538456785,-0.19522379708465817,0.10872317919150393,0.3542214972784524,-0.04067749951474242,-0.4102554734604458,-61.17393568923927,-26.290450831357816,-43.732193260298544,34.883484857881456,-17.94907808303833,-17.943202257156372,-17.94614017009735,0.005875825881958008,-0.00944582000374794,0.003402077592909336,0.08956608921289444,0.08895491063594818,-0.010019402951002121,-0.0016775556141510606,0.0917101725935936,0.08685395121574402,334.8872885668359,35816.576809891216,0.0010555291082710028,322.0419473544907,35811.12933281976,0.0010654072975739837,0.1221366822719574,0.019056808203458786,31017.731673990755,17602.89570810128
0.004058146896602447,0.0,0.05263122804790614,0.18858241128145306,0.20605027454159947,0.0700808664946081,-0.032955575856215225,0.0,-57.91761161511943,-28.398673156873087,-43.15814238599626,29.51893845824634,-17.94905662536621,-17.968939542770386,-17.9589980840683,-0.019882917404174805,0.010044925846159458,0.0002659941965248436,0.09122361987829208,0.08725374191999435,0.0069636013358831406,0.007243954110890627,0.09078027307987213,0.08729641139507294,314.8404278528464,35818.7130537471,0.0010617836378514767,299.3790736508227,35814.75948800366,0.0010563199175521731,0.12256954610347748,0.02189008891582489,30905.235315379454,18233.5097703851
0.9968557593533935,0.9771409798070126,0.8016324145205367,0.11306846530315905,-0.1792521938489099,-0.09919587013525205,-0.2825467401192404,-1.0,-61.348772869142806,-27.163302829629572,-44.25603784938619,34.185470039513234,-17.936811447143555,-17.93902039527893,-17.937915921211243,-0.0022089481353759766,-0.005205358378589153,0.008648831397294998,0.08687206357717514,0.09182897210121155,-0.002960178768262267,0.009683136828243732,0.08669918030500412,0.09194435179233551,318.34198351234295,35806.81020297005,0.001055229688063264,300.63790170725593,35808.994159659116,0.0010520624928176403,0.12557804584503174,0.012968454509973526,30981.4568823067,18403.543799808576
-0.9738289197195996,-0.9779926822140518,-0.883053141883451,-0.6796929840685092,-0.48592555502360635,0.6365930715157594,0.7774886485450594,0.9711522906547182,-63.25207706715946,-29.911061933285225,-46.58156950022234,33.34101513387424,-17.945780754089355,-17.94984221458435,-17.947811484336853,-0.004061460494995117,-0.007206548471003771,-0.006976285949349403,0.09111856669187546,0.08743476867675781,-0.000516578380484134,-0.010083860717713833,0.08751333504915237,0.0909532904624939,341.37391059853286,35817.649924869635,0.0010624317219480872,313.73642810013905,35810.961517564,0.0010735023533925414,0.1261719912290573,0.01980198360979557,30468.602305497414,18662.717792818195
0.10337424870484974,-0.005381088304043161,0.5675357706590738,0.43041099951735234,-0.17455522257134568,-0.2958597989723124,0.25311433474249345,0.0,-54.82616155618314,-24.607411382095734,-39.716786469139436,30.218750174087404,-17.941322326660156,-17.95135498046875,-17.946338653564453,-0.01003265380859375,-0.01002978440374136,0.0011925318976864219,0.09075146168470383,0.08790150284767151,-0.00026938581140711904,-0.010111566632986069,0.08739563822746277,0.09103372693061829,298.444802228022,35812.829809646144,0.0010508924024179578,327.309068885036,35817.13209819886,0.0010593659244477749,0.12246452271938324,0.021729307249188423,30890.292662164462,18193.016981247485
0.21221496131293796,0.20472751401761052,-0.09639387209522776,-0.07895848271755432,0.2136413478022573,0.3425747177770371,0.04127205491726915,0.0,-63.89223113941648,-28.52567662885332,-46.2089538841349,35.36655451056316,-17.94177532196045,-17.949604988098145,-17.945690155029297,-0.007829666137695312,-0.0040494464337825775,-0.009173555299639702,0.08939464390277863,0.08927983790636063,0.010084747336804867,0.0009139291360042989,0.09144851565361023,0.08699735999107361,319.3045816961896,35812.98999644968,0.0010592718608677387,318.99135921392013,35815.44091433366,0.0010639162501320243,0.12809625267982483,0.016013994812965393,30476.328643421395,18386.091078245434
0.0016528098413969988,0.0,0.13117202242822065,0.23363233426432486,0.18247896349904724,0.05962501864819858,0.03042444122694543,0.0,-57.46359942228489,-27.273174082072785,-42.368386752178836,30.1904253402121,-17.95657992362976,-17.954201698303223,-17.95539081096649,0.002378225326538086,0.00938451662659645,0.003641412127763033,0.0917428582906723,0.08654538542032242,0.0030188732780516148,-0.00962820090353489,0.08654477447271347,0.09178853780031204,308.97016090593837,35808.291651185595,0.0010443080682307482,309.429396223209,35812.536408717235,0.0010677395621314645,0.1240958720445633,0.02163545787334442,30703.251748534844,18454.383789515316
0.9827284073832862,0.9956690794784142,0.6670783493677769,0.07396729076628403,-0.23383249840023038,-0.1874207977473144,-0.5133437940351342,-1.0,-65.15466033749499,-26.30792967838545,-45.73129500794022,38.84673065910954,-17.923836708068848,-17.93379545211792,-17.928816080093384,-0.009958744049072266,-0.009714312851428986,-0.0026631325017660856,0.09199890494346619,0.08697167783975601,-0.004127903841435909,0.0092554222792387,0.08670613169670105,0.09204200655221939,323.97116077391087,35816.45588654515,0.001055403146892786,316.45294454960447,35812.49651125954,0.0010558406356722116,0.12371287494897842,0.02160155400633812,30931.353369540702,18296.583232781046
0.0013626781811061379,0.0,0.01428024683055222,0.14262186822686485,0.20231323382410293,0.08248562159861067,-0.022474325210731116,0.0,-58.078602423726636,-28.329139946188263,-43.20387118495745,29.749462477538373,-17.934069633483887,-17.957903146743774,-17.94598639011383,-0.023833513259887695,0.004619945771992207,-0.008957060985267162,0.08681649714708328,0.09193851798772812,-0.0028864736668765545,0.009666010737419128,0.0865362361073494,0.0917225331068039,315.20129268740794,35813.96610726497,0.001058488618582487,315.197085308042,35814.00290719746,0.0010582547402009368,0.12585830688476562,0.012290801852941513,30981.24424228729,18296.60908242329
1.0,0.9821074126395071,0.8735779707577805,0.44433988862264073,-0.04088917703034606,-0.22096211161110302,-0.4631636961627313,-1.0,-58.148711136796976,-23.13706906317293,-40.64289009998495,35.011642073624046,-17.964863777160645,-17.965174913406372,-17.96501934528351,-0.00031113624572753906,0.0006421581492759287,0.010038197971880436,0.08744017779827118,0.09072328358888626,0.008562339469790459,-0.0053878044709563255,0.08825577795505524,0.08991722762584686,309.02783704134373,35807.36230146903,0.0010446246014907956,312.216205353268,35819.51143695127,0.0010688953334465623,0.12777964770793915,0.013080988079309464,30728.029541310447,18290.277362614925
-0.009016180463516238,0.016013537136876057,-0.07775714749083364,-0.05391393918178483,0.14128544365996487,0.1471414005306897,0.01735143908688641,0.0,-61.634134460195014,-28.308480614946262,-44.97130753757064,33.32565384524875,-17.99567937850952,-17.993102073669434,-17.994390726089478,0.0025773048400878906,0.003818657249212265,0.00922266487032175,0.08873756229877472,0.08882968127727509,0.0019889958202838898,0.009862239472568035,0.08774828165769577,0.08985067158937454,337.6454491150253,35816.030188181394,0.0010664872825145721,317.23347953110954,35806.41207678829,0.0010594393825158477,0.12756428122520447,0.015453314408659935,30477.284329698214,18361.131308927237
0.012661664275593709,0.0,0.30021880718656113,0.3720487750013962,0.04409162559156177,-0.0848108386289787,0.07136593127118873,0.0,-58.49424214043751,-27.512160778891456,-43.00320145966448,30.98208136154605,-17.94669508934021,-17.962443828582764,-17.954569458961487,-0.01574873924255371,0.00287444144487381,0.009669249877333641,0.08867552131414413,0.08988633751869202,0.005210508592426777,-0.008622944355010986,0.08656381070613861,0.09160668402910233,312.65655245000625,35813.35316278756,0.0010509648127481341,305.7399450776764,35809.45091803963,0.0010563961695879698,0.12838111817836761,0.014307664707303047,30480.535478385766,18560.694391120618
0.9795954612492082,1.0,0.3874558402798421,-0.20446596692330224,0.15286322195550966,0.3615898972000666,0.0330007183512806,-0.26652176269976646,-62.401719855078795,-27.3530380390622,-44.8773789470705,35.0486818160166,-17.982479333877563,-17.999987602233887,-17.991233468055725,-0.017508268356323242,-0.0056455740705132484,-0.008248453959822655,0.08989379554986954,0.08793290704488754,-0.007787874899804592,0.0063824038952589035,0.08731205016374588,0.09013433009386063,308.907439235608,35812.76917524405,0.0010570988524705172,306.883891885596,35814.050923643685,0.0010581533424556255,0.12694033980369568,0.01742533966898918,30474.15992668425,18433.44196321052
-0.9574469543614679,-0.9654075658319439,-0.8160999252291922,-0.5963024146737803,-0.5016347835153094,-0.4230927553060785,-0.2490369541519709,1.0,-60.26881956663141,-30.05376846277727,-45.16129401470434,30.215051103854137,-18.03805947303772,-18.03383231163025,-18.035945892333984,0.004227161407470703,-0.0079095009714365,-0.006030798424035311,0.09053763747215271,0.08610837906599045,-0.0035982495173811913,-0.009329483844339848,0.08820326626300812,0.08857845515012741,320.41356437420063,35808.74183061015,0.001049837563186884,314.4525890475888,35806.95070284012,0.0010466785170137882,0.12462933361530304,0.020131198689341545,30467.660758896072,18682.73365602586
0.9897601935785421,1.0,0.8278079166589004,0.2603586945349594,-0.04051188352230001,-0.06634728806701096,-0.3415009294029512,-1.0,-60.15889546295307,-22.969134776945225,-41.56401511994915,37.189760686007844,-18.034963607788086,-18.04821491241455,-18.04158926010132,-0.013251304626464844,-0.009413538500666618,0.0032332714181393385,0.08875461667776108,0.08800795674324036,0.008774800226092339,-0.004809065721929073,0.08774104714393616,0.08874307572841644,328.2951282288648,35816.15338072032,0.0010546933626756072,315.88243752621963,35807.3375886764,0.0010478515177965164,0.12107034772634506,0.019154410809278488,31022.07491629465,17569.146748824136
-0.0017103466471068442,0.0,-0.040608547893898936,0.03369978601864293,0.1191590436672535,0.07172513984007234,-0.03214877273204275,0.0,-58.929541371942946,-23.711698113912377,-41.32061974292766,35.21784325803057,-18.018968105316162,-18.025635480880737,-18.02230179309845,-0.006667375564575195,0.009888339787721634,-0.0010356965940445662,0.08997604995965958,0.08709373325109482,-0.009642760269343853,0.0026230965740978718,0.08919703215360641,0.08774781972169876,325.8554289812721,35817.37778662712,0.0010510633001103997,306.7947534188862,35809.82808421842,0.0010501811048015952,0.12100270390510559,0.02110934443771839,31103.936868891004,17788.701638587707
0.03496736932057267,-0.008986329349833509,0.30534009617915814,0.24396524526162633,-0.10385906839275852,-0.09150904257952364,0.1428141703122674,0.0,-58.24464276803366,-27.09950512086914,-42.6720739444514,31.145137647164518,-18.026738166809082,-18.024404048919678,-18.02557110786438,0.002334117889404297,0.007383374031633139,-0.006736549083143473,0.08682944625616074,0.09006889909505844,-0.009905120357871056,-0.0015425172168761492,0.09083230048418045,0.0860762670636177,311.6711488160647,35805.7996428422,0.0010499130003154278,313.2515377468695,35816.273062458444,0.0010626063449308276,0.1221737191081047,0.015685085207223892,31237.767470525225,17414.118153156076
0.2036803015688259,0.1782802998163409,-0.09125782374227134,-0.09314543945386558,0.35347723572227974,0.34666842246728824,-0.01695611664141372,0.0,-62.48038064703752,-26.904876114888054,-44.69262838096279,35.575504532149466,-18.038240671157837,-18.053938150405884,-18.04608941078186,-0.015697479248046875,-0.00984517764300108,-0.0010827475925907493,0.09048880636692047,0.08616069704294205,0.008805211633443832,0.004699718207120895,0.09072733670473099,0.08557009696960449,320.51198682291687,35815.36904072136,0.0010616382351145148,308.3852115567174,35806.387816642724,0.0010519068455323577,0.12132719159126282,0.021378647536039352,30903.583686551396,18244.51568035471
0.007296585851661358,0.0,0.1252928319540808,0.22254186742204662,0.18768050745755643,0.03464724952938614,0.02834964083005942,0.0,-57.90719341628619,-28.102273333451137,-43.004733374868664,29.804920082835054,-18.0494225025177,-18.069618940353394,-18.059520721435547,-0.02019643783569336,0.009572376497089863,-0.0027444721199572086,0.08888901770114899,0.0875738337635994,0.006171082146465778,0.007848182693123817,0.08932503312826157,0.08670788258314133,315.2345148962213,35813.054971753816,0.0010488122934475541,319.5030932897439,35810.36872094786,0.0010617156513035297,0.12065210938453674,0.02010347694158554,31052.37263258766,17543.54247494556
0.9872245739255591,0.9918770540266285,0.7654805377288253,-0.1218393136227859,-0.21061129473722903,0.23669898368027642,0.05054372525821382,-0.8108423186029488,-62.85160586202204,-27.957938165786686,-45.40477201390436,34.893667696235354,-18.057081699371338,-18.051540851593018,-18.054311275482178,0.0055408477783203125,-0.009763745591044426,0.0018291020533069968,0.08924427628517151,0.08705611526966095,0.009943367913365364,-0.0012022987939417362,0.08960219472646713,0.08679333329200745,320.3699583310778,35811.49088554074,0.0010530633153393865,340.73285843126894,35814.249555657705,0.0010587603319436312,0.12067358195781708,0.019778359681367874,31060.927797280117,17573.567250598473
-0.0006019525713471862,0.0005320707310862926,0.030096920385524195,0.17021110871628756,0.17672730246138618,0.04782401187547203,-0.03048026332409015,0.0,-57.577051676190194,-26.481308016388027,-42.02917984628911,31.095743659802167,-18.048049211502075,-18.0595064163208,-18.053777813911438,-0.011457204818725586,-0.001646819757297635,-0.009807812049984932,0.08706790953874588,0.08941377699375153,0.009957236237823963,0.0003710304154083133,0.09012328833341599,0.08609157800674438,293.67934161620235,35810.426651221176,0.001054231426678598,324.68050120004494,35821.37466913195,0.0010751625522971153,0.12707734107971191,0.013525898568332195,30726.794963532964,19346.15955223781
0.22602272991842368,0.192740777151738,0.383788305777176,0.11269949899865218,-0.28941433288271096,0.014531518798751475,0.2746775507119257,-0.16704510039655784,-62.11272013607015,-29.64383326822258,-45.878276702146366,32.46888686784757,-18.194562196731567,-18.233779668807983,-18.214170932769775,-0.039217472076416016,-0.004074355587363243,-0.008918079547584057,0.0868859812617302,0.08665602654218674,-0.007150836754590273,-0.006706670857965946,0.08825656771659851,0.08445713669061661,322.43329652372665,35809.417982806015,0.0010495276656001806,322.7543257209274,35812.59812079327,0.0010483618825674057,0.12443827837705612,0.015294120647013187,30477.567086081843,18374.26069088195
-0.005245422163639304,0.028202305194101596,-0.05557100922387315,-0.01735632649223917,0.1640902160704969,0.2060496036129863,0.027186006939673768,0.0,-60.78849463099209,-28.60149103786037,-44.69499283442623,32.18700359313172,-18.16963791847229,-18.17492961883545,-18.17228376865387,-0.00529170036315918,-0.001331400591880083,-0.00966561958193779,0.0857347622513771,0.08829580992460251,-0.005137297790497541,0.008387209847569466,0.08448568731546402,0.08937937021255493,328.592579148659,35814.7512346966,0.0010618817759677768,321.5100986881892,35804.89031088367,0.001055176486261189,0.12509405612945557,0.013551154173910618,30481.901635293234,19080.203663830565
0.024093554358055193,-0.0007488452834363919,0.2814459253103002,0.3308216587326591,0.013842404947699977,-0.08470515500401554,0.03705688044942823,0.0,-57.652799719843955,-26.51664264940399,-42.08472118462397,31.136157070439964,-18.114242553710938,-18.10295343399048,-18.108597993850708,0.011289119720458984,-0.005899416282773018,-0.007948232814669609,0.0887337177991867,0.08640489727258682,0.006757974158972502,0.0072832657024264336,0.08934838324785233,0.08599875122308731,302.41925501783584,35814.46705471193,0.0010549335274845362,325.26504165304965,35818.64599083054,0.0010662294225767255,0.12550270557403564,0.01649419404566288,30475.773828891182,18381.115513428314
0.8750869832392532,0.906897701185632,0.3203142865876346,-0.1970912956444068,0.1891987767146412,0.4809150785941153,-0.006668891833203072,-0.217627812278678,-62.02020685100888,-28.036319226283922,-45.0282630386464,33.98388762472496,-18.106560707092285,-18.118937015533447,-18.112748861312866,-0.01237630844116211,-0.009346213191747665,0.0031297560781240463,0.08807896077632904,0.08723379671573639,-0.009778240695595741,-0.0016186062712222338,0.08987019211053848,0.08512283116579056,309.9680572568296,35807.92962686857,0.0010585144627839327,300.7864291477424,35813.289742561785,0.0010543214157223701,0.11998055875301361,0.01880369707942009,31025.186344103175,17588.85692048864
0.011991315867487834,0.0,0.028762636443341885,0.16609141960436233,0.17226104347919297,0.012649726447354515,-0.03178218968744628,0.0,-60.02282608578622,-29.938891685582576,-44.9808588856844,30.083934400203646,-18.148300647735596,-18.152120113372803,-18.1502103805542,-0.0038194656372070312,0.006081416271626949,0.007722178474068642,0.08850251138210297,0.08595089614391327,-0.007946412079036236,0.005869267508387566,0.08602049946784973,0.08835317194461823,328.3829257777969,35809.99730174068,0.0010488724801689386,320.7197086750353,35820.029778016,0.0010691530769690871,0.12446915358304977,0.017200756818056107,30472.9853581592,18462.483755902245
0.9996635447190131,0.9558355969836587,0.81012839591693,-0.1242828217609247,-0.3488336272119646,-0.05573831388229844,-0.21811052928539543,-1.0,-59.245076977693486,-24.134923286585547,-41.69000013213952,35.11015369110794,-18.135814666748047,-18.130013942718506,-18.132914304733276,0.005800724029541016,-0.002691293368116021,0.0094729233533144,0.08483883738517761,0.08981291949748993,0.0068043977953493595,-0.007195110898464918,0.08548673242330551,0.08930535614490509,328.2647109541998,35813.89844954573,0.0010570845333859324,325.64577363279903,35806.03180360893,0.0010475569870322943,0.12415657937526703,0.011916196905076504,30977.0682530696,18174.728727194077
0.008653044561892073,0.0,-0.012421345839652875,0.10487639007910099,0.17422093169938513,0.12565176662847333,0.03301639296913528,0.0,-62.70368208318604,-31.402528516309474,-47.053105299747756,31.301153566876565,-18.136318922042847,-18.159923553466797,-18.148121237754822,-0.023604631423950195,-0.00956017430871725,-0.0023057833313941956,0.08974669128656387,0.08489996194839478,-0.005209563300013542,-0.008361656218767166,0.08789267390966415,0.08633511513471603,319.04830873105766,35813.8248485129,0.0010535254841670394,324.91031881044245,35813.50784591333,0.0010660130064934492,0.12058839946985245,0.021369872614741325,30933.053111209836,18300.233297285904
0.18596735572995396,0.18552849450141912,0.16878558291680712,0.1530114266113954,-0.01860902630985048,0.024818010255451495,0.24383796978979122,-1.0,-57.92142311770016,-29.5038937339176,-43.71265842580888,28.417529383782558,-18.20212483406067,-18.207367658615112,-18.20474624633789,-0.005242824554443359,0.001828059903346002,0.009628844447433949,0.08562055230140686,0.08775690197944641,0.0022974074818193913,-0.007270248606801033,0.08524596691131592,0.08823235332965851,332.58236529298694,35819.59124693373,0.0010531017323955894,374.72765401044643,35702.36087925011,0.0010394181590527296,0.12460635602474213,0.013306369073688984,30725.742840902374,18710.94252074762
0.025219176309389944,0.028799976193187953,-0.08943115419869449,-0.1258166829976477,0.1347271461814018,0.2574505860718532,0.04746948135768614,0.0,-61.64852935724036,-26.848347191398005,-44.248438274319184,34.80018216584236,-18.211984634399414,-18.212860822677612,-18.212422728538513,-0.0008761882781982422,-0.004426371306180954,-0.008665747940540314,0.08694162964820862,0.08625756949186325,-0.00956290028989315,-0.002176324836909771,0.08900022506713867,0.08410488069057465,326.43456106033506,35813.33411113469,0.0010638555977493525,316.25660824437085,35807.706721714414,0.0010547643760219216,0.12416546791791916,0.01569455862045288,30475.946028587034,18389.796152048693
-0.0019512155426598444,0.0034592885553883907,0.1804536697569703,0.29116718015166765,0.14828997017536383,0.029214524050436452,0.03765371778610849,0.0,-56.82848935075924,-27.080119427528274,-41.95430438914376,29.748369923230968,-18.186315298080444,-18.20785641670227,-18.197085857391357,-0.021541118621826172,0.009146630764007568,0.003588059451431036,0.08936285972595215,0.08426817506551743,-0.0017282710177823901,-0.009653591550886631,0.08549424260854721,0.08776567131280899,327.694202946657,35814.60129795146,0.0010536971967667341,301.30054782281195,35817.00624625728,0.0010683572618290782,0.12119197845458984,0.02098742127418518,30702.486159214382,18492.1465879323
0.9393774583735627,0.9922452998255339,0.5313422613648212,-0.18146708185229327,-0.20157636339447738,0.278173069820691,-0.07475051508784036,-0.6258913503099154,-63.00882951066069,-27.560598590411644,-45.28471405053617,35.448230920249046,-18.20088028907776,-18.209155797958374,-18.205018043518066,-0.008275508880615234,0.006614279933273792,0.007168246433138847,0.08827298134565353,0.08511928468942642,-0.006462649907916784,-0.007379122544080019,0.0881323590874672,0.08508940041065216,343.22534547907173,35809.24097229075,0.001060416572727263,305.1562036762478,35811.366069227945,0.001051617437042296,0.12297086417675018,0.018721934407949448,30471.11789818144,18550.884507683146
0.0025465306035277776,0.0,0.014804769949572569,0.1652454540692203,0.235727278201051,0.101286144355685,-0.01901837929740846,0.0,-58.93457849376671,-29.344796191857455,-44.13968734281208,29.589782301909253,-18.212450742721558,-18.210949897766113,-18.211700320243835,0.001500844955444336,0.008776881732046604,-0.004286893643438816,0.0863327905535698,0.08685343712568283,0.006278034299612045,0.007513499353080988,0.08802693337202072,0.0851639062166214,331.6449212360907,35813.7098128213,0.001057686866261065,299.6541832681296,35807.57174053548,0.001048482023179531,0.11854170262813568,0.01813928596675396,31012.33415043156,18073.65756545318
0.9197481196404023,0.9017165895396794,0.9975789722381485,0.3504974668294279,-0.2847265996388507,-0.27691361203452725,-0.3283173439686888,-0.9646533522321504,-59.48008631344334,-26.510300711113757,-42.99519351227855,32.96978560232958,-18.20151686668396,-18.216012716293335,-18.208764791488647,-0.014495849609375,-0.003949539735913277,0.00895219761878252,0.084114208817482,0.08921540528535843,-0.00958055630326271,-0.0020798612385988235,0.08895672112703323,0.08408626168966293,322.34779637194424,35811.240850340604,0.001056845299899578,309.51623901422084,35805.440308768986,0.001047181198373437,0.1224806010723114,0.01211242750287056,30979.585162952706,18040.6623977844
-0.007067351628190424,0.03010816312662589,-0.04062788560486996,0.01789787516104649,0.15296219296658337,0.1861405839290876,0.057051542211116635,0.0,-63.505830974126695,-29.476589465540144,-46.49121021983342,34.02924150858655,-18.173694610595703,-18.188356161117554,-18.18102538585663,-0.014661550521850586,-0.0011493717320263386,0.009690544568002224,0.08478827774524689,0.0891251191496849,-0.008693864569067955,-0.004650554619729519,0.08931282162666321,0.08427489548921585,322.3254088742446,35818.186508598905,0.001060899579897523,323.47733792135995,35815.54317132427,0.001068594167008996,0.12450315803289413,0.012551086023449898,30729.264735747543,18236.03500889877
-0.010019753590882483,0.0024804103817497977,0.31308610640375634,0.3288707532779316,0.05821204438514563,-0.046116975985733555,0.12071395674051366,0.0,-59.30301373996434,-28.3049079854909,-43.80396086272762,30.998105754473443,-18.197717666625977,-18.200010061264038,-18.198863863945007,-0.0022923946380615234,0.0045347437262535095,-0.008704989217221737,0.0841953456401825,0.08920972049236298,-0.00873036403208971,-0.004559757187962532,0.08920929580926895,0.08414433151483536,332.72501224148044,35813.13600318671,0.001052019651979208,343.7826591945034,35812.09640191169,0.0010646660812199116,0.12187965214252472,0.012392055243253708,30980.97838858263,18334.017175071487
1.0,0.9598427040011193,0.3144310986719172,-0.22030842202756207,0.0794870803895888,0.40055879634456415,-0.15811747463926318,-0.4598381716283144,-62.5769380594208,-27.269823636126432,-44.923380847773615,35.307114423294365,-18.20771336555481,-18.214564323425293,-18.21113884449005,-0.0068509578704833984,0.009532473981380463,-0.0018971695099025965,0.08763931691646576,0.08563665300607681,0.0020063957199454308,-0.009606975130736828,0.08411327004432678,0.08895829319953918,314.09171633516337,35818.18477044359,0.0010584737174212933,323.4511401080142,35813.73444488115,0.0010591644095256925,0.11864389479160309,0.01928594522178173,31047.718722226447,17545.049945819766
0.0031034497219326954,0.0,0.05453594755278185,0.1789396119079886,0.21476532894612166,0.07056705437969246,-0.01335425313673888,0.0,-56.915764321857466,-27.763563386290173,-42.33966385407382,29.152200935567294,-18.199448585510254,-18.209174871444702,-18.204311728477478,-0.009726285934448242,0.009785396046936512,-0.00044923796667717397,0.08837105333805084,0.08504196256399155,0.009772421792149544,0.0008137464174069464,0.088728167116642,0.08446786552667618,314.5428371395176,35812.12709145551,0.0010530403815209866,314.0074840565056,35809.37221662368,0.001053708721883595,0.1187770664691925,0.02116248570382595,30892.20116947043,18184.275877445612
1.0,0.9982993939443672,0.866211456655024,0.31898273378094844,-0.016526539492028813,-0.05489625297766726,-0.36299679173981253,-1.0,-60.397589023140256,-23.80748304211619,-42.10253603262822,36.59010598102407,-18.194459676742554,-18.195033073425293,-18.194746375083923,-0.0005733966827392578,-0.005367614794522524,-0.00817234255373478,0.08765242993831635,0.0858858972787857,0.007359386421740055,-0.006547209806740284,0.08517782390117645,0.0883212611079216,329.61724414525895,35815.578325457944,0.00105656823143363,319.0629766742886,35813.52252582396,0.0010517042828723788,0.12405600398778915,0.016465969383716583,30474.591841473928,18421.72497673722
-0.0017407389095083661,0.0,-0.027962941640738356,0.07752716907300836,0.13650605574227082,0.07302854848444307,-0.005700937494887981,0.0,-59.35252949139402,-27.7176411851666,-43.53508533828031,31.634888306227424,-18.20422887802124,-18.203924894332886,-18.204076886177063,0.0003039836883544922,-0.004417158663272858,-0.008689947426319122,0.0870118960738182,0.08634109050035477,0.00835176557302475,0.0051095010712742805,0.08908084034919739,0.08420620113611221,310.7800742156165,35809.976008602134,0.0010580179514363408,324.67905027121225,35815.325618085335,0.001064845360815525,0.12453044205904007,0.015283055603504181,30477.279489776072,18349.369082120174
0.0618085520910189,-0.02178025724703789,0.35115692213495736,0.24078709098072695,-0.101954307520044,-0.10457681515559852,0.23715368650861923,-0.01872412137420887,-58.43055378223187,-25.436667166550762,-41.933610474391315,32.993886615681106,-18.18879723548889,-18.206201791763306,-18.1974995136261,-0.017404556274414062,-0.0039881146512925625,0.008978243917226791,0.08424270153045654,0.08933844417333603,-0.0019461793126538396,-0.009624160826206207,0.08561752736568451,0.08767691254615784,334.1998401933461,35811.53991101512,0.0010572574101388454,322.2144361842362,35819.65858300087,0.0010680719278752804,0.12245262414216995,0.012122303247451782,30979.477680914824,18090.648778091032
0.19347822336876092,0.19523364545875377,-0.0946287971229107,-0.21033855312967595,0.08638444269037904,0.2543001077533147,-0.005751143896434607,0.0,-59.45880410653825,-24.426575835835422,-41.94268997118684,35.03222827070283,-18.198726177215576,-18.205355405807495,-18.202040791511536,-0.006629228591918945,-0.009690117090940475,-0.0008221791358664632,0.08876384794712067,0.08465493470430374,0.004801958799362183,0.008574864827096462,0.08720748126506805,0.08611170947551727,328.46559635079444,35811.59616340819,0.001059080706909299,315.85645543907464,35817.88373568075,0.001068868557922542,0.118942990899086,0.021281808614730835,30906.889633927934,18240.67769648121
-0.006485890905083151,0.004737802183769876,0.16952754210873783,0.2543490047243876,0.1969478084263774,0.016008717744304957,0.03336121360197519,0.0,-57.58292295627905,-26.85854874573556,-42.220735851007305,30.724374210543488,-18.200738430023193,-18.202602863311768,-18.20167064666748,-0.0018644332885742188,0.002846747636795044,0.009379309602081776,0.08615414798259735,0.08726068586111069,-0.008601642213761806,0.004726341925561428,0.08618981391191483,0.08718676120042801,337.31878517253887,35812.51082433159,0.0010636221850290895,310.7655291192981,35810.703289888064,0.0010536564514040947,0.12466469407081604,0.013822091743350029,30480.214021638007,18531.17808700743
0.9480490858123682,0.9924145637873215,0.7358482029902107,0.05047136294362636,-0.03554749511949712,0.01991571389885405,-0.31495091759371246,-1.0,-61.64441882120724,-27.290815438276752,-44.467617129741996,34.35360338293049,-18.18166971206665,-18.194878101348877,-18.188273906707764,-0.013208389282226562,0.008827850222587585,0.004224282689392567,0.08937195688486099,0.08435939997434616,-0.007350209169089794,0.006541796028614044,0.08518613129854202,0.08831746876239777,319.4792727104847,35816.068849356634,0.0010612360201776028,303.44474356385786,35811.155003781845,0.0010525116231292486,0.1212133914232254,0.021047284826636314,30703.12489335099,18512.82701301265
0.0017494396465946504,0.0,-0.007416882848996512,0.10683461102059044,0.17500337804432053,0.08555291623949973,-0.015638828636670543,0.0,-59.90815584219598,-29.35473390822719,-44.631444875211585,30.553421933968792,-18.16408634185791,-18.171550035476685,-18.167818188667297,-0.007463693618774414,-0.0015221969224512577,-0.009694288484752178,0.08586245775222778,0.08827590197324753,-0.006013905163854361,-0.007785103749483824,0.08823618292808533,0.08574783802032471,316.4397416819997,35806.68319508321,0.0010561997769400477,306.9407401624824,35808.222007417484,0.0010534003376960754,0.1252063512802124,0.01349027268588543,30726.274986800523,18938.226020719867
0.08428614001960971,0.060966295011040575,0.35146822457738847,-0.025482683625616204,-0.2960989590333606,0.08719786905522597,0.26863939341206533,-0.16783655029287436,-58.628152395369625,-25.17196290841872,-41.90005765189417,33.456189486950905,-18.170560598373413,-18.16964030265808,-18.170100450515747,0.0009202957153320312,-0.009228190407156944,0.0033401884138584137,0.08729778975248337,0.08672565221786499,0.006938230711966753,-0.007006275933235884,0.08518275618553162,0.08881700783967972,326.69882809814874,35806.676566905364,0.001045037293806672,329.676110879542,35816.262082631954,0.0010505802929401398,0.11902406066656113,0.01897149160504341,31030.084561002248,17559.917779968408
0.17188387794724924,0.2223358829013321,-0.09717542917435319,-0.1301553962192932,0.15434417217341295,0.1517135143449534,-0.027757444027405653,0.0,-61.11564184623208,-27.663350235294104,-44.38949604076309,33.452291610937976,-18.175853490829468,-18.183109760284424,-18.179481625556946,-0.007256269454956055,-0.004311969503760338,0.00876290537416935,0.08447960019111633,0.08937457948923111,-0.005619357340037823,0.008110638707876205,0.08450662344694138,0.08919564634561539,301.3354354588211,35806.22735633134,0.0010497916955500841,329.16715795513613,35815.63335769758,0.0010589095763862133,0.12302827090024948,0.011972091160714626,30980.066115961108,18064.07185030739
0.0014955163648307668,0.0,0.2959587728351011,0.3959896180581666,0.17328983864340058,-0.010444363858706118,0.07330578729308102,0.0,-55.961120820475,-27.006958799094377,-41.48403980978469,28.954162021380625,-18.162801265716553,-18.152161836624146,-18.15748155117035,0.010639429092407227,-0.009863564744591713,0.00010631256736814976,0.08889933675527573,0.08523740619421005,0.006126245483756065,-0.0077423835173249245,0.08498515188694,0.08934934437274933,327.9927623492869,35811.07418886619,0.0010563507676124573,311.2014303478984,35811.29746368712,0.0010562535608187318,0.11958036571741104,0.021238140761852264,30908.769891472493,18238.76688160987
0.9781356424041653,0.9988611729594419,0.2602586643672974,-0.21273050583668357,0.07077074970573155,0.3906894050018862,-0.2797239230135179,-0.4390958622902027,-60.44810019695899,-25.095596958428132,-42.77184857769356,35.35250323853086,-18.167364597320557,-18.159514665603638,-18.163439631462097,0.007849931716918945,-0.009094646200537682,-0.003569725900888443,0.08950692415237427,0.0845152959227562,0.0022188182920217514,-0.009613407775759697,0.08461064845323563,0.08956040441989899,335.95399226769695,35817.34629870811,0.0010597462533041835,323.63969393563127,35821.683986359996,0.0010659206891432405,0.12072489410638809,0.0214797705411911,30697.50939384564,18605.933268448858
0.00841601297945942,0.0,0.02554075741685921,0.159418147998776,0.1750026585770763,0.06885830784913222,-0.0039054143898380467,0.0,-56.256947881239284,-27.334453302638565,-41.795700591938925,28.92249457860072,-18.17687153816223,-18.175268173217773,-18.176069855690002,0.0016033649444580078,-0.008212514221668243,0.005348924547433853,0.08609000593423843,0.08780026435852051,-0.0058264173567295074,0.007916407659649849,0.08467141538858414,0.08919746428728104,298.17318512189837,35806.54907431436,0.0010449790861457586,321.6277219110713,35812.01000002558,0.0010542449308559299,0.11931444704532623,0.017147891223430634,31248.558546721786,17298.25288020843
0.9863815709955155,1.0,0.8269298192636063,0.14502221525451262,-0.20235575571882525,-0.07359632061980587,-0.3103180496066038,-1.0,-62.622952621508546,-27.44756551281415,-45.03525906716135,35.175387108694395,-18.16472291946411,-18.187373876571655,-18.176048398017883,-0.022650957107543945,-0.0027516926638782024,0.009409749880433083,0.08456088602542877,0.08951200544834137,-0.009803831577301025,0.0007542388048022985,0.0884246677160263,0.0852295383810997,322.89823603969296,35810.82797676485,0.0010469680419191718,321.49255904397626,35812.78936834544,0.0010585159761831164,0.12391658127307892,0.012157089076936245,30976.00944556855,18333.117407668335
-0.9575233296870423,-0.955922276820531,-0.9324246519033756,-0.7303307431799766,-0.5277354496094753,-0.3557487464961031,-0.26841666711000123,1.0,-61.9415377094104,-28.316849383939996,-45.1291935466752,33.6246883254704,-18.146884441375732,-18.137333393096924,-18.142108917236328,0.009551048278808594,-0.00781930610537529,-0.005919951014220715,0.0893951877951622,0.085053950548172,-0.009754554368555546,-0.001480837818235159,0.08964022248983383,0.08498752862215042,336.38680753701084,35819.280838487066,0.0010574056068435311,311.8368124405753,35812.144352206546,0.0010586269199848175,0.12277562916278839,0.0203047227114439,30466.643486889243,19519.723414976797
0.05587074258882181,-0.005765545608953821,0.48009723068386545,0.4299143567919108,-0.04762134011238525,-0.1838430312538621,0.12718127351464437,0.0,-55.815508837211155,-24.73508196560448,-40.27529540140782,31.080426871606676,-18.170610666275024,-18.174877166748047,-18.172743916511536,-0.004266500473022461,0.005327232647687197,-0.008256270550191402,0.08460354059934616,0.08935367316007614,0.009667934849858284,0.0019478031899780035,0.08935077488422394,0.08451388776302338,326.4284777740712,35817.47082478499,0.0010583412367850542,309.9749704427835,35804.1399873393,0.001049314858391881,0.12139855325222015,0.012858393602073193,31228.61055254718,17752.03136045629
-0.7339431681972604,-0.7341247325289243,-1.0,0.17025100972933244,0.5967183522615405,0.7798744511565195,0.6031322353963839,0.9532298689719775,-62.27649427565956,-28.17160323334366,-45.22404875450161,34.1048910423159,-18.167253732681274,-18.18466544151306,-18.175959587097168,-0.01741170883178711,-0.0060294573195278645,-0.007697814144194126,0.08827760070562363,0.08579990267753601,-0.0009179168846458197,-0.009798049926757812,0.08535223454236984,0.08835893124341965,327.71145843562465,35814.16134002593,0.0010616605868563056,314.32263628658285,35807.43776480626,0.0010540554067119956,0.12406744807958603,0.01776685193181038,30472.84402000381,18479.821818974327
-0.0010826277431390955,0.0,0.10914437712637794,0.24192886746564643,0.19163382786726776,0.06637319735384412,0.04397713584527918,0.0,-58.74260524983555,-28.007819478739492,-43.37521236428752,30.734785771096057,-18.1393301486969,-18.147518634796143,-18.14342439174652,-0.008188486099243164,0.008245088160037994,0.005424171220511198,0.08965463191270828,0.08493044972419739,0.005493935197591782,-0.008209522813558578,0.08484168350696564,0.08957643061876297,333.4366821613253,35815.621854258796,0.0010609388118609786,307.7808110732187,35808.5264503486,0.001048825099132955,0.12287953495979309,0.02025095745921135,30710.67327133462,19322.078048567513
0.949716232931389,0.994112996519289,0.7159585127068944,-0.015331390913491977,-0.24488325412221168,0.11681796424224267,-0.23312939735453064,-1.0,-61.29726120829423,-25.6128577049642,-43.455059456629215,35.68440350333003,-18.12369704246521,-18.130950927734375,-18.127323985099792,-0.007253885269165039,0.0012820747215300798,-0.009768746793270111,0.08524114638566971,0.08967028558254242,-0.009815230034291744,-0.0013519525527954102,0.08968138694763184,0.0850721001625061,319.70744553941336,35810.6917477356,0.0010581923415884376,302.56918006105195,35810.59907259927,0.0010511308209970593,0.12498153001070023,0.012382573448121548,30730.20849813439,18244.9125295136
0.0,0.00013438225710961198,-0.014114809976914819,0.08233601687522188,0.15232092511171086,0.060813193776616425,-0.033588929395627076,0.0,-59.58017091764873,-28.836369392904373,-44.20827015527655,30.743801524744356,-18.129695653915405,-18.121860027313232,-18.12577784061432,0.007835626602172852,-0.009803231805562973,-0.0008703586645424366,0.08951327949762344,0.08528268337249756,0.008802239783108234,-0.004475144669413567,0.08716746419668198,0.08783353120088577,320.600780636431,35806.3744337777,0.001052115811035037,312.7136436406648,35809.4094517337,0.0010509146377444267,0.12021135538816452,0.021430663764476776,30917.097711635095,18261.00768999245
1.0,0.9429000729048983,0.834805519621065,0.32659068270875474,-0.2596543246876419,-0.24518345381668544,-0.24894021614014283,-0.9004714746455296,-58.11934352380058,-24.16538378863197,-41.142363656216276,33.95395973516861,-18.093349933624268,-18.110051155090332,-18.1017005443573,-0.016701221466064453,-0.009426893666386604,-0.003074307693168521,0.09031221270561218,0.08518970012664795,-0.005454040598124266,-0.008308045566082,0.08852604031562805,0.08669910579919815,323.72511898185496,35810.66608564818,0.0010544332908466458,311.46934723676213,35819.18413113979,0.0010643283603712916,0.12197625637054443,0.02141021564602852,30698.758024406106,18561.80887434121
0.06296675458104603,0.10279219060888253,-0.08407940837876945,-0.08739426495209188,0.15190274476578236,0.13977330792131382,0.02321114461873308,0.0,-64.25883250450192,-29.737171749306924,-46.998002126904424,34.521660755195,-18.072282075881958,-18.072115182876587,-18.072198629379272,0.00016689300537109375,-0.009862728416919708,-0.0007321824668906629,0.09005177021026611,0.08590810745954514,-0.009928298182785511,0.0008497459930367768,0.08954953402280807,0.08642639219760895,331.93253077597086,35822.0294999484,0.0010645430302247405,307.31063953114545,35813.84438750648,0.001063522999174893,0.1207452118396759,0.02087198756635189,30888.53640014054,18199.542893465776
0.003526162432802054,0.0,0.22726224528404101,0.3145819348044305,0.19448554942578178,0.05642573423918773,0.06472804187511405,0.0,-57.19861133535187,-29.011231932763906,-43.10492163405789,28.187379402587965,-18.080374002456665,-18.070465326309204,-18.075419664382935,0.009908676147460938,-0.008400999009609222,-0.005325366277247667,0.09030157327651978,0.0854693278670311,0.0020607546903192997,0.009749241173267365,0.08701255172491074,0.08901334553956985,314.88911289507894,35815.359429070704,0.0010525815887376666,311.88960379850397,35808.07292886332,0.0010544767137616873,0.12384872883558273,0.020242080092430115,30466.91223801637,18830.44997751748
0.9997441817655265,0.9879122564093195,0.3637765408116611,-0.21372703687706615,0.11735293059960877,0.3593886370552253,-0.1655452385117432,-0.5980648915687381,-61.972523867397626,-27.2610014258006,-44.61676264659911,34.711522441597026,-18.05734157562256,-18.074800968170166,-18.066071271896362,-0.017459392547607422,0.008578656241297722,0.004957371391355991,0.09055160731077194,0.08569296449422836,0.009939964860677719,0.0007908169645816088,0.0900987833738327,0.08579670637845993,323.4706282321755,35811.45126938044,0.0010561458766460419,312.93407988771844,35807.859194316195,0.001052389619871974,0.12324030697345734,0.021302446722984314,30705.27320552924,18454.744714080607
0.010260121579181943,0.0,0.010971391833705907,0.13495282163265526,0.19597709099689048,0.05765545247048548,-0.028426502156956635,0.0,-59.174075563347685,-28.2507833082486,-43.71242943579814,30.923292255099085,-18.050239086151123,-18.060635328292847,-18.055437207221985,-0.010396242141723633,-0.009926792234182358,0.0006327808368951082,0.08982933312654495,0.08659328520298004,-0.001911694766022265,-0.009772717952728271,0.08704715967178345,0.08917858451604843,318.9467003033054,35806.14921025764,0.0010476961033418775,305.6586121212845,35811.52817892636,0.0010574799962341785,0.12077094614505768,0.02124769054353237,30882.14488393927,18207.095379508435
0.9892729085044145,1.0,0.8447084841037179,0.03742955925653574,-0.26215241858948707,0.02115217804797742,-0.11659220780591117,-1.0,-60.00919877345922,-25.002915305946033,-42.506057039702625,35.006283467513185,-18.07555079460144,-18.073036670684814,-18.074293732643127,0.0025141239166259766,-0.005311300978064537,-0.008396664634346962,0.08876638859510422,0.08716318011283875,0.0031155901961028576,0.009482886642217636,0.0875435620546341,0.08843708038330078,339.5866627661686,35812.505804508095,0.0010530432919040322,320.26826991041855,35813.382268399946,0.0010473434813320637,0.12584958970546722,0.01640916056931019,30474.962439845633,18411.724404111505
0.002461451785496475,0.0,-0.02624784446876796,0.009275026146233656,0.09663226459134161,0.07183899755604284,-0.055516566929378786,0.0,-61.12955731130671,-29.128013209071696,-45.128785260189204,32.001544102235016,-18.07360291481018,-18.07607412338257,-18.074838519096375,-0.0024712085723876953,-0.00886608473956585,-0.00439207348972559,0.09045469015836716,0.085455521941185,-0.008044302463531494,-0.005896179936826229,0.09021628648042679,0.08564621210098267,321.4802881645489,35817.50989172906,0.0010627259034663439,336.7032341027101,35818.10005741201,0.0010592322796583176,0.12272591143846512,0.021437527611851692,30702.607168151193,18500.1207953601
0.030179465978765214,-0.002080801499415489,0.39569625835421973,0.42012674952289597,0.026214567690749535,-0.1400536427593908,0.1220077298920591,0.0,-59.86551610802252,-29.118986810384882,-44.4922514592037,30.746529297637636,-18.077532052993774,-18.09132218360901,-18.08442711830139,-0.013790130615234375,0.009428342804312706,-0.0031533369328826666,0.0883755013346672,0.08751818537712097,0.008083110675215721,-0.005804669111967087,0.08669110387563705,0.08890874683856964,303.78261918555853,35811.2137755734,0.0010444400832057,297.39012018408806,35804.935627102015,0.001048228470608592,0.12037292867898941,0.019508130848407745,31039.007900126777,17550.848434749292
0.2587881868903042,0.24055899286207677,-0.07746798174664724,-0.13875089925168976,0.18712143713775142,0.25459167013395945,-0.08137390008017431,0.0,-63.61566396235423,-27.971688544591075,-45.793676253472654,35.64397541776316,-18.076103925704956,-18.080060482025146,-18.07808220386505,-0.00395655632019043,0.006422786507755518,0.00748337060213089,0.08939976245164871,0.08651040494441986,0.009162478148937225,-0.003954513929784298,0.08790531009435654,0.08793467283248901,319.18753773736944,35809.886520261294,0.0010593854822218418,307.5577286055687,35806.88323677105,0.0010586746502667665,0.12482066452503204,0.018704768270254135,30471.891605442062,18513.278359573294
-0.003731547463632013,0.0,0.06828769308076739,0.17859751657301673,0.19245572707448733,0.10620677283734031,0.037565014225949156,0.0,-61.30441312962398,-30.509431024845924,-45.90692207723495,30.794982104778057,-18.080921173095703,-18.075052499771118,-18.07798683643341,0.005868673324584961,0.009277032688260078,-0.0035467371344566345,0.08811391890048981,0.08771346509456635,0.006439434364438057,0.0075829592533409595,0.08943534642457962,0.08648550510406494,335.2366174818111,35812.86494329438,0.0010624442948028445,318.6955789020796,35809.79903857055,0.001049214624799788,0.12039266526699066,0.018870465457439423,31017.703384029905,17586.781992704764
0.9579792385958243,0.9967823343907126,0.8089662826922308,0.20406091056540157,-0.06067673334440371,-0.03060541638414671,-0.27277337624182124,-1.0,-60.67294601662661,-24.32096662672484,-42.496956321675725,36.35197938990177,-18.069047927856445,-18.087029457092285,-18.078038692474365,-0.017981529235839844,-0.009456701576709747,-0.002988769905641675,0.09052043408155441,0.08547883480787277,0.004792904481291771,0.008747710846364498,0.08835186809301376,0.08734383434057236,326.44731176929616,35812.89251641636,0.0010526188416406512,327.0259736550925,35816.884310820824,0.0010625013383105397,0.12200719863176346,0.021726951003074646,30694.426955306284,18694.16092552619
0.00935265252244752,0.0,0.009667494826599177,0.10459922240914188,0.1827408735461517,0.07563692508464126,-0.020687800508092713,0.0,-61.380956322512134,-30.24667245531839,-45.81381438891526,31.134283867193744,-18.084661960601807,-18.094699382781982,-18.089680671691895,-0.010037422180175781,0.00938913319259882,0.0031039444729685783,0.09037122130393982,0.08531246334314346,0.009754523634910583,-0.0019347614143043756,0.08881168812513351,0.08672179281711578,323.2673482170049,35815.52622224661,0.001056229928508401,335.05526192721413,35810.892035807476,0.0010544138494879007,0.12169548869132996,0.021592356264591217,30696.472492771743,18619.61858412601
0.24342900925469563,0.19625964331110202,0.41025428571710026,0.0927487626562631,-0.2863945134296328,-0.02030607802774187,0.25617587492629945,-0.08538973486969281,-60.23888136075806,-27.056975867187305,-43.64792861397268,33.18190549357075,-18.084508180618286,-18.08847665786743,-18.08649241924286,-0.003968477249145508,-0.007507704198360443,0.006472631823271513,0.08638034760951996,0.08935147523880005,-0.00705553125590086,-0.007000674027949572,0.08964017033576965,0.08599516749382019,323.47672173768734,35811.2984993211,0.0010466668754816055,305.00107205013745,35814.42549602466,0.0010604321723803878,0.12147986888885498,0.015475338324904442,31237.148985287153,17436.013352967413
0.1551000382343815,0.17930373919969883,-0.09439099806500573,-0.12736130869133377,0.15472924832352908,0.2386896625484637,0.011828208633582804,0.0,-65.29056635967135,-30.494628769452333,-47.89259756456184,34.79593759021901,-18.08548331260681,-18.091977834701538,-18.088730573654175,-0.0064945220947265625,-0.00976456981152296,0.0012511262902989984,0.08918271213769913,0.08654221147298813,-0.005686161108314991,0.008161034435033798,0.08542211353778839,0.09011621028184891,303.44727063954167,35809.63086245919,0.001057423884049058,310.42421871358016,35815.71496522676,0.0010658141691237688,0.12039820849895477,0.01961827650666237,31057.481356833676,17555.00730353568
-0.0017261805998982443,0.0,0.23320890369263195,0.3720421307722974,0.15829090339144414,-0.025167808174981376,0.050115374186610384,0.0,-54.974261933628384,-25.083723574331714,-40.02899275398005,29.89053835929667,-18.078609704971313,-18.090327978134155,-18.084468841552734,-0.011718273162841797,0.004621966741979122,-0.008799750357866287,0.08536415547132492,0.09043671190738678,-0.008978464640676975,-0.004287247080355883,0.09037880599498749,0.08517851680517197,308.0171405539364,35815.482864447826,0.0010528587736189365,307.7476797309099,35806.24693819103,0.0010574571788311005,0.12324438989162445,0.012445135042071342,31227.353403642683,18065.326825349985
0.9597465959700548,0.9956250229132333,0.366241930497307,-0.18308919611081761,-0.16487514683169852,0.19285925337364251,-0.25487327418619926,-0.4423861503321891,-61.8353529432959,-25.22618526723369,-43.530769105264795,36.609167676062214,-18.09221625328064,-18.087399005889893,-18.089807629585266,0.00481724739074707,0.0097768884152174,-0.0014985997695475817,0.08902642130851746,0.08655872195959091,0.005188169423490763,-0.008503617718815804,0.08532959967851639,0.09029287844896317,335.62169215477974,35812.049314744516,0.0010590956080704927,311.66366270265127,35814.09196616121,0.0010533410822972655,0.12012262642383575,0.020056016743183136,31063.378889520052,17565.95762314139
0.01359664145147383,0.0,0.027006626700102232,0.13350538434570325,0.21265636808098626,0.1071934268739923,-0.0017745406447593481,0.0,-58.670457946069405,-29.041139598031634,-43.85579877205052,29.62931834803777,-18.08698296546936,-18.075116872787476,-18.081049919128418,0.011866092681884766,-0.009651361964643002,0.0022250288166105747,0.08875123411417007,0.08694696426391602,-0.009555389173328876,0.002832764759659767,0.08856742829084396,0.08737072348594666,311.58037558188784,35806.709409650335,0.00105331523809582,337.9095099703905,35815.445044900385,0.0010740211000666022,0.11998416483402252,0.020258823409676552,31063.190793852707,17552.989593004306
0.9979654113387388,0.9825973990380499,0.7945105095990967,0.21993303875527478,-0.05742640042966324,-0.034631573420427886,-0.30700462235930026,-1.0,-62.16424989583976,-26.1224227427565,-44.14333631929813,36.04182715308326,-18.08120369911194,-18.099583387374878,-18.090393543243408,-0.018379688262939453,0.009326402097940445,-0.0033762084785848856,0.08820407837629318,0.08761850744485855,8.599850116297603e-05,0.009970036335289478,0.08585144579410553,0.08955318480730057,319.5938219311118,35812.431984051414,0.001055989763699472,330.45725291593624,35807.8374219989,0.0010573171311989427,0.12056592106819153,0.018811937421560287,31018.232550281264,17596.993291607603
-0.004583183337904768,0.0,-0.06477881951849832,0.015796441189487198,0.13252687976577776,0.09488045035746873,0.017965594966311338,0.0,-58.217342182313075,-26.074991055874932,-42.146166619094004,32.14235112643814,-18.083994388580322,-18.094485998153687,-18.089240193367004,-0.010491609573364258,0.00846276618540287,0.005137349478900433,0.09024512022733688,0.08545852452516556,0.002057034056633711,0.009722227230668068,0.08678320795297623,0.08875677734613419,344.6331446506279,35810.98322379322,0.0010582938557490706,326.2317835476223,35817.28993892597,0.0010708586778491735,0.12327582389116287,0.02083509787917137,30707.968891022134,18529.420461835034
0.029969977525396718,-0.0014092572307898535,0.28820987896980965,0.3388784418434539,0.047816615709711296,-0.0024343231571138935,0.08985075504400286,0.0,-60.910415497970746,-30.057084560025658,-45.4837500289982,30.85333093794509,-18.084434270858765,-18.082008361816406,-18.083221316337585,0.0024259090423583984,0.009901408106088638,0.0007940985960885882,0.08998169004917145,0.08572284132242203,0.001001155935227871,-0.009908412583172321,0.08565492928028107,0.09009171277284622,327.7071274919654,35808.59764252739,0.0010494410526007414,342.1551163420634,35817.49879903305,0.0010568860452622175,0.12084411084651947,0.02103334851562977,30917.388696317234,18275.468098491143
0.7799818270700718,0.7443208190379637,0.032660099010658986,-0.24183727554924322,0.28147373358266836,0.46353226961775573,-0.09197039300117071,-0.03306455417810672,-63.309021008264665,-26.674720543409137,-44.9918707758369,36.63430046485553,-18.08648705482483,-18.09369921684265,-18.09009313583374,-0.007212162017822266,0.009865833446383476,-0.00021732685854658484,0.08958474546670914,0.08610241115093231,0.0006142203928902745,-0.009944558143615723,0.08564850687980652,0.08986496925354004,323.1356832666753,35814.04202928982,0.0010602897964417934,331.9904670458274,35806.64688695803,0.0010498528135940433,0.12039366364479065,0.020701756700873375,30870.751751779506,19218.399015580693
0.0016908802745268896,0.0,0.10843547987632404,0.2383068489339247,0.19256582064054253,0.01792412747931793,0.006783642931981637,0.0,-57.38925331942755,-26.140731633508267,-41.76499247646791,31.248521685919286,-18.07021975517273,-18.085471391677856,-18.077845573425293,-0.015251636505126953,-0.009663961827754974,-0.002353049349039793,0.09047454595565796,0.08549948781728745,-0.006785701960325241,0.007274871692061424,0.08591295778751373,0.08977784216403961,338.8052237193255,35812.72601639967,0.0010520159266889095,311.63221289416816,35822.37877706578,0.0010712520452216268,0.12188327312469482,0.02166757360100746,30692.536617503683,18683.595203601915
0.01729425777247673,0.05323929974457198,-0.14458081646555743,-0.5885860819608076,-0.7598767331271823,-0.604263994595323,-0.6546904803582474,0.0,-58.60023164734079,-25.055682980694257,-41.827957314017524,33.544548666646534,-18.091425895690918,-18.09704303741455,-18.094234466552734,-0.0056171417236328125,-0.008832564577460289,-0.0006100911996327341,0.08963456749916077,0.08605831861495972,-0.0016108810668811202,-0.00981638953089714,0.08653131872415543,0.08894994109869003,350.07820873556534,35712.02379343567,0.0011093122884631157,321.39044987981015,35816.9691090163,0.001062060589902103,0.12137553095817566,0.02179734781384468,30765.913687798882,17766.751280231063
0.006292442870098471,-0.0002558563101549141,0.01420690911690578,0.09888526628355815,0.16323479285552067,0.08454017582014622,-0.021527090692718298,0.0,-62.09165289938858,-30.28269577263501,-46.18717433601179,31.80895712675357,-18.1053364276886,-18.10238003730774,-18.10385823249817,0.002956390380859375,0.004305005073547363,-0.008871287107467651,0.08512270450592041,0.0901445522904396,0.008788528852164745,-0.004615748766809702,0.08728096634149551,0.0881088450551033,324.25116993457226,35818.52912860299,0.0010591662721708417,326.323823236164,35810.84832551577,0.0010586255230009556,0.12378421425819397,0.01217411458492279,30979.73530981303,18038.866051076857
-0.08714954672373831,-0.13496162842574566,0.03821104274746434,-0.5695105668231142,-0.9795969383488067,-0.6770826156908527,-0.46788804889557567,0.11027822629770519,-57.33196147974267,-25.231471353556856,-41.28171641664976,32.10049012618581,-18.094890117645264,-18.110774755477905,-18.102832436561584,-0.0158846378326416,-0.008695747703313828,-0.0015878407284617424,0.08971274644136429,0.0859062597155571,-0.009734337218105793,0.001998931635171175,0.08862540125846863,0.0865827426314354,354.9891334527116,35706.80783151919,0.0011143871815875173,303.87342610037217,35817.14135085588,0.0010606420692056417,0.122266486287117,0.021562790498137474,30523.083582734762,17982.430691095127
0.015832015303403293,0.050155248518437924,-0.09076683682029245,-0.035759284222753734,0.10604347148852777,0.1569806401917636,-0.003218864509936248,0.0,-61.111982196145306,-26.871489119844853,-43.99173565799508,34.24049307630045,-18.093998432159424,-18.10451865196228,-18.099258542060852,-0.010520219802856445,0.008678804151713848,-0.004680393263697624,0.08733557164669037,0.08823181688785553,0.009061222895979881,-0.004065143410116434,0.087569959461689,0.08777774125337601,301.5480894376353,35812.31603425242,0.0010562664829194546,315.5695392720952,35813.8156360381,0.0010571780148893595,0.12056439369916916,0.017288492992520332,31247.722616610237,17327.0773451707
-0.0017551832605452935,0.004767520240434924,0.22951098461176553,0.33758038592270057,0.12588450404123724,0.005077835521576812,0.07439325407103592,0.0,-58.44953106082022,-27.0317348535026,-42.74063295716141,31.417796207317622,-18.108009099960327,-18.10538649559021,-18.10669779777527,0.0026226043701171875,-0.009835070930421352,0.0011754387523978949,0.08901302516460419,0.08624502271413803,-0.002697986550629139,0.009542528539896011,0.0850725844502449,0.09018473327159882,323.80018612185745,35810.87072591783,0.0010510854190215468,315.4496754845214,35810.508041754896,0.001062091556377709,0.11989100277423859,0.02076619304716587,30866.08426787817,18231.655862187206
0.9719989935298209,0.996355720146434,0.43336489184404625,-0.20515897079873333,0.001059887846948937,0.24986682758709078,-0.08546882134018607,-0.5005788948122392,-58.530443397691215,-23.899091045963814,-41.214767221827515,34.6313523517274,-18.11372995376587,-18.119338750839233,-18.11653435230255,-0.005608797073364258,0.0013337279669940472,0.009737608954310417,0.08629528433084488,0.08885831385850906,0.007555470336228609,-0.006454224698245525,0.08602996170520782,0.08899130672216415,318.5617442934874,35808.057365028544,0.0010539088398218155,318.00030471187836,35808.60748359276,0.0010528538841754198,0.1260920763015747,0.01339687965810299,30726.986920580333,19040.84913468747
-0.9785788831796197,-0.9997321009040252,0.13129503905809364,0.3558300844465299,0.4883186517323799,0.5400144282564712,0.7248678698201222,0.958984799436282,-59.06565851547319,-29.561353048255455,-44.31350578186432,29.504305467217733,-18.07612657546997,-18.100615739822388,-18.08837115764618,-0.024489164352416992,-0.006155611015856266,-0.007757836487144232,0.08925801515579224,0.08665142953395844,0.0040392144583165646,0.009060888551175594,0.08779936283826828,0.08762892335653305,298.42145710461807,35806.47938558458,0.0010421393672004342,319.71929233931763,35811.73781635637,0.0010524132521823049,0.12567690014839172,0.01720367558300495,30474.18902496446,18423.125553321905
0.9879447084974599,0.9896393984995892,0.8227263753635758,0.23813508992234259,-0.12901620379952436,-0.21002645786446367,-0.3712636188009352,-1.0,-61.45005927031491,-26.426224241953605,-43.93814175613426,35.023835028361304,-18.077718019485474,-18.090381622314453,-18.084049820899963,-0.012663602828979492,0.006614699028432369,-0.007415608502924442,0.08593947440385818,0.08990826457738876,-0.00760169792920351,-0.0064609115943312645,0.08989012241363525,0.08568981289863586,342.89073761534934,35818.908208604815,0.0010574047919362783,333.3222507354097,35809.0021058643,0.0010558534413576126,0.12250426411628723,0.014146371744573116,31229.739665180008,17666.500334192788
-0.987217001939397,-0.9774625825053582,-0.8914169426000309,-0.7324268378635588,0.5072313549514202,0.616109107838441,0.7047165450685976,0.9636425161387524,-63.45613557673829,-31.343222823969086,-47.39967920035369,32.112912752769205,-18.08322787284851,-18.08294415473938,-18.083086013793945,0.0002837181091308594,-0.006761549971997738,-0.007215384393930435,0.08950535207986832,0.08625026792287827,0.008426583372056484,-0.005310141947120428,0.08706946671009064,0.08870633691549301,331.3547673726487,35814.74130407795,0.0010617929510772228,317.0773469368784,35811.45313246476,0.0010524863610044122,0.12449059635400772,0.019021520391106606,30471.069764657415,18548.587014730496
0.04325641765795078,-0.010091506424377408,0.2836440804724946,0.3807796307628533,0.06411493500508139,-0.09618617840741517,0.043559621480208977,0.0,-57.61403277487716,-28.36473889980499,-42.989385837341075,29.24929387507217,-18.075708150863647,-18.09683084487915,-18.0862694978714,-0.02112269401550293,0.002439039060845971,0.009646388702094555,0.08715736865997314,0.08876729011535645,-0.001066862023435533,-0.009887621738016605,0.08628425002098083,0.0891941711306572,310.2396742449196,35815.40085304722,0.0010497289476916194,310.5420252458329,35814.40865298861,0.0010475103044882417,0.12660863995552063,0.013778837397694588,30481.17461830493,18828.086448003734
0.22947579928537426,0.24862373493827944,-0.08114886711600745,-0.06883435100252916,0.25658477378920497,0.41533200867740916,0.1186461883874087,0.0,-64.45846187272082,-29.14565210889458,-46.8020569908077,35.31280976382624,-18.07300329208374,-18.084501028060913,-18.078752160072327,-0.011497735977172852,0.006451238878071308,-0.0075025130063295364,0.0859825611114502,0.08996575325727463,-0.006614506710320711,0.007454484701156616,0.08582776039838791,0.08987665921449661,318.75576087817984,35816.836446183865,0.001060338574461639,311.68574782318524,35811.96135663673,0.0010587727883830667,0.12308192253112793,0.013355078175663948,31228.264675661012,18011.518271469926
0.0022428072427162623,0.0,0.0662824598949322,0.19816245490492404,0.2012672540494551,0.0822472777375326,-0.005000607653134925,0.0,-58.60912231185375,-28.383246560661178,-43.496184436257465,30.225875751192575,-18.07430624961853,-18.072527647018433,-18.07341694831848,0.0017786026000976562,-0.0005231997929513454,0.00992245227098465,0.08590161800384521,0.09001251310110092,0.006206471007317305,-0.007776076905429363,0.08578409254550934,0.09015849977731705,316.8171012947848,35811.32050390525,0.0010525960242375731,307.1381893589322,35810.4773768494,0.00106046290602535,0.12583324313163757,0.01256005372852087,30729.745238243577,18311.016838392836
0.9680222567740265,0.9960180960900615,0.7433838422692464,0.148904468002063,-0.12963888037978374,-0.14647512583297612,-0.4127025512269923,-1.0,-59.72017542522903,-25.823503298509593,-42.77183936186931,33.89667212671944,-18.087292909622192,-18.08499574661255,-18.08614432811737,0.0022971630096435547,-0.008835631422698498,-0.00448533333837986,0.09033187478780746,0.085296630859375,-0.008626539260149002,-0.005014621652662754,0.09035554528236389,0.085311658680439,309.52359892505683,35803.90540911954,0.0010549058206379414,323.2859708163758,35814.36953755164,0.001062180264852941,0.12284719198942184,0.021137777715921402,30707.50165707279,18388.74437102828
0.007052344730970449,0.0,0.00340331569252611,0.10753055812039006,0.17520586103758085,0.06855374310217932,-0.012004621785072889,0.0,-58.729671147596605,-28.495261659395055,-43.61246640349583,30.23440948820155,-18.08200716972351,-18.08706283569336,-18.084535002708435,-0.005055665969848633,-0.008428781293332577,-0.005207746289670467,0.09027794748544693,0.08546458184719086,0.008273296989500523,-0.005528561770915985,0.08689525723457336,0.08879511803388596,323.49518244682304,35815.75359757186,0.001064856769517064,324.7226280234726,35813.968836494234,0.0010650325566530228,0.12336836755275726,0.020762141793966293,30708.742260407253,18529.695727406724
0.7457456052321322,0.6803195792521893,0.9930471189302986,0.5170930336830493,-0.06717570569557059,0.13843716094377062,0.755147741386728,-0.29079258409358233,-58.663687037508836,-26.432385844786666,-42.54803644114775,32.23130119272217,-18.07565927505493,-18.080520629882812,-18.078089952468872,-0.004861354827880859,0.00014230914530344307,0.008827319368720055,0.08636177331209183,0.08966000378131866,0.002923984546214342,-0.00952259823679924,0.08528687059879303,0.09046939015388489,382.3284454454071,35715.24319843921,0.0011264695785939693,313.99257574513814,35808.15777918439,0.0010597914224490523,0.12548980116844177,0.012476762756705284,30727.40560220111,18577.774581859423
0.11547589871669556,0.14387449523942938,-0.09260427398774077,-0.17656738586399687,0.1638219310889541,0.2421078558497105,0.013126222560836287,0.0,-62.312362033934534,-27.933328733277705,-45.12284538360612,34.37903330065683,-18.09037446975708,-18.08419704437256,-18.08728575706482,0.006177425384521484,0.005587532185018063,0.008096631616353989,0.08878300338983536,0.08685235679149628,-0.005122734233736992,-0.008536523208022118,0.08857066929340363,0.08718227595090866,328.58005577795115,35808.96111092051,0.0010517340851947665,305.2355620606082,35813.40285512336,0.0010605223942548037,0.12525397539138794,0.017323467880487442,30474.235409943944,18428.196984945702
-0.0034640142948838978,0.004993914316533622,0.19017819315449333,0.2958818051741665,0.19137258276321675,0.007790713010932759,-0.0002905361844707244,0.0,-59.067271815115475,-28.548750226286472,-43.808011020700974,30.518521588829003,-18.072267770767212,-18.08306336402893,-18.07766556739807,-0.01079559326171875,0.00017817236948758364,0.00994357280433178,0.08617820590734482,0.08978749066591263,-0.008689457550644875,-0.004834401421248913,0.09039273113012314,0.08531683683395386,317.7940113889532,35817.92625174697,0.0010589235462248325,306.9773105752298,35818.34762322883,0.0010679509723559022,0.1262436956167221,0.01277023646980524,30727.87797790912,18297.589457506714
0.5573741750063076,0.6642866895084322,0.31224695966613497,-0.18983709445351632,-0.12673245973865943,0.4490406556966099,0.16481663363677912,-0.4602212487590045,-59.11873093796834,-25.20618337999474,-42.16245715898154,33.912547557973596,-18.07664155960083,-18.082154989242554,-18.079398274421692,-0.005513429641723633,-0.004067989531904459,0.009024294093251228,0.08539188653230667,0.09045404195785522,-0.007466556504368782,0.006605843547731638,0.08632314950227737,0.08944755047559738,312.3554485154207,35813.6395772019,0.001047612400725484,317.0215170884693,35812.48388130759,0.0010597225045785308,0.12425868213176727,0.011948569677770138,30979.861898696836,18085.411869014533
0.00677098450386876,0.0,0.051434754348172046,0.1486968642264934,0.22321683040171303,0.09731172245820752,0.014485664665958131,0.0,-60.98576564539792,-30.407624075309286,-45.6966948603536,30.578141570088633,-18.08427333831787,-18.078322410583496,-18.081297874450684,0.005950927734375,0.006740862503647804,-0.007234247401356697,0.0859835147857666,0.0897408127784729,-0.005131149664521217,-0.008525451645255089,0.08863472938537598,0.08723842352628708,337.6565858575449,35816.17140233477,0.001062361290678382,319.17927825865263,35808.70272036489,0.0010567207355052233,0.12220558524131775,0.01381477527320385,31230.238634155965,17610.86102815782
0.86926007974507,0.8010295207837057,0.8463285082368692,0.004015637999481986,-0.3048973306737451,0.3319268197805909,0.27529994382173417,-0.10998156361441813,-58.47882667167096,-26.280004684838673,-42.379415678254816,32.198821986832286,-18.097251653671265,-18.100593090057373,-18.09892237186432,-0.0033414363861083984,-0.004354830831289291,-0.008910353295505047,0.08800104260444641,0.08749530464410782,0.008793731220066547,-0.0046506961807608604,0.08727149665355682,0.08815200626850128,310.690908873112,35806.293222112894,0.0010531377047300339,326.8639139256605,35812.06209700801,0.0010498458286747336,0.12612850964069366,0.015181250870227814,30478.210232479967,18363.305414652616
0.001250874120009727,0.02247478266293184,-0.08181630330488383,-0.011424554047899188,0.15481224438911062,0.17768858359703743,0.03548335148126547,0.0,-61.24255516801139,-28.31045614293606,-44.77650565547373,32.93209902507533,-18.123828172683716,-18.137491941452026,-18.13066005706787,-0.013663768768310547,-0.000899739156011492,-0.009800391271710396,0.08600924164056778,0.08893242478370667,-0.0048169721849262714,-0.00864099245518446,0.0878867357969284,0.08679335564374924,332.012857741842,35818.50966770057,0.0010628856252878904,322.6567155293343,35813.9676375679,0.0010612738551571965,0.12578442692756653,0.013402855023741722,30726.044177451655,18846.027489035536
0.023917963099582128,0.0,0.39092483000025674,0.36625171081298874,-0.01834922971240613,-0.18271976372118293,0.09951371185448576,0.0,-56.81465793188846,-25.974803209085962,-41.39473057048721,30.8398547228025,-18.120476007461548,-18.112393617630005,-18.116434812545776,0.008082389831542969,-0.006110884714871645,-0.0077920397743582726,0.08878789097070694,0.08622046560049057,0.009930245578289032,0.0003364052972756326,0.08958275616168976,0.08555837720632553,331.6276247598072,35814.592663959316,0.001050344086252153,322.5557390249882,35811.82232945751,0.001066728262230754,0.12527532875537872,0.016559908166527748,30474.9094780712,18407.332616246036
0.1306609718261219,0.1176972307680969,-0.07276221553498574,-0.22017117115983678,0.06464150808138741,0.32579648709603626,0.033363293279132344,0.0,-58.40430707794155,-23.923359618255688,-41.16383334809862,34.480947459685865,-17.90658473968506,-17.87613034248352,-17.89135754108429,0.030454397201538086,-0.0006233553867787123,-0.010054048150777817,0.08805510401725769,0.09131459891796112,0.010204851627349854,0.0002536445972509682,0.09201616048812866,0.0879562720656395,343.6158578511162,35813.75598448249,0.0010608619777485728,318.5997484024162,35812.14327414343,0.0010488837724551558,0.12880082428455353,0.013349165208637714,30727.27697061308,18390.010635703788
0.01971777507980016,0.0,0.04346756778962982,0.2016413750555562,0.226210159037541,0.06385267184634957,-0.01697178349591899,0.0,-56.702567522695404,-25.956758539286568,-41.329663030990986,30.745808983408836,-17.893534898757935,-17.915438413619995,-17.904486656188965,-0.021903514862060547,-0.010091571137309074,0.0009649296989664435,0.09134180098772049,0.08829590678215027,0.009726159274578094,-0.0029043294489383698,0.09019321203231812,0.08900956064462662,306.37048669716285,35812.94776410712,0.001048251404426992,316.890630908693,35817.21745646495,0.0010601973626762629,0.1230161041021347,0.02182549238204956,30878.769425690447,18203.11510323534
0.793716308592833,0.834600980665222,0.659798074223098,-0.0016270198028425498,-0.3681142563264243,0.2669009012788678,0.2734634997787374,-0.5562553824727507,-61.028248957648316,-27.316287469911117,-44.17226821377972,33.7119614877372,-17.891262769699097,-17.90632128715515,-17.898792028427124,-0.015058517456054688,-0.010093120858073235,-0.0006573913851752877,0.09194476157426834,0.08771898597478867,-0.003403271548449993,-0.00957084447145462,0.08936315029859543,0.09003087133169174,304.4349043030522,35814.06158494981,0.0010561425006017089,303.70406048502883,35810.08019354133,0.0010437831515446305,0.12338657677173615,0.021536683663725853,30913.869358118638,18256.980278377006
-0.00014796841588231606,0.0,0.006450845663162744,0.10257761023804099,0.17800158646106945,0.10701173482946569,0.001357977172007252,0.0,-61.162011298020474,-28.07056782879846,-44.61628956340947,33.091443469222014,-17.95263409614563,-17.98340082168579,-17.96801745891571,-0.030766725540161133,-0.004713051021099091,-0.00881124846637249,0.08965730667114258,0.08879440277814865,0.0022202664986252785,0.00981038436293602,0.08796793967485428,0.08983370661735535,309.8913665961643,35810.851941917994,0.0010521980002522469,308.3664084568026,35805.63175125488,0.0010486438404768705,0.1279173195362091,0.016277702525258064,30476.738021565452,18357.509390565396
0.35780613655967775,0.25911104770487475,0.5378339315204528,0.11860766922528838,-0.2643243696424058,-0.07846164830531405,0.21654936401887082,0.0,-57.35616020077717,-24.863144935063872,-41.10965256792052,32.4930152657133,-18.293851613998413,-18.237637281417847,-18.26574444770813,0.056214332580566406,0.001668349257670343,0.009542925283312798,0.08465692400932312,0.08689875155687332,-0.009655067697167397,-0.001627944759093225,0.08864501863718033,0.08397141098976135,317.8306927931465,35804.039754929116,0.0010503081139177084,320.91956388667825,35806.15136514062,0.0010456321761012077,0.12338422983884811,0.013083226978778839,30726.83912052328,18565.556253109855
0.10003060724698945,0.11241885764092217,-0.07893530680712568,-0.0661763480841163,0.23882891736749473,0.3132616005860701,0.09477556106611651,0.0,-63.846388595235226,-28.898098470464276,-46.37224353284975,34.94829012477095,-18.135608434677124,-18.127858638763428,-18.131733536720276,0.007749795913696289,0.003994273487478495,-0.008954547345638275,0.08483704924583435,0.08982333540916443,0.005593599285930395,0.00817460473626852,0.08841906487941742,0.08644703775644302,319.07275338892634,35811.299178997935,0.0010569114238023758,319.76783249680165,35818.2986498597,0.0010728164343163371,0.12382391840219498,0.01220705546438694,30978.22677155886,18080.54303650118
0.0031083785288823582,0.0,0.2628395159980463,0.3068616279319917,0.10375998643067691,-0.07001925345721344,0.07623491444747477,0.0,-57.84735749043256,-29.16096928834571,-43.504163389389134,28.686388202086846,-18.12683343887329,-18.130587339401245,-18.128710389137268,-0.0037539005279541016,0.007943094708025455,0.005901796743273735,0.08966561406850815,0.08517581224441528,-0.008768709376454353,0.004616428166627884,0.08699554949998856,0.08782390505075455,334.3934943450535,35820.99485602829,0.0010575387859717011,332.752441279388,35814.936435488315,0.0010687581961974502,0.12361925095319748,0.01952427625656128,30468.333121329095,18645.539371703297
0.6877836557361677,0.7404313402157762,0.40589580689292437,-0.18387920524068818,-0.021174889737903047,0.47974647933292813,0.10438674327312836,-0.2346562384934997,-63.60025404891854,-29.212412842978665,-46.406333445948604,34.38784120593988,-18.159096240997314,-18.159711360931396,-18.159403800964355,-0.0006151199340820312,0.009187377989292145,-0.003423083806410432,0.08737095445394516,0.08688514679670334,0.008845936506986618,-0.004343855194747448,0.08684710413217545,0.0873907208442688,321.75324682663967,35815.05761183925,0.0010633720085024834,313.17538080100235,35816.537514862706,0.0010646164882928133,0.11942332983016968,0.018428685143589973,31016.672863303036,17640.561949619663
0.9880000983117126,0.9909954529405247,0.8717404411516736,0.789520612219287,-0.29069657930813164,-0.4791788838965446,-0.7393127592815932,-0.9886605319245755,-58.42946988178227,-28.873131519672484,-43.651300700727376,29.556338362109784,-18.16548466682434,-18.182040452957153,-18.173762559890747,-0.0165557861328125,-0.005551411770284176,0.008081304840743542,0.08473628759384155,0.08933094888925552,-0.006866140756756067,-0.007070810534060001,0.08859097957611084,0.08516355603933334,293.0160898942088,35808.62714140213,0.00105286983307451,304.2256872787245,35813.8303443433,0.001061385148204863,0.12186254560947418,0.01269723940640688,31228.930152206703,17805.746308707847
0.9951040793284686,0.9998660115139689,0.7610986404711215,0.1588800954215182,-0.20456906896595492,-0.07129240297179307,-0.25310302877845725,-1.0,-60.995145218714526,-26.316270158957707,-43.65570768883612,34.67887505975682,-18.15472722053528,-18.165606260299683,-18.16016674041748,-0.010879039764404297,-0.008906056173145771,-0.004172695335000753,0.08966876566410065,0.08459905534982681,0.009836353361606598,0.0007767169736325741,0.08917664736509323,0.08488886803388596,295.98382109828464,35805.64132679003,0.0010494040325284004,304.59604105521464,35808.363550382914,0.001049629645422101,0.12153038382530212,0.02103324420750141,30704.959824503483,18431.871902113468
-0.004997673262970014,0.0057120600713131305,0.021050970827081517,0.08289366533729445,0.17380107473262368,0.1334993824969002,0.0009445315138137955,0.0,-63.31378328193284,-32.15657165554012,-47.73517746873648,31.157211626392723,-18.16500425338745,-18.165842294692993,-18.165423274040222,-0.0008380413055419922,-0.00855908915400505,0.004761400632560253,0.08656718581914902,0.08756861090660095,-0.004218618385493755,0.008901052176952362,0.08446130901575089,0.08957894146442413,323.11195275552404,35811.44649884125,0.0010589731391519308,331.56530767103726,35805.08488743407,0.0010528173297643661,0.1196822077035904,0.016905324533581734,31245.459641528378,17341.142444634526
0.33207640970552726,0.26871463851701016,0.4546442659717721,0.29363255936933874,-0.23688382171857061,-0.172764473936232,0.08342694744844814,0.0,-58.650382284981845,-28.337474734451234,-43.49392850971654,30.31290755053061,-18.179943561553955,-18.187155723571777,-18.183549642562866,-0.007212162017822266,-0.007842924445867538,0.005929820239543915,0.08570943027734756,0.08810727298259735,0.0024137175641953945,-0.009545508772134781,0.08430235832929611,0.0893118679523468,331.87987579068164,35814.545728955214,0.0010591632453724742,314.13672791907595,35806.37852334506,0.0010592698818072677,0.11981166899204254,0.01643775962293148,31241.447613170876,17349.35922869059
-0.5752177545428894,-0.5847371222689435,-0.9711692575215923,-0.8747840476436617,-0.2727280317861678,-0.06289499071564253,0.7238758670481781,0.9830136550086316,-62.332432019577595,-26.559397528785468,-44.44591477418153,35.77303449079213,-18.187971115112305,-18.201234340667725,-18.194602727890015,-0.013263225555419922,-0.007535015698522329,-0.006172206252813339,0.0888558179140091,0.0847783088684082,0.009827330708503723,4.322859604144469e-05,0.08856448531150818,0.08480014652013779,334.30307695168,35809.64452083823,0.0010514644673094153,295.8565722609302,35814.470018778484,0.0010516030015423894,0.12224658578634262,0.020094702020287514,30466.848372366487,19110.78350683371
-0.002872195573451407,0.0,0.19883466016915427,0.2951210814017377,0.20069686130132472,-1.733462833730659e-05,0.05258963767702585,0.0,-56.92392089941518,-27.79424086444493,-42.359080881930055,29.12968003497025,-18.18999171257019,-18.19145441055298,-18.190723061561584,-0.001462697982788086,0.00803675502538681,0.005632559768855572,0.08907728642225266,0.08449529111385345,0.009827613830566406,-0.0005044482531957328,0.0884627029299736,0.08510544896125793,309.204175014837,35814.19182702568,0.001062321476638317,317.2547639038918,35818.84805104162,0.0010638387175276875,0.12262485921382904,0.019536960870027542,30468.546829282735,18646.100540478343
0.4348578650809724,0.47615724453010755,0.42183846745913317,-0.18657137105477348,-0.14128415722715879,0.41921087120107736,0.27059463482619006,-0.11300786948420127,-61.281673395039775,-27.1916011730238,-44.23663728403179,34.090072222015976,-18.193615674972534,-18.18289875984192,-18.188257217407227,0.010716915130615234,0.0035861246287822723,-0.009083929471671581,0.0842265635728836,0.08926582336425781,0.001581610064022243,0.009732086211442947,0.0856725201010704,0.08808140456676483,333.3498785914227,35819.23026219761,0.001066325232386589,315.0689113046696,35807.094185224,0.0010437207529321313,0.12291760742664337,0.011920997872948647,30977.589163419783,18085.069659707075
0.003721265383643443,0.0,-0.003835697402673005,0.1464432142624311,0.20236195243382804,0.059870581904946985,-0.0428079002499846,0.0,-57.679435615284774,-26.2757248694208,-41.977580242352786,31.403710745863975,-18.157581090927124,-18.174753189086914,-18.16616714000702,-0.01717209815979004,0.0006305859424173832,-0.009801877662539482,0.08507201820611954,0.08916529268026352,-0.001896232133731246,0.009650399908423424,0.08453159034252167,0.08933945745229721,309.8554373252861,35806.905226065996,0.0010527048725634813,313.8797701146922,35809.867296854776,0.001069929450750351,0.12482315301895142,0.012351350858807564,30729.86811592348,18365.27995652488
0.9989885259227103,0.9762391914662879,0.7202733976057095,0.1690900499773872,-0.31392798092746654,-0.1741464579889908,-0.33244694551348297,-0.9482039779016039,-56.94134654676532,-24.62844155839531,-40.78489405258031,32.31290498837001,-18.152107000350952,-18.164290189743042,-18.158198595046997,-0.012183189392089844,0.004749154672026634,0.008625339716672897,0.08769211918115616,0.0866982638835907,0.0030893166549503803,-0.009380978532135487,0.08446226269006729,0.08960556238889694,327.79536094307866,35807.90111479662,0.0010573576437309384,305.81691782713614,35810.531099858694,0.001051946310326457,0.12523549795150757,0.015248170122504234,30477.454395782017,18348.579648796873
-0.007290048790627102,0.01134550967247259,-0.019975636256239923,0.04297036659882178,0.1431837786765217,0.1372537525679215,0.027994262822927274,0.0,-64.84909498641093,-30.375931722868074,-47.6125133546395,34.47316326354286,-18.17039132118225,-18.174724578857422,-18.172557950019836,-0.0043332576751708984,0.007906479761004448,-0.005716544575989246,0.08594691008329391,0.08807434141635895,-0.004101444035768509,0.008943626657128334,0.08436267822980881,0.08949906378984451,326.45200484364403,35806.331453270504,0.0010498713236302137,331.1459923705211,35816.02817686811,0.0010525018442422152,0.12042473256587982,0.01536045502871275,31236.95910373823,17454.575712964357
0.04448121456550455,-0.0009036993970788197,0.3042973804512228,0.33850914926731235,-0.04392058533440937,-0.11096470663930535,0.02174460975346182,0.0,-58.878306024712174,-27.590283462039338,-43.234294743375756,31.288022562672836,-18.18476915359497,-18.194234371185303,-18.189501762390137,-0.009465217590332031,-0.008113447576761246,0.005564160645008087,0.08587083965539932,0.08785328269004822,0.006425184663385153,0.007428875658661127,0.08826152235269547,0.08525931090116501,321.25559663494744,35815.293971654544,0.0010577947832643986,320.19871258014746,35813.72449366847,0.0010493427980691195,0.1195874959230423,0.017064286395907402,31243.32274173833,17339.71402788364
0.9868253175883566,1.0,0.14373001172249703,-0.2169548424151343,0.2162239266579331,0.23269921408462224,-0.38098256197750074,-0.625146702720671,-61.05826374152019,-23.82656297779522,-42.44241335965771,37.23170076372497,-18.173712491989136,-18.189687728881836,-18.181700110435486,-0.015975236892700195,0.008224770426750183,-0.005265908315777779,0.08617135137319565,0.08778740465641022,-0.005637424997985363,-0.00806943979114294,0.08785693347454071,0.08576628565788269,318.1602621973388,35816.24960884745,0.0010634646750986576,292.99173352677616,35804.522854297815,0.0010520984651520848,0.1198025569319725,0.016357727348804474,31242.5907121878,17348.726400447293
0.0004008701641280074,0.0,0.11621555219553029,0.262392563474115,0.1445380121098227,-0.05954158992673442,-0.09547729354635603,0.0,-59.170114826035274,-27.655843758636593,-43.41297929233593,31.51427106739868,-18.187203407287598,-18.188005685806274,-18.187604546546936,-0.0008022785186767578,0.008490124717354774,-0.004897103179246187,0.0862482562661171,0.08743827044963837,-0.00012570476974360645,-0.0098255705088377,0.08498885482549667,0.08864428848028183,322.42790747062094,35809.14716105448,0.0010487487306818366,295.88482131082213,35811.168215272366,0.0010639764368534088,0.1191539466381073,0.017576295882463455,31249.16843165358,17351.50506251423
-0.20729322666656058,-0.15661747298548556,-0.2242670007047527,-1.0,0.0012535609751259573,0.9076367059910545,0.9824079767798087,0.5560024935663737,-60.60737162562663,-25.42625741899866,-43.01681452231264,35.18111420662797,-18.192111253738403,-18.186179399490356,-18.18914532661438,0.005931854248046875,-0.0067017278634011745,-0.007123464252799749,0.08841098099946976,0.08515262603759766,-0.0025746177416294813,0.00951658096164465,0.08429823815822601,0.08933345973491669,336.51434694678187,35814.851564352444,0.0010628163581714034,322.1465161451753,35809.03590448521,0.0010488126426935196,0.12330538034439087,0.01828557439148426,30471.410452818338,18530.799106580667
0.011240430353701869,0.0,0.020920586333009805,0.1404429433548407,0.20246123171744618,0.0815521087441543,-0.02359995195696518,0.0,-60.944809543304245,-29.679958379201707,-45.312383961252976,31.264851164102538,-18.169444799423218,-18.192028999328613,-18.180736899375916,-0.022584199905395508,-0.009786855429410934,-0.00012268259888514876,0.08886224776506424,0.08514796942472458,2.5770161300897598e-05,-0.009839218109846115,0.08490367233753204,0.08864521980285645,324.9107333672196,35817.4754432391,0.0010629520984366536,330.5265777681925,35818.94742738786,0.001064480864442885,0.11931570619344711,0.020985398441553116,30890.016234115603,18208.41206442391
0.26861984117707627,0.17265219111800006,0.47541801837208625,0.0793812628341061,-0.2918093741563625,-0.051847239023867675,0.23998937809108312,-0.013221149624004003,-57.81131608565565,-25.677632933453765,-41.744474509554706,32.13368315220188,-18.16977024078369,-18.18052649497986,-18.175148367881775,-0.010756254196166992,0.007401325739920139,-0.006449185311794281,0.08550865203142166,0.08850554376840591,-0.009800728410482407,-0.001103889779187739,0.08909960091114044,0.0846618041396141,314.32610379719836,35815.167212176915,0.0010546810226514935,318.2076475316101,35810.606297824124,0.0010527551639825106,0.12023121863603592,0.015414002351462841,31237.732644974094,17399.59786881476
0.10134100848461877,0.13124823799823862,-0.08210818980913517,-0.05597284951142753,0.19051024592055266,0.3073762240708531,0.053479459592209455,0.0,-61.07641045343843,-26.566238291292336,-43.82132437236538,34.51017216214609,-18.20744752883911,-18.21050524711609,-18.2089763879776,-0.003057718276977539,0.006166774779558182,0.007516973651945591,0.08797094970941544,0.0853009819984436,0.0038408413529396057,0.009023136459290981,0.08659960329532623,0.08662207424640656,333.7150071508667,35817.10935350739,0.001060476410202682,311.3919619981005,35809.41121655551,0.001062417053617537,0.12328004091978073,0.01769961044192314,30472.56990456632,18483.146297838644
-0.010707175314702045,0.0007916404322390148,0.2725141053121207,0.29962406297761784,0.061676069762248265,-0.11176598837669227,0.04243648480125217,0.0,-58.8393943818146,-27.95542927596628,-43.39741182889044,30.88396510584832,-18.188623189926147,-18.185497522354126,-18.187060356140137,0.0031256675720214844,0.004244379699230194,-0.008863079361617565,0.08425462990999222,0.089330293238163,0.006215440575033426,-0.007621786557137966,0.08470653742551804,0.08896246552467346,326.9634356658043,35810.474286704324,0.0010575194610282779,304.34134415849235,35806.86466837096,0.0010584634728729725,0.1223793774843216,0.012196797877550125,30980.38430791917,18155.815285199882
0.7653194295080992,0.7702331170428462,0.42556839143318037,-0.1897344160321133,0.13013591342920128,0.45955498508250836,0.097774859692349,-0.25555827857074687,-59.080600448746225,-24.68942852295038,-41.8850144858483,34.391171925795845,-18.189311027526855,-18.190863132476807,-18.19008708000183,-0.0015521049499511719,-0.0013511043507605791,-0.009672446176409721,0.08555130660533905,0.08808235824108124,0.007142296060919762,0.00678681954741478,0.0886765792965889,0.08489333838224411,322.05082410122105,35807.09883997138,0.0010540061630308628,318.0006199853509,35814.79250614643,0.0010476892348378897,0.12482686340808868,0.013356604613363743,30726.36580900363,18686.64059767691
-0.9642240430685639,-0.9745497357900462,-0.8362808005620069,-0.6202469047136312,-0.5077630181291752,-0.4435966583315978,0.7209632001444815,0.9877469404267958,-59.720714998941844,-30.24771005222931,-44.984212525585576,29.473004946712535,-18.16396474838257,-18.161609172821045,-18.162786960601807,0.0023555755615234375,-0.0072082169353961945,-0.006643093656748533,0.08894477039575577,0.08517313003540039,0.0097038634121418,-0.0016560854855924845,0.08826395869255066,0.08592186868190765,310.7882103128315,35811.03930103046,0.001048831269145012,305.0973122852149,35813.45163933893,0.001053559361025691,0.12341480702161789,0.018808720633387566,30470.40297035351,18553.15722560202
0.9920230303094463,1.0,0.7881873871395024,0.12011770893942322,-0.3214199855768008,-0.0867279419422588,-0.218523827516866,-0.949223940069686,-59.19595002141671,-24.759135371138427,-41.97754269627757,34.43681465027828,-18.148287534713745,-18.13602328300476,-18.142155408859253,0.012264251708984375,-0.00941485445946455,0.002919672057032585,0.08776819705963135,0.08669771999120712,-0.0025586909614503384,0.009542472660541534,0.08478397130966187,0.08985710889101028,294.59289083058275,35810.88655666992,0.0010475788731127977,307.0794291621834,35810.34874704248,0.0010498607298359275,0.11938030272722244,0.019419899210333824,31040.66957307195,17547.55473749538
-0.004898590333667603,0.009669229630623133,0.024990561159002292,0.06703090300711811,0.1919212266591806,0.14845528201212743,0.012433510346110843,0.0,-64.84181480640808,-30.367726445934522,-47.6047706261713,34.47408836047356,-18.115180730819702,-18.13367247581482,-18.12442660331726,-0.018491744995117188,0.0031304440926760435,0.009312906302511692,0.087162084877491,0.08797932416200638,0.0061661796644330025,-0.007742485962808132,0.08518984168767929,0.08951685577630997,305.1876266027945,35811.09910118836,0.0010491017019376159,311.0012053504034,35805.42620292061,0.0010593945626169443,0.1257912814617157,0.015126594342291355,30478.533003849236,18348.625934652475
0.05688879632310957,-0.009252518750673809,0.24174003962908563,0.1576865626813665,-0.12425462954481022,-0.15360283044613898,0.05721022841411172,0.0,-60.58061500109352,-27.491606784047008,-44.036110892570264,33.08900821704651,-18.125826120376587,-18.1334388256073,-18.129632472991943,-0.007612705230712891,-0.009182041510939598,-0.003612869419157505,0.0899992287158966,0.0848475843667984,-0.004437859635800123,-0.008876567706465721,0.08769837766885757,0.08706249296665192,319.3955403940097,35805.36692011292,0.0010467879474163055,312.9840041313553,35807.343958527075,0.0010463288053870201,0.12176051735877991,0.021086880937218666,30702.58794449527,18467.78125095119
0.3225281562559356,0.2809421234949335,-0.07449885709125151,-0.16255579466185432,0.22607519327199854,0.3080738635639284,0.004178556614107598,0.0,-60.46546890200659,-25.900197011846217,-43.182832956926404,34.565271890160375,-18.137954473495483,-18.13518762588501,-18.136571049690247,0.002766847610473633,0.008328708820044994,-0.005131247453391552,0.08660771697759628,0.08807273954153061,-0.0012120997998863459,0.0098196342587471,0.08507899194955826,0.08959271013736725,338.9619441957205,35814.16861828038,0.0010580122470855713,324.79126147295057,35820.435883920065,0.0010646558366715908,0.12012149393558502,0.016614289954304695,31242.94788423148,17336.789456154485
0.00015020851134503813,0.0,0.11843872076087207,0.28048778270063635,0.12779934549469965,-0.03159442769727788,0.010181273000493762,0.0,-57.361933469726466,-27.26404003237809,-42.31298675105228,30.097893437348375,-18.136281967163086,-18.15033793449402,-18.143309950828552,-0.014055967330932617,0.008469006046652794,-0.0050844294019043446,0.08665983378887177,0.08804436773061752,-0.007849875837564468,-0.005976461805403233,0.08941882848739624,0.08495068550109863,308.22658163999813,35813.357216302946,0.0010566600831225514,315.90111967431557,35819.708390123255,0.0010700596030801535,0.11991903185844421,0.017985181882977486,31249.07422085578,17340.665725785027
0.32703300624042764,0.3658245285240522,0.3890233189903311,-0.15453880267109493,-0.16273619641155862,0.3090908411026856,0.28011251936951453,-0.16715245515244692,-61.50333443884432,-27.641140336912173,-44.572237387878246,33.86219410193215,-18.126094341278076,-18.13438892364502,-18.130241632461548,-0.00829458236694336,-0.008223870769143105,0.0054484205320477486,0.08654054254293442,0.08836743235588074,0.0012121520703658462,0.009828575886785984,0.08597297966480255,0.08875013142824173,316.20337556881924,35815.06548752557,0.001059086062014103,295.48578590511755,35806.021749355285,0.0010439612669870257,0.12048301845788956,0.0165825504809618,31241.99637879364,17365.48179806347
0.021133397756078254,0.021154291856327778,0.018398631086798956,0.01855753702201013,0.017925571069497548,0.009680938808655393,0.0,0.0,-60.29312951846026,-29.08082697660018,-44.68697824753022,31.212302541860083,-18.128756284713745,-18.13144087791443,-18.130098581314087,-0.0026845932006835938,-0.008177201263606548,-0.00547031220048666,0.08971092849969864,0.08509470522403717,-0.007376976311206818,-0.006582716014236212,0.0893731489777565,0.08538811653852463,321.9427477551491,35810.56685017376,0.0010534193133935332,318.21199052563304,35808.315287378835,0.0010561266681179404,0.12272471189498901,0.020520275458693504,30709.95129843547,18540.031707400434
0.5451749688069532,0.47612052997337934,0.5832829433643638,0.044463478497113296,-0.27492127356090773,-0.02721169011346586,0.26166490177516544,-0.17044564448123412,-57.689386732504545,-24.51317906684028,-41.10128289967241,33.176207665664265,-18.147990703582764,-18.145233392715454,-18.14661204814911,0.0027573108673095703,-0.0035356543958187103,-0.009187545627355576,0.08704876154661179,0.08742747455835342,-0.003047417150810361,0.009404746815562248,0.08463568240404129,0.08981510251760483,316.42427177462395,35813.07607336412,0.0010527742560952902,324.46380250755647,35812.19780580889,0.0010584231931716204,0.12550123035907745,0.014397815801203251,30479.557122247006,18412.70478739119
-0.006543080271367936,0.011956946524155479,-0.05977937562307997,-0.05189555631554152,0.14258733129138268,0.23168992492156615,0.11483601241126795,0.0,-61.14976566483358,-27.21311887821912,-44.18144227152635,33.93664678661446,-18.123281002044678,-18.145079612731934,-18.134180307388306,-0.02179861068725586,-0.009786262176930904,-0.0006002948503009975,0.08947939425706863,0.08545564860105515,-0.009850948117673397,-0.0008741897763684392,0.08941059559583664,0.08506570011377335,324.13043071631296,35813.34614833264,0.0010597222717478871,316.5461535461391,35817.02991414961,0.0010704726446419954,0.11999298632144928,0.02112005464732647,30902.256685391505,18234.191713758923
-0.007627835486213749,0.004394393851850892,0.279954573259638,0.3391471930930918,0.09848100194212911,-0.03060241461057528,0.04236810200623742,0.0,-54.601442168636765,-25.60902506660352,-40.105233617620144,28.992417102033244,-18.124136924743652,-18.126895427703857,-18.125516176223755,-0.002758502960205078,0.009772244840860367,-0.0016457277815788984,0.08865426480770111,0.08628175407648087,-0.009040375240147114,0.004008659161627293,0.08738013356924057,0.0875183492898941,336.78412098652717,35811.06680810604,0.001061748480424285,294.0904636319716,35810.88682582795,0.001057437271811068,0.11961252987384796,0.021164262667298317,30859.849946919494,18127.017133329486
0.5668088776362521,0.5996791287798892,0.25093800182919423,-0.19674696461267335,0.13051405430769863,0.47216305752528553,0.21872099101309328,0.0,-58.63038125040174,-22.881791368639597,-40.75608630952067,35.74858988176214,-18.13411831855774,-18.125014305114746,-18.129566311836243,0.009104013442993164,-0.009806660935282707,-0.000366763211786747,0.0893145352602005,0.08540242910385132,0.007084303069859743,0.006933032535016537,0.08928460627794266,0.08561086654663086,324.46552436680474,35809.76618413634,0.0010577442590147257,309.9802865729755,35812.683412596314,0.0010510514257475734,0.119766965508461,0.021349916234612465,30909.290958501853,18247.000035403158
0.004761840657659319,0.0,0.02390397603323191,0.1800613948148096,0.23939875672195604,0.07592940053521902,-0.028428353065150236,0.0,-60.98039856758629,-31.45392421188228,-46.21716138973429,29.52647435570401,-18.145225048065186,-18.167788982391357,-18.15650701522827,-0.022563934326171875,0.00874335691332817,-0.004519961774349213,0.08689480274915695,0.08763638138771057,-0.005551198497414589,0.008129426278173923,0.08467158675193787,0.0893426463007927,314.9322099339461,35816.452139593246,0.0010558122303336859,303.6861992885414,35817.210635580675,0.001055399072356522,0.1198415458202362,0.017905060201883316,31248.664554023446,17520.565949080104
0.995246590334013,1.0,0.7250897356245047,0.02203808600655975,-0.34707214018727234,-0.009827499089257952,-0.08581140338393811,-0.8306138817847395,-61.00419798359917,-25.94770564609729,-43.47595181484823,35.05649233750188,-18.150596618652344,-18.158581256866455,-18.1545889377594,-0.007984638214111328,0.008682282641530037,-0.004638769663870335,0.08675868064165115,0.08766299486160278,-0.0019352955278009176,0.009677950292825699,0.08467964828014374,0.0895131304860115,320.04190769290256,35813.50314142457,0.0010557594941928983,303.1531274095362,35807.92740342644,0.0010477795731276274,0.11974415183067322,0.017757602035999298,31248.066772374405,17463.42073624483
-0.009250751165091787,0.01258803300721013,-0.03170877844075545,0.06088387792517225,0.1416966018227243,0.10957393085394929,-0.002397521885489473,0.0,-66.96534138972072,-31.597680208937447,-49.281510799329084,35.36766118078327,-18.15602421760559,-18.15152406692505,-18.15377414226532,0.004500150680541992,-0.009431140497326851,-0.0026199251879006624,0.08956221491098404,0.08469031006097794,-0.005731595680117607,0.008035543374717236,0.0848822221159935,0.08945998549461365,332.45585608953513,35813.04280873647,0.001059262314811349,334.4573974533462,35809.39259040768,0.0010587206343188882,0.12011910229921341,0.020902559161186218,30927.43802617617,18347.149214506015
0.1154062929241493,-0.0049324569342822765,0.30933374099248523,0.2863243480004118,-0.2270673165162879,-0.17865272655122627,0.06841965947485273,0.0,-57.4812240775521,-26.13140949347644,-41.80631678551427,31.34981458407566,-18.152354955673218,-18.155555725097656,-18.153955340385437,-0.0032007694244384766,-0.009845281951129436,-0.00019159025396220386,0.08910001069307327,0.08524550497531891,-0.001392663223668933,0.009778345003724098,0.08482057601213455,0.08943833410739899,323.727596687122,35817.35871960474,0.001054283115081489,335.11478719633965,35817.670811952834,0.0010673366487026215,0.11993761360645294,0.021200628951191902,30906.697316312006,18232.208793428294
-0.5711912312959864,-0.5960881755654105,0.0,0.1153070784855779,0.749818352271144,0.9037184223356811,0.6675914170782284,0.9440139839919497,-60.395923836497815,-26.030656766971617,-43.213290301734716,34.3652670695262,-18.138052225112915,-18.152025938034058,-18.145039081573486,-0.013973712921142578,-0.005866779014468193,-0.007841781713068485,0.08848342299461365,0.08618482947349548,0.004378383047878742,-0.008856140077114105,0.0845852717757225,0.08972995728254318,307.9856159070263,35814.21425839764,0.001058789435774088,309.87510389933965,35808.3907414383,0.0010495648020878434,0.12462735176086426,0.017197979614138603,30473.968208300063,18435.7594674178
0.006319345149982222,0.0,0.13668278916983978,0.2864831593346443,0.19456687155426083,0.017052203862572057,0.004279615896960909,0.0,-57.3037876734312,-28.15892862531905,-42.731358149375126,29.144859048112153,-18.09805393218994,-18.09802770614624,-18.09804081916809,2.6226043701171875e-05,0.009082943201065063,0.004016331396996975,0.09027643501758575,0.08512720465660095,0.009870076552033424,-0.0011031113099306822,0.08917339891195297,0.08628251403570175,317.9612635983855,35811.220118731544,0.001053081825375557,321.65923349365414,35812.70242123022,0.0010702144354581833,0.12256661057472229,0.0210596714168787,30705.73546781536,18407.46874851381
0.5657123231433403,0.630853209365968,0.3600893666884183,-0.16323957666340608,-0.23882216926770658,0.3901612006266991,0.28127260331145065,-0.19700352354405204,-61.89255950160492,-27.253831315339312,-44.57319540847212,34.63872818626561,-18.103008270263672,-18.099902868270874,-18.101455569267273,0.0031054019927978516,0.004721592180430889,-0.008672365918755531,0.08518828451633453,0.09012709558010101,-0.0034899627789855003,-0.009317666292190552,0.0874885767698288,0.08795034140348434,314.972538980782,35817.85250454666,0.0010589632438495755,304.73530347727313,35806.77903419204,0.0010399913880974054,0.12358536571264267,0.012352224439382553,30980.45653739338,18066.10994109851
-0.0003528058497250812,0.001947488764814359,0.022122948376924148,0.13482855174615221,0.2115789635711861,0.11624343254648839,0.00617366249407969,0.0,-64.41464463859211,-31.884873461854028,-48.14975905022307,32.52977117673808,-18.088124990463257,-18.10527205467224,-18.09669852256775,-0.017147064208984375,-0.009849326685070992,-0.0006982735358178616,0.08988580107688904,0.08575323969125748,-0.0005747904069721699,-0.00988013669848442,0.08599632233381271,0.08930881321430206,319.1842626351013,35817.226833475135,0.0010592304170131683,309.86331380916135,35809.65434477618,0.0010683784494176507,0.12061455100774765,0.020931044593453407,30895.102348032164,18231.05746993252
0.8496705480999313,0.7936295709256298,0.8806935979258025,0.1294129432232026,-0.31929750675052804,0.011663593170690767,0.24592138734001634,-0.2929703699507439,-58.25452572738811,-24.889609399724804,-41.57206756355646,33.36491632766331,-18.085371255874634,-18.089582920074463,-18.08747708797455,-0.0042116641998291016,0.003441021079197526,-0.009297527372837067,0.08525817841291428,0.0904056653380394,0.009475753642618656,-0.003086776938289404,0.08828331530094147,0.0873618945479393,343.87557953234074,35817.014899041766,0.0010555980261415243,314.9293411010658,35804.166962901305,0.0010503629455342889,0.1243361160159111,0.012046340852975845,30978.34807223048,18021.661502855135
-0.8933304146910394,-0.867661965172735,-0.9608783232801229,-0.8060563792673429,-0.4258201399201156,-0.2926224479866566,-0.2960762356554093,1.0,-62.04868163070353,-28.48951635052066,-45.26909899061209,33.55916528018287,-18.094921112060547,-18.087233304977417,-18.091077208518982,0.007687807083129883,-0.008139312267303467,-0.005579960532486439,0.09002044051885605,0.08547060191631317,0.0036485649179667234,0.009271614253520966,0.08769912272691727,0.08799631893634796,330.46796938950655,35818.748999205825,0.0010641171829774976,303.7194331669294,35808.28729392494,0.00105290615465492,0.1230035275220871,0.02080526575446129,30709.12269263467,18406.756543614607
-0.016263747895751173,-0.014330742966594472,0.30083952620225013,0.4423797075330235,0.11642315281748572,-0.07737859151283177,0.0411342607532329,0.0,-55.99051158943854,-25.639188338366125,-40.81484996390233,30.351323251072415,-18.080551624298096,-18.090747594833374,-18.085649609565735,-0.01019597053527832,-0.005314618814736605,0.008419593796133995,0.08545326441526413,0.09031213819980621,-0.0027074080426245928,0.009585151448845863,0.08520389348268509,0.09034539014101028,320.62164227976206,35813.74865059268,0.0010589378653094172,320.40468802144983,35813.18537375315,0.0010708948830142617,0.12293726950883865,0.012969035655260086,31228.51984428699,17766.83400096097
0.08527813305627273,0.10918958907496167,-0.06418366910993788,-0.16280735288445525,0.061692977233313184,0.31932537970976416,0.14806147721250507,0.0,-61.873087166977484,-27.30917797571894,-44.59113257134821,34.563909191258546,-18.079605102539062,-18.081134557724,-18.08036983013153,-0.0015294551849365234,-0.007468888070434332,0.006478273309767246,0.08644438534975052,0.08939065039157867,-0.006479657255113125,0.0075516849756240845,0.0857979953289032,0.08997377753257751,329.4483272441933,35820.33127731685,0.0010575847700238228,304.5221484718252,35810.34499720723,0.0010453410213813186,0.12191846966743469,0.01476174034178257,31233.746739461454,17498.713390852354
8.658694173503331e-05,0.0,0.07437744898738277,0.1885413810111855,0.23804393015469788,0.1131498662222698,0.011168511311123286,0.0,-58.457113837836175,-29.344562805657915,-43.900838321747045,29.11255103217826,-18.08109998703003,-18.078967332839966,-18.080033659934998,0.0021326541900634766,0.009138103574514389,0.003840389894321561,0.09043850004673004,0.08531319350004196,-0.00958283431828022,0.0026731430552899837,0.08862368762493134,0.08723659813404083,321.9843811494835,35811.176564432135,0.0010533874155953526,318.99655814129346,35803.13352947001,0.0010541927767917514,0.1224002093076706,0.021348152309656143,30703.334082071426,18461.972192662026
0.9985072098943792,0.9843037854425071,0.7612274399093282,0.20795397832516635,-0.18765913268756082,-0.1642710234200756,-0.448596006188122,-1.0,-61.13405406290832,-25.675768101566007,-43.40491108223716,35.45828596134231,-18.036091327667236,-18.039594888687134,-18.037843108177185,-0.003503561019897461,0.009333853609859943,-0.0035028373822569847,0.08861301839351654,0.08812553435564041,-0.0067025041207671165,-0.007452002726495266,0.08992891758680344,0.0867030918598175,328.58791572873076,35817.5926997144,0.0010576919885352254,332.8939086986667,35814.02447650153,0.0010533897439017892,0.12118186056613922,0.018986070528626442,31018.469819454513,17589.90748987797
-0.0059168150424452354,0.009951295597852657,-0.026731346992193455,0.0628828701489546,0.17486371063408185,0.05908244722589151,-0.03138112847526531,0.0,-61.91459095373739,-28.603165969496416,-45.2588784616169,33.31142498424097,-18.045482635498047,-18.061994314193726,-18.053738474845886,-0.01651167869567871,-0.008384407497942448,-0.005302063655108213,0.09061992168426514,0.0858687087893486,-0.0017846436239778996,-0.009820828214287758,0.086951844394207,0.08924149721860886,314.7232937862451,35814.90583118666,0.0010575784835964441,297.80414293297696,35805.04745721625,0.0010581170208752155,0.12363027781248093,0.020933516323566437,30707.73254953237,18401.003609449934
0.14174706186850872,0.06632387592788742,0.5277558091569536,0.39034442478684006,-0.21645210128271544,-0.29612795088593835,0.07712465041223548,0.0,-59.48057598503607,-27.42394460090611,-43.45226029297109,32.05663138412996,-18.07482361793518,-18.088665008544922,-18.08174431324005,-0.013841390609741211,-0.000978789757937193,0.009896421805024147,0.08576658368110657,0.09012994915246964,-0.007636719383299351,-0.006368335336446762,0.08992156386375427,0.08569642901420593,321.517111695665,35815.5894659036,0.001058364287018776,304.0345182436104,35809.70588856377,0.0010507239494472742,0.12559320032596588,0.01239856705069542,30729.991191418376,18450.187495771745
0.1892753980503464,0.1892298663731919,-0.08700642801609333,-0.0768360272457988,0.1718262945253703,0.24890379615823344,0.03914817695363726,0.0,-59.02670681215102,-26.152306372591113,-42.589506592371066,32.874400439559906,-18.08511972427368,-18.085732460021973,-18.085426092147827,-0.0006127357482910156,-0.00011172867380082607,-0.009858539327979088,0.08607125282287598,0.0896429494023323,-0.006383596453815699,-0.007641782984137535,0.08929116278886795,0.0864122286438942,308.3892822838742,35812.47751291496,0.0010591846657916903,314.08290114601067,35813.067669672455,0.0010588578879833221,0.12623995542526245,0.012897247448563576,30728.216074897213,18310.556602536828
-0.0035264406673780023,0.0,0.16421570718404854,0.2703082949574969,0.19987739694600765,0.08059168301437447,0.0754327679140756,0.0,-58.88817036945028,-29.311115203468205,-44.09964278645924,29.577055165982074,-18.07556390762329,-18.091566562652588,-18.08356523513794,-0.016002655029296875,0.004834289662539959,0.008664780296385288,0.0884917601943016,0.08744321763515472,-0.0018871620995923877,0.009765047580003738,0.08536530286073685,0.09017825871706009,311.84450873639065,35809.916285379346,0.0010478254407644272,325.87722179292496,35817.53069902901,0.0010612874757498503,0.12630441784858704,0.015755588188767433,30476.96842012677,18358.71136884523
0.9676326195795801,0.9975289820463832,0.8132197797126902,0.07568805668626502,-0.1515891530620773,-0.0008173432356242127,-0.3003340512751317,-1.0,-58.49339069696643,-24.64702090205941,-41.57020579951292,33.84636979490702,-18.056305646896362,-18.050720691680908,-18.053513169288635,0.0055849552154541016,-0.00946876872330904,0.0029336721636354923,0.08868152648210526,0.08764758706092834,0.007123599294573069,0.00704275444149971,0.09003976732492447,0.0863562673330307,313.4810857121025,35809.120736589335,0.0010616825893521309,307.5094842148364,35811.1122824981,0.0010577066568657756,0.12053462862968445,0.019550254568457603,31036.97613928939,17550.434618704847
-0.002750161907754201,0.0,0.017403334962513894,0.11562372078930072,0.1787824888060366,0.07258611455434477,-0.01759659501172406,0.0,-62.01244530419433,-32.525903654192774,-47.26917447919355,29.486541650001556,-18.06191325187683,-18.055851459503174,-18.058882355690002,0.0060617923736572266,-0.009618481621146202,0.002427712082862854,0.08889072388410568,0.08731909096240997,0.0014438183279708028,0.00984756276011467,0.08686679601669312,0.08945120126008987,334.6586696535632,35813.7633234134,0.0010549355065450072,309.8096150757064,35814.9035360757,0.0010685567976906896,0.1204499900341034,0.01954764313995838,31039.1468567624,17537.251759100403
1.0,0.9932765036271813,0.88790814206849,0.32905674107249283,-0.15108122253644757,-0.11367084331957378,-0.3587084490742759,-1.0,-58.691179197840796,-25.00562829631417,-41.848403747077484,33.685550901526625,-18.050538301467896,-18.064998388290405,-18.05776834487915,-0.014460086822509766,-0.009601046331226826,0.002602271270006895,0.08893639594316483,0.08750391006469727,0.006651703733950853,0.007432309910655022,0.08965843915939331,0.08646026253700256,305.2715930864818,35805.48753955961,0.001043895841576159,310.06121554765167,35807.707629932025,0.0010557121131569147,0.12074363976716995,0.01992163434624672,31050.00898571982,17543.189145362947
-0.004822803823409842,0.006524220161465535,-0.04970506506363676,-0.01748962044605268,0.14164360690665828,0.12148235968950172,-0.007057619593218822,0.0,-60.15568718411237,-26.86134547053615,-43.50851632732426,33.294341713576216,-18.036798238754272,-18.04761052131653,-18.0422043800354,-0.01081228256225586,-0.0066906847059726715,0.007330636493861675,0.08643075078725815,0.09025759249925613,-0.009225547313690186,0.0038218675181269646,0.08830851316452026,0.08819308131933212,316.8501678076991,35815.753777781596,0.0010598934022709727,324.2303219342635,35816.96321664412,0.0010672681964933872,0.1230897456407547,0.013555813580751419,31231.59632592784,17614.778229737898
0.053395996942073726,-0.020261073371299024,0.31305069969961924,0.38639397765071115,0.07984547522412913,-0.07557867376603672,0.12948877305692463,0.0,-58.915601570833104,-28.80437069808869,-43.8599861344609,30.111230872744414,-18.028353452682495,-18.01918387413025,-18.023768663406372,0.009169578552246094,-0.00354243372566998,-0.00935123860836029,0.0882241502404213,0.08866962045431137,0.0025886553339660168,0.009717302396893501,0.08777821063995361,0.08929131180047989,309.07366146729373,35805.228480901766,0.0010494395392015576,330.32274792925415,35818.55385152848,0.001065592048689723,0.12704306840896606,0.014656536281108856,30479.72879534598,18459.463068571917
0.28936740121281984,0.2672570951291933,-0.06915534830082581,-0.1371886387490237,0.14552693811411277,0.24282914277982803,0.04551549656989329,0.0,-60.21293936783593,-25.953852610141666,-43.0833959889888,34.25908675769426,-18.028165102005005,-18.04183006286621,-18.034997582435608,-0.013664960861206055,-0.002475447952747345,0.009632171131670475,0.08596000075340271,0.09087604284286499,-0.00985863246023655,0.0018146357033401728,0.08942614495754242,0.08717507869005203,305.039481645645,35813.09988339375,0.0010610693134367466,317.40361775916483,35810.4402365011,0.0010493728332221508,0.12606671452522278,0.012187263928353786,30976.31505620012,18583.61218170261
0.0012598620275632733,0.0,0.09560619748254102,0.23985364723859665,0.21489030604188386,0.10675222019003522,0.04340800614160534,0.0,-60.473794767474885,-31.084767338998716,-45.7792810532368,29.38902742847617,-18.021987676620483,-18.031561374664307,-18.026774525642395,-0.009573698043823242,0.00998593121767044,-0.00028890397516079247,0.09027427434921265,0.08671589195728302,0.009581195190548897,0.002834174782037735,0.09096088260412216,0.08579309284687042,321.15492236141563,35811.26411286923,0.0010545472614467144,302.739938264431,35811.623547568954,0.0010602016700431705,0.12129758298397064,0.021198412403464317,30889.250385397034,18185.0935110021
0.9460652898932453,0.9967441586967037,0.8237555903925783,0.06677781521493936,-0.15387474002856777,0.22583630739184168,-0.13254914052900701,-1.0,-61.08022879669437,-24.78087698990521,-42.93055289329979,36.29935180678916,-18.031392097473145,-18.02790880203247,-18.029650449752808,0.003483295440673828,0.007028978783637285,0.0070251659490168095,0.09017527103424072,0.08662821352481842,-0.009770807810127735,-0.0022335005924105644,0.09092541038990021,0.08590412884950638,313.2775438802919,35810.30513978743,0.001049481681548059,329.2225437817914,35807.23143764047,0.0010487907566130161,0.12519195675849915,0.01918191649019718,30471.278033910137,18541.953071577216
0.01641129808786383,0.0,-0.020757810807590676,0.09203256668061324,0.12587008673124978,0.036302146137962565,-0.06140950295870218,0.0,-60.01025623116084,-26.649926318475423,-43.33009127481813,33.360329912685415,-18.0587637424469,-18.064191341400146,-18.061477541923523,-0.00542759895324707,0.00984171498566866,-0.0011246385984122753,0.08951862156391144,0.08674225956201553,-0.00926847755908966,0.0036545000039041042,0.08822304010391235,0.0879422128200531,321.563673216831,35820.70640933855,0.0010597490472719073,331.158371337893,35819.12815035868,0.001062112976796925,0.12059441953897476,0.020829150453209877,31086.745310109396,17646.22869445878
0.735615115438429,0.6837234004789531,0.9600079683603212,0.2653893331616251,-0.24020841145891736,-0.12817487314640064,0.08640431736474119,-0.4582738120740185,-58.39655894065169,-25.789426481807027,-42.09299271122936,32.60713245884466,-17.96298861503601,-17.957260608673096,-17.960124611854553,0.005728006362915039,-0.009805940091609955,-0.0022330661304295063,0.09158557653427124,0.08657664805650711,-0.002606039633974433,0.00975334458053112,0.08654085546731949,0.09173022210597992,307.9846255733773,35809.65054163449,0.001057084882631898,295.89296733193584,35810.88621893077,0.001049372018314898,0.1233501061797142,0.021873794496059418,30693.354943757935,18780.50579376601
0.021859600669200598,0.05394018146311748,-0.10370724375114775,-0.03257621720272494,0.20771939584316773,0.20135449050682075,-0.01604227177151696,0.0,-63.89140203288821,-30.11244298093814,-47.001922506913175,33.77895905195007,-17.533752918243408,-17.560914754867554,-17.54733383655548,-0.027161836624145508,-0.000880676438100636,-0.010465391911566257,0.0920230969786644,0.09521854668855667,0.007930755615234375,-0.006979395169764757,0.09166888892650604,0.09497533738613129,318.7422262093603,35813.69166999139,0.0010562982643023133,284.140055453721,35806.161647888475,0.0010592545149847865,0.13451609015464783,0.014539876021444798,30725.407826036586,19409.013808931286
0.0009506783444049073,0.0,0.19132960121434392,0.29348049334780524,0.165549728241231,-0.006464593909323746,0.038518607111538095,0.0,-57.893717731911636,-27.81850651535501,-42.856112123633324,30.075211216556625,-18.18036198616028,-18.169609308242798,-18.174985647201538,0.010752677917480469,-0.009811417199671268,0.0006821703864261508,0.08849530667066574,0.08529984205961227,-0.009352615103125572,-0.00310654123313725,0.08955361694097519,0.08440928161144257,324.934180804946,35818.20667343733,0.0010570967569947243,331.71059751624983,35813.81338526004,0.001059601316228509,0.11922603100538254,0.020860368385910988,30885.240881488553,18159.616930682227
0.7077263110017785,0.6915726054139667,0.18118603885798112,-0.1845944325433303,0.06004252242900604,0.46095670106296904,0.06784375305832413,-0.2751565308083741,-59.81383722305077,-24.795370311879708,-42.30460376746524,35.01846691117106,-18.021113872528076,-18.08433175086975,-18.052722811698914,-0.0632178783416748,-0.0011233252007514238,0.00988985039293766,0.08630605041980743,0.09068773686885834,-0.0029310211539268494,0.009525217115879059,0.08525729924440384,0.09042134135961533,316.7889795819201,35813.77314830186,0.0010642544366419315,316.94685692321235,35818.23287294321,0.001066465163603425,0.12668609619140625,0.01255408488214016,30729.911285930146,18298.017053883024
0.007125278575676012,0.0,0.06374064115303232,0.19993090936205618,0.21687340143181766,0.09112400084874445,-0.012639321768370682,0.0,-55.11382345836313,-25.931453513246765,-40.52263848580495,29.182369945116363,-18.03436517715454,-18.036776781082153,-18.035570979118347,-0.0024116039276123047,-0.0036713758017867804,-0.00925360806286335,0.08823360502719879,0.08854230493307114,0.0017798542976379395,0.009822780266404152,0.08722123503684998,0.08948793262243271,304.80976691527155,35806.652410691095,0.0010507863480597734,303.37507023511006,35813.98994018968,0.0010590452002361417,0.12727198004722595,0.014424467459321022,30480.015340507965,18365.305134273596
0.9941379793601688,1.0,0.7397176394557947,0.05787521312050431,-0.3030524143527342,-0.1118557897526522,-0.31814175679578455,-1.0,-60.20932958800165,-25.308716765975475,-42.75902317698856,34.900612822026176,-18.060197830200195,-18.05731773376465,-18.058757781982422,0.002880096435546875,0.0012781149707734585,0.009845535270869732,0.08677308261394501,0.08945741504430771,0.009981358423829079,0.00041282601887360215,0.0901719182729721,0.08608346432447433,312.0283822467977,35813.78581447508,0.001046422403305769,316.08886176707983,35812.462174187676,0.001051623374223709,0.1266283392906189,0.013473272323608398,30726.59265188242,18692.227900933143
-0.004295310491297961,0.004858150330774807,0.019891015032893256,0.11537766498784013,0.17555192830060634,0.10872688285511134,-0.0076813266733017915,0.0,-61.28847453995621,-29.856121586543452,-45.57229806324983,31.43235295341276,-18.044077157974243,-18.063024282455444,-18.053550720214844,-0.018947124481201172,0.005176182836294174,-0.008453696966171265,0.0858604684472084,0.090656578540802,-0.008835812099277973,0.0045663099735975266,0.08772974461317062,0.08845996111631393,310.764074974093,35812.963524114544,0.0010614978382363915,318.3484121236604,35817.52517347098,0.0010691375937312841,0.12424208223819733,0.012407553382217884,30981.914575299263,19119.39094417659
0.7460666185255032,0.6633293691156468,0.952344546132423,0.4195615196415126,-0.2681054132493928,-0.3455383791235117,-0.08796731641287125,-0.5143950524870059,-61.96233836438921,-29.167177322226905,-45.56475784330806,32.795161042162306,-18.025941848754883,-18.02238941192627,-18.024165630340576,0.0035524368286132812,0.007280211895704269,-0.006843792274594307,0.08678293228149414,0.09013006091117859,-0.008210870437324047,-0.0057541318237781525,0.09084374457597733,0.08610646426677704,311.30974536554254,35805.64328238544,0.0010506130056455731,308.998772186142,35811.3516014475,0.0010563618270680308,0.1227072924375534,0.015202289447188377,31234.222034251678,17512.772117496894
0.04211742225023171,0.054221747563965646,-0.08739419714471362,-0.12359933720627544,0.12988136492679658,0.22971101159885543,0.016671462167503703,0.0,-61.319294007128974,-26.54265161730882,-43.9309728122189,34.776642389820154,-18.034870624542236,-18.035354614257812,-18.035112619400024,-0.0004839897155761719,-0.00981109868735075,0.0014427040005102754,0.08962661027908325,0.08712586760520935,-0.009105323813855648,-0.004149431362748146,0.09095977991819382,0.0857124775648117,321.3478239968499,35816.29916882672,0.0010602545225992799,305.64157260874134,35812.142178735594,0.0010641638655215502,0.12078603357076645,0.020250855013728142,31075.000819976765,17593.598612751004
0.00034297732730381725,0.0,0.16824191452899212,0.2476805666708303,0.1536398762410327,0.040885938052032,0.04903004404727085,0.0,-60.49925237594232,-28.427829377596765,-44.46354087676954,32.071422998345554,-18.02843689918518,-18.042731285095215,-18.035584092140198,-0.01429438591003418,0.006347057409584522,0.007699246983975172,0.08984248340129852,0.08703020960092545,-0.009992402046918869,0.0001708115014480427,0.09012603759765625,0.0864359512925148,314.413944938132,35812.20242620044,0.0010477424366399646,327.8928627424605,35820.65596679381,0.0010707419132813811,0.126220703125,0.017799098044633865,30473.19833256638,18462.142360854454
0.9583183339989203,0.9935270300798485,0.6426940424710784,0.025434845893155533,-0.09523732386470568,-0.02832287730696159,-0.41180830255985923,-1.0,-61.83704767034072,-26.771029486917342,-44.30403857862903,35.06601818342338,-18.019853830337524,-18.028407096862793,-18.02413046360016,-0.008553266525268555,-0.009945116937160492,0.000567302224226296,0.09015905857086182,0.08688360452651978,0.005645255092531443,0.008289419114589691,0.08942100405693054,0.08745801448822021,325.4852743184799,35809.651237986305,0.0010566856944933534,300.93996869877515,35806.99921511589,0.001048780744895339,0.12127156555652618,0.020774224773049355,30862.739344343943,18611.04866384219
-0.9816143226060261,-0.9909708853806352,-0.9111255320549027,-0.6702135173257888,0.4705596497560798,0.530821807793147,0.6885058771689998,0.967123998351131,-62.56720706649412,-32.53450127707572,-47.55085417178492,30.0327057894184,-18.041884899139404,-18.038252592086792,-18.040068745613098,0.0036323070526123047,-0.006627037189900875,-0.007450167089700699,0.08984058350324631,0.08675286173820496,-0.005876527167856693,0.00808288250118494,0.08600836247205734,0.090623639523983,312.31666567777086,35812.093799249975,0.001049353159032762,321.03594106745203,35812.228386417715,0.0010585113195702434,0.1254056990146637,0.018456751480698586,30472.27355666545,18496.31332429137
0.9990216169965126,0.9566821243830066,0.9211800083329107,0.1552155717501842,-0.3145569604600422,-0.0944756500635281,-0.1985255969268872,-0.7437663713757846,-59.79984005978491,-26.42217909663259,-43.11100957820875,33.37766096315232,-18.023929595947266,-18.039332628250122,-18.031631112098694,-0.015403032302856445,-0.009663701057434082,0.002569112926721573,0.08923426270484924,0.08774451911449432,-0.006427756976336241,0.007693829946219921,0.08616967499256134,0.09044510126113892,327.12750489847986,35815.566356144576,0.0010560504160821438,321.94430035289184,35814.961176141405,0.001052142702974379,0.12121374905109406,0.01989659108221531,31041.044365110516,17533.45839732365
-0.009863216791783926,0.006825145250210636,-0.06003206845456796,0.010770000263255142,0.14954278265913895,0.1252627060286905,0.027887070537395253,0.0,-61.07291139515081,-27.814425304210033,-44.44366834968042,33.25848609094078,-18.017514944076538,-18.02510142326355,-18.021308183670044,-0.007586479187011719,-0.008757466450333595,-0.004701748490333557,0.0910041481256485,0.08604992181062698,0.008098318241536617,-0.005876221694052219,0.08733735233545303,0.08960840106010437,328.6768818671369,35811.29102800253,0.0010585261043161154,303.16593526477635,35812.025944621,0.0010625512804836035,0.12359500676393509,0.021523738279938698,30704.50929027642,18478.529685127254
0.030968751712649983,-0.005660521951044151,0.2877628392006716,0.38482788953254377,0.13059175494904904,0.052949163803042765,0.1461383516295367,0.0,-57.06626803891743,-24.928036573885436,-40.99715230640143,32.13823146503199,-18.016148805618286,-18.02013874053955,-18.01814377307892,-0.0039899349212646484,-0.002478407695889473,0.009703945368528366,0.0860111266374588,0.09105978906154633,-0.004095359239727259,-0.009159172885119915,0.08861289173364639,0.08844604343175888,325.085341250433,35813.885031048834,0.0010577547363936901,313.09251027903423,35808.78034684817,0.0010569612495601177,0.1255704015493393,0.012051566503942013,30977.52714435819,18092.295154299583
0.7055691151813767,0.6516806058238443,0.0802061582716748,-0.22017929258478355,0.21129203895610166,0.34613453995847276,0.1531832951442813,0.0,-61.85558622263238,-26.755011129422883,-44.30529867602763,35.1005750932095,-18.037047386169434,-18.055812120437622,-18.046429753303528,-0.018764734268188477,0.004698788747191429,-0.008740859106183052,0.08585301786661148,0.09080243855714798,0.009198630228638649,-0.003935676533728838,0.08814844489097595,0.08818336576223373,307.47642246851507,35816.44778338246,0.001054228632710874,334.1029254462611,35814.19159783961,0.0010525945108383894,0.12476053088903427,0.012371462769806385,30980.70856848429,18076.550826215767
0.009987264043888425,0.0,0.07824759678378422,0.2053172166657046,0.22678477146531179,0.11800646609820686,0.023183826192235135,0.0,-55.926071485342106,-26.7073472427478,-41.316709364044954,29.218724242594305,-18.033745288848877,-18.037201166152954,-18.035473227500916,-0.0034558773040771484,0.006248758174479008,0.007750455755740404,0.08973494172096252,0.0870332345366478,0.004371552728116512,0.008990014903247356,0.0886184349656105,0.08809424936771393,299.5102960794007,35806.579601073434,0.0010504894889891148,319.3164482075856,35813.09257297153,0.001057791872881353,0.12650036811828613,0.016705792397260666,30474.90456495317,18396.94713713079
0.9693773586862283,0.9959471084113293,0.8190989775958718,0.08806211858573101,-0.21866403185878877,0.06799423906115576,-0.2463201230112108,-1.0,-59.94692749394534,-23.4557933003951,-41.70136039717022,36.49113419355024,-18.043975830078125,-18.03520679473877,-18.039591312408447,0.008769035339355469,0.004925495944917202,-0.008645681664347649,0.0857786163687706,0.0907319039106369,-0.007887518033385277,-0.0061623528599739075,0.09057774394750595,0.08611885458230972,337.67230978666925,35816.83925937819,0.0010603511473163962,296.48333147746956,35804.28598022425,0.0010460305493324995,0.12406637519598007,0.012461193837225437,30981.064778417167,18276.904382466844
0.0128794142237658,0.0,-0.017965311459201536,0.07723825027136982,0.12501371474801687,0.0602749128321205,-0.0574487895540593,0.0,-61.75855255288724,-30.0575242501194,-45.90803840150332,31.70102830276784,-18.042376041412354,-18.048369884490967,-18.04537296295166,-0.005993843078613281,-0.0014596064575016499,0.009829554706811905,0.0859980508685112,0.0905572846531868,-0.008260194212198257,0.005597222130745649,0.08725672215223312,0.0892193615436554,328.00654500134993,35819.78163068719,0.0010673839133232832,337.20555610910526,35816.82465981138,0.0010616477811709046,0.12637513875961304,0.012525683268904686,30730.134193766724,18347.747797410055
0.1797311915686636,0.0731276476447722,0.6132211905253018,0.23865273516518026,-0.22874869328458639,-0.18051398556977571,0.23866684270487926,-0.03181750169931452,-58.64725722562787,-27.46077383250224,-43.054015529065055,31.186483393125627,-18.01892638206482,-18.03250551223755,-18.025715947151184,-0.013579130172729492,-0.009305138140916824,0.00368893682025373,0.08867715299129486,0.0884091779589653,-0.0076809292659163475,0.006429992616176605,0.08693182468414307,0.08985136449337006,317.9541216027219,35810.21810912787,0.0010479571064934134,315.30369570226236,35810.13852239642,0.001049935119226575,0.12116090953350067,0.019385837018489838,31024.86271430228,17573.9343405126
0.06107559058874506,0.07406117855697929,-0.10048886116807901,-0.08222447254591764,0.20909812452898974,0.23970572636123755,-0.019118385350743394,0.0,-64.89756248325779,-30.891995835102648,-47.89477915918022,34.00556664815514,-18.017332553863525,-18.02100658416748,-18.019169569015503,-0.003674030303955078,-0.009701789356768131,-0.002083253115415573,0.09090813994407654,0.08615713566541672,0.005266324616968632,0.008519450202584267,0.08931155502796173,0.08772450685501099,314.21985432833173,35811.72308248053,0.0010554858017712831,315.25444534555066,35816.83995523874,0.0010604140115901828,0.12180273234844208,0.021418945863842964,30923.850500191325,18274.89844624893
0.005510378542114249,0.0,0.1611185996511407,0.26148407992873257,0.17314143008933391,0.04752208968581728,0.07867568672949155,0.0,-57.97752622100796,-28.89205702431036,-43.43479162265916,29.085469196697602,-18.038088083267212,-18.043431043624878,-18.040759563446045,-0.005342960357666016,-0.003438169602304697,0.009377440437674522,0.08571385592222214,0.09090610593557358,0.0038653318770229816,-0.009235642850399017,0.08563707768917084,0.09086958318948746,327.0972622008143,35813.31484648205,0.001054998952895403,342.8583679743628,35816.68656133513,0.0010690278140828013,0.12494409084320068,0.012072822079062462,30978.6730037686,18065.474902857342
0.9918577766429209,0.9949892760214127,0.6069979694945409,-0.16602212629682703,-0.13179808577606994,0.22707196640791327,-0.014557391993815227,-0.7324827480591249,-59.950836292082926,-25.96336266194004,-42.95709947701148,33.98747363014289,-18.032772541046143,-18.04887294769287,-18.040822744369507,-0.016100406646728516,0.0070007601752877235,-0.007060673087835312,0.08660926669836044,0.0901651605963707,0.009249559603631496,0.0038398951292037964,0.09083080291748047,0.08556310087442398,303.7982587789049,35811.86964553314,0.0010512818116694689,312.9414305270293,35808.28523162396,0.0010525359539315104,0.12283838540315628,0.01442096196115017,31233.598125395758,17544.437740146306
0.9762504912075196,0.9801283694922571,0.8805074322309686,0.7873934291722416,0.7104121388157312,0.5230744545144179,0.24816778437470222,-1.0,-59.97581659123733,-31.29126122561678,-45.633538908427056,28.684555365620554,-18.03815722465515,-18.039352893829346,-18.03875505924225,-0.001195669174194336,0.009954653680324554,0.0006292221369221807,0.09040095657110214,0.0862465426325798,-0.007443486712872982,-0.006658898200839758,0.0903112143278122,0.08631400763988495,323.28545930551354,35813.025157892305,0.0010569373844191432,320.4085070146939,35820.16605585896,0.0010682959109544754,0.12134788930416107,0.021468961611390114,30907.828918085466,18262.03804437605
-0.002018295854621408,0.0018242147578082335,-0.025423437636261686,-0.12311896509869871,0.6893234034936572,-0.5243710541486246,-0.7186126818615534,-0.9989063138830876,-61.9899002348659,-28.749672511293,-45.36978637307945,33.2402277235729,-18.044729232788086,-18.04427146911621,-18.04450035095215,0.000457763671875,-0.008263823576271534,-0.005597470793873072,0.09060660004615784,0.08589154481887817,-0.006863207556307316,-0.007291143760085106,0.08998450636863708,0.08654890954494476,334.03747380810694,35813.7900216737,0.0010568093275651336,320.3677225648205,35810.15357540131,0.0010450988775119185,0.12402097135782242,0.020757410675287247,30709.183644092518,18416.041542565712
-0.0039991294415638555,0.025719233484453846,-0.05574301071105927,-0.004124710416548633,0.16179385339926677,0.17250451462325467,0.01424270739376432,0.0,-60.40735817002752,-27.052933586784206,-43.730145878405864,33.354424583243315,-18.029258251190186,-18.04505944252014,-18.037158846855164,-0.015801191329956055,0.008509576320648193,-0.005121552385389805,0.0877518355846405,0.08912624418735504,-0.009124070405960083,0.004092114046216011,0.08816884458065033,0.0883832797408104,313.63024019554166,35811.39459658226,0.0010551598388701677,332.82060765141426,35813.79240401161,0.001068396377377212,0.12172548472881317,0.016859285533428192,31244.676595642453,17329.3274452426
0.025517441588750127,0.0,0.26784643635483824,0.3468664025318758,0.05942662706317131,-0.023928560950150946,0.05087269979686071,0.0,-58.63313681334989,-27.842286133457492,-43.23771147340369,30.7908506798924,-18.02923321723938,-18.03338646888733,-18.031309843063354,-0.004153251647949219,-0.004095018841326237,-0.009126509539783001,0.08854317665100098,0.08833261579275131,0.005329397041350603,-0.008473031222820282,0.08589984476566315,0.09082172065973282,328.4601033557539,35816.88333400087,0.001055732718668878,316.52438077961637,35815.44218863417,0.0010502730729058385,0.12707646191120148,0.015045871958136559,30478.139426080008,18382.6168416448
0.3993874360571114,0.42173009910975773,-0.0056165313323681965,-0.21922842318095875,0.19618226629121055,0.39254822553883606,0.14389228526960085,0.0,-63.271427724572106,-29.182510818412993,-46.22696927149255,34.08891690615911,-18.042277097702026,-18.039790391921997,-18.04103374481201,0.002486705780029297,-0.009842753410339355,0.0012517140712589025,0.08965478837490082,0.08694232255220413,0.008081743493676186,0.005879857111722231,0.09061343222856522,0.0859866589307785,319.0526883076785,35806.002465882055,0.001053821761161089,314.49626871772836,35813.96224453633,0.0010564880212768912,0.1207590401172638,0.02015135996043682,31078.2091146793,17604.93597571277
0.010967186346012715,0.0,0.050087875800067,0.18010177153962695,0.21934319927537682,0.06212647590259901,-0.007333403320926579,0.0,-60.99118909693857,-28.840948539083172,-44.91606881801087,32.1502405578554,-18.032491207122803,-18.046393394470215,-18.03944230079651,-0.01390218734741211,0.008086465299129486,0.005805397406220436,0.09065818041563034,0.08609763532876968,0.000509187753777951,-0.00997275859117508,0.0861639529466629,0.09031381458044052,294.41345589749795,35806.78154479739,0.0010444431100040674,304.8137953536438,35804.22216067549,0.0010540704242885113,0.12448949366807938,0.020598243921995163,30466.865428626345,19568.229092467376
0.9963386774243684,0.9665724863040971,0.7450092050223887,0.020489183292641905,-0.2547368469130464,-0.09369206230441524,-0.26388543832917993,-1.0,-63.43776046490518,-28.27000493828939,-45.853882701597286,35.16775552661579,-18.004876375198364,-18.012335300445557,-18.00860583782196,-0.007458925247192383,-0.002615900943055749,-0.009649412706494331,0.08797499537467957,0.08939569443464279,-0.009446881711483002,0.0034187554847449064,0.08889070898294449,0.08832603693008423,335.23605369571544,35818.91966817308,0.0010599957313388586,321.2132134758003,35814.505123023315,0.0010594431078061461,0.12736941874027252,0.01463822927325964,30478.874086030475,18576.931667368928
0.009306345190518416,0.0,-0.008897572619495059,0.07731332067453461,0.16718479779449663,0.11007800016868124,0.009148466629538943,0.0,-61.39345620283274,-27.221848614625856,-44.3076524087293,34.17160758820688,-18.026922941207886,-18.02771806716919,-18.027320504188538,-0.0007951259613037109,0.005555674899369478,-0.008255215361714363,0.08609936386346817,0.0907682254910469,-0.007910307496786118,0.006136063486337662,0.08714953809976578,0.08973759412765503,326.0624371738517,35812.471777905004,0.0010591096943244338,333.6554901403315,35815.13160602105,0.0010540984803810716,0.12401428073644638,0.012779275886714458,31226.847858096546,18436.164166037954
0.09472769075263206,-0.008862602467053372,0.4083727273418429,0.49519882503393964,-0.09467589364021678,-0.36591940759761166,0.19958210955525435,0.0,-57.13519832451885,-24.502588680621557,-40.818893502570205,32.6326096438973,-18.02899479866028,-18.040378093719482,-18.03468644618988,-0.011383295059204102,-0.0031441538594663143,0.009494895115494728,0.08581598103046417,0.09098930656909943,0.009670193307101727,0.002581924432888627,0.09084758907556534,0.08572511374950409,305.8935660531328,35809.34048987092,0.0010511435102671385,318.40166145176175,35817.35969105186,0.0010680761188268661,0.12523722648620605,0.012000380083918571,30978.476897908902,17998.43374821942
0.11705292231511182,0.12609328399912564,-0.08031192506202711,-0.06826241650298737,0.16073069522090794,0.2900732038760534,0.04496255666084692,0.0,-62.8335717106998,-26.577103616687964,-44.70533766369388,36.25646809401184,-18.017677068710327,-18.028687238693237,-18.023182153701782,-0.011010169982910156,0.009889328852295876,-0.0010286830365657806,0.08997480571269989,0.08712194114923477,-0.00934277381747961,-0.0035931780003011227,0.09103738516569138,0.08577052503824234,331.6486572454485,35818.084039068664,0.0010646163718774915,304.6988369871479,35807.99792816543,0.0010454219300299883,0.12113875895738602,0.02034539170563221,31074.84204237141,17597.544229710144
-0.004886513854867905,0.0,0.11498264223565799,0.21384775991312263,0.19436743977589366,0.061773695061446476,0.018015849130038952,0.0,-60.99837596814734,-30.005302391061434,-45.50183917960439,30.99307357708591,-18.016717433929443,-18.022853136062622,-18.019785284996033,-0.006135702133178711,0.00718167657032609,-0.006949232425540686,0.08683854341506958,0.09026206284761429,0.0087821613997221,-0.004802654031664133,0.08799062669277191,0.08901239931583405,331.38897578910445,35814.53719673917,0.0010555197950452566,336.7273369451588,35810.84394000546,0.0010562766110524535,0.12284254282712936,0.01479310542345047,31232.670314043706,17509.445166666934
0.9881620563805866,1.0,0.7825436590447046,0.17412220101908898,-0.18878271697360632,-0.15060384927201925,-0.42253748233738864,-1.0,-60.33076086854135,-24.408881928234734,-42.36982139838804,35.92187894030661,-18.027783632278442,-18.030794858932495,-18.02928924560547,-0.0030112266540527344,0.0094336848706007,-0.0032447590492665768,0.08882502466440201,0.08808209002017975,-0.004558849614113569,0.008916039019823074,0.0857846662402153,0.0909816324710846,319.131621314904,35814.900798109375,0.0010542948730289936,313.01317076549236,35813.281864856806,0.0010507374536246061,0.12122303247451782,0.019169319421052933,31026.066379676333,17571.999845928527
-0.0025210162725000096,0.0021589263756510136,0.01995951791266974,0.1220686206254939,0.2039762247258639,0.102639908329057,-0.03653697793814703,0.0,-60.711688825416616,-30.729365007333968,-45.72052691637529,29.982323818082648,-17.99649477005005,-18.003830909729004,-18.000162839889526,-0.007336139678955078,-0.0029665054753422737,0.009542014449834824,0.08620283007621765,0.09127405285835266,-0.0001257733383681625,-0.010031826794147491,0.08681610226631165,0.09053877741098404,325.0515478813371,35808.64012230297,0.0010543233947828412,301.3914629289824,35812.60395527881,0.0010490885470062494,0.1261066496372223,0.012161646969616413,30977.569490310685,18235.073369193782
0.2134355979900787,0.11642942213363114,0.5139223782384107,0.20485183699303933,-0.2835234195016964,-0.4054207464372145,0.16389590031239387,0.0,-61.81931580018244,-28.883402563952416,-45.351359182067426,32.93591323623002,-18.011783361434937,-18.00898790359497,-18.010385632514954,0.0027954578399658203,-0.005528738722205162,-0.008337101899087429,0.08953885734081268,0.08768526464700699,-0.004560890607535839,-0.008956613019108772,0.0889989510178566,0.08828550577163696,327.133041113686,35810.56473796119,0.0010477567557245493,313.0783970740798,35804.40169832368,0.00105015910230577,0.12657009065151215,0.016994472593069077,30474.61479875762,18425.28624191586
0.04681597853859194,0.06166341066974144,-0.08958668902755758,-0.11245803943474797,0.1453938710414957,0.17711735476006796,-0.006286029276317273,0.0,-64.77744236305443,-29.476600375336886,-47.12702136919566,35.30084198771755,-18.012163639068604,-18.018362522125244,-18.015263080596924,-0.006198883056640625,-0.002938726916909218,-0.009488662704825401,0.08807531744241714,0.08915532380342484,0.010039902292191982,0.0003185021923854947,0.09053365886211395,0.08651483058929443,303.94222316961776,35811.156568812,0.00105370266828686,336.2768666969531,35816.074041645435,0.0010537252528592944,0.12735433876514435,0.015172244049608707,30479.033605080233,18346.030362407844
0.010594661097843194,0.0,0.21238179004641375,0.344904472449692,0.2017273269748433,0.06277165161866838,0.0779622235788261,0.0,-58.666041649953684,-27.99532184509559,-43.330681747524636,30.670719804858095,-18.007829189300537,-18.023120164871216,-18.015474677085876,-0.015290975570678711,0.009478284046053886,-0.0032269831281155348,0.08905091881752014,0.08826137334108353,0.002197980647906661,-0.009778233245015144,0.08597303181886673,0.09095589816570282,312.20365005163296,35804.36867695893,0.0010478332405909896,317.0953051528652,35819.62890250711,0.0010581474052742124,0.12133272737264633,0.019769132137298584,31040.372667438718,17551.168088009486
0.9417057512277093,0.9922051672670761,0.6754324104844616,-0.1661670839115015,-0.16109356290881152,0.2952198187058951,-0.002915329124859034,-0.34546529866562603,-62.15730326265788,-29.04657884194208,-45.60194105229998,33.1107244207158,-18.014085292816162,-18.017672300338745,-18.015878796577454,-0.003587007522583008,-0.0093247564509511,0.003523452440276742,0.08882121741771698,0.08836875855922699,0.0053003509528934956,0.008495604619383812,0.08935660123825073,0.08774792402982712,315.2969375089452,35806.134485303715,0.0010549413273110986,298.5643488829538,35806.86255407855,0.0010492454748600721,0.12139512598514557,0.01886851154267788,31020.7109737778,17624.59674857352
0.9945068883646161,0.996158222783926,0.8774565835844585,-0.22292963250477676,-0.3016019607936316,-0.4659494645593286,-0.7332614317669316,-0.9813693598744754,-57.145476228520636,-27.466240233277205,-42.30585823089892,29.67923599524343,-18.02674651145935,-18.02322506904602,-18.024985790252686,0.003521442413330078,0.0030678678303956985,-0.009482116438448429,0.0858791172504425,0.0909784659743309,-0.006677391938865185,-0.007446777541190386,0.09007778018712997,0.0868927463889122,308.3197697143053,35813.50671547852,0.0010537010384723544,312.60365934585707,35807.50802863835,0.0010538819478824735,0.12537842988967896,0.011838320642709732,30978.498267412404,18091.62512499148
0.9952277693029703,0.9722544798168917,0.9802705293170447,0.15862375800866704,-0.3281404257938276,0.28295785375500826,0.2055410804884803,-0.6298318769690434,-58.92524345452239,-27.298296282428737,-43.11176986847556,31.62694717209365,-18.00787091255188,-18.028383255004883,-18.01812708377838,-0.02051234245300293,0.009557049721479416,-0.0029077925719320774,0.08921533823013306,0.08809690922498703,-0.004382769577205181,0.009017564356327057,0.08579129725694656,0.0910220742225647,304.87362727722115,35806.68947006888,0.001040202216245234,333.8248699674146,35817.87055836118,0.0010576010681688786,0.12136723846197128,0.019679605960845947,31038.5057647509,17543.53082584551
-0.010451546524862356,0.002938045232680085,-0.041870789739360766,-0.027749118780009796,0.06849020169119296,0.08052654790105307,0.014982520437527458,0.0,-67.23772950133997,-32.84089451298405,-50.03931200716201,34.39683498835592,-18.012845516204834,-18.01707148551941,-18.01495850086212,-0.004225969314575195,0.006070470903068781,0.007897725328803062,0.08981534093618393,0.08738480508327484,0.009939877316355705,-0.001398683525621891,0.08987544476985931,0.08722615242004395,330.99359519392476,35812.93678480099,0.0010656689992174506,319.21428754688714,35813.10186250224,0.0010564221302047372,0.125671848654747,0.01897636242210865,30471.17712042256,18564.62323805745
0.9677261484871094,0.9744217661157041,0.9645274492385534,0.998993110488528,0.8620660076819532,0.5448930334413423,-0.7836436469624091,-0.9974613865036921,-57.3291146722745,-26.044751783164656,-41.68693322771958,31.284362889109843,-18.028091192245483,-18.02335500717163,-18.025723099708557,0.004736185073852539,0.008266129530966282,0.005649155005812645,0.09079313278198242,0.08604134619235992,-0.007180193439126015,-0.006992875598371029,0.0903640165925026,0.08658994734287262,340.0677987170179,35817.868244952006,0.0010607008589431643,307.88434035325497,35809.75756356978,0.0010471789864823222,0.1248137503862381,0.020011521875858307,30467.513096391707,18702.99212467464
0.54456248155736,0.5205960263238925,-0.07706501001879287,-0.2347707283077818,0.29725174157856993,0.45325344718550387,-0.029576150178630578,-0.22248093934748547,-60.2266666188209,-24.083647282537697,-42.1551569506793,36.1430193362832,-18.04448127746582,-18.081517219543457,-18.06299924850464,-0.03703594207763672,-0.008141412399709225,0.005628212820738554,0.08729781210422516,0.0892668217420578,8.314746082760394e-07,-0.009970488026738167,0.08597999811172485,0.08979004621505737,323.9442933243808,35816.12184007141,0.0010614099446684122,332.0643154341897,35814.295610058034,0.0010655067162588239,0.12184692919254303,0.015956059098243713,31239.75505578185,17365.343903084166
0.017568015670536875,0.0,0.03576517940365867,0.1297988329094565,0.16037708421842511,0.039737841042860045,-0.010999938785572594,0.0,-60.70687092485366,-28.695907338550512,-44.701389131702086,32.01096358630315,-18.060293197631836,-18.026100397109985,-18.04319679737091,0.034192800521850586,0.006816360633820295,-0.007228616159409285,0.08622555434703827,0.0899825468659401,0.008719949051737785,-0.004948251415044069,0.08786128461360931,0.08907211571931839,320.15202230566473,35815.100309983114,0.0010576910572126508,320.48093450303435,35815.2931785342,0.00105523900128901,0.12246504426002502,0.014176563359797001,31231.72262037612,17573.39712596411
0.9982119250536861,0.9854633616624306,0.8097583871353702,0.22383075325119045,-0.12155036662975527,-0.08758258726884594,-0.3019053303983491,-1.0,-60.80776860567937,-26.31968326645449,-43.56372593606693,34.48808533922488,-17.503197193145752,-17.61764883995056,-17.560423016548157,-0.11445164680480957,0.009287135675549507,0.005072101950645447,0.09658730775117874,0.09126130491495132,-0.009578967466950417,0.004351703450083733,0.09259992092847824,0.09285522997379303,330.3621847751514,35808.1333488229,0.0010525163961574435,311.19235460556416,35816.09648846983,0.0010602219263091683,0.1313275694847107,0.02242438495159149,30707.273437472213,18392.16552336691
0.004069085251472883,0.0,0.010898046367648628,0.1101337338954902,0.1571813928981582,0.07259561283982352,-0.011948173673593687,0.0,-61.31869733264901,-29.18842126911028,-45.253559300879644,32.13027606353873,-18.016403913497925,-18.047208786010742,-18.031806349754333,-0.030804872512817383,-0.00040533128776587546,-0.009953681379556656,0.08685358613729477,0.09025739133358002,0.002992413006722927,0.009521683678030968,0.08774302899837494,0.08876445144414902,323.9779822722785,35807.51968311974,0.0010530705330893397,336.7180118825628,35807.801578336934,0.001054568449035287,0.1273621916770935,0.013292711228132248,30727.844832946063,18377.94427065427
0.021740364382658726,-0.006232180197903294,0.22480671922643952,0.24140624178437076,0.048093738027302296,0.11260331825859882,0.18135631868936453,0.0,-60.11727425201167,-27.72734017287621,-43.92230721244394,32.38993407913546,-18.623499870300293,-19.77959156036377,-19.20154571533203,-1.1560916900634766,-0.002104509389027953,0.009085738100111485,0.08025464415550232,0.08486203104257584,-0.007989112287759781,-0.0018479982390999794,0.07431544363498688,0.07021810859441757,284.06814812183336,35817.64045676273,0.0010548457503318787,270.42067601449054,35811.99425114264,0.0010502396617084742,0.11781370639801025,0.011353992857038975,30976.3560647552,18366.80132993889
0.1075263971315079,0.1469350295638541,-0.09265747634498848,-0.08713237637380272,0.24800431350755658,0.3313740271722082,0.05993596451373229,0.0,-63.787182758645656,-28.041786289998413,-45.914484524322035,35.74539646864724,-19.183109998703003,-19.503681659698486,-19.343395829200745,-0.3205716609954834,-0.0012582448543980718,0.008568799123167992,0.0754677802324295,0.07936685532331467,0.0038045283872634172,0.0075683388859033585,0.07489833235740662,0.07435832917690277,312.81778591087584,35814.189771520294,0.0010613579070195556,324.8460481788835,35819.022945716184,0.0010699053527787328,0.11086829006671906,0.011197330430150032,30728.76345956276,18251.249229973662
0.001187000959263898,0.0,0.1807409059848899,0.218074150623068,0.09734455412625631,-0.019555466598521976,-0.004257760656378062,0.0,-57.37608727314654,-27.04686552428268,-42.21147639871461,30.32922174886386,-19.315942525863647,-19.30903911590576,-19.312490820884705,0.006903409957885742,0.008306972682476044,0.0022961613722145557,0.07842528074979782,0.07403460890054703,0.0025910241529345512,0.008247241377830505,0.07587164640426636,0.07676790654659271,309.330664427748,35812.405364647144,0.001063482603058219,311.0948245374712,35815.111868234206,0.0010638640960678458,0.10578756034374237,0.018757617101073265,30695.82067955985,18618.76509944886
0.7787690618693347,0.8382743862263673,0.6787419323390517,-0.15647307532169547,-0.014130886453431968,0.46903530676758953,0.1677720664564779,-0.3461973616744555,-60.09663945790231,-25.76047701898139,-42.92855823844185,34.33616243892092,-19.22317147254944,-19.22702670097351,-19.225099086761475,-0.0038552284240722656,-0.0025886897929012775,0.008281882852315903,0.07483026385307312,0.07927047461271286,0.005311028566211462,0.006925661116838455,0.07812853157520294,0.0759461522102356,307.48012204074547,35810.61418391465,0.0010560669470578432,291.3399122385737,35810.79476539853,0.0010456152958795428,0.1094805970788002,0.010548482649028301,30977.568473247302,18199.56598932196
0.9967540935992518,0.9997669431792103,-0.12967163482967503,-0.23232888145629116,-0.3105525679888392,-0.48585187450073547,-0.7447588114700328,-0.9749028422346032,-60.592038373229,-29.714524762187466,-45.153281567708234,30.877513611041536,-19.261075258255005,-19.342918395996094,-19.30199682712555,-0.08184313774108887,0.0037722133565694094,-0.007766096852719784,0.07451466470956802,0.07891624420881271,-0.00549415173009038,-0.006615473888814449,0.07724853605031967,0.07478070259094238,321.64866989219416,35813.528689827406,0.001058404566720128,307.1394181228598,35803.1882822941,0.001053371699526906,0.10822831094264984,0.010526486672461033,30979.310032418074,18073.485930307128
0.9654355988011321,0.9979610917664037,0.9485585144973993,0.03138679674840879,-0.32094249545621095,0.007059886715163666,0.19373805899126972,-0.4368228378454344,-61.820345991648395,-28.00546611981099,-44.91290605572969,33.814879871837405,-19.44815754890442,-18.884516954421997,-19.166337251663208,0.5636405944824219,0.006982499733567238,0.004812304861843586,0.07706129550933838,0.0731065422296524,0.008903860114514828,0.0018718212377279997,0.08234933018684387,0.07787366956472397,330.1910722554917,35811.84774444087,0.0010480826022103429,313.26403251354895,35812.75693783206,0.001055145519785583,0.10529537498950958,0.01752658747136593,30710.54897027019,18359.05136146328
-0.008954753702323624,0.012996312561471915,-0.03319222806291459,0.02215948054053843,0.12960850995075968,0.12491350145439473,0.0204612902051865,0.0,-64.32470015600632,-32.04214912254872,-48.18342463927752,32.282551033457594,-18.273619413375854,-17.555025815963745,-17.9143226146698,0.7185935974121094,-0.001082579605281353,-0.00960975605994463,0.08461718261241913,0.0873362198472023,0.003802783554419875,0.009845487773418427,0.09320458769798279,0.09359709173440933,346.81461707590097,35811.201891866316,0.0010620782850310206,369.5753791684346,35817.917107305635,0.0010570819722488523,0.12332852184772491,0.01347984466701746,30481.39640742527,18863.2295466601
0.03407537797541968,-0.0006925265857133489,0.3482967117334635,0.3827658150779733,-0.09469552175848847,-0.30011093757626195,0.08451840997142446,0.0,-56.562242715441414,-27.603448095657654,-42.082845405549534,28.95879461978376,-17.01168656349182,-17.03587055206299,-17.023778557777405,-0.024183988571166992,-0.007245591841638088,-0.008591923862695694,0.10105475783348083,0.09777843207120895,0.00445528794080019,-0.010336903855204582,0.09614546597003937,0.10206787288188934,335.1017975701741,35808.28073036511,0.00105364341288805,324.3679416680723,35811.306471358104,0.001060371519997716,0.14219149947166443,0.01919538900256157,30474.034990534437,18431.832390732397
0.31151113534314395,0.3208399820464251,-0.07528496288340786,-0.1353304310513156,0.12123998621628523,0.28170554668334025,0.024660093608577127,0.0,-63.45204145237477,-26.54020694424213,-44.99612419830845,36.91183450813264,-17.1191143989563,-17.268205881118774,-17.193660140037537,-0.14909148216247559,-0.005810231901705265,0.009367129765450954,0.09553130716085434,0.10082205384969711,0.006074806675314903,-0.00910165160894394,0.09387127310037613,0.09912685304880142,350.6683408638887,35815.76155071543,0.0010597752407193184,326.05755081116723,35816.28401364726,0.0010648348834365606,0.13833847641944885,0.013911583460867405,30980.785370472324,18114.437245045097
-0.000909505902424267,0.0,0.08480630603868618,0.18516508709196708,0.18935637929354654,0.08906278824602187,0.025829893708394946,0.0,-57.84806633315981,-28.579072988016208,-43.21356966058801,29.2689933451436,-17.86701798439026,-17.975716590881348,-17.921367287635803,-0.10869860649108887,-0.00172655307687819,-0.010017737746238708,0.08892939984798431,0.0912686362862587,-0.009791824035346508,0.002332563977688551,0.08987029641866684,0.08808977901935577,309.1546762650942,35815.43696663692,0.0010591470636427402,310.25102932336927,35806.229459414906,0.0010585644049569964,0.12972614169120789,0.013854609802365303,30726.310315049253,18848.37582521392
0.9918563402711259,0.9951276401207165,0.7824450115511173,0.20526411083223117,-0.15507622737210267,-0.15679979217954765,-0.4352851459869141,-1.0,-64.8737741806188,-27.61959401773146,-46.24668409917513,37.25418016288734,-18.415958881378174,-18.371973037719727,-18.39396595954895,0.043985843658447266,-0.00919867493212223,0.0025372428353875875,0.08524642139673233,0.0839248076081276,-0.008810773491859436,0.003930331207811832,0.08493202924728394,0.08509673178195953,329.86884234020874,35819.21921845713,0.0010590875754132867,323.9527928928344,35812.43357982238,0.0010563230607658625,0.11595597863197327,0.01821347512304783,31029.253256437496,17576.473610768386
-0.9825948467342345,-0.9836531661613422,-0.8984025020811056,-0.6834318734569015,-0.5016344243132779,0.5521786430522666,0.6959844080139076,0.9729692112933589,-61.59801771637353,-28.64307234901497,-45.12054503269425,32.95494536735856,-18.611758947372437,-18.59249234199524,-18.602125644683838,0.019266605377197266,-0.006507318466901779,-0.006661279127001762,0.08430948853492737,0.0810660868883133,-0.0016935470048338175,0.009233362972736359,0.08058461546897888,0.08512181788682938,330.01076828752036,35812.94336206571,0.0010627025039866567,342.71374256107794,35814.54987013303,0.001065539661794901,0.11722636222839355,0.017682692036032677,30470.6139803603,18552.557384794127
0.3766367133832502,0.2650882183887898,0.7417358796036276,0.30057138154033664,-0.28429702635374415,-0.18946816791972576,0.24452094405500924,-0.011194711428690773,-59.47916800161454,-26.840634108281677,-43.15990105494811,32.63853389333286,-18.65092158317566,-18.68435263633728,-18.66763710975647,-0.033431053161621094,-0.009284460917115211,0.0005118592525832355,0.08387129753828049,0.08075936883687973,0.0005177946877665818,-0.009271140210330486,0.08004855364561081,0.08393047004938126,304.07617765480995,35811.008707940404,0.0010469384724274278,304.0018932891909,35816.72085503015,0.0010643810965120792,0.11295859515666962,0.019714340567588806,30885.62284960189,18182.829863813473
0.07115011599016352,0.07448056558559812,-0.09321494184765461,-0.07086300449983818,0.1965997613816634,0.24433949104126373,0.024905048253601292,0.0,-62.06575448186459,-27.811028829710438,-44.93839165578751,34.25472565215415,-18.63882303237915,-18.65500569343567,-18.64691436290741,-0.016182661056518555,0.006633177399635315,-0.006442312151193619,0.08085400611162186,0.08401263505220413,-0.002675343304872513,0.008927746675908566,0.07983796298503876,0.08467082679271698,346.3240516287092,35812.03641599172,0.001061512273736298,310.15829856709996,35808.01355313271,0.0010531734442338347,0.11472491919994354,0.013006812892854214,31231.49841924918,17593.99833578059
0.9839654012131422,0.9818284199477231,0.9280903440134316,0.9139619604887986,0.7687808272421438,0.5114018861852968,0.24271987551726004,-1.0,-59.15804460545536,-27.163947546995473,-43.160996076225416,31.994097058459886,-18.659024238586426,-18.6622953414917,-18.660659790039062,-0.0032711029052734375,0.009293015114963055,0.00015067288768477738,0.08404341340065002,0.08042281121015549,-0.006896642968058586,-0.006245729513466358,0.08405667543411255,0.08034397661685944,339.38331495859586,35815.8182792262,0.0010540634393692017,330.3084250917818,35813.6704506556,0.0010644817957654595,0.11290863156318665,0.019751429557800293,30902.676153872337,18224.122190201255
0.9708757795084703,0.9989679741015584,0.7033023997473209,-0.17461369183675343,-0.049771759655627745,0.1985126300379504,-0.07294404044548886,-0.7357843275171838,-61.781771089728295,-27.215546384563652,-44.49865873714597,34.56622470516464,-18.6751127243042,-18.681762218475342,-18.67843747138977,-0.006649494171142578,0.00831715576350689,0.003985910210758448,0.08443854004144669,0.07970083504915237,0.008610467426478863,0.0035086048301309347,0.08445163071155548,0.07954790443181992,328.3398520006689,35817.86226879136,0.001058173249475658,334.0461362660276,35808.98968989236,0.0010514415334910154,0.11454828083515167,0.019831812009215355,30703.051902263247,18484.168926229173
0.006233044142898995,0.0,0.040415597933922395,0.16838948880450635,0.22936152932098608,0.09584612662211306,-0.012615401409977745,0.0,-59.453561367669636,-29.199173184540484,-44.32636727610506,30.25438818312915,-18.6529541015625,-18.661693334579468,-18.657323718070984,-0.008739233016967773,-0.006342062260955572,0.006764132063835859,0.08053312450647354,0.08405352383852005,-0.0032741837203502655,0.008714466355741024,0.07975553721189499,0.08462583273649216,321.95716637066323,35818.02434296082,0.001055907690897584,318.22825121007537,35815.41675156967,0.001066612545400858,0.11432033777236938,0.013196654617786407,31231.882884445735,17539.93436077354
0.9960293849489015,0.9942055782167969,0.862037071115763,0.17431969644066453,-0.22127113843841623,-0.10739948929545723,-0.30092406646248654,-1.0,-60.696050707173924,-23.09509067193079,-41.89557068955236,37.60096003524313,-18.66529107093811,-18.660168647766113,-18.662729859352112,0.00512242317199707,-0.005901487544178963,0.007122848182916641,0.08023758232593536,0.08410848677158356,-0.004070492461323738,-0.008377241902053356,0.08247894048690796,0.0820024162530899,336.52934051536846,35812.6811467061,0.0010428997920826077,310.4392833462402,35813.41798145181,0.0010477068135514855,0.11460332572460175,0.012707832269370556,31229.832012124443,17769.999876048183
-0.9686740704739449,-0.9623238531054107,-0.9217750904662919,-0.7419375845666345,-0.5016096074458551,-0.38060412624064677,0.7473932513963372,0.9848216566334431,-60.64962124980724,-26.551249501477287,-43.60043537564226,34.09837174832995,-18.677111864089966,-18.68515372276306,-18.681132793426514,-0.008041858673095703,-0.006823469419032335,-0.006198575254529715,0.08385752141475677,0.08027355372905731,0.006929952651262283,-0.00617914367467165,0.08051586896181107,0.08346741646528244,318.58844598108055,35806.96619343217,0.0010586027055978775,338.75551224543995,35814.081142042094,0.0010679239640012383,0.11620029807090759,0.018199874088168144,30469.740685308017,18576.892301747943
0.08874493637803656,0.02703307578841348,0.5088049431150892,0.4166419618909885,-0.19351821408342643,-0.3228083648953538,0.10162493608182299,0.0,-55.81408741965254,-24.673415983473348,-40.24375170156294,31.14067143617919,-18.66742968559265,-18.68190884590149,-18.67466926574707,-0.01447916030883789,0.008283693343400955,0.004207418765872717,0.08451180905103683,0.07976595312356949,-0.0024999622255563736,-0.00895962119102478,0.08139527589082718,0.08266937732696533,332.1220259552732,35810.221292707654,0.0010521577205508947,292.8363076157911,35811.843796592126,0.0010632904013618827,0.11531892418861389,0.019400503486394882,30708.431132594484,18402.064487048643
0.22995908638635415,0.1949813530239514,-0.09860761378876066,-0.15641543859922227,0.14448789277004154,0.23398664448857598,-0.06757111870548194,0.0,-65.00828289590919,-28.634262162387472,-46.82127252914833,36.37402073352172,-18.651920557022095,-18.652238845825195,-18.652079701423645,-0.00031828880310058594,-0.00795617327094078,-0.004657588433474302,0.08453907072544098,0.08004967123270035,-0.008977122604846954,0.002552458317950368,0.08291937410831451,0.08170722424983978,343.5314953714894,35810.500867143994,0.0010573271429166198,318.3310665042231,35807.092454097634,0.0010523840319365263,0.11470924317836761,0.01985412836074829,30703.770130230456,18504.156494033297
0.0009640354239716323,0.0,0.08755909678084663,0.2216081526080283,0.1533538735831418,0.04427062594032999,0.023997509504618986,0.0,-59.30993650077977,-29.750213843234008,-44.53007517200689,29.559722657545763,-18.667516708374023,-18.659991025924683,-18.663753867149353,0.00752568244934082,-0.00741558987647295,0.005575317423790693,0.0810539498925209,0.0832771509885788,-0.003632679581642151,-0.008571706712245941,0.08223728090524673,0.08224862068891525,328.2188943384628,35818.70895817614,0.0010562126990407705,335.982413517252,35815.67435998045,0.0010658521205186844,0.11325965821743011,0.015258689410984516,31240.013978752206,17360.413532798524
0.9450776714842429,0.9977151230778449,0.7914853980816509,-0.1011183527108698,-0.19988354647469614,0.18228490558904753,-0.2095802155689891,-1.0,-62.06767218800371,-25.67960782674345,-43.87364000737358,36.38806436126026,-18.66245985031128,-18.67188811302185,-18.667173981666565,-0.009428262710571289,0.008532492443919182,0.00359318102709949,0.08456713706254959,0.07980867475271225,0.00471104821190238,0.0080382339656353,0.08274811506271362,0.0815056711435318,326.53452121177844,35816.746498545064,0.0010625171707943082,326.8902507299878,35807.87476537351,0.00104947027284652,0.11430902034044266,0.020052175968885422,30700.289275380237,18548.69464645614
0.010511593776878847,-0.0003133610335586604,-0.00037503387051787684,0.11949046143522327,0.14990716937380316,0.07559309795770341,-0.034273627123737715,0.0,-60.285200320021175,-28.949785723741968,-44.61749302188157,31.335414596279207,-18.639276027679443,-18.643372058868408,-18.641324043273926,-0.004096031188964844,0.0055878967978060246,0.007402773946523666,0.08354435116052628,0.08132579922676086,-0.007773970253765583,0.00513859000056982,0.08153615146875381,0.08325676620006561,317.5853757747924,35813.812776194856,0.0010522078955546021,329.71301298633085,35819.01497256574,0.001061095274053514,0.11777111142873764,0.016162773594260216,30474.310017241416,18425.00628231367
0.8821100883531178,0.8212975573567498,0.9920473603622657,0.4351653583787227,-0.21465989384890088,0.045559733766074695,0.2198812196508887,-0.34881962501782726,-60.20706308769667,-27.37657667357945,-43.79181988063806,32.83048641411722,-18.63707661628723,-18.630666732788086,-18.63387167453766,0.006409883499145508,-0.007763977628201246,-0.005152272991836071,0.08465471118688583,0.08020754903554916,0.0037510362453758717,-0.008571291342377663,0.08002857863903046,0.08493881672620773,321.4005132088677,35809.76025328351,0.0010561046656221151,338.340364780049,35816.2331615104,0.0010541152441874146,0.11592923104763031,0.019172202795743942,30711.081942308127,18395.41306284981
-0.002807097414672045,0.020811215188306188,-0.05357588300296332,-0.03905752174610799,0.22250902919565485,0.15858237634967276,-0.04324296676552464,0.0,-61.19155693623347,-27.038825879148817,-44.11519140769114,34.15273105708465,-18.63283634185791,-18.648873567581177,-18.640854954719543,-0.0160372257232666,-0.009072832763195038,-0.0017731809057295322,0.08467080444097519,0.08028240501880646,-0.0019485512748360634,0.009144946932792664,0.08000581711530685,0.08462277799844742,301.93562966238596,35811.02924487435,0.0010541833471506834,320.07640572307207,35815.4263722419,0.0010539614595472813,0.11363658308982849,0.020390285179018974,30930.04850547364,18267.807850831112
0.005202238418162108,-0.0004285520643983624,0.2037213750292348,0.33485465126192815,0.15950875182378813,-0.0010574316559423536,0.07209931960345706,0.0,-59.06024457238067,-30.3052694090716,-44.68275699072613,28.75497516330907,-18.626760244369507,-18.63447070121765,-18.63061547279358,-0.007710456848144531,0.004741920158267021,-0.008056794293224812,0.08019157499074936,0.0848584845662117,0.002901350846514106,-0.008863033726811409,0.08002100884914398,0.0848786011338234,335.75490265454795,35808.132925135076,0.0010583996772766113,311.35869984853673,35811.24100554554,0.0010607667500153184,0.11572668701410294,0.012014787644147873,31225.88550448486,18337.335084394927
0.8124196632643975,0.794826911739079,0.20931580023676488,-0.19017675975314327,0.07706904495905365,0.4385634197015429,0.2655960932193099,-0.23754364117586568,-62.55282048714503,-25.933749183529414,-44.24328483533722,36.61907130361561,-18.63287925720215,-18.628504276275635,-18.63069176673889,0.004374980926513672,-0.009204022586345673,0.0010210114996880293,0.0838046595454216,0.08118346333503723,-0.007200581021606922,0.005968706216663122,0.0811794325709343,0.08388067781925201,348.06254285229863,35813.378196163874,0.0010520621435716748,331.35062883103245,35818.37587203651,0.0010529359569773078,0.11283495277166367,0.018904471769928932,31075.778850081693,17597.005563861127
0.006567759931009469,0.0,0.041778084897759055,0.1581206136103974,0.16430553906468226,0.0418970687702217,-0.013820825979349971,0.0,-60.07403478284721,-30.051632908049896,-45.06283384544855,30.02240187479731,-18.63497018814087,-18.646581172943115,-18.640775680541992,-0.011610984802246094,0.0018967485520988703,-0.00909548532217741,0.08018865436315536,0.08471477031707764,0.008914553560316563,0.002727063838392496,0.08474884927272797,0.07992062717676163,321.3596818374985,35808.27688195291,0.0010559211950749159,322.0619659444435,35812.17973804315,0.0010667468886822462,0.11764250695705414,0.011475438252091408,30975.955953325178,18708.776035894796
0.9944884863280367,0.999628379207295,0.9130057565027463,0.26855758080953085,-0.1724275249077486,-0.0904653639291102,-0.359445254925447,-1.0,-58.7564975029332,-21.971019472075056,-40.36375848750413,36.785478030858144,-18.632774353027344,-18.645544052124023,-18.639159202575684,-0.012769699096679688,0.00888783298432827,0.0027401039842516184,0.08486103266477585,0.08007599413394928,-0.008084136061370373,-0.004670578986406326,0.08471217751502991,0.07997823506593704,340.95643722683684,35817.2201400181,0.0010618631495162845,310.8332516675741,35813.505997719665,0.0010512168519198895,0.11439341306686401,0.020307959988713264,30696.322780711187,18616.562905092385
-0.004451166858615796,0.0027654073045063534,-0.028779258568416233,0.08865572054656193,0.1764304161780305,0.08508975312097822,-0.035019405874429754,0.0,-62.75985451348606,-29.796266787017373,-46.27806065025172,32.96358772646869,-18.643405437469482,-18.642632961273193,-18.643019199371338,0.0007724761962890625,0.008284873329102993,0.004113955423235893,0.08470674604177475,0.08003607392311096,-0.009095660410821438,0.002111041685566306,0.0832388624548912,0.08156654983758926,324.88253171569505,35810.47840740462,0.001054375316016376,320.4050553187638,35812.289001908124,0.0010681229177862406,0.11461946368217468,0.019957905635237694,30702.903507865056,18474.441804896946
0.07537383366492877,-0.008577097613614772,0.2267089512149202,0.18159332755626595,-0.06420593057109417,-0.12990846248585175,0.10543842503654821,0.0,-60.094578517251364,-28.622799191385127,-44.358688854318245,31.471779325866237,-18.653725385665894,-18.654366731643677,-18.654046058654785,-0.0006413459777832031,-0.0047556255012750626,-0.007996650412678719,0.08293071389198303,0.08167047053575516,0.001057595363818109,0.009277164936065674,0.08094290643930435,0.08362523466348648,324.3329085159687,35811.66642900213,0.0010506012476980686,341.1798082784257,35814.17056028905,0.0010648515308275819,0.11802777647972107,0.015020654536783695,30476.575368149086,18376.180965359043
0.10420156718822228,0.08345949258385248,-0.08557048661032661,-0.09811402303945549,0.2515704770310754,0.3560979545889076,0.11866559994560644,0.0,-64.57272757807885,-29.13944367247325,-46.85608562527605,35.433283905605606,-18.643934726715088,-18.658859729766846,-18.651397228240967,-0.014925003051757812,0.009174357168376446,-0.0010018347529694438,0.0837002694606781,0.08108015358448029,0.0033911874052137136,-0.008676398545503616,0.07976596802473068,0.08466777950525284,327.68402178460354,35814.5293651014,0.0010558601934462786,304.64487796050486,35808.205699989616,0.0010541208321228623,0.1128363385796547,0.01863820105791092,31068.617452677783,17577.15341778797
-0.002056143364508202,0.0,0.20389650443213245,0.25576976471114926,0.1088008005328111,-0.027214144090973502,0.037124030899009175,0.0,-60.27294895375019,-28.998127345042235,-44.63553814939621,31.274821608707953,-18.641525506973267,-18.6432945728302,-18.642410039901733,-0.0017690658569335938,0.00802756566554308,-0.0046886056661605835,0.08182340115308762,0.08301199227571487,-0.0039199236780405045,0.00849062204360962,0.07991469651460648,0.08481216430664062,333.51517585869215,35809.884673720066,0.0010554095497354865,331.432786478672,35810.83305919417,0.0010693431831896305,0.11320380866527557,0.016723040491342545,31248.892972064437,17377.299975103073
0.8355366084447216,0.9184240148169611,0.6185164758301136,-0.1758401677203966,-0.05576760337541259,0.4602575110145798,0.21862894477138728,-0.24621594293398286,-59.662649456756526,-25.034157817908124,-42.348403637332325,34.6284916388484,-18.644938468933105,-18.641183376312256,-18.64306092262268,0.0037550926208496094,0.005400049965828657,0.007525329012423754,0.0833987295627594,0.08136709779500961,-0.009338624775409698,-0.0002753518638201058,0.08427470177412033,0.08052361011505127,328.2867434163579,35813.769374162206,0.0010559112997725606,324.9840729085008,35814.59577626385,0.0010526289697736502,0.11771785467863083,0.015925368294119835,30474.738291725687,18411.982294094847
0.0030131471130162703,0.0,-0.017028150719016255,0.16971616132788794,0.20346004628183595,0.034116362470751393,-0.07930748526095355,0.0,-60.59486777172714,-28.124528706411724,-44.35969823906943,32.470339065315414,-18.633811473846436,-18.63981604576111,-18.636813759803772,-0.0060045719146728516,-4.8387591959908605e-05,0.009273135103285313,0.08072710782289505,0.08422549813985825,-0.007507059257477522,0.00553284864872694,0.08133643865585327,0.08351815491914749,315.0572543633668,35811.89011223033,0.0010593123733997345,303.57430422356697,35805.152922213114,0.0010541571537032723,0.11840199679136276,0.012109923176467419,30728.19197451182,18295.336419255684
0.994522552319735,0.9253480395285564,0.8423833154187332,-0.07281692643998602,-0.3159664042570098,0.17742794746570123,0.19684583572734138,-0.6094678549223992,-57.747521911801414,-23.713993409846466,-40.73075766082394,34.03352850195495,-18.63075017929077,-18.63499164581299,-18.63287091255188,-0.004241466522216797,0.0005971509963274002,-0.009300794452428818,0.0805434137582779,0.08445322513580322,0.004728242289274931,0.008081791922450066,0.08310379832983017,0.0818483829498291,348.40087504594766,35815.455354336635,0.0010594524210318923,326.8507425832197,35812.12224369438,0.001060902955941856,0.11799295246601105,0.011636621318757534,30729.622187400324,18366.669787004415
-0.006843080108060281,0.007087938672528218,-0.0428160288896375,0.017563567968045063,0.1358830470884369,0.11776781935840408,0.02137090283445553,0.0,-63.547983079206574,-30.142310577015337,-46.845146828110956,33.40567250219124,-18.64334225654602,-18.643258810043335,-18.643300533294678,8.344650268554688e-05,0.00040127758984453976,0.00924376118928194,0.08083439618349075,0.08394617587327957,0.008831363171339035,-0.0029823188669979572,0.08278454095125198,0.0820174515247345,347.05170337044166,35813.97167585801,0.0010567838326096535,312.9892330926474,35814.39536978782,0.0010653893696144223,0.11828158050775528,0.012574560008943081,30726.380013116537,18595.65320440443
0.04128671621178518,0.0,0.4580501472973527,0.35989466992803537,-0.07500475321560832,-0.12983891831921462,0.1609201716245393,0.0,-57.59942439939016,-25.88003181421837,-41.739728106804264,31.71939258517179,-18.63558530807495,-18.645213842391968,-18.64039957523346,-0.009628534317016602,0.006528383120894432,0.006652323063462973,0.08409976214170456,0.08081803470849991,-0.002981599885970354,-0.008856257423758507,0.08198394626379013,0.08277793973684311,333.555167119793,35810.10906783106,0.0010581385577097535,309.1905089798596,35808.70562772277,0.0010610960889607668,0.11759020388126373,0.01690015383064747,30471.757710801747,18506.040355770252
0.3424481799920474,0.3415760643013587,-0.024627101762629403,-0.23539525578156617,0.29424474620726615,0.4673017547052911,0.04041160323842807,-0.01117399218543813,-60.73866718664351,-23.82623639703732,-42.282451791840415,36.91243078960619,-18.624262809753418,-18.635196685791016,-18.629729747772217,-0.010933876037597656,-0.007112530991435051,0.005935754626989365,0.08128435909748077,0.08386877179145813,-0.004461863078176975,-0.008210709318518639,0.08293531090021133,0.08201727271080017,330.8460367083228,35808.84765825827,0.0010590542806312442,309.00434380179144,35816.5355382602,0.0010616452200338244,0.11434079706668854,0.013952236622571945,31235.810702891795,17462.937476103885
0.0063817992951851355,0.0,0.12051508108162035,0.21806995631576712,0.1898087188520785,0.037167548277137696,-0.01580904977095443,0.0,-59.75125595635228,-29.213147532273695,-44.48220174431299,30.538108424078587,-18.62608313560486,-18.624138832092285,-18.625110983848572,0.0019443035125732422,-0.008386697620153427,-0.004072730895131826,0.08493877202272415,0.08012282103300095,-0.0074203540571033955,0.00568352360278368,0.08139650523662567,0.0837530642747879,323.6318228363415,35811.32496601507,0.0010502329096198082,320.3547576084861,35815.330165653635,0.001056141802109778,0.11534180492162704,0.019677195698022842,30705.127073338826,18437.498103953694
0.9339301654352112,0.9948391487414434,0.5884580526171045,-0.16774600176849755,-0.33253616774093003,0.15584598152843,-0.2370580694621615,-0.9300082328214747,-61.597699080676165,-26.050933756814004,-43.824316418745084,35.54676532386216,-18.642101287841797,-18.64871621131897,-18.645408749580383,-0.0066149234771728516,-0.0030795440543442965,0.008747540414333344,0.07999952137470245,0.08476287871599197,-0.00897358637303114,0.0026050389278680086,0.08291727304458618,0.08177578449249268,303.46618337155775,35805.575280576515,0.0010588502045720816,330.13995478525356,35817.08160346219,0.0010624181013554335,0.11698143184185028,0.011326175183057785,30977.937993886328,18144.026054104637
-0.0032009937568137532,0.0020161622483466637,0.033929769870945634,0.14416268305909227,0.1731076098392988,0.07616289481455207,-0.024450307553028128,0.0,-62.430797670570655,-30.87549604480347,-46.65314685768706,31.555301625767186,-18.646299839019775,-18.663697242736816,-18.654998540878296,-0.017397403717041016,0.007879450917243958,-0.004837909713387489,0.08169746398925781,0.0830511748790741,-0.0016437334707006812,-0.009140177629888058,0.08113203942775726,0.08327189832925797,312.6105124041085,35809.96954698832,0.001053841901011765,324.7773259694493,35815.88378713913,0.0010667600436136127,0.1135266125202179,0.01570604369044304,31243.71791566621,17351.362998633354
0.9994595658524488,0.956087459480739,0.9203043604101635,0.2237297705115511,-0.30846749275128793,-0.09103860367582606,-0.06115926235098046,-0.7112261152888368,-61.06281716428629,-26.021228389267435,-43.54202277677686,35.04158877501885,-18.645570278167725,-18.652896881103516,-18.64923357963562,-0.007326602935791016,-0.008498407900333405,-0.0037886302452534437,0.0847494900226593,0.07994189113378525,-0.008614125661551952,0.003571289125829935,0.082355797290802,0.08226358145475388,342.504476522229,35819.434202874094,0.001059425063431263,324.09372261641914,35811.50723047813,0.0010514719178900123,0.11480987071990967,0.019884150475263596,30702.22588917643,18525.716247075834
-0.00954753305129245,0.033530407461465295,-0.08894327703270649,-0.06855672874188429,0.1399316512715233,0.13856932409763933,0.01315866039303537,0.0,-61.476428655008135,-26.88941032830337,-44.18291949165575,34.587018326704765,-18.66102933883667,-18.65446925163269,-18.65774929523468,0.006560087203979492,0.001906908699311316,-0.009031861089169979,0.07998212426900864,0.08443263918161392,0.008442645892500877,-0.003974634222686291,0.08211125433444977,0.08247704803943634,328.5543832984482,35816.17084691887,0.001054107560776174,327.74382318995134,35809.908592655505,0.0010667659807950258,0.11726240813732147,0.011502966284751892,30731.363184875165,19041.534017795748
0.010208778843977853,-0.006936164924414216,0.2591443543388317,0.40134682917632514,0.06316033798104839,-0.08047852276756134,0.025528745543075937,0.0,-59.199491513167175,-28.438970478299325,-43.81923099573325,30.76052103486785,-18.65668535232544,-18.673043251037598,-18.66486430168152,-0.016357898712158203,-0.005347535014152527,-0.0076036700047552586,0.0832521840929985,0.08128656446933746,-0.008296532556414604,0.004232294391840696,0.08178506046533585,0.08245045691728592,319.7797538008218,35810.41668866524,0.0010489957639947534,332.8171735614073,35814.82387658668,0.0010682956781238317,0.11788284778594971,0.015493551269173622,30475.584351141137,18393.867032468675
0.13927696506089715,0.1285565950026042,-0.07518734177364603,-0.16480540123351378,0.11595070239120925,0.24781502529077593,0.09812536868286559,0.0,-62.0719206598572,-26.416564251509612,-44.244242455683406,35.655356408347586,-18.636698722839355,-18.644388914108276,-18.640543818473816,-0.0076901912689208984,-0.0052469102665781975,0.007615808863192797,0.08030668646097183,0.08457538485527039,-0.007954275235533714,-0.0048954421654343605,0.0846853256225586,0.0800289586186409,334.54816175883104,35812.5482581284,0.0010616392828524113,322.2689046674891,35810.67028845208,0.0010526193073019385,0.11577573418617249,0.011852310039103031,31226.723766413783,18839.72572705192
0.001532964576294437,0.0,0.07798945102056228,0.19360219745729482,0.21380511774157634,0.09144773344282403,0.014722457493263286,0.0,-60.56798648639483,-30.20938088126178,-45.388683683828305,30.35860560513305,-18.642635345458984,-18.639798164367676,-18.64121675491333,0.0028371810913085938,0.0017399655189365149,0.009125572629272938,0.08139651268720627,0.08341039717197418,-0.00915613304823637,-0.0017340383492410183,0.0846697986125946,0.08013803511857986,337.08457590827794,35815.104014518685,0.0010568298166617751,312.4266259881435,35814.97860359337,0.0010638826061040163,0.11838359385728836,0.012925502844154835,30481.253429762535,18733.719052445358
0.9733803845801132,0.9971116435608632,0.7876576441547772,0.13544942468807045,-0.16654047652240647,-0.20685380611475562,-0.4529378116447738,-1.0,-58.695333971507125,-23.379364848330283,-41.037349409918704,35.31596912317684,-18.649425506591797,-18.651087284088135,-18.650256395339966,-0.0016617774963378906,-6.014591781422496e-05,-0.009274820797145367,0.08062117546796799,0.0840347409248352,-0.00021487401681952178,0.009323585778474808,0.08046036958694458,0.08415206521749496,324.17727274291184,35813.630586722255,0.0010570529848337173,330.5287786846711,35814.232392562095,0.0010558761423453689,0.11817145347595215,0.011957244016230106,30728.590000734348,18263.33402641668
0.013933021205356498,-0.0001468775474406057,0.037469690929166355,0.15338143629603282,0.19480290949864065,0.08435395317898303,-0.0042813933850444075,0.0,-59.94639683628441,-28.525328067505995,-44.2358624518952,31.42106876877841,-18.635514974594116,-18.65252137184143,-18.644018173217773,-0.017006397247314453,-0.009282185696065426,0.0001544122933410108,0.08414007723331451,0.0807817131280899,-0.001336434273980558,0.009230494499206543,0.08011627197265625,0.08445297926664352,328.6107416419072,35818.226267597034,0.0010659912368282676,337.29901230276494,35813.944223230086,0.0010721853468567133,0.11300790309906006,0.01980300061404705,30888.98555605126,18193.91122488485
-0.24935137084556291,-0.2779622170850644,-0.001445505531836755,-0.5442544947328873,-1.0,0.4167847386672642,0.9918480861821176,0.7372349291308183,-57.848737665781925,-24.689119519209868,-41.2689285924959,33.15961814657206,-18.658405542373657,-18.674272298812866,-18.66633892059326,-0.015866756439208984,-0.00669624051079154,-0.006425207946449518,0.08398037403821945,0.08050230890512466,0.0032575419172644615,-0.008704651147127151,0.07962243258953094,0.08452020585536957,333.8361923834712,35809.084224283084,0.0010488281259313226,311.7515122786209,35806.72168360211,0.0010546388803049922,0.11695253849029541,0.017194876447319984,30471.80076881108,18508.362009026292
0.046220967214635596,0.09125181684182414,-0.09294831368701464,-0.11435976447744825,0.15541386016594266,0.20215633310439185,0.0336448526096802,0.0,-62.83120311974443,-29.92528632751936,-46.378244723631894,32.90591679222507,-18.71440052986145,-18.70538592338562,-18.709893226623535,0.009014606475830078,0.0034305211156606674,-0.0085085928440094,0.07935167104005814,0.08404833823442459,-0.009122111834585667,-0.001619052141904831,0.0840134397149086,0.07955386489629745,352.79930352259356,35816.908477961486,0.0010599559172987938,335.75489724027875,35816.65029030194,0.0010656046215444803,0.1159261018037796,0.011307389475405216,30977.309777478713,18118.24044879858
0.0005060481590870886,-0.0008686737916332243,0.2280835778323489,0.34093543125438525,0.22241332080028703,0.06489621420937564,0.07922988025909539,0.0,-58.87984585870362,-28.99648711333714,-43.93816648602038,29.88335874536648,-18.684303760528564,-18.705209493637085,-18.694756627082825,-0.020905733108520508,-0.006567212752997875,0.006543268449604511,0.08033664524555206,0.08365733921527863,-0.0010768495267257094,-0.009218115359544754,0.0804927870631218,0.08311579376459122,317.2746168537598,35815.029625896816,0.0010567259741947055,319.1473957752375,35816.10753654643,0.0010608291486278176,0.11374340951442719,0.013969717547297478,31234.34381980235,17466.081303471597
0.4234711335845489,0.4563139484653288,0.17332397338216704,-0.2122138662232972,0.034463696757564444,0.4543869527792913,0.21082229335751235,-0.08392799121344219,-61.603636728227684,-27.063746172065294,-44.33369145014649,34.53989055616239,-18.69215726852417,-18.692104816436768,-18.69213104248047,5.245208740234375e-05,0.006512338761240244,0.006509503349661827,0.08354895561933517,0.08030442148447037,-0.006902179680764675,-0.00623788358643651,0.08378252387046814,0.08005069196224213,310.73631854080895,35811.71628635545,0.0010506537510082126,321.0191268202585,35808.1939320665,0.0010466952808201313,0.11606328934431076,0.017835114151239395,30470.683252099217,18550.315160483937
0.0015536763984214646,0.0,0.0173066291807335,0.1484880822253596,0.16941976309483647,0.05805089932877522,-0.027020730392081305,0.0,-62.24507738410276,-31.260406834954637,-46.7527421095287,30.98467054914812,-18.689173460006714,-18.687337636947632,-18.688255548477173,0.0018358230590820312,-0.006299993488937616,0.006722212769091129,0.08020765334367752,0.08369680494070053,-0.0034390147775411606,0.008597718551754951,0.07951382547616959,0.08438494801521301,324.1352280081569,35811.496245870374,0.0010553795145824552,318.0828065403603,35808.39195937468,0.0010604661656543612,0.11404965817928314,0.013021006248891354,31231.372133954923,17630.428792804614
0.9947554610502533,1.0,0.8006098057503425,0.19259486348521668,-0.13556941681939144,-0.16307319026959133,-0.41133252395213443,-1.0,-60.573293361458354,-24.626807129662893,-42.600050245560624,35.94648623179546,-18.69532823562622,-18.698019981384277,-18.69667410850525,-0.0026917457580566406,-0.002305528149008751,0.008938668295741081,0.07955727726221085,0.08419959992170334,0.005980510264635086,-0.007099516689777374,0.07989183068275452,0.08382663130760193,340.19912221471526,35808.317003952805,0.001050404505804181,320.6942370100326,35807.562913573136,0.0010512523585930467,0.11659754067659378,0.011327783577144146,30976.29455176622,18265.03234051582
-0.0009836551166652035,0.0,-0.019092657845770244,0.09904366537109974,0.18239336380308285,0.12220279068128381,0.014481410700352249,0.0,-60.932537487649654,-28.429119423007194,-44.680828455328424,32.50341806464246,-18.681963682174683,-18.69680404663086,-18.68938386440277,-0.014840364456176758,0.0034580775536596775,-0.008560551330447197,0.07963290065526962,0.08437491208314896,0.0017739702016115189,0.009100817143917084,0.0808916911482811,0.08288618922233582,332.7596469617603,35811.37380462621,0.001061218441464007,324.44278750480703,35814.06886911806,0.0010580726666375995,0.11624765396118164,0.01124088279902935,30977.940947381423,18090.494419631694
0.16330445667484672,0.10374386870489186,0.6062062882737362,0.4050841973139418,-0.18555977002478719,-0.2831499360125202,0.2443707536969103,-0.05700439599982765,-57.63968138413895,-26.46520595455368,-42.05244366934632,31.17447542958527,-18.694193363189697,-18.693368434906006,-18.69378089904785,0.0008249282836914062,0.009250964038074017,-0.00027989631053060293,0.08353962004184723,0.0802692174911499,-0.0038456921465694904,-0.008451365865767002,0.08203645050525665,0.08181717991828918,326.67168469832995,35818.20777736317,0.001052933861501515,318.7111885272631,35807.90960073933,0.001057261019013822,0.11246969550848007,0.019731177017092705,30902.341345191995,18214.056097206452
-0.8271422453643218,-0.8345516768878196,0.0,0.06105356908504583,0.5627404104127889,0.7748751705109702,0.7130346450531064,0.9436420935823234,-62.791065006581846,-27.983333630030927,-45.387199318306386,34.80773137655092,-18.678501844406128,-18.67222547531128,-18.675363659858704,0.006276369094848633,-0.005530599504709244,-0.007369963452219963,0.08315994590520859,0.0809696763753891,-0.006781179457902908,-0.006385075859725475,0.0839022696018219,0.08031082898378372,344.7090926749733,35816.73312278338,0.0010647986782714725,335.7897708239606,35816.42418107273,0.0010678221005946398,0.11684536933898926,0.016617687419056892,30472.8980574163,18478.064834478006
-0.0037746305319037695,0.0,0.09276017078592722,0.2381341805911662,0.17725545934525522,0.045795630597572023,-0.005806036084595845,0.0,-59.6769730147916,-28.682105789321298,-44.17953940205645,30.9948672254703,-18.657972812652588,-18.671938180923462,-18.664955496788025,-0.013965368270874023,0.007862644270062447,-0.004982217215001583,0.08149126172065735,0.08302609622478485,0.0066942814737558365,0.00642747338861227,0.08385807275772095,0.08036647737026215,325.4433757226141,35815.92742120585,0.0010545136174187064,307.3617787276617,35817.258129027505,0.0010641600238159299,0.11315365880727768,0.016308803111314774,31244.076128951834,17328.580057147283
0.9170038362874484,0.9946742921937564,0.64533825513779,0.04221489183858779,-0.36699487255339885,0.1528411144778854,-0.3181325510617723,-0.856795100604199,-59.700595701149894,-23.962341781483076,-41.831468741316485,35.73825391966682,-18.640756607055664,-18.652853965759277,-18.64680528640747,-0.012097358703613281,0.004911838099360466,-0.007876803167164326,0.08014441281557083,0.08464990556240082,-0.007676177658140659,0.005312045104801655,0.08133511245250702,0.08327259868383408,316.9239284823872,35813.48471575525,0.0010566266719251871,310.9169664660423,35810.63864860308,0.0010606468422338367,0.11566757410764694,0.011811395175755024,31227.034825822553,18814.012000753813
0.004328253565323439,0.0,0.04032851204971653,0.15362669021767347,0.2170029007935328,0.0903601141368855,-0.01055841842747196,0.0,-61.545317742549116,-31.25081041356208,-46.3980640780556,30.294507328987038,-18.63624930381775,-18.63844871520996,-18.637349009513855,-0.002199411392211914,-0.009264497086405754,0.0003204977256245911,0.0840633288025856,0.0808488130569458,0.009325973689556122,0.0002442878612782806,0.08426688611507416,0.08058679848909378,331.10358831630714,35813.6188971365,0.0010552200255915523,328.94373362534907,35814.5511591176,0.0010616519721224904,0.11281478404998779,0.01957247592508793,30874.95900819595,18248.76930614415
