0.012531834484178345,0.0,-0.0020057045668266937,0.08942532350753385,0.17036752006797073,0.08552085774370738,-0.008084757561302558,0.0,-156.4847100657828,-133.74417660748867,-145.11444333663573,22.740533458294124,-22.312519550323486,-22.353203296661377,-22.33286142349243,-0.040683746337890625,0.005711539648473263,0.001980464207008481,0.05553272366523743,0.052450552582740784,-0.0019006459042429924,0.005752922967076302,0.05217524617910385,0.055297158658504486,-229.30569206882814,35840.67972192672,0.0010382476029917598,-179.34470328748597,35822.7224738308,0.0010405139764770865,0.07632455974817276,0.010706653818488121,30755.848852568884,18025.996395569273
0.8072165166624516,0.8975667453262051,0.8559181907746699,0.4230685093593288,0.14988326506232952,0.1300593057936964,-0.20955208260609726,-1.0,-153.40785000917748,-125.69214927507119,-139.54999964212433,27.715700734106292,-22.41715908050537,-22.464609146118164,-22.440884113311768,-0.04745006561279297,0.0020957146771252155,-0.0056047216057777405,0.051799602806568146,0.05488811805844307,0.0006996027659624815,0.0059665655717253685,0.052185021340847015,0.05394497141242027,-178.12079412500105,35822.99942516401,0.0010614905040711164,-191.76266217058404,35825.15320302,0.001061321352608502,0.07430049777030945,0.009867225773632526,30735.68766770814,19376.671320798017
0.3405094993892434,0.12507112455048855,-0.10861668705786834,0.11720445434333296,0.08090939011864073,0.026483927094689608,-0.17959448606567052,0.0,-153.52207223552637,-124.95943971214882,-139.2407559738376,28.562632523377545,-22.546818256378174,-22.54340410232544,-22.545111179351807,0.003414154052734375,0.003924096934497356,-0.004381598439067602,0.05147174745798111,0.05365798994898796,-0.005108297802507877,-0.0030024293810129166,0.05403788387775421,0.05111056938767433,-216.26900169726346,35833.86145581077,0.001032878179103136,-157.26936582209464,35831.06185856132,0.001054828055202961,0.07358936965465546,0.010512002743780613,30958.379092945917,18637.560836197783
-0.06563661710708706,0.022647593983250575,0.23442002726694178,0.36138084065326753,0.2768457536597514,0.0073017731253332,0.11087391538949354,0.0,-151.45036370572478,-127.81165151304612,-139.63100760938545,23.638712192678668,-22.52183437347412,-22.50699281692505,-22.514413595199585,0.014841556549072266,0.003816070966422558,-0.004524999298155308,0.05153718590736389,0.053889647126197815,-0.0047518350183963776,0.003584770020097494,0.05213827267289162,0.05348396301269531,-179.18133817255483,35850.800733659875,0.0010858686873689294,-120.12941020739372,35819.09887860091,0.0010393239790573716,0.07356403768062592,0.010414686053991318,30960.74327624661,18441.270512318562
0.9762861155642542,0.8321948393483605,0.5171397032640064,0.2082896821129884,0.18152120442135344,0.08091885670530308,-0.7304451710847549,-0.9713413650707596,-156.91736727098314,-127.75858177107102,-142.3379745210271,29.158785499912113,-22.439124584197998,-22.46987819671631,-22.454501390457153,-0.030753612518310547,0.004297245293855667,-0.004168483428657055,0.05226635932922363,0.05417729169130325,0.005278812721371651,-0.002798878587782383,0.05283958837389946,0.05324312299489975,-212.3258595639095,35827.58813590536,0.0010266340104863048,-209.22668263547607,35828.24406528758,0.0010789765510708094,0.07399719953536987,0.010441187769174576,30963.40703944232,18287.056317297956
0.028368385032563,0.0,-0.04060709609964794,0.07218297103405741,0.11967613803745125,0.005669247465803884,-0.03194973275737634,0.0,-154.57818814772537,-128.72193253659503,-141.6500603421602,25.856255611130337,-22.45758056640625,-22.42382526397705,-22.44070291519165,0.03375530242919922,0.002452232874929905,0.00542716309428215,0.05309230834245682,0.05314461141824722,0.0057764421217143536,-0.0016289383638650179,0.053779419511556625,0.05286465957760811,-149.8058475764991,35853.273225086,0.0010837834561243653,-150.35962917417413,35838.56177630942,0.0010457917815074325,0.07522087544202805,0.010147024877369404,30764.903021210983,17938.75155651737
0.925959022641566,0.9159970480059789,0.7520838530636939,0.28345907748068155,0.0415990995416341,0.13451213590487254,-0.11219775505695972,-1.0,-152.95233470992775,-126.5137151536029,-139.73302493176533,26.438619556324852,-22.469360828399658,-22.463157176971436,-22.466259002685547,0.006203651428222656,-0.004529677797108889,0.003874685149639845,0.052236881107091904,0.053842395544052124,0.005367349833250046,-0.002637156518176198,0.052977509796619415,0.05318780988454819,-155.25466524453728,35823.92871638771,0.0010705463355407119,-210.03525710258828,35827.489571387945,0.0010702441213652492,0.07350790500640869,0.011199921369552612,30961.901920996166,18078.338414014815
0.5957585206299285,0.2349445002103569,-0.011404016940450915,0.2912464306801448,0.6254256280721439,-0.5409149188814356,-0.7525450106144751,-0.7239279923131945,-158.61406368180832,-127.58923580773586,-143.1016497447721,31.024827874072457,-22.617015838623047,-22.752223014831543,-22.684619426727295,-0.1352071762084961,-0.002081471960991621,0.005449899937957525,0.05065666139125824,0.05360771715641022,-0.00575493136420846,-0.0004435046575963497,0.052602868527173996,0.05005745589733124,-204.8942438106438,35834.96870292604,0.0010368421208113432,-256.80324519324273,35818.151261721105,0.001052853767760098,0.07320341467857361,0.009999431669712067,30512.116639016687,18820.598106593876
-0.19958609832565666,-0.25094289443761436,0.0789881642458729,0.34522703333006943,0.19740822907230454,-0.023313440172531452,0.005374522486924382,0.0,-151.76837327789565,-129.03318201020534,-140.4007776440505,22.73519126769031,-24.08395767211914,-24.273293018341064,-24.178625345230103,-0.18933534622192383,0.004921021405607462,0.000560414046049118,0.045156653970479965,0.042909152805805206,-0.004689202643930912,0.0013352781534194946,0.04344582557678223,0.04274294152855873,-251.4320728591351,35856.780022041625,0.0010861740447580814,-203.5693109064192,35820.98517291302,0.001038244809024036,0.06196589767932892,0.008988589979708195,30751.58586243083,18094.412408078013
0.9757180523875025,0.7770398038464759,0.46281225627121503,0.3172506177461946,0.3423699534936094,0.04550334055190708,-0.5041869279708531,-1.0,-157.15610962536704,-128.78619743436406,-142.97115352986555,28.36991219100298,-22.70334005355835,-22.80458688735962,-22.753963470458984,-0.10124683380126953,0.004364999011158943,-0.0037963311187922955,0.05083867162466049,0.052422840148210526,-0.0005789453280158341,-0.005719635635614395,0.050130728632211685,0.051926836371421814,-152.1142385839379,35821.130196815706,0.0010285621974617243,-140.43917847883793,35842.67371360343,0.0010747453197836876,0.07164756953716278,0.010500998236238956,30959.83817441158,18242.83361473312
0.0010972966890423763,0.0,0.1367752424542258,0.28159598666678604,0.021799527716730716,0.05248454949039372,-0.06541014784968435,0.0,-151.38598701840482,-127.16358368924136,-139.2747853538231,24.222403329163456,-23.53846311569214,-23.670814037322998,-23.60463857650757,-0.13235092163085938,-0.004831188358366489,-0.002090130001306534,0.048229340463876724,0.04553759843111038,-0.003907722420990467,-0.0034239250235259533,0.04721370339393616,0.045149002224206924,-264.8183145069328,35842.94433369777,0.0010628716554492712,-189.29709438747628,35828.61832945835,0.0010604033013805747,0.06651367247104645,0.009398482739925385,30758.12210540351,17977.762526668266
0.33816173572205777,0.5243276015156842,0.23893115900278564,-0.1430524202948246,0.22117130228586274,0.3147927341724387,0.3350410715136053,-0.2559230671867586,-153.2627908921819,-127.7681815918466,-140.51548624201425,25.4946093003353,-23.357932567596436,-23.13619613647461,-23.247064352035522,0.22173643112182617,-0.005144915543496609,0.0015182176139205694,0.04828599840402603,0.047487448900938034,0.0042323824018239975,-0.0035686420742422342,0.04835619404911995,0.049881547689437866,-132.97179413699095,35855.353541335695,0.0010859135072678328,-97.06007709430351,35841.639447909925,0.001051054336130619,0.06638838350772858,0.0112925348803401,30733.936336211573,18695.87966171599
0.03799092111790813,0.0,0.11006350894470648,0.3137830306171099,0.2919495699789109,0.11571890110662675,-0.10186116692055713,0.0,-155.3495305194483,-129.4021693718026,-142.37584994562545,25.947361147645722,-23.0288028717041,-22.846763134002686,-22.937783002853394,0.18203973770141602,-0.0009475365513935685,-0.005482906010001898,0.049022264778614044,0.05044403299689293,-0.0034785196185112,-0.004580996930599213,0.051456987857818604,0.05010948330163956,-158.04380708845432,35822.71956351465,0.0010408073430880904,-93.9350662734972,35820.26194821027,0.0010522407246753573,0.06983882188796997,0.008997526951134205,30763.249978317883,17861.32189189222
0.061418216759193844,0.0,0.4366049530097673,-0.03401332893948167,-0.09468130703958041,-0.3207947782897188,-0.15106853564355305,0.0,-154.3235598956831,-129.31683061830068,-141.8201952569919,25.00672927738242,-23.287901878356934,-23.38338851928711,-23.33564519882202,-0.09548664093017578,-0.0016828309744596481,-0.005150746554136276,0.047960199415683746,0.04858865588903427,0.0034126443788409233,0.004143402446061373,0.048449188470840454,0.04703467711806297,-175.60135473008225,35842.01114083596,0.0010729058412835002,-174.83796419360098,35836.58162604791,0.001080106943845749,0.06879277527332306,0.009005293250083923,30764.235777934406,17887.51227340817
0.6491336425820065,0.26892393901552764,-0.08896829508419,0.18122299605881378,0.5274296229386787,0.534607519212814,-0.05454927539462118,-0.15346870458206363,-155.79228652119508,-127.86259597908213,-141.8274412501386,27.92969054211295,-23.334805965423584,-23.273844718933105,-23.304325342178345,0.060961246490478516,0.0036704204976558685,0.003945421427488327,0.04883478954434395,0.047181982547044754,0.0032689538784325123,0.004348214715719223,0.04896920174360275,0.04772869870066643,-98.80266087219452,35825.1109614867,0.0010278804693371058,-173.7114100474495,35840.46056495658,0.0010756005067378283,0.06725981086492538,0.009838543832302094,31006.67511206909,19273.179643340478
0.0,-0.004265117043473012,0.4293834896441775,0.44646054774458055,0.2368359972088409,-0.1736938353290815,0.039282051996440526,0.0,-152.19827583352964,-125.46610655779597,-138.8321911956628,26.732169275733668,-23.11028242111206,-23.12065839767456,-23.11547040939331,-0.0103759765625,0.005289703607559204,-0.0015554861165583134,0.04967324808239937,0.0488710030913353,0.0012695365585386753,-0.005389680154621601,0.047793395817279816,0.05059325322508812,-120.95911640305768,35820.18749064176,0.0010465773520991206,-143.087251300253,35834.97434057406,0.001058299676515162,0.06865660846233368,0.011409332975745201,30731.71617328053,18492.8260467529
0.7443312068204679,1.0,0.45264486202989423,-0.06280619250800905,-0.3802005867883209,0.09898772837401615,0.17122467652705697,-0.14371023526613735,-152.48174524438508,-124.88289518179877,-138.68232021309194,27.59885006258631,-23.236167430877686,-23.31289052963257,-23.274528980255127,-0.07672309875488281,-0.005361644085496664,-0.0009886162588372827,0.04986641928553581,0.0472252257168293,0.005075803026556969,0.0019557252526283264,0.04952708259224892,0.04670083522796631,-204.47757415694346,35824.41415878467,0.0010814551496878266,-220.7463877568813,35828.66476138983,0.0010700240964069963,0.06868523359298706,0.009800094179809093,30751.11675743639,18080.280390719643
0.11014685566388166,-0.014206114745633202,0.09802350500107256,0.22991687066984987,0.28865670456689013,0.04918383311094299,-0.10481367849742629,0.0,-155.70364803375514,-128.49501907750107,-142.0993335556281,27.208628956254074,-23.242385387420654,-23.228013515472412,-23.235199451446533,0.014371871948242188,0.003103740978986025,-0.0044487821869552135,0.047309182584285736,0.049721550196409225,0.0006793404463678598,-0.005445648916065693,0.047332365065813065,0.04985034093260765,-101.46934193632914,35829.87675741734,0.0010380472522228956,-228.73404542310547,35822.77846906837,0.0010218117386102676,0.06733343005180359,0.009162966161966324,30968.399356766513,19123.7302212033
0.18933148713778675,0.3256578538246794,0.6727956689100055,0.5699780933857738,-0.29809186225422973,0.0034592192586901938,0.0994378116524478,0.0,-152.80165543350597,-126.94876168256957,-139.87520855803777,25.852893750936403,-23.332645893096924,-23.369905948638916,-23.35127592086792,-0.03726005554199219,-0.003621642244979739,0.003990239463746548,0.047019168734550476,0.04901513084769249,0.004330173600465059,0.0032331147231161594,0.048999495804309845,0.046610210090875626,-169.49358782204737,35838.940774706934,0.0010888648685067892,-117.7210310137831,35833.49890732061,0.0010821715695783496,0.06716352701187134,0.009481579065322876,30961.359931882285,18382.485077444766
0.4092026797515915,0.11119579909353013,-0.08013465895021751,-0.1791624435228988,0.17257777003854136,0.3167893020078147,0.014267327828783705,0.0,-154.7086856041073,-129.49800538487978,-142.10334549449354,25.210680219227527,-23.152921199798584,-23.15152406692505,-23.152222633361816,0.0013971328735351562,-0.003641389776021242,0.004115535877645016,0.047983232885599136,0.050058763474226,-0.00546279177069664,0.0007349837105721235,0.049824029207229614,0.04824114218354225,-173.51303850863636,35831.10571383837,0.00106089620385319,-161.90962915777334,35842.5486615143,0.0010683027794584632,0.0685950219631195,0.009789952076971531,30958.323747093928,18674.5104741606
-0.025259846263446344,0.0776001274343729,0.360202239932243,0.4945620992654226,0.17447181776990905,0.059415271606969466,0.24125836913080567,-0.13726021507185926,-155.0551847397512,-127.60056595391791,-141.32787534683456,27.454618785833304,-23.040285110473633,-22.999634742736816,-23.019959926605225,0.040650367736816406,-0.004856890067458153,-0.0026866821572184563,0.051002468913793564,0.048306696116924286,0.004157132003456354,0.0037643066607415676,0.05096971243619919,0.0488152839243412,-128.87501500303276,35834.486434481296,0.0010723188752308488,-146.05362090672264,35838.778792149664,0.001053513027727604,0.06967917084693909,0.009861142374575138,30758.06345355737,17977.130920866846
0.9242211983272739,0.8012779636747794,0.7445874048804645,-0.048827230236453786,-0.23439482934989786,-0.4642031620289798,-0.6974209445896523,-1.0,-152.2591585661629,-124.115442934763,-138.18730075046295,28.143715631399914,-23.252036571502686,-23.270292282104492,-23.26116442680359,-0.01825571060180664,-0.0051894038915634155,-0.0016242002602666616,0.04984186217188835,0.047069255262613297,-0.004489707760512829,-0.003068749327212572,0.049626413732767105,0.04708609730005264,-131.15950805656502,35847.97485024526,0.0010670892661437392,-93.15228613025215,35837.48654748174,0.0010856586741283536,0.06856092810630798,0.009722081013023853,30756.376437982526,18009.085670860713
0.06566501356082535,-0.00852060639552173,-0.05472125170587104,0.15337237268230997,0.17701781325619953,0.022457047055712276,-0.02513651978876852,0.0,-155.08051799344565,-128.26023175408454,-141.6703748737651,26.82028623936111,-23.2684326171875,-23.229334354400635,-23.248883485794067,0.039098262786865234,0.0030562453903257847,-0.004470468033105135,0.04714260995388031,0.04959559068083763,-0.005432438105344772,-0.0005249257665127516,0.04981837794184685,0.04735422879457474,-135.5781384120813,35834.78045899702,0.001058742287568748,-156.8034415887283,35825.75245167487,0.0010307137854397297,0.06731210649013519,0.009164072573184967,30728.719649540126,19401.010425953158
0.1479929209098663,0.2980536397750834,0.7800699717215868,0.18721522271223617,-0.15834590737649593,0.4815536117808289,-0.36119233054615885,-1.0,-153.74231269775035,-125.68638130225969,-139.71434700000503,28.05593139549066,-22.970006465911865,-23.03196668624878,-23.000986576080322,-0.06196022033691406,0.004363733343780041,0.0035787629894912243,0.05120133236050606,0.04892011731863022,-0.0007787009235471487,0.005530544091016054,0.04838795214891434,0.05101500079035759,-124.43245002289974,35823.200778930244,0.0010440860642120242,-230.7065773651918,35845.52163591978,0.0010939950589090586,0.07060769200325012,0.010452436283230782,30761.334116053476,18215.332907391185
0.20949822658749248,0.2840078061341645,-0.117202134041168,-0.04255709238321034,0.028366619795778425,0.08236495825776591,0.03643288198884598,0.0,-157.94994673544113,-131.09642931521643,-144.52318802532878,26.853517420224705,-23.209476470947266,-23.159520626068115,-23.18449854850769,0.04995584487915039,0.0003421917208470404,0.005471640732139349,0.047791387885808945,0.0496164970099926,0.005164964124560356,-0.0020530056208372116,0.04909636825323105,0.04888534173369408,-113.83461946112298,35820.56833645619,0.0010424284264445305,-141.1205597023079,35804.76794187717,0.0010407286463305354,0.06881695985794067,0.009008021093904972,30763.900212907167,17796.288586770865
-0.029498381978627287,-0.03208768829274725,0.38253670276699003,0.39887636808674454,0.13809819895655395,0.03293636144913675,0.13282586439195976,0.0,-154.01183804020565,-127.65506028198746,-140.83344916109655,26.356777758218186,-23.119122982025146,-23.161234855651855,-23.1401789188385,-0.042111873626708984,0.004007600247859955,0.0037999737542122602,0.05019708350300789,0.04822884872555733,0.004018301144242287,-0.003777600359171629,0.04808967188000679,0.049861613661050797,-164.38171150010717,35847.56973087099,0.001074836472980678,-216.2811182526673,35821.535937607056,0.0010268877958878875,0.06909643858671188,0.010533507913351059,31006.314340201632,19752.41073372063
-0.03729221699047215,0.0032118773812793286,-0.06780188765660472,0.7859872229704958,0.6178840070701637,0.42759832233865247,0.24341816508075242,-0.007822969565115856,-155.0348974303863,-125.80938090840641,-140.42213916939636,29.2255165219799,-23.34757089614868,-23.42216730117798,-23.38486909866333,-0.07459640502929688,0.00017530676268506795,-0.0053663006983697414,0.04683341085910797,0.04903264716267586,-0.0037892949767410755,-0.0038183219730854034,0.048454754054546356,0.04659193381667137,-159.65083368923794,35826.733320155174,0.0010409785900264978,-236.4056740046636,35847.4969584549,0.0010880172485485673,0.06767361611127853,0.008951013907790184,30761.724291168986,17863.256269902366
0.12308269050091142,0.0,0.026476639790057266,0.1524265409869242,0.19262171933693695,0.1379766773715312,-0.04575852803116465,0.0,-155.03582648736761,-130.27632279585413,-142.65607464161087,24.759503691513487,-23.160994052886963,-23.069477081298828,-23.115235567092896,0.09151697158813477,-0.0054026395082473755,-0.0010807071812450886,0.0503089465200901,0.04762496054172516,0.005458828993141651,0.0011071853805333376,0.05086461827158928,0.04810507595539093,-126.54051724107707,35821.87112275798,0.0010473018046468496,-138.2734803115459,35815.71135466961,0.0010303085437044501,0.06879374384880066,0.009762516245245934,30752.620499102733,18083.541888132
0.17740171902379462,0.5478576966278998,0.4721804029132517,0.13261340730961446,0.08693318611291118,0.3181951303858861,0.3088277932031861,-1.0,-156.41343923605075,-129.03208361221294,-142.72276142413185,27.381355623837806,-23.085811138153076,-23.10142993927002,-23.093620538711548,-0.01561880111694336,0.005317742004990578,0.0015751214232295752,0.05080219730734825,0.04798117280006409,0.005430714227259159,-0.001357906498014927,0.04979873448610306,0.04883569851517677,-149.0409045961372,35856.870132914875,0.0010780474403873086,-141.90226674321244,35815.880875611314,0.0010755498660728335,0.06932169944047928,0.009988196194171906,30755.093446972533,18036.453180110348
0.3597896700581234,0.03901299866723796,-0.07856138846701882,-0.2513877866450927,0.016775590648516636,-0.0032292992100214635,-0.4074958456431624,0.0,-154.5038347576463,-128.0503251765121,-141.2770799670792,26.4535095811342,-23.23584794998169,-23.201699256896973,-23.21877360343933,0.0341486930847168,0.005237573757767677,0.0014342237263917923,0.04991871491074562,0.04717614874243736,-0.0054563251323997974,0.000567841634619981,0.04960343986749649,0.04789397493004799,-165.13749755322212,35845.56410067401,0.0010379767045378685,-81.65501745736486,35852.39667115773,0.001062617520801723,0.06880712509155273,0.009720239788293839,30755.027642699046,18056.66238876925
-0.016035830013367593,0.05461276925497524,0.3229739498657076,0.3514922803753159,0.1356996376991844,0.015240292057390414,0.1811507045797447,0.0,-155.5704226843311,-128.55700157856614,-142.06371213144863,27.013421105764962,-22.441673278808594,-22.714221477508545,-22.57794737815857,-0.27254819869995117,-0.0018827645108103752,0.005662643350660801,0.05165760591626167,0.05472958832979202,-0.005775456316769123,-0.000519256223924458,0.05284813791513443,0.050261396914720535,-74.9739255547524,35841.78253191737,0.0010896283201873302,-147.6508146715603,35808.675963094924,0.0010175179922953248,0.07424381375312805,0.009889816865324974,30522.4855073929,19671.259024804418
0.9959295436067404,0.8334940386827004,0.64806434672599,0.2844524454098272,0.15894799470950766,0.16601815701648726,-0.6866523753705511,-1.0,-155.1124631018805,-124.96457906285394,-140.03852108236723,30.147884039026565,-22.50652313232422,-22.384185791015625,-22.445354461669922,0.12233734130859375,0.0002564775641076267,-0.005917932838201523,0.05159459263086319,0.05401744693517685,-0.0056251962669193745,0.0021924737375229597,0.05372032895684242,0.05341412127017975,-113.19040772031249,35833.0625466138,0.0010136234341189265,-170.6399623057409,35816.74365072068,0.0010751801310107112,0.07406720519065857,0.00981958769261837,30757.032506320575,17905.69467196241
0.0071764930619133156,-0.006936446214370147,-0.09425897776719108,0.08022299581124603,0.12818727220131315,-0.0046581906992786415,-0.05094698094510386,0.0,-153.69135668687238,-128.33166033553633,-141.01150851120434,25.359696351336055,-22.422008514404297,-22.374768257141113,-22.398388385772705,0.047240257263183594,0.004655960015952587,0.003733220510184765,0.054546207189559937,0.05209999158978462,-0.004424422979354858,0.004142559599131346,0.052640240639448166,0.05459120124578476,-115.95915621048658,35847.227919520985,0.001053052139468491,-140.01722680758624,35812.67106377034,0.001035102060995996,0.07569631934165955,0.011164892464876175,30761.435090978084,18300.109212235362
0.8985373764479486,0.9589947023427727,0.9283534213934869,0.43860168915221215,0.15214381489861106,0.1868117912444628,-0.2150136313475654,-1.0,-152.82335511276315,-126.24996059319108,-139.5366578529771,26.573394519572076,-22.16902256011963,-22.130985260009766,-22.150003910064697,0.03803730010986328,0.001677327905781567,0.005934103392064571,0.054420195519924164,0.05539986491203308,0.00010852932609850541,0.006203888915479183,0.053965888917446136,0.05631428584456444,-116.81059342829195,35821.191288268536,0.00106246757786721,-200.4194394609753,35820.39238878184,0.0010590788442641497,0.07707741856575012,0.010147559456527233,30763.896078477956,17871.63464214178
-0.009208259884053653,1.0,0.9210275766592595,0.7563912175976195,-0.38626964752934645,0.4579925750152125,0.2586390701693623,-0.0005977771397940312,-156.91780852915704,-128.63271924567334,-142.77526388741518,28.2850892834837,-21.949849128723145,-21.998703479766846,-21.974276304244995,-0.04885435104370117,0.0023414762690663338,0.005835994146764278,0.056152213364839554,0.05648225545883179,-0.004464633762836456,-0.004498034715652466,0.05708303675055504,0.05488916486501694,-131.81254488571435,35830.764230972396,0.0010395435383543372,-186.72806021529118,35813.78829760343,0.0010454795556142926,0.07978630065917969,0.01054515689611435,30764.203778329233,17966.138389896314
0.10141049608561967,-0.03684319414819167,0.19349928999621183,0.2590074033644683,0.0882656812361185,0.05698616156891578,0.04329648752874149,0.0,-154.4031862157937,-128.49297700848842,-141.44808161214107,25.910209207305286,-22.352008819580078,-22.171826362609863,-22.26191759109497,0.18018245697021484,0.002003380097448826,0.005731478799134493,0.053494907915592194,0.05403491109609604,0.0031968331895768642,-0.005286246072500944,0.05336616560816765,0.056379951536655426,-171.88760342745593,35844.18254609153,0.0010689262999221683,-115.7766012505004,35822.73727735939,0.0010429825633764267,0.07620161771774292,0.010085159912705421,30765.303301749278,17851.901822294636
0.9854463854019202,0.8779718596043283,0.6702101348128282,0.4390987281380686,0.20608535996102734,-0.07225213216761972,-0.3933674361990701,-1.0,-155.01842762355497,-126.10622147129806,-140.5623245474265,28.912206152256914,-21.82508945465088,-21.88131809234619,-21.853203773498535,-0.0562286376953125,-0.005836600437760353,-0.002624186687171459,0.05873323231935501,0.05548270791769028,0.0011096443049609661,-0.006290796212852001,0.05519137904047966,0.05828791856765747,-147.19741592840023,35823.68566207426,0.0010294296080246568,-130.57162068070204,35831.78377204396,0.0010738861747086048,0.08012458682060242,0.01151531096547842,30756.489411714214,17984.578953300832
0.11100517337059639,0.0,-0.013503446809944489,0.1567434024033416,0.11700384957700138,-0.02042914454772282,-0.13384105128928026,0.0,-154.6435425792984,-128.21380683516998,-141.4286747072342,26.429735744128436,-22.24644899368286,-22.31013059616089,-22.278289794921875,-0.06368160247802734,-0.002266509458422661,0.005654456093907356,0.052850645035505295,0.05595707893371582,-0.00047461414942517877,-0.006057341583073139,0.05300894379615784,0.05502590909600258,-211.35024873596603,35833.70119276054,0.0010418250458315015,-127.25098633695298,35836.18868623748,0.0010539073264226317,0.07658667117357254,0.010277706198394299,30737.726663917136,19436.98226974526
-0.16673995906274333,0.1635713846978546,0.25050559978944953,0.08430075444994334,0.10194483915401117,0.24069241912969835,0.33333020629944043,-0.08123504443059293,-151.24591155409993,-126.36287841683881,-138.80439498546937,24.883033137261123,-23.03210973739624,-23.068621158599854,-23.050365447998047,-0.03651142120361328,0.003778245998546481,0.004108849912881851,0.05054893717169762,0.048873309046030045,-0.003396774875000119,0.004457402043044567,0.04826132208108902,0.05072220042347908,-177.60354147841937,35846.14899415556,0.0010891517158597708,-151.4970355122229,35802.9747421828,0.0010391219984740019,0.07019343972206116,0.010222932323813438,30763.045726253727,18244.789590531454
-0.005693061913506839,0.060309231397725614,-0.09487133767754326,-0.028252931983424878,0.2388395692700187,0.48289503906822395,-0.16396672203535523,-0.11143581944769887,-157.65046757829634,-129.71285160508128,-143.6816595916888,27.93761597321506,-22.615911960601807,-22.627809047698975,-22.62186050415039,-0.011897087097167969,0.0057991500943899155,-0.0006865852046757936,0.053029853850603104,0.051274217665195465,0.0042252689599990845,-0.004114973824471235,0.05107644945383072,0.053072988986968994,-182.28502787925473,35838.057991159665,0.001046011340804398,-219.0013456749833,35804.549018178506,0.00105762027669698,0.07248100638389587,0.012123916298151016,30740.45658498022,19072.85022732305
0.0,-0.007756325198126305,0.13523397617779948,0.26355701871495474,-0.03915805724110752,-0.16035222961335227,-0.005346591599680539,0.0,-155.2662027339003,-129.82364634159316,-142.54492453774674,25.442556392307125,-22.61169672012329,-22.599666118621826,-22.60568141937256,0.012030601501464844,-0.005111590027809143,0.002851092256605625,0.05195586010813713,0.05241145193576813,-0.003549400484189391,-0.004667018074542284,0.0529237762093544,0.0515802763402462,-163.74973775189858,35852.281747844776,0.0010837450390681624,-161.9106094364747,35833.73032503509,0.0010363167384639382,0.07265021651983261,0.011932351626455784,30961.69934330499,17903.279092669174
0.8888698910460878,0.6039168626326721,0.2665782025457759,-0.10590291717402009,0.10049438439785274,0.5196051524438158,0.05138068845887089,-0.630244083974772,-155.49011532841558,-127.87500416601858,-141.68255974721708,27.615111162397,-22.7042818069458,-22.706456184387207,-22.705368995666504,-0.00217437744140625,0.0009370567859150469,-0.005720214918255806,0.0502287819981575,0.052995242178440094,-0.005829215049743652,0.0005115792737342417,0.052534863352775574,0.05067727714776993,-134.1610664427118,35823.86337686729,0.0010508025297895074,-218.2722278029586,35814.43580666554,0.0010638993699103594,0.07209959626197815,0.00981967244297266,30759.69082900027,18053.21053578039
0.15731916028366075,-0.007783364157475345,0.05175449108345176,0.3188224522501882,0.4151116154334082,-0.17076654260959817,-0.18632908116967883,0.0,-155.52853476216194,-127.54180169729418,-141.53516822972807,27.986733064867764,-22.690424919128418,-22.753925323486328,-22.722175121307373,-0.06350040435791016,0.0040855323895812035,0.004087021574378014,0.05266349017620087,0.050747741013765335,-0.00026009013527072966,-0.005761580541729927,0.050287965685129166,0.05236319452524185,-184.2333313449776,35841.272923378056,0.001038816524669528,-223.3678011448569,35816.07718831055,0.0010502393124625087,0.07317446172237396,0.010885320603847504,31006.37509822317,19188.089549645127
0.3959326403639212,0.24916282640624168,0.4644634495077457,-0.054162520200322875,-0.2511820313940037,0.3249888522872123,0.2873057857387008,-0.07714277814432391,-152.62450645930983,-125.90925331811167,-139.26687988871075,26.71525314119816,-22.739007472991943,-22.698311805725098,-22.71865963935852,0.0406956672668457,-0.0017698381561785936,0.0054943980649113655,0.04992647469043732,0.05288030207157135,0.005792892072349787,0.000410284788813442,0.05292201787233353,0.0503779761493206,-192.67738980445097,35847.29194378915,0.0010675297817215323,-170.18001029417294,35829.90346461797,0.0010536140762269497,0.07204436510801315,0.00954176764935255,30738.95935822615,19986.202713913786
1.0,0.5847165285759333,0.23738891654868466,0.21461896582784726,0.4874949355437508,0.24012452939771067,-0.327094019977619,-1.0,-156.96576461234616,-126.94889039493421,-141.9573275036402,30.016874217411953,-22.687270641326904,-22.686221599578857,-22.68674612045288,0.001049041748046875,0.0056304531171917915,0.0014273995766416192,0.053134649991989136,0.05028967931866646,0.0015601598424836993,0.005624438636004925,0.05127774924039841,0.052191056311130524,-178.3780700151406,35814.56923643273,0.001025609322823584,-143.7338599188312,35829.912941659335,0.0010480588534846902,0.07244233787059784,0.010449640452861786,30753.163721052566,18081.34780190063
-0.9997996435458011,-0.9629855241924365,-0.6110828504691029,-0.47714666110197224,0.17941414203457665,0.3446625960821898,0.7168708213292079,0.9833931658476581,-152.68088046035746,-129.39829621944668,-141.03958833990208,23.28258424091078,-22.654871940612793,-22.69444465637207,-22.67465829849243,-0.039572715759277344,-0.004055417142808437,-0.0041878665797412395,0.05285387858748436,0.050979360938072205,0.00417509488761425,0.0040437146089971066,0.05272485315799713,0.05063101276755333,-242.66912504787103,35842.85449204246,0.0010597414802759886,-192.6930499931397,35836.732303985176,0.0010522219818085432,0.07377077639102936,0.010846666060388088,30762.78382079905,18393.767960968653
0.9570974560516174,0.833987486751368,0.36034417741441666,-0.12055904310345192,0.04477899993233997,-0.11104410582204777,-0.40015077596014265,-1.0,-152.9543542406264,-124.29615340399636,-138.62525382231138,28.658200836630044,-22.6874041557312,-22.648403644561768,-22.667903900146484,0.039000511169433594,0.0036749006249010563,0.004473859444260597,0.052459780126810074,0.050993792712688446,0.0057488614693284035,-0.0010691240895539522,0.0526575930416584,0.05125901848077774,-126.38793513072622,35842.00556891106,0.0010567797580733895,-138.43765665586227,35816.61255968772,0.0010467959800735116,0.07280890643596649,0.01044253259897232,30763.42664098952,18245.873732079155
0.0298814868461379,0.0,0.05177679568286131,0.219288930063228,0.24357423920320237,0.1322069164187879,-0.09548777474592796,0.0,-154.1597811880435,-129.37317060168658,-141.76647589486504,24.786610586356915,-22.691824436187744,-22.696034908294678,-22.69392967224121,-0.004210472106933594,-0.0025666127912700176,0.005200106650590897,0.05024401471018791,0.053125765174627304,0.0028150875587016344,0.00508941151201725,0.051926031708717346,0.051430389285087585,-152.05268870993152,35844.358957598895,0.0010425677755847573,-156.956784527344,35814.973165582225,0.001054684747941792,0.07219666987657547,0.009728018194437027,30748.65340295552,18825.9789261676
0.8826398421601237,0.9739823933892421,0.6259134398562488,0.09571374068397798,-0.15656646730467863,-0.2033785396616557,-0.3896394454845327,-1.0,-153.70312228428435,-126.5247758738065,-140.11394907904543,27.178346410477843,-22.71495819091797,-22.748360633850098,-22.731659412384033,-0.033402442932128906,-4.2460262193344533e-05,0.005787980742752552,0.05040772259235382,0.05270116403698921,-0.003874583635479212,-0.004309282638132572,0.05223982781171799,0.05048036947846413,-182.3914494358909,35848.13233727303,0.0010797333670780063,-157.56427839082187,35843.39027120113,0.0010643344139680266,0.07298394292593002,0.009722495451569557,30763.511620897832,17834.199059410403
0.31399129745086934,0.06593805622451261,-0.10023290109048144,0.1139228636131148,0.4014538098099384,0.3209845301265186,0.022293213802399237,0.0,-156.73113420522168,-127.84954655032809,-142.2903403777749,28.881587654893593,-23.015108108520508,-23.06607484817505,-23.04059147834778,-0.050966739654541016,-0.005517896730452776,-0.0008237495203502476,0.05109196901321411,0.048507239669561386,-0.0021869041956961155,0.0051230029202997684,0.04805290326476097,0.05095181241631508,-161.1558758745191,35813.47919041426,0.0010435228468850255,-262.74320702459124,35814.405978205985,0.0010357514256611466,0.06946267187595367,0.010163569822907448,30749.147283765476,18168.657566137525
0.0,0.014599620168388632,0.45060721856449465,0.4698426016486874,0.11905746688554641,-0.1735832419139216,0.07088916251836608,0.0,-152.3324474302729,-126.91629347735153,-139.62437045381222,25.416153952921377,-22.8705096244812,-22.744557857513428,-22.807533740997314,0.12595176696777344,0.005460045300424099,0.0015603677602484822,0.052079446613788605,0.04918375611305237,-0.005511721596121788,0.0018837391398847103,0.05164293199777603,0.051132962107658386,-190.39558783124264,35842.230971120196,0.0010739328572526574,-219.9855738731902,35817.91140278225,0.0010512693552300334,0.07142633944749832,0.010159327648580074,30754.70976039161,18022.264429813826
0.9643487318813758,0.24207459049027122,0.09470733289977339,-0.20274633133254977,-0.07514439559123554,0.050880310153018804,-0.3944886589635635,-0.48480138009894314,-155.6342998839515,-126.85449246482523,-141.24439617438838,28.779807419126286,-22.315104007720947,-22.323014736175537,-22.319059371948242,-0.007910728454589844,0.005857568699866533,0.0014844239922240376,0.05549335107207298,0.052459172904491425,0.005678317975252867,-0.002153696957975626,0.05413662642240524,0.05375554785132408,-186.46615686861583,35836.024174749764,0.001046317396685481,-147.19060525490968,35823.85103855466,0.0010691724019125104,0.0761430412530899,0.010897563770413399,30752.779591693867,18066.719781333384
0.019611339419107955,0.0,0.026333231344075836,0.2828273045331873,0.3195916334586071,0.13964383631288774,0.13234631906679428,0.0,-156.08590955802697,-128.16983965276398,-142.12787460539548,27.916069905262987,-22.407097816467285,-22.44692325592041,-22.427010536193848,-0.039825439453125,-0.0007608563173562288,-0.00594123313203454,0.052539803087711334,0.054301872849464417,-0.004474016837775707,0.003965490497648716,0.052283819764852524,0.05406682565808296,-154.16794555408396,35839.94227626212,0.001042042626067996,-168.6816450875768,35823.33221720479,0.0010456691961735487,0.07504327595233917,0.009780597873032093,30766.338871720433,17813.745827171926
0.8039622730122844,0.956133782649244,0.8422443691012302,0.182298799873663,-0.1395943608742713,-0.15362185639222803,-0.45195407851752056,-1.0,-151.7787202329447,-126.15518333474301,-138.96695178384385,25.623536898201678,-22.568655014038086,-22.53913164138794,-22.553893327713013,0.029523372650146484,0.0013873077696189284,0.005713441874831915,0.05186893045902252,0.05301189422607422,-0.005881275050342083,0.0006886032642796636,0.05349831283092499,0.0517285093665123,-150.5233440474839,35854.758190315326,0.0010730208596214652,-127.60552913963112,35840.63540003631,0.0010714665986597538,0.074257493019104,0.009577763266861439,30765.826841472408,17817.43789702264
0.0019727608874359303,-0.005729023953310214,-0.05570834553081202,0.05683864663255145,0.13928408538938963,0.09199114329712776,0.03516892497675983,0.0,-158.71832504283168,-130.4018444612127,-144.5600847520222,28.316480581618976,-22.357852458953857,-22.20590353012085,-22.281877994537354,0.1519489288330078,0.003990331199020147,0.004518893547356129,0.05456876754760742,0.05288122594356537,-0.00023899170628283173,0.006176374852657318,0.05339252948760986,0.055932480841875076,-171.00338886895435,35817.1551378651,0.0010463602375239134,-189.85497535754953,35809.780915064825,0.0010243915021419525,0.07555954903364182,0.011045665480196476,30761.947638062855,19037.932864257356
0.044239768453149336,-0.06796405344550902,0.5648814324706742,0.6241068736685226,0.08410700142394129,-0.08339356121352604,-0.03313983333034198,0.0,-155.51424708198482,-128.53241856420203,-142.02333282309343,26.981828517782787,-22.144765853881836,-22.454824447631836,-22.299795150756836,-0.31005859375,-0.003570751752704382,0.0050478000193834305,0.053679436445236206,0.05641813948750496,-0.0020792409777641296,-0.0056081851944327354,0.05292333662509918,0.05334378033876419,-100.14984666517152,35840.364182015066,0.0010533826425671577,-210.69493746370105,35841.96992251108,0.0010537367779761553,0.07683134824037552,0.010291402228176594,30966.41927417466,19094.837632219536
0.5696106890239646,0.5650501700361142,-0.10070643374207118,-0.057525237478793984,0.14959193547510075,0.20863327854914693,0.027561127912506644,0.0,-154.85472560696292,-126.17515840766936,-140.51494200731614,28.679567199293558,-22.58600950241089,-22.667996883392334,-22.62700319290161,-0.08198738098144531,0.00415109284222126,-0.004126509185880423,0.05136173591017723,0.05329963564872742,-0.005437126848846674,-0.0022032514680176973,0.05335080251097679,0.050292279571294785,-149.12438146230872,35821.5571475714,0.0010487544350326061,-172.07450034015932,35806.961011757696,0.0010517186019569635,0.07312236726284027,0.010410252958536148,30959.778395590678,18425.246994386733
0.03330365986414022,0.0,0.16397520723691764,0.25304012757448435,0.24869880154696747,0.08748510715761632,0.003361340139854785,0.0,-152.5917882984162,-127.29245837224767,-139.94212333533193,25.299329926168525,-22.044343948364258,-21.90988540649414,-21.9771146774292,0.1344585418701172,-0.005591071210801601,-0.0027446106541901827,0.057254958897829056,0.05411609634757042,0.0056916289031505585,0.0028377999551594257,0.058174438774585724,0.054928604513406754,-101.42255727940962,35844.0044793816,0.001072429120540619,-178.49323285953793,35826.91160182007,0.0010293297236785293,0.07810413837432861,0.011109286919236183,30758.15009076603,17976.626724983787
0.9647805428566438,0.9691303139651557,0.7792661781095178,0.41670272965564015,-0.060436996110723396,-0.17381912844093556,-0.4918389651320781,-1.0,-154.53248121330114,-124.12849503840357,-139.33048812585236,30.403986174897568,-22.444119453430176,-22.54603862762451,-22.495079040527344,-0.10191917419433594,0.0007259182166308165,-0.0059595671482384205,0.051835738122463226,0.05452750250697136,-0.002451592357829213,-0.005386712960898876,0.05260205641388893,0.05255579575896263,-255.40568264468055,35807.60135149036,0.0010388088412582874,-176.825489219889,35841.26276786604,0.001087621203623712,0.07501798868179321,0.010086756199598312,30752.083931151174,18040.437961656567
0.09613908568809851,0.0,-0.025814790059076345,0.1368558951570714,0.22047258033138428,0.025986899147589226,-0.060271517659454266,0.0,-155.14120671927782,-128.19097868435807,-141.66609270181794,26.950228034919746,-23.42703104019165,-23.56072425842285,-23.49387764930725,-0.13369321823120117,-0.003240239340811968,0.00421886844560504,0.04637957364320755,0.048612311482429504,-0.005252500995993614,-9.635346214054152e-05,0.04782725125551224,0.045714009553194046,-257.11046401878133,35841.621191003316,0.0010612905025482178,-198.44949641757069,35839.040221604584,0.0010283930459991097,0.06622667610645294,0.009168489836156368,30966.970419777816,18661.72433664606
0.11144800509556174,0.3930881144164272,0.9669301685890793,0.7410662428900187,-0.1517018442727233,-0.24176689921695363,-0.32695963874805767,-0.7663061469213953,-152.2401236033714,-125.39475104969998,-138.8174373265357,26.84537255367141,-23.517701625823975,-23.46475839614868,-23.491230010986328,0.05294322967529297,-0.0007986455457285047,-0.005219553597271442,0.04628429561853409,0.047734130173921585,0.004431665875017643,-0.0029457327909767628,0.046865567564964294,0.047733958810567856,-194.21077450137633,35836.95447978937,0.001074329949915409,-137.27383143615873,35845.00415005098,0.0010876988526433706,0.06603491306304932,0.008665361441671848,30764.53470571684,17822.17587422681
0.5545760172308286,0.4014203827670703,0.055212453288293814,-0.2941068508060887,0.257543067898544,0.22965999295966455,-0.16316301348319084,0.0,-156.23940166536602,-128.67648936000143,-142.45794551268372,27.56291230536459,-23.409695625305176,-23.338685035705566,-23.37419033050537,0.07101058959960938,0.004009168595075607,0.003476161975413561,0.048616912215948105,0.0465717576444149,0.002067363355308771,0.0050310250371694565,0.04791650548577309,0.04806552827358246,-169.60910852121063,35833.88753752633,0.001064784126356244,-219.29643422715048,35827.19646471529,0.0010700258426368237,0.0676177516579628,0.009759044274687767,30761.118195282736,18074.670576387754
-0.01176283375734281,0.0,0.12405976594908472,0.38124701977073994,0.26404946601623136,0.16803888099001452,0.09221894636665662,0.0,-150.68640567500137,-125.37525680678891,-138.03083124089514,25.311148868212456,-22.978076934814453,-22.87693977355957,-22.92750835418701,0.10113716125488281,0.004803759045898914,-0.0029122037813067436,0.04970591142773628,0.050348784774541855,0.0008651278913021088,-0.005663604475557804,0.04924163594841957,0.051945704966783524,-104.77223528365607,35833.91513631874,0.0010838735615834594,-201.7657801003518,35810.0299028929,0.0010365223279222846,0.0690544843673706,0.011353489011526108,30965.825637800135,18044.11480182564
0.9719464160334362,0.9423755809577623,0.7959461782418593,0.41770562263762134,0.08650223873526153,-0.25124356309827073,-0.516944871453742,-1.0,-155.56412021967225,-125.28513672968757,-140.4246284746799,30.278983489984682,-23.01334857940674,-23.06058645248413,-23.036967515945435,-0.04723787307739258,0.0015709743602201343,0.005360526964068413,0.04940764233469963,0.0502411425113678,0.00474123377352953,-0.0029317401349544525,0.049160245805978775,0.04994632303714752,-144.67244036761545,35842.107476519464,0.0010684384033083916,-200.74457482709903,35832.71375818962,0.0010875648586079478,0.07058890163898468,0.0090982336550951,30765.89719590902,17875.64184094937
0.17923997008133682,-0.010126043275680714,-0.0006274561388084354,0.1239013690231594,0.15827708544992825,0.08547752669280556,-0.03715671357999095,0.0,-155.14048333908784,-129.25464895240253,-142.19756614574518,25.885834386685303,-22.99048662185669,-22.992408275604248,-22.99144744873047,-0.0019216537475585938,0.004021808505058289,0.0038878521881997585,0.050908539444208145,0.048988696187734604,0.002737300004810095,0.004909279756247997,0.05019581690430641,0.04969331994652748,-173.2076949337645,35839.53963257332,0.0010639089159667492,-131.6903194403984,35817.64016977119,0.001046248828060925,0.07075851410627365,0.010546242818236351,31006.30164671012,18745.188518664796
0.7988404779252949,0.9425867452039165,0.9496482416647752,0.7390754251031009,0.29660431191988335,0.04833298532919994,-0.04839437872679608,-1.0,-153.2798395264639,-125.9970170049142,-139.63842826568904,27.28282252154969,-23.037986755371094,-23.062641620635986,-23.05031418800354,-0.024654865264892578,0.00013803197361994535,-0.005578302778303623,0.04854889586567879,0.05079461634159088,0.0030098133720457554,-0.004696241579949856,0.04818430915474892,0.05086512491106987,-121.02283120832205,35852.0352891466,0.0010592355392873287,-171.1953749536282,35828.991307965014,0.001072439132258296,0.06943176686763763,0.009307521395385265,30767.05534381262,17809.99735640929
0.9791351272052974,0.7286094515654926,0.2851158538596349,-0.2849156515863774,0.24342406280765644,0.10094959002843129,-0.30293867033556676,-0.17946316684590147,-158.90044982698328,-129.2380654827603,-144.0692576548718,29.66238434422297,-22.965469360351562,-22.96980857849121,-22.967638969421387,-0.0043392181396484375,0.0027620652690529823,-0.004918244201689959,0.04873161017894745,0.05143241584300995,-0.003340241964906454,0.004530749283730984,0.048804763704538345,0.05131515488028526,-124.60828277999101,35828.88069472638,0.001036614878103137,-74.81515871699949,35833.7756570172,0.0010802862234413624,0.07037416100502014,0.009581277146935463,30740.716181114025,19000.948304044952
0.0,0.038666494438194116,0.24474684695830015,0.3640735543314261,0.26658596369173193,0.09930770297476843,0.12434703954024429,0.0,-150.89858109591836,-127.99087298690421,-139.44472704141128,22.907708109014152,-23.317019939422607,-23.299646377563477,-23.308333158493042,0.01737356185913086,-0.004232327453792095,-0.0033571114763617516,0.04922570660710335,0.04697556793689728,0.0047417390160262585,0.002608264796435833,0.04955102875828743,0.04683096706867218,-158.39546007347056,35844.32040935378,0.0010850660037249327,-153.1625084668411,35826.75143942493,0.00103025883436203,0.06754331290721893,0.010095121338963509,31006.026275463006,18653.60804904143
0.997977463168001,0.9137955867976445,0.7242506022667038,0.39699569713019806,0.15398087316860254,-0.20123668038127862,-0.5857697222193567,-1.0,-154.02587744352823,-123.02386306167637,-138.52487025260228,31.002014381851865,-23.266518115997314,-23.321199417114258,-23.293858766555786,-0.05468130111694336,-0.005355268716812134,0.0009057394345290959,0.04909573495388031,0.04768291115760803,0.0010485551320016384,-0.005304494872689247,0.04674450680613518,0.04939928650856018,-111.63782780970972,35802.65214829928,0.001025287201628089,-147.4158411570498,35848.88906159383,0.0010934688616544008,0.06752901524305344,0.011258087120950222,30736.72311635315,18903.372667446794
0.057737090097927206,-0.023101084267892508,-0.04171501068676445,0.09216425493469843,0.14400552662405264,0.01900684913883466,-0.04182080874635041,0.0,-157.54690175240341,-133.50879449608203,-145.52784812424272,24.038107256321382,-23.290553092956543,-23.248291015625,-23.26942205429077,0.04226207733154297,0.0038759829476475716,-0.0037996007595211267,0.04736750200390816,0.04913651943206787,-0.0008941792766563594,0.005392700899392366,0.04717613011598587,0.04977857321500778,-198.67279793349806,35820.033278325245,0.00104707689024508,-130.41597743894133,35827.796947179995,0.0010387813672423363,0.06736929714679718,0.009529556147754192,30961.464002721812,18406.846466482202
0.8846487542215926,0.8693278483919871,0.9599571602823467,0.5210146250475676,0.22894313609064254,0.1637995701117303,-0.19980470187162735,-1.0,-153.73191915579315,-125.79147381525678,-139.76169648552496,27.94044534053637,-23.216843605041504,-23.233067989349365,-23.224955797195435,-0.016224384307861328,-0.000675602350383997,-0.005454723723232746,0.047861579805612564,0.04946547746658325,0.005439802538603544,-0.0006411796784959733,0.04938764125108719,0.04775828495621681,-163.85896242018825,35810.671495958064,0.001062746625393629,-114.23687655463831,35844.4406974122,0.0010819185990840197,0.06823769211769104,0.008942159824073315,30760.46379958229,17842.934431187896
0.6574769629473858,0.3289589432294924,-0.09100833851633743,0.058301223351524156,0.12310611504272057,0.21886909646950103,-0.37614427653045895,0.0,-157.32149653539955,-128.47641585371179,-142.89895619455567,28.84508068168776,-23.292882442474365,-23.35674285888672,-23.324812650680542,-0.06386041641235352,-0.003859582357108593,0.0037304882425814867,0.047393977642059326,0.04909196123480797,-0.004505961202085018,0.0029570094775408506,0.047455061227083206,0.04832811281085014,-206.68406798029886,35841.54872215361,0.0010221616830676794,-125.32138762794496,35853.04549253657,0.0010552818421274424,0.06782737374305725,0.00977935828268528,30960.517486353245,18491.93858581678
0.0,0.05504020440559348,0.26260913187530505,0.319780893092716,0.17950433627832313,0.0009405859776927539,0.14235493443373504,0.0,-153.93063717458364,-128.945743992749,-141.4381905836663,24.98489318183465,-23.387742042541504,-23.290278911590576,-23.33901047706604,0.09746313095092773,0.005402418784797192,0.0003617358743213117,0.04885697737336159,0.04655620828270912,0.0004964841064065695,-0.005411036312580109,0.047024209052324295,0.04946747049689293,-86.87341307829006,35824.423672748424,0.0010850224643945694,-128.61350370997695,35814.43156688328,0.0010282547445967793,0.06658287346363068,0.009898356162011623,30749.350518162697,18152.93652196465
0.9864691395523333,0.8732940828051183,0.6327810052150089,0.3241148014878483,0.12598825870663932,-0.1272082418444691,-0.6485240795677184,-1.0,-152.61349831262743,-121.96219024852167,-137.28784428057455,30.651308064105763,-23.250091075897217,-23.315176963806152,-23.282634019851685,-0.06508588790893555,0.0023505091667175293,-0.004899762570858002,0.04710780456662178,0.049827057868242264,0.0016100031789392233,-0.005169858690351248,0.04670093581080437,0.04950492084026337,-51.3864351298608,35822.97981995975,0.0010239892872050405,-177.58345448212918,35858.27710755201,0.001089428085833788,0.06775040924549103,0.00910960603505373,30736.645392611452,19214.413386677126
0.0,0.005530816321484286,-0.10051227596396335,0.03940820363951364,0.08591503264078892,-0.04589708532455594,-0.06389355207336234,0.0,-154.53971280388157,-132.2177574558606,-143.37873512987107,22.321955348020964,-23.562874794006348,-23.49752426147461,-23.53019952774048,0.06535053253173828,0.004998797085136175,0.0016979294596239924,0.04808488115668297,0.045415934175252914,-0.004030699376016855,0.0034638692159205675,0.04636211693286896,0.04787163436412811,-203.9567179434292,35801.94160559539,0.00103574653621763,-207.92802179289367,35816.3736438052,0.0010316669940948486,0.06618180871009827,0.009252840653061867,30754.520268391378,17999.950553418355
0.5997538653573068,0.7939711835486627,0.9099894134714328,0.10761110139418952,0.023910403975465677,0.39041098119424267,-0.037343243971462714,-1.0,-154.66803813009165,-127.89668477799205,-141.28236145404185,26.771353352099595,-23.345284461975098,-23.406736850738525,-23.37601065635681,-0.061452388763427734,-0.001257638563401997,-0.005232500843703747,0.04741635173559189,0.0484929084777832,-0.003115860978141427,-0.004396092612296343,0.048156775534152985,0.04707111045718193,-124.18078747077232,35827.629551507795,0.001070083468221128,-196.2336444107196,35835.512944010436,0.001067908015102148,0.06727568805217743,0.008645019493997097,30763.651216046936,17871.99239545649
0.061085188838847886,0.0,-0.052419556148124435,0.07274528915979733,0.048325406214863476,0.029042104568643645,-0.09084870344884088,0.0,-157.33120508966266,-129.41742677662904,-143.37431593314585,27.913778313033617,-23.676023483276367,-23.719704151153564,-23.697863817214966,-0.043680667877197266,-0.0024587763473391533,-0.00451666209846735,0.0463409461081028,0.04599436745047569,-0.00462572555989027,0.0023689367808401585,0.04577801376581192,0.046085234731435776,-225.68256439438755,35836.91395293411,0.0010324622271582484,-150.4174140833224,35821.60765606409,0.0010532574960961938,0.0655256137251854,0.0089656300842762,30763.990311397687,18074.484762924523
-0.38090885495192833,-0.26304602431304175,0.06735144602251061,0.35016606052956456,0.32962378229059397,-0.04338156221531797,0.03718164380232536,0.0,-151.0450311736857,-126.90730997530923,-138.97617057449747,24.137721198376454,-23.608269691467285,-23.631253242492676,-23.61976146697998,-0.022983551025390625,-0.004526516888290644,0.002623343374580145,0.04626796767115593,0.046784162521362305,0.0002345874672755599,-0.0052042389288544655,0.04528861492872238,0.04749377816915512,-132.87442379878584,35842.47531374155,0.0011031952453777194,-138.14148474622465,35800.166132636055,0.0010169195011258125,0.06455126404762268,0.010827256366610527,30964.83047067147,18172.887527325962
0.9863662773635513,0.8177934753957765,0.4581216233281869,0.20573976884250145,0.24650823553213436,0.051419534750324236,-0.7356645462709023,-0.936428824162902,-156.58037567284197,-126.4238013653727,-141.50208851910733,30.15657430746927,-23.8250470161438,-23.932716846466064,-23.87888193130493,-0.10766983032226562,-0.00038230049540288746,-0.005085906479507685,0.044548649340867996,0.046196598559617996,0.0039002718403935432,0.003192926524206996,0.04585970938205719,0.04375738278031349,-107.69978172132153,35827.905326669534,0.001023869146592915,-266.9894207042917,35851.94850809449,0.0010900413617491722,0.06388606876134872,0.008227072656154633,30767.351616176355,17766.465895136516
-0.003981874539217071,0.01635747549122816,-0.01838637163868434,0.13914320762802873,0.14190786606072509,-0.0005621641495753282,0.01739963470290451,0.0,-151.0671445824634,-127.80227671835127,-139.43471065040734,23.264867864112148,-24.106969833374023,-24.096195697784424,-24.101582765579224,0.01077413558959961,-0.004078645259141922,-0.0027476088143885136,0.045038435608148575,0.04279681295156479,-0.0016571168089285493,-0.004661022685468197,0.04377734288573265,0.04419201612472534,-208.90754809067184,35827.13193145095,0.001094442792236805,-218.58149319503087,35825.08554266428,0.0010454708244651556,0.06202950328588486,0.00904938206076622,30760.741144484207,18139.57572677077
0.7632578563432039,0.7857440828022622,0.8658641681496924,0.44463705122324176,0.11302035276338501,-0.04685189313245419,-0.3711595395567317,-1.0,-151.9562611842715,-123.14968881316781,-137.55297499871966,28.806572371103698,-24.383857250213623,-24.41551923751831,-24.399688243865967,-0.0316619873046875,0.002901309635490179,0.0037992787547409534,0.043080274015665054,0.04201832041144371,0.004439002368599176,0.001747721340507269,0.04361886531114578,0.041139569133520126,-189.157021105747,35827.15404852756,0.0010754091199487448,-214.08448773272937,35848.3033268396,0.0010849960381165147,0.05979436635971069,0.008444340899586678,30763.81731020546,18139.39792191603
0.08451672662210533,0.0,-0.006874600901081246,0.16995806696401117,0.1080971544048897,-0.00042483832898354557,-0.10512055466038783,0.0,-154.77323795244808,-129.29453988105223,-142.03388891675016,25.478698071395854,-24.39479351043701,-24.399995803833008,-24.39739465713501,-0.005202293395996094,-0.0005598437855951488,-0.004722249694168568,0.04178207367658615,0.04320627078413963,0.0046532126143574715,-0.0011763672810047865,0.0428854338824749,0.04205457866191864,-276.26950130263975,35840.287215664124,0.0010375289712101221,-198.18081105430863,35837.45822351716,0.0010580404195934534,0.06036783382296562,0.00779850734397769,30764.137428941933,17827.1274075459
-0.041410213431990764,0.01877393734061228,0.363292248585064,0.4466846385396754,0.17493261831196183,0.021305312349364502,0.24719778337481657,0.0,-154.62574264830982,-129.64545268672728,-142.13559766751854,24.980289961582542,-24.4012188911438,-24.364702701568604,-24.3829607963562,0.03651618957519531,0.0013147962745279074,-0.004613658878952265,0.041235215961933136,0.04366237670183182,0.00011775599705288187,0.004790887702256441,0.04174244776368141,0.04353173077106476,-164.56418534519906,35816.77026447591,0.0010900839697569609,-221.36103127295976,35821.1748733893,0.0010575554333627224,0.05921776592731476,0.00789557583630085,30500.00101007683,19136.461249786593
0.969695635483901,0.7971289022328106,0.3717552454335852,0.16980219911636202,0.23200734424367697,-0.16618535670090573,-0.729334289477911,-0.9522363650894512,-156.48060223354855,-126.69116902947093,-141.58588563150974,29.789433204077625,-24.486112594604492,-24.517018795013428,-24.50156569480896,-0.030906200408935547,-0.0024278813507407904,0.004025387577712536,0.04092913866043091,0.04315327852964401,0.004554999992251396,0.0012308791046962142,0.04309379309415817,0.04068069905042648,-92.63741140228215,35816.64119257035,0.0010228260653093457,-206.2915172262834,35858.64641315304,0.0011058234376832843,0.05876346677541733,0.008090073242783546,30752.049158047794,18653.068845092115
0.03855271296574933,-0.009245835636871978,-0.007946146371090368,0.12389795868158424,0.0660175314245598,-0.06245072189293693,-0.010630087709906366,0.0,-156.11702931010905,-132.09243951223522,-144.10473441117213,24.02458979787383,-24.52960968017578,-24.53690767288208,-24.53325867652893,-0.007297992706298828,0.002155499067157507,-0.004163555335253477,0.04067474231123924,0.04298381879925728,-3.0263305234257132e-05,0.004699576646089554,0.04086844250559807,0.04272928833961487,-273.26398119432326,35835.752516814944,0.00109009665902704,-191.25694740139883,35845.25007672013,0.0010457326425239444,0.05887999385595322,0.007985028438270092,30733.437134007418,19330.334573338
0.8626499361911814,0.8975477821874762,0.868762525628632,0.4450238215449279,0.1261612938040274,0.0009868057124272633,-0.2469687360320842,-1.0,-154.90997883909887,-126.05657854445718,-140.48327869177803,28.853400294641688,-24.38326120376587,-24.41598415374756,-24.399622678756714,-0.03272294998168945,-3.7221499951556325e-05,0.004782042466104031,0.041605446487665176,0.04348469898104668,7.680352427996695e-05,-0.004797460976988077,0.041439637541770935,0.04332640394568443,-190.37638000097118,35830.33470498622,0.0010807029902935028,-221.3122526402938,35824.88402704019,0.0010808930965140462,0.05944908782839775,0.007790321949869394,30764.773435795767,17813.547236305512
0.12793567862550959,0.0,-0.0316726379257055,0.05954276600202957,0.12075207771698548,-0.061801270024625654,-0.17026239811000277,0.0,-157.05281778958062,-130.64681270301705,-143.84981524629882,26.406005086563567,-24.290850162506104,-24.230737686157227,-24.260793924331665,0.06011247634887695,-0.004743468947708607,-0.000867157184984535,0.04415131360292435,0.04184013232588768,0.004509780555963516,-0.0018098154105246067,0.04342034459114075,0.0431988388299942,-197.9391746866789,35840.3251069534,0.0010310352081432939,-128.6305042225857,35840.15427830056,0.0010491629363968968,0.06070036068558693,0.008784540928900242,30751.755211431915,18134.18880533988
-0.0012277437652372894,0.025786630834260145,-0.6549425783116468,-0.5517579926056944,-0.6520006896614938,0.6014850742090738,0.9937930939424804,0.9741857732515515,-150.23027742570463,-127.1736148266643,-138.70194612618445,23.056662599040322,-24.12541389465332,-24.00508403778076,-24.06524896621704,0.1203298568725586,-0.0034475205466151237,-0.003515363670885563,0.04464099928736687,0.04301964491605759,-0.002670613117516041,-0.004212355241179466,0.044820234179496765,0.04407589137554169,-180.58280731721595,35852.81321970415,0.0010985340923070908,-182.6935544461442,35838.18263434325,0.0010731294751167297,0.06160943955183029,0.008971717208623886,30763.288986683234,18256.399190094013
0.9874224382225815,0.88569108911986,0.5140127385326942,0.25441348895258875,0.3036133487581655,-0.17000471688931168,-0.6760352348396739,-1.0,-156.33529531239697,-125.45884033098412,-140.89706782169054,30.87645498141285,-24.078693389892578,-24.130642414093018,-24.104667901992798,-0.05194902420043945,-0.004677587188780308,0.0015106366481631994,0.04437395557761192,0.043776437640190125,0.0046698665246367455,-0.0015813111094757915,0.04405041038990021,0.04357006773352623,-186.61743497535198,35814.54969026672,0.0010246726451441646,-215.64313477393532,35836.165502469616,0.0010930401040241122,0.06139858067035675,0.010415121912956238,30729.43924374972,18278.158840143107
0.05243104805333021,-0.012950566305193173,0.19337738800593257,0.35026517698621,0.2518142583779864,0.1283381258761363,0.044863305962068445,0.0,-152.48395939941196,-128.69980053420804,-140.59187996680998,23.78415886520392,-24.30150032043457,-24.297518730163574,-24.299509525299072,0.003981590270996094,0.004506062716245651,0.0017407953273504972,0.044174522161483765,0.04170546308159828,0.004826257936656475,0.00017203070456162095,0.043968427926301956,0.04196343943476677,-195.99758911170832,35858.71350049435,0.0010919494088739157,-185.05068337829786,35825.54465522616,0.001041771611198783,0.06053805351257324,0.008561769500374794,30757.5622069988,17989.25450817242
0.9100887378140191,0.9255357445694619,0.8250258339164642,0.5012399564208717,0.16036160923160558,-0.08316793453337412,-0.3459007598171311,-1.0,-155.50845558965202,-125.90113942901488,-140.70479750933345,29.60731616063714,-24.389619827270508,-24.361858367919922,-24.375739097595215,0.027761459350585938,0.002069510519504547,0.004282304085791111,0.04256186634302139,0.04248923808336258,0.003184947185218334,0.00358005752786994,0.04337075725197792,0.04193834215402603,-211.30055172609235,35859.61556147659,0.0010835860157385468,-206.13708035126788,35835.068084460836,0.0010902856010943651,0.05982326716184616,0.007978091947734356,30764.379652411553,17987.896643881777
0.07541760529751525,-0.010093729556702055,0.03465245495279082,0.05112301168769584,0.15341841951301283,-0.06221199198501848,-0.1899663838233514,0.0,-155.9288632169713,-131.25202550718325,-143.59044436207728,24.67683770978806,-24.380290508270264,-24.410698413848877,-24.39549446105957,-0.03040790557861328,0.003029304090887308,0.0036786142736673355,0.043171241879463196,0.04196225106716156,0.004715749993920326,0.0009579798206686974,0.04357162490487099,0.04123353585600853,-197.1964634388558,35831.08501335195,0.0010414539137855172,-180.6061716289862,35808.064970586835,0.0010546629782766104,0.06065036356449127,0.008877639658749104,30762.917696320765,18436.996535668888
-0.03004530041655251,-0.031974076222013786,0.3929617436883973,0.19558710373177537,-0.2326061239513592,0.282191956338666,0.28491086579805946,-0.47282161116792787,-153.8541120344439,-129.22297378033403,-141.53854290738894,24.631138254109857,-23.989157676696777,-23.96406888961792,-23.97661328315735,0.025088787078857422,0.004740452393889427,0.0015713414177298546,0.04579559341073036,0.04323014244437218,-0.004721212200820446,-0.0017163713928312063,0.045953419059515,0.04332659766077995,-123.80075076609425,35845.52767873851,0.001076201442629099,-208.62905555504474,35824.89832376004,0.0010734269162639976,0.06221996620297432,0.008920804597437382,30755.50186534249,18000.406501042697
0.9925299855084281,0.7657486492804072,-0.07402455235882406,-0.27741336451396714,0.40291713999498,-0.18111533119539924,-0.6963378924304763,-0.8003273507424802,-160.52836905548884,-128.27007029660325,-144.39921967604604,32.25829875888559,-23.979694843292236,-24.005298614501953,-23.992496728897095,-0.025603771209716797,-0.0023915341589599848,-0.00438990443944931,0.0447598434984684,0.04439925774931908,-0.0034582444932311773,0.0036631172988563776,0.04349751025438309,0.0453740619122982,-178.2193153364418,35825.02393450906,0.0010389129165560007,-231.05083761906525,35833.35205785541,0.0010975663317367435,0.06319495290517807,0.008838682435452938,30763.753866632193,18178.956950199485
-0.04646074820450463,-0.14962229660373064,0.17712339739250954,0.36057063848998167,0.13519072631782916,0.10210646968386888,0.06833463398124351,0.0,-151.08154163538282,-126.8541361451517,-138.96783889026727,24.22740549023112,-24.27776575088501,-24.376516342163086,-24.327141046524048,-0.09875059127807617,0.0015741758979856968,-0.004584494512528181,0.04180943965911865,0.04430460184812546,0.0030576828867197037,0.0036847246810793877,0.04322578385472298,0.04194128140807152,-238.99849378397815,35831.80042698893,0.0010904845548793674,-233.48579964571755,35824.133656932616,0.0010387374786660075,0.060533054172992706,0.00800821091979742,30731.45545083526,19799.810491713717
0.9340729803122299,0.9825487051515315,0.6617817155258947,0.39658906489964263,0.18989021106664522,0.1200162416197641,-0.38510109661752523,-1.0,-154.47855273640664,-124.09304018471033,-139.2857964605585,30.38551255169631,-23.85502815246582,-23.835904598236084,-23.845466375350952,0.019123554229736328,-0.005030024331063032,-0.0004798411391675472,0.04633381962776184,0.04408913105726242,-0.0018737142672762275,0.00476671801880002,0.04396728798747063,0.04663707688450813,-150.0688212324285,35822.451692984025,0.0010390274692326784,-175.40844787254616,35834.03520346661,0.0010868750978261232,0.06306730955839157,0.009553523734211922,30746.917145566724,18185.45227611797
0.08492068239414592,-0.018563137157408763,-0.08810326272803483,0.08764781573615354,0.15906457633979032,0.008730446535240799,-0.11294831969466135,0.0,-154.4044188963182,-130.03850900148308,-142.22146394890063,24.365909894835113,-24.122283458709717,-24.085476398468018,-24.103879928588867,0.03680706024169922,0.0024782605469226837,0.004235479980707169,0.04410048574209213,0.04360741004347801,0.004824170842766762,-0.0010807502549141645,0.04454754665493965,0.04352652281522751,-170.61081325947416,35834.554827170265,0.0010554669424891472,-137.7572505162271,35841.64879344108,0.0010474894661456347,0.06221301853656769,0.008634773083031178,30764.19541082206,18028.414313185982
-0.12691352621990695,0.17844984744236225,0.43008949845356437,0.0,-0.026813562840467098,0.5115709550720604,0.3487076683738649,-0.4676561645141989,-154.58342003167928,-129.40175118653468,-141.99258560910698,25.1816688451446,-24.41368579864502,-24.495818614959717,-24.454752206802368,-0.08213281631469727,0.002293324563652277,0.004176585469394922,0.04257110506296158,0.04224162921309471,-0.00245477887801826,0.00407210411503911,0.040824707597494125,0.04315422847867012,-204.81666050711712,35831.879172369474,0.0010963205713778734,-286.56656880349277,35820.783939849534,0.0010804147459566593,0.05964668095111847,0.008262749761343002,30764.70564717941,17998.937157682307
0.9773042398763688,0.36683495328013793,-0.10139713936448519,0.5047728368620086,0.2393688867698331,0.26460978389492484,-0.5066744828299923,0.0,-156.93818103292136,-126.9662248149034,-141.95220292391238,29.971956218017965,-23.82683515548706,-23.903331756591797,-23.86508345603943,-0.07649660110473633,-0.0044817086309194565,-0.0023446734994649887,0.046590398997068405,0.044122181832790375,-0.0049528516829013824,0.0010148411383852363,0.04553307592868805,0.04440558701753616,-222.16711330666766,35820.58033131197,0.0010410696268081665,-165.7233807902276,35842.5141411875,0.0010723654413595796,0.06428323686122894,0.008946575224399567,30757.299071273857,17986.62766783312
-0.3049592639239991,-0.21822198640281343,0.2204854821753417,0.4528359062954278,0.21709377005063407,-0.03667120826461251,0.07434300724397791,0.0,-150.78612871723345,-128.4245962129425,-139.60536246508798,22.36153250429095,-24.26755666732788,-24.31889057159424,-24.29322361946106,-0.05133390426635742,0.0006080335006117821,-0.004808029159903526,0.04198739677667618,0.04423554614186287,0.0028597675263881683,-0.0038795978762209415,0.04178069904446602,0.043935973197221756,-213.0795480704378,35860.48405947287,0.0010966532863676548,-138.90058773606654,35839.59478725269,0.0010361270979046822,0.0603947788476944,0.008199349045753479,30509.972735094896,18551.63589916011
0.9651067889180681,0.7851078703876935,0.4896811494353522,0.26551754339494826,0.2233225515460952,0.09730888297108875,-0.7295035366941753,-0.9383538687641269,-154.08890563079643,-124.41236263061035,-139.2506341307034,29.676543000186086,-24.496800899505615,-24.52449083328247,-24.510645866394043,-0.02768993377685547,-0.004541213158518076,0.0011703269556164742,0.04242299124598503,0.04158180579543114,-0.00224695703946054,0.004141845740377903,0.040664032101631165,0.04303968325257301,-174.40804368236584,35842.70826875238,0.0010316711850464344,-209.08571331154585,35827.80794363281,0.0011078552342951298,0.05825010687112808,0.009994936175644398,30732.222135709275,18417.665146186446
-1.0,-0.9767090214440564,0.02825156370529253,0.3231196541108495,0.4166581688224841,0.46572243532594804,0.6754092086747402,0.9687573164417133,-154.16328170495564,-130.4243937877916,-142.2938377463736,23.73888791716405,-24.52199697494507,-24.51798677444458,-24.519991874694824,0.004010200500488281,-0.0031330459751188755,-0.003490542294457555,0.04255218803882599,0.041200973093509674,0.003250846639275551,0.003414554987102747,0.042660512030124664,0.04112569987773895,-174.8844468517858,35825.50881718745,0.001063161646015942,-193.33066371349736,35813.5698550622,0.0010428337845951319,0.05954977869987488,0.008868752047419548,30762.845795574583,18449.750956143787
0.7322865360764855,0.7813098706918661,0.8547956042844579,0.38318185446867337,0.11622642697166297,0.012336857069114804,-0.3270081514913417,-1.0,-152.41597577953556,-125.10020483829703,-138.75809030891628,27.315770941238526,-24.59151029586792,-24.536926746368408,-24.564218521118164,0.05458354949951172,-0.0008670614333823323,-0.004571828991174698,0.04098408669233322,0.04210469126701355,-0.0004960782243870199,-0.004681238438934088,0.041077665984630585,0.042527150362730026,-151.5965177787948,35837.2269239277,0.001073329127393663,-235.72054879087315,35848.769115240226,0.0010783266043290496,0.0581967756152153,0.00752719072625041,30762.653599388963,17861.815544500263
0.22180857293715306,-0.001861078368922218,0.07566939459429875,0.3750736510863706,0.410026898429087,0.3516981560754616,0.43491303559352695,0.0,-153.5175986661654,-129.74944459922136,-141.63352163269337,23.76815406694405,-24.50369119644165,-24.50993061065674,-24.506810903549194,-0.006239414215087891,0.0005340963252820075,0.0041646650061011314,0.04129716753959656,0.04268529638648033,-0.004364415071904659,0.0018073865212500095,0.04201136901974678,0.04186596721410751,-217.55784971057767,35750.21885221698,0.0011649216758087277,-151.99727606843152,35838.6468129944,0.0010707074543461204,0.059129465371370316,0.00821293517947197,30752.118109209816,18202.32430429286
-0.22036324651200603,-0.14848064463147112,0.19905606470650547,0.42964711001373934,0.4182962628990151,0.09088655620038066,0.10178137708971069,0.0,-151.5007441356942,-128.3622993107299,-139.93152172321203,23.138444824964296,-24.648149013519287,-24.64707374572754,-24.647611379623413,0.0010752677917480469,9.459559078095481e-05,0.004633823409676552,0.040385857224464417,0.04215020686388016,0.004648346453905106,-0.000389731430914253,0.04201865941286087,0.040529765188694,-181.20943270073178,35834.81503277484,0.0011048881569877267,-185.50565882411246,35816.62216749709,0.0010370262898504734,0.05784304440021515,0.007837975397706032,30755.032892903237,17969.62041851705
0.9717972369974817,0.8328847639551059,0.4625081628697572,0.1957243893932374,0.2497564863152228,-0.11416150090780686,-0.7143699968498042,-1.0,-154.93785724162882,-124.92348733648703,-139.93067228905792,30.01436990514179,-24.610488414764404,-24.670121669769287,-24.640305042266846,-0.05963325500488281,0.0013036164455115795,0.004442320670932531,0.0411134697496891,0.04180016368627548,-0.004412670619785786,0.0014135029632598162,0.04143749922513962,0.040905967354774475,-141.35072576891528,35815.37223504996,0.0010273871012032032,-217.75856106986436,35850.30192314929,0.0010970549192279577,0.05850597098469734,0.007553693372756243,30764.865537491347,17893.463990370976
0.04263359257276604,0.0,0.059948096134856965,0.1652517392847695,0.1952173288733382,0.1121473546866863,0.03440138806578463,0.0,-152.28263851584688,-128.07474809427424,-140.17869330506056,24.207890421572642,-24.503326416015625,-24.51014518737793,-24.506735801696777,-0.0068187713623046875,0.003559220815077424,-0.0030875056982040405,0.041319139301776886,0.0426139198243618,-0.0027182800695300102,0.003829232882708311,0.04086266830563545,0.042988892644643784,-224.72294661046433,35855.07475274656,0.0011046348372474313,-170.8813824284903,35831.2537082404,0.0010316073894500732,0.05853157490491867,0.008899204432964325,30963.765796820775,18081.34303915393
0.8489515539483765,0.9168104052428371,0.8500272057833133,0.452242280375573,0.1482028826715877,0.031738084713480275,-0.2075389387628736,-1.0,-156.06064221068482,-126.72852867972051,-141.39458544520267,29.332113530964307,-24.540743827819824,-24.607970714569092,-24.574357271194458,-0.06722688674926758,-0.0028679179958999157,-0.0037411549128592014,0.04232316091656685,0.04124961420893669,-0.004667683504521847,0.00018241818179376423,0.042304012924432755,0.0406147763133049,-228.2457774489566,35841.461590025734,0.001071074279025197,-194.17622799066007,35837.83387256027,0.0011064533609896898,0.058843761682510376,0.008500686846673489,30763.027662693057,18324.27335010932
0.10849440148018231,-0.0019922490511521036,0.07540777840397364,0.029792076981463855,0.12545828028894718,-0.12619678929662004,-0.198754814026049,0.0,-154.13916148468098,-129.9917694047519,-142.06546544471644,24.14739207992909,-24.6791410446167,-24.762160778045654,-24.720650911331177,-0.08301973342895508,0.0045670149847865105,-0.000581081782002002,0.04179723560810089,0.04045431688427925,-0.0034569082781672478,0.003050786443054676,0.04004077613353729,0.04142181947827339,-190.77664344300402,35823.72052696196,0.0010432180715724826,-165.15611988207112,35808.69755650132,0.001051518484018743,0.05794551223516464,0.009449118748307228,30739.51411735903,18594.78133440768
0.08439945114098886,-0.008553196887296182,0.3904403684551528,0.5194405389171667,0.35287070633694484,0.6100912668669773,0.8835169392075262,0.0,-153.7497191683568,-129.57394792488498,-141.66183354662087,24.175771243471814,-24.522786140441895,-24.494647979736328,-24.50871706008911,0.028138160705566406,0.004090330097824335,0.0005907430313527584,0.042762767523527145,0.0410345233976841,0.003147623036056757,0.0035294960252940655,0.042715854942798615,0.04129771143198013,-95.48031726838877,35738.823058894355,0.0011642163153737783,-198.25114870782915,35833.20885777863,0.0010812197579070926,0.058559730648994446,0.008565753698348999,30731.076288208165,18094.634549839815
0.9647653338703209,0.7151378623541814,0.20113662094580406,0.06953171264211638,0.21510895317329548,-0.2822397415435272,-0.7277357630597384,-0.9570187177773763,-157.21975638480916,-126.52445065167359,-141.87210351824137,30.69530573313557,-24.261300563812256,-24.292941093444824,-24.27712082862854,-0.03164052963256836,0.004635774064809084,-0.0012972799595445395,0.04354728013277054,0.042767610400915146,-0.0045953961089253426,-0.0015926167834550142,0.04424358159303665,0.04171627759933472,-169.77753174068275,35836.91970754531,0.0010347296483814716,-216.0193368478029,35833.996459848364,0.001103028072975576,0.060199983417987823,0.010309469886124134,30730.47844834888,18311.264135867415
0.02866076047170488,-0.001887804456948015,0.14222671542628063,0.23914078041327702,0.1863803409434393,0.19912592780200145,0.052936026077455955,0.0,-154.79807282309025,-132.99263926569677,-143.8953560443935,21.805433557393485,-24.524729251861572,-24.516923427581787,-24.52082633972168,0.007805824279785156,-0.00452083395794034,0.0012800879776477814,0.042237915098667145,0.041495416313409805,-0.002662594662979245,0.003913123160600662,0.04079466685652733,0.042985208332538605,-194.36022640141513,35833.6862355434,0.0010939057683572173,-198.70606427551738,35821.489101371604,0.001036930363625288,0.05844579637050629,0.009872465394437313,30733.404967761046,18592.040552462975
0.8452304985135738,1.0,0.856908257018259,0.4985508383648376,0.12988565442659106,-0.012324328263621509,-0.3736512637681083,-1.0,-152.86277651642763,-123.44928596672722,-138.1560312415774,29.413490549700413,-24.340968132019043,-24.377083778381348,-24.359025955200195,-0.03611564636230469,0.003865931648761034,0.0028312639333307743,0.04379277676343918,0.041709721088409424,-0.0008881272515282035,-0.004702015779912472,0.04200952872633934,0.043154265731573105,-138.57457289842577,35831.55048083207,0.0010931282304227352,-155.4658694441713,35844.63545269629,0.0010961353546008468,0.06010875850915909,0.008838911540806293,30760.516063231138,18063.162227679095
0.23341339659979493,0.01122334962075713,-0.16019273770051073,0.1075105741690291,0.12462266753131945,-0.1583792073488095,-0.1799071884602641,0.0,-156.00308703957216,-127.82170658128234,-141.91239681042725,28.181380458289823,-24.39176082611084,-24.3147611618042,-24.35326099395752,0.07699966430664062,0.00040286622243002057,0.004742712713778019,0.04173531383275986,0.04328028857707977,0.0020743790082633495,0.004347737412899733,0.04295160993933678,0.04283337667584419,-158.6635505172945,35844.016115264436,0.001049116370268166,-112.39727434880581,35839.145224106556,0.0010539343347772956,0.06009460240602493,0.007888677529990673,30764.20943295341,17823.91282246153
-0.10933822479761132,-0.20298060710083277,0.21682239796824151,0.5486230039688619,0.13055164894067875,0.09953770416365987,0.05673306450120208,0.0,-152.4391456560644,-127.17507180609596,-139.80710873108018,25.26407384996844,-24.541735649108887,-24.564030170440674,-24.55288290977478,-0.02229452133178711,0.0030151454266160727,0.003589996136724949,0.04239822179079056,0.04116565361618996,-0.0031123156659305096,0.0035071095917373896,0.040757015347480774,0.04258033633232117,-201.7297984385335,35838.31362686089,0.001082233851775527,-248.29066150970766,35833.76074844364,0.0010745397303253412,0.058664921671152115,0.008614986203610897,30763.631827402904,18189.361704660438
0.9360059990345452,0.7824894673071012,0.3160771693574245,0.18346647353053447,-0.03395679464399626,-0.2087101977451381,-0.7179539346094206,-1.0,-158.4423664146771,-128.8564356741806,-143.64940104442886,29.585930740496508,-24.3323016166687,-24.404304027557373,-24.368302822113037,-0.07200241088867188,0.0015508270589634776,0.004531297832727432,0.04255760833621025,0.04305499047040939,0.004753340966999531,-0.00048600047011859715,0.04319089651107788,0.041700128465890884,-226.39900173739284,35823.81585311644,0.0010332853998988867,-158.15851155355008,35845.87311747294,0.00110448501072824,0.06079667806625366,0.007949159480631351,30764.86357896169,17939.382773608235
-0.037546271289604076,0.0288210439869923,0.19829871431405122,0.3481898894401364,0.45614676975096485,0.21901154092383596,0.11311210945164929,0.0,-156.0808344202522,-133.46217260574218,-144.77150351299719,22.618661814510006,-24.705188274383545,-24.78858232498169,-24.746885299682617,-0.08339405059814453,-0.0011077120434492826,0.004442610777914524,0.03983628749847412,0.042148590087890625,-0.0018697683699429035,-0.004161386284977198,0.04061150178313255,0.04061922803521156,-192.13462244047284,35867.162562183265,0.0011040768586099148,-128.65897782258688,35830.67871270726,0.001028232742100954,0.05741351842880249,0.007900240831077099,30507.808027866144,18730.13783897526
0.9613731506001555,0.968299266055212,0.9008580375195616,0.4419778148644358,0.05736390690126514,-0.02824277905337691,-0.4745449514723968,-1.0,-156.71788775004498,-127.2640542106156,-141.9909709803303,29.453833539429382,-23.342933654785156,-23.26324701309204,-23.3030903339386,0.07968664169311523,-0.0050027272664010525,0.0019485068041831255,0.04814920574426651,0.04779297858476639,0.005399764981120825,0.0007835558499209583,0.049684446305036545,0.047103989869356155,-158.73313589225805,35850.42549103229,0.0010612017940729856,-231.07602563280588,35830.99556490087,0.0010858625173568726,0.06646786630153656,0.011457202956080437,30971.42407924734,18514.016556469298
0.19044813360232946,0.08813745804814155,-0.15411225920193214,0.0944076267060589,0.05583492509425092,-0.20284605788542392,-0.18942758061108922,0.0,-153.6257693476801,-126.44516131038716,-140.03546532903363,27.180608037292927,-22.941272258758545,-23.034896850585938,-22.98808455467224,-0.09362459182739258,0.002413636539131403,0.005077514797449112,0.0502842478454113,0.05019954591989517,0.00469424482434988,0.0030524777248501778,0.051013510674238205,0.04835319519042969,-191.72644631712905,35817.16338670575,0.0010496252216398716,-184.540996640151,35823.81233022254,0.0010509720304980874,0.07135560363531113,0.009647192433476448,30763.881129674788,17972.333438592625
0.8769692925294624,0.6598275415591982,0.9928991481349898,0.5203097653696588,0.09935074241642616,-0.051240776245795094,-0.21489549585443168,-1.0,-153.58901935177104,-127.17449247431384,-140.38175591304244,26.414526877457206,-22.339646816253662,-22.239363193511963,-22.289505004882812,0.10028362274169922,0.005525835789740086,0.002461352152749896,0.05536627396941185,0.05227721109986305,-0.006078498438000679,0.0006035245605744421,0.05543052777647972,0.053491801023483276,-125.71683890327067,35823.7570130773,0.001063692383468151,-185.00027092447604,35841.21387592012,0.001061151851899922,0.075439453125,0.010866163298487663,30757.24404688349,17975.87637853612
0.9786868038812297,0.7578545737554121,0.18931425181914452,-0.05144750759117028,-0.10222923679333229,-0.1725356651220205,-0.7293084139420266,-0.8756868932661809,-156.31182428729838,-127.3744812853084,-141.8431527863034,28.937343001989973,-22.697646617889404,-22.112762928009033,-22.40520477294922,0.5848836898803711,-0.0010329049546271563,0.005703683942556381,0.05027790740132332,0.05302604287862778,0.003910488449037075,0.004817844368517399,0.0560583658516407,0.05446845293045044,-170.81369763121813,35823.34800882477,0.001023650518618524,-64.38023843494345,35844.73526218554,0.0010684499284252524,0.07264848798513412,0.009942591190338135,30749.51411787931,18128.376304398567
-0.02335096689510812,0.03481862323114657,0.12539410638669624,0.22097647227853692,0.21050582776223684,0.09452605933409841,0.08257360739459674,0.0,-153.6473098592947,-127.33271381279792,-140.4900118360463,26.314596046496774,-22.314260005950928,-22.245404720306396,-22.279832363128662,0.06885528564453125,-0.0024441592395305634,0.00555733498185873,0.05243793502449989,0.05552060529589653,-0.006117831449955702,-0.0002309485134901479,0.055689189583063126,0.05314283072948456,-113.06117738597331,35834.21301675671,0.0010840198956429958,-134.1534837260032,35831.896824136806,0.0010367879876866937,0.0753529965877533,0.010169691406190395,30754.292583234765,18684.127503482578
0.9695482220710743,0.9420449120604609,0.8351481180684305,0.44593051364538394,0.10253945937441122,-0.2245805985199823,-0.5255631628394872,-1.0,-152.21219445191292,-121.36423993473699,-136.78821719332495,30.847954517175936,-22.6090669631958,-22.776658535003662,-22.69286274909973,-0.16759157180786133,0.005544227082282305,-0.0018671308644115925,0.05251709744334221,0.05188137665390968,-0.004516982473433018,-0.003562554018571973,0.05242325738072395,0.04995061084628105,-155.9083067558024,35815.75826335764,0.0010347357019782066,-197.70528730555478,35839.23868994675,0.0010791684035211802,0.0727565661072731,0.012302112765610218,30729.50495293959,18366.159665223644
0.16664006325085362,-0.0029083296600790984,0.017673280280932957,0.14439757184595645,0.17947188094297378,0.07496674667885483,-0.045634306988764695,0.0,-156.54462001578776,-130.93694889154,-143.74078445366388,25.60767112424776,-22.94574499130249,-22.867841720581055,-22.906793355941772,0.07790327072143555,0.002991246059536934,0.004753109999001026,0.05057777464389801,0.04985203221440315,-0.00568682374432683,0.0002938802062999457,0.051660869270563126,0.049653373658657074,-167.98857914023694,35858.27168238987,0.001067776931449771,-141.5234679809306,35828.751005435566,0.0010339641012251377,0.07094316929578781,0.01005579624325037,30763.777108419046,18108.896974532043
0.5981435128778666,0.7713508762298272,1.0,0.7647799033419362,0.07689770952367864,-0.07861850053986602,0.015346918386262898,-1.0,-150.32413762940848,-124.89584465406375,-137.60999114173612,25.428292975344732,-22.862236499786377,-22.891459465026855,-22.876847982406616,-0.029222965240478516,0.005578638985753059,-0.0011573364026844501,0.05134417861700058,0.05004715174436569,0.004687660839408636,0.0031996644102036953,0.05183776095509529,0.049186814576387405,-150.45108965679398,35849.94513120025,0.0010737043339759111,-178.9185935551446,35832.4953328139,0.0010733804665505886,0.0704350695014,0.011574506759643555,30739.59451495563,18594.809025901828
0.9614029459652166,0.6823292730610669,0.32527536187825545,-0.2730419266184075,0.16988905294586792,-0.0771092733366599,-0.6169055873209013,-0.5545445790993769,-154.88139457587937,-126.54852120608314,-140.71495789098125,28.332873369796232,-22.88562536239624,-22.906031608581543,-22.89582848548889,-0.020406246185302734,-0.00471123680472374,-0.0031295439694076777,0.05184510722756386,0.04925151914358139,-0.005667035933583975,-0.0004959388170391321,0.05168949067592621,0.04916635528206825,-182.05878946630932,35826.711645966796,0.0010385875357314944,-167.76995914861848,35832.08277739467,0.0010834353743121028,0.07181891798973083,0.0102688642218709,30759.70574946629,17982.300523987036
0.033067807105735966,-0.01403209541059748,0.14588694477114825,0.3058347377768774,0.14254261972308424,0.06946250343542715,0.08249183494769341,0.0,-156.1748583564422,-129.67139473515385,-142.92312654579803,26.503463621288347,-22.86356210708618,-22.859303951263428,-22.861433029174805,0.004258155822753906,0.0014626581687480211,0.005533853080123663,0.05020242556929588,0.05117401108145714,-0.0009832923533394933,0.0056212046183645725,0.04930949956178665,0.052085570991039276,-118.78506623221114,35826.77629781254,0.0010694041848182678,-203.25669554108958,35819.974692530224,0.0010421725455671549,0.07113691419363022,0.009341808967292309,30765.777572676783,17830.019854329017
0.9949790213020441,0.9072480570286614,0.729708307778065,0.3369676536969001,-0.04709701922599252,-0.27157567135063176,-0.5606031483506845,-1.0,-157.40878515341777,-126.82100859213915,-142.11489687277844,30.587776561278616,-22.931911945343018,-22.946372032165527,-22.939141988754272,-0.014460086822509766,-0.004997225012630224,0.0026650186628103256,0.050108954310417175,0.050478558987379074,0.005585076287388802,-0.0008479380630888045,0.05096040293574333,0.049449674785137177,-190.86464572779659,35809.236590263296,0.0010255585657432675,-159.50285659912652,35857.598843458145,0.001080550835467875,0.07014326751232147,0.01131835114210844,30966.57094912667,17867.95080533727
0.012066652877634206,0.0,0.00863723616786602,0.14311067763373927,0.22366998184239922,0.1310934613351309,-0.015534911536115414,0.0,-155.505944175055,-131.43753715265507,-143.47174066385503,24.068407022399924,-22.974743843078613,-22.951111793518066,-22.96292781829834,0.023632049560546875,0.004498480819165707,-0.003366023302078247,0.049452751874923706,0.05063558742403984,0.005382289178669453,0.0017947127344086766,0.05162307620048523,0.04869779944419861,-222.50289507050528,35838.7889888748,0.0010660981060937047,-128.18889148010072,35829.95102942112,0.0010253522777929902,0.06974021345376968,0.010774228721857071,30956.030582646268,18036.905784458126
0.4102141095512226,0.589332037489605,1.0,0.5455602675754163,-0.030116384469250468,0.2885463108864253,-0.4136401040367987,-1.0,-151.58235690296652,-125.2250684205728,-138.40371266176965,26.357288482393727,-22.892258167266846,-22.907137870788574,-22.89969801902771,-0.014879703521728516,0.001542943879030645,-0.005445136688649654,0.04906707629561424,0.05194377899169922,0.0018006033496931195,0.005384183023124933,0.05014003813266754,0.05073397606611252,-188.14897803275912,35840.8228823357,0.0010714988457038999,-210.25136293448674,35819.80970629461,0.0010775154223665595,0.07051970064640045,0.009405705146491528,30498.64963625149,19627.572010647877
0.995776089108256,0.9511627881008563,-0.11577714951956221,-0.004788482084624235,0.22256611324340253,0.29602748551952907,-0.10001908820413874,-0.14167433009770514,-161.23970405247005,-130.99778344342047,-146.11874374794525,30.241920609049572,-22.93567657470703,-22.91274070739746,-22.924208641052246,0.022935867309570312,0.004006367176771164,0.003993172198534012,0.05118768662214279,0.04934044927358627,-0.005441737361252308,0.0016189614543691278,0.05079501494765282,0.0500122494995594,-147.91789399182906,35812.342146978684,0.0010410560062155128,-157.01734748241233,35824.68325323449,0.001064425683580339,0.0711115151643753,0.010309053584933281,30760.786383021634,18009.46784203318
0.005863202778368867,-0.04223101699049881,0.4449955171151431,0.5269150460150991,0.30076394943314677,0.10121719026497744,0.19277725814901736,0.0,-152.84749681544895,-127.4585231187869,-140.15300996711792,25.38897369666205,-23.11197280883789,-23.170921802520752,-23.14144730567932,-0.05894899368286133,-0.005374228581786156,0.0013028128305450082,0.04979797825217247,0.04872255399823189,0.002201056107878685,0.005044146440923214,0.04890308156609535,0.04895564168691635,-193.0910048571764,35825.40833057897,0.0010640760883688927,-204.70220411096946,35841.538355964934,0.00104511808604002,0.0683491975069046,0.01138922106474638,30979.3208581997,19655.426076231255
0.9341809714676453,0.9079051545094983,0.6663377556406627,0.15050764677873674,-0.25993861770143617,-0.12812792701991438,-0.5404004029305349,-1.0,-154.83469170134424,-127.77359512678834,-141.3041434140663,27.061096574555904,-22.84184455871582,-22.909667491912842,-22.87575602531433,-0.06782293319702148,-0.0056050801649689674,0.0009613887523300946,0.05155063420534134,0.0500793531537056,-0.005523448809981346,0.001471980009227991,0.05087054520845413,0.0499672070145607,-236.80731576939525,35841.19595764934,0.0010399061720818281,-182.66762854223515,35838.60509813746,0.0010760886361822486,0.07129514962434769,0.0119327362626791,30739.065915562667,18763.739121802908
0.01909112940713657,-0.005209939071461446,0.007080719453665424,0.17588131369964322,0.26243918344542333,0.12669983192434064,0.00597746799397858,0.0,-155.6599962635986,-131.91796152280847,-143.78897889320353,23.74203474079013,-22.953264713287354,-22.934885025024414,-22.944074869155884,0.018379688262939453,0.005188459064811468,-0.0021510845981538296,0.05028216540813446,0.050062499940395355,0.0019641262479126453,-0.005327925551682711,0.04878764972090721,0.05172141268849373,-142.70407202361838,35831.909599690975,0.0010505571262910962,-206.1155800240014,35816.542490371015,0.0010287552140653133,0.06930497288703918,0.011727032251656055,30726.17402641667,18538.933859744393
0.9328050674625251,0.954874287348256,0.8971941527210704,0.508639132350152,0.19347517741772846,-0.24174918488861247,-0.4490615692784521,-1.0,-155.33077164503862,-126.57337638136684,-140.95207401320272,28.757395263671782,-22.88289785385132,-22.924916744232178,-22.903907299041748,-0.042018890380859375,-0.005322199314832687,-0.002015502657741308,0.05201303958892822,0.049103014171123505,-0.001861519762314856,0.0053406693041324615,0.04883383587002754,0.051793262362480164,-159.66063586961346,35832.02856711378,0.0010628894669935107,-175.20909601196362,35827.07569420391,0.0010843356139957905,0.07135121524333954,0.010141804814338684,30756.59175781353,18001.18966789033
0.3709923057017002,0.06530081290427141,-0.09363751472172792,-0.17069298390004806,0.07040842459641933,0.26787574192628427,-0.0007799794928368131,0.0,-154.81153695786782,-128.56839584264543,-141.68996640025662,26.243141115222386,-23.044681549072266,-23.08912992477417,-23.066905736923218,-0.0444483757019043,-0.005011608824133873,-0.0023819594644010067,0.051023732870817184,0.04823237657546997,-0.0019681910052895546,0.005192120559513569,0.047917865216732025,0.05082428455352783,-179.01625194638962,35840.639370695106,0.0010570349404588342,-173.20409719890583,35824.78038648792,0.001054238760843873,0.07022741436958313,0.00979604572057724,30757.948083215866,17976.58627169243
-0.042837744757061105,0.07556899348138815,0.3612595068309263,0.516701764976322,0.24596426995758486,0.09189252316649732,0.20701392710225153,0.0,-156.1481838710406,-129.80017218189866,-142.97417802646964,26.34801168914194,-23.13088893890381,-23.156168460845947,-23.143528699874878,-0.025279521942138672,-0.00044870778219774365,0.005499286577105522,0.047931794077157974,0.05035053938627243,-0.002962397877126932,-0.004641042090952396,0.049417246133089066,0.04860527813434601,-148.80705560093548,35826.99585670083,0.0010605142451822758,-177.85909631964034,35838.08257221509,0.001043944270350039,0.06884722411632538,0.009199878200888634,30762.35504597609,17872.89477234887
0.9817702087646795,0.8696431731925465,0.2754315541059414,-0.19420109716891543,-0.10010880727414395,0.06199459132793106,-0.12734353360544115,-0.495642776942671,-155.5850342073539,-128.04649417251386,-141.81576418993387,27.538540034840054,-23.041141033172607,-22.967073917388916,-23.00410747528076,0.0740671157836914,-0.003361905924975872,0.004414382390677929,0.048479046672582626,0.05082923546433449,-0.00374761875718832,-0.004241916351020336,0.05092472583055496,0.04924071580171585,-172.94691946725987,35839.2650521779,0.0010528438724577427,-160.39150063460033,35826.49770656965,0.0010645724833011627,0.06953045725822449,0.00949312373995781,30966.147280259385,18773.3355020332
0.07886199692838677,0.0,0.018731776521997923,0.24860710828582075,0.32192571652595814,0.12835335712437368,-0.03833110377073534,0.0,-155.16652503281966,-129.19395638265712,-142.1802407077384,25.972568650162543,-22.74890899658203,-22.782225608825684,-22.765567302703857,-0.033316612243652344,-0.001277503790333867,0.005606426391750574,0.04992138221859932,0.05277281999588013,-0.004625391215085983,0.003412555204704404,0.05054645612835884,0.051784295588731766,-167.8062447994688,35839.316172526385,0.0010458225151523948,-225.39414627579012,35821.83651240687,0.0010312420781701803,0.07170116901397705,0.009891748428344727,30520.806752099237,18384.597517186205
0.9046744663644573,0.9438689685169236,0.810804834465317,0.5938738961236604,-0.14604779275486418,-0.13152640221210077,-0.4671352524674767,-1.0,-149.91986466111976,-122.8415700006367,-136.3807173308782,27.078294660483067,-22.701857089996338,-22.755825519561768,-22.728841304779053,-0.05396842956542969,0.0018360558897256851,-0.005494619254022837,0.05013540759682655,0.05311214551329613,-0.005413253791630268,0.002053860342130065,0.05149790272116661,0.05114853382110596,-243.88264331812886,35818.2144905917,0.001047806115821004,-129.17428347337957,35832.54598421346,0.0010839704191312194,0.07265657931566238,0.009563809260725975,30733.145509909195,19620.409818723732
0.19578733530437314,0.206896271254669,-0.10156335089052834,-0.10255433267829925,0.1840787957356786,0.16826019530380143,0.043527874483874074,0.0,-156.527823381719,-128.94151276408866,-142.73466807290384,27.586310617630346,-22.812023162841797,-22.789287567138672,-22.800655364990234,0.022735595703125,0.005700593814253807,0.00044259073911234736,0.052199069410562515,0.049760714173316956,-0.0050841569900512695,0.0026867275591939688,0.05093945190310478,0.051314130425453186,-104.22943331419337,35821.744463309085,0.0010401414474472404,-138.6899505861914,35809.96438305244,0.0010297712869942188,0.07119728624820709,0.010790130123496056,30744.405112903263,18243.55283798111
0.0,-0.019564475090512207,0.4052663172580824,0.4620846340740117,0.04764673649070289,-0.2674128482345599,-0.08083505163936955,0.0,-154.71399450061028,-127.67678345484296,-141.19538897772662,27.03721104576732,-22.91731357574463,-22.93757915496826,-22.927446365356445,-0.020265579223632812,-0.004812617786228657,0.002949729561805725,0.05003391206264496,0.05072429031133652,-0.0027397109661251307,-0.004941657185554504,0.050501465797424316,0.05002101883292198,-78.88893746560386,35828.72672420924,0.0010428203968331218,-165.23218448309248,35849.33778085758,0.0010591013124212623,0.07000608742237091,0.011240934021770954,30957.6272743889,17925.430841796428
0.9613504468178484,0.6127711131073874,0.20688033294505806,-0.19536947038145475,-0.2809507068232612,-0.220200847689776,-0.6532336138401242,-0.9391997433910095,-155.22370251877817,-126.88479534407759,-141.05424893142788,28.33890717470058,-22.368383407592773,-22.286360263824463,-22.327371835708618,0.08202314376831055,0.0053359223529696465,0.0027856724336743355,0.055142275989055634,0.05214923620223999,0.005246257409453392,0.0030928642954677343,0.0556560717523098,0.052652377635240555,-202.54311230602147,35844.56530143273,0.0010616891086101532,-130.25717489927106,35835.58211884028,0.001066382508724928,0.07598419487476349,0.010793289169669151,30758.557606246504,17974.05846119638
0.009538218351127671,-0.0035508642097490228,0.03322899211344377,0.23669273306179792,0.27911630644887025,0.12463126782183531,0.07772915077449194,0.0,-155.88044557081753,-129.48482023398319,-142.68263290240037,26.395625336834343,-22.314128875732422,-22.269556522369385,-22.291842699050903,0.04457235336303711,-0.00594682851806283,0.0012146503431722522,0.054669611155986786,0.05332639068365097,-0.005880668759346008,-0.0017309302929788828,0.05582800507545471,0.052683137357234955,-159.63079925525423,35829.68530664373,0.00103254325222224,-186.55646934859013,35809.474625889925,0.001042163115926087,0.07478535175323486,0.01253843680024147,30734.260393006796,18616.881295650455
0.8251758756914124,0.900593608402179,0.9030782662740482,0.04074233070047882,-0.17186273921469342,-0.2807735416526614,-0.568773258087198,-1.0,-152.37004743579354,-125.90356692973751,-139.13680718276552,26.46648050605603,-22.19761371612549,-22.40534782409668,-22.301480770111084,-0.2077341079711914,0.004312042612582445,0.0043970514088869095,0.0557345412671566,0.053708840161561966,0.006001069210469723,0.0005561265861615539,0.05476781725883484,0.052071887999773026,-106.80187978700486,35832.310799745566,0.001069823745638132,-103.36384166147191,35825.43491223019,0.0010765392798930407,0.0775974839925766,0.011374815367162228,30762.613129459965,18465.957335427203
0.06361727331278826,0.0,-0.042505154687008065,0.09774683504033838,0.17518641044366856,0.1680884656896502,0.050704913406165564,0.0,-155.68527145173488,-127.55861997098458,-141.62194571135973,28.126651480750297,-22.2336483001709,-21.795344352722168,-22.014496326446533,0.43830394744873047,-0.005305643659085035,-0.003010033629834652,0.05595219507813454,0.05302106589078903,0.006291133351624012,-0.0015914400573819876,0.05788154527544975,0.05675947293639183,-77.10297559225722,35820.70531401461,0.0010503476951271296,-116.71686395883665,35812.82435587853,0.0010327897034585476,0.07632257044315338,0.010728792287409306,30758.675061069105,17983.539965070875
-0.05411127804968694,0.007563791809533916,0.5257353150270183,0.5700032076409316,0.24535834713452245,-0.12639442702375464,0.025644957360422826,0.0,-154.64970518096948,-131.45923058243113,-143.0544678817003,23.190474598538344,-22.999653816223145,-23.408572673797607,-23.204113245010376,-0.4089188575744629,0.0024934126995503902,-0.005023704841732979,0.04847580939531326,0.05129241943359375,-0.003425061237066984,-0.004153607413172722,0.04832691326737404,0.04687638208270073,-188.39910070454482,35822.00378828283,0.0010550105944275856,-199.63607400070248,35836.33533503731,0.0010656871600076556,0.07015916705131531,0.009140131063759327,30738.408122843317,19052.88708700534
0.92759697797671,0.7774463460143247,0.1382036144127591,-0.1920584058580147,0.2716259478686742,0.19859889134805175,-0.21028141021012875,-0.5254318489331415,-153.8177890176315,-125.95697339965994,-139.8873812086457,27.860815617971554,-24.90943431854248,-24.935364723205566,-24.922399520874023,-0.025930404663085938,-0.0024126055650413036,0.0037832483649253845,0.038997236639261246,0.04108523949980736,-0.00163464923389256,-0.004176191985607147,0.039811696857213974,0.040057577192783356,-224.27749420923183,35852.99554249474,0.0010646742302924395,-161.9072209210113,35840.56526780156,0.0010605306597426534,0.05588414520025253,0.007521532475948334,30967.858232416627,19028.233904898323
0.02775024878902121,0.0,0.08940089276157417,0.24032738945138654,0.1958756198636732,0.09253325321276656,-0.0683637191044768,0.0,-155.8263248048217,-129.96388169380498,-142.89510324931334,25.862443111016717,-23.57032060623169,-23.293592929840088,-23.43195676803589,0.27672767639160156,0.0015505754854530096,-0.005002427846193314,0.04538429528474808,0.048040907829999924,0.005000123754143715,0.0020871846936643124,0.049633316695690155,0.046812754124403,-95.658661530866,35844.24323991326,0.0010279364651069045,-214.72977846699177,35824.30033125053,0.0010513392044231296,0.06523092091083527,0.0089768897742033,30522.236390528225,18628.376541504833
-0.0568347862336275,0.08691639475338707,0.1323168052374915,0.05948931643629243,-0.01760810486020259,0.15020404578185587,0.2459559622284564,0.0,-154.13120154250248,-127.36543957208227,-140.74832055729237,26.765761970420215,-22.19545602798462,-22.112228870391846,-22.153842449188232,0.08322715759277344,0.001344871474429965,-0.005985326133668423,0.05320272967219353,0.05624714121222496,0.004358587320894003,-0.004469667561352253,0.054139457643032074,0.056378670036792755,-171.02097530824247,35839.12826788218,0.0010750865330919623,-168.02221366620242,35825.42944107882,0.001058749621734023,0.07711875438690186,0.010540432296693325,30510.417302957314,18568.376992660727
0.8591264634877198,0.19255063293511174,-0.10824984833414715,0.39765374476255894,0.6127721100344371,0.10771979286033406,-0.07827842319449796,-0.41814445633875363,-158.8704519033531,-128.3697777651596,-143.62011483425636,30.500674138193517,-21.76645517349243,-21.789581775665283,-21.778018474578857,-0.023126602172851562,-0.006026700139045715,-0.002338376361876726,0.05911713466048241,0.05587075278162956,-0.005959071218967438,-0.0025153080932796,0.05901402607560158,0.05566246807575226,-163.41134811547164,35820.01836959603,0.0010301280999556184,-178.99663617658751,35824.378347887476,0.0010397627484053373,0.08060849457979202,0.011318244971334934,30755.347084726367,18015.01006431929
0.011568987711628058,-0.0174794079666115,0.4290183789029318,0.14902178799120303,-0.04397516844831492,-0.23452606320719604,-0.11632495231989404,0.0,-153.98764494517224,-127.44523774202264,-140.71644134359744,26.542407203149594,-22.462408542633057,-22.51209259033203,-22.487250566482544,-0.04968404769897461,0.0002653849951457232,-0.005952129140496254,0.05181873217225075,0.05432882905006409,0.004113974515348673,0.004284457303583622,0.05375741049647331,0.051794182509183884,-192.45105758234428,35831.71818945509,0.0010691737988963723,-130.0252939289189,35825.41664868007,0.0010453026043251157,0.07498809695243835,0.01012263260781765,30757.936142006623,17957.118177038617
0.7738113810288363,0.3338086941962576,-0.06726820399211465,0.09961075529509045,0.5386058063100765,0.5362962103575724,-0.1640056449027989,-0.3182699780368947,-156.38922275845232,-128.73233365425523,-142.56077820635377,27.65688910419709,-22.81151294708252,-22.803337574005127,-22.807425260543823,0.008175373077392578,0.004175080917775631,0.0039045780431479216,0.05200270190834999,0.049972210079431534,0.004867949523031712,0.0030710252467542887,0.052407898008823395,0.049641989171504974,-136.887742698684,35834.23103391892,0.001053205574862659,-206.85035692727763,35825.79984429731,0.0010771850356832147,0.07148529589176178,0.010569781996309757,30761.668696422163,18314.150078848994
0.020987254426923417,0.0,0.06422206573773384,0.17069785916821872,0.11408896695273107,-0.08150452235205269,-0.056583189333483275,0.0,-155.34721157052934,-129.624507181298,-142.48585937591366,25.722704389231353,-22.322497367858887,-22.438454627990723,-22.380475997924805,-0.11595726013183594,0.005886812228709459,0.0013700246345251799,0.05542594566941261,0.05243513733148575,-0.004615172278136015,-0.0038719000294804573,0.05445413663983345,0.051982004195451736,-136.876202113462,35836.99282760187,0.0010652414057403803,-169.80857799794063,35833.04002924633,0.0010543212993070483,0.07617439329624176,0.010745217092335224,30752.524940316514,18079.95804014019
0.6862937878764526,0.8871592352642083,0.7932176381661842,0.3175509957177808,0.08842743893344418,-0.017810318744957643,-0.3238545472839532,-1.0,-150.5046677106762,-122.9812565664829,-136.74296213857954,27.52341114419329,-22.93879747390747,-23.069424629211426,-23.00411105155945,-0.13062715530395508,-0.002865235321223736,-0.004853846039623022,0.05055490881204605,0.04995431378483772,0.0005543017759919167,-0.00554268341511488,0.04823150485754013,0.050745297223329544,-221.10555549455833,35839.19103872745,0.0010775342816486955,-188.2805439043736,35839.6893744381,0.0010627207811921835,0.07090526819229126,0.009461984969675541,30764.006762170393,17975.401232575994
0.03829647793981699,0.0,0.08610555336766003,0.19433686737251415,0.21879775473691948,0.1767178015190154,-0.10483916423759365,0.0,-154.73206566138174,-129.0915775501427,-141.9118216057622,25.64048811123905,-23.47806692123413,-23.40244770050049,-23.44025731086731,0.07561922073364258,0.003753860015422106,0.0036979583092033863,0.04811224341392517,0.04633461311459541,-0.004962123930454254,-0.0021224224474281073,0.04901234805583954,0.04622737318277359,-210.11702491480577,35834.3480734028,0.0010208460735157132,-218.76017617984405,35805.902751178706,0.0010472987778484821,0.06644053757190704,0.009756362996995449,30762.258662331707,19401.82023279287
0.05688220993073996,0.10714411955798715,0.20229194260336242,0.3747588207787487,-0.18423955684582877,-0.40043632383753236,0.020222497418802332,0.0,-153.8617657926531,-126.60216220531942,-140.23196399898626,27.259603587333686,-23.040120601654053,-23.058571815490723,-23.049346208572388,-0.018451213836669922,0.00015733778127469122,-0.005566020496189594,0.048513464629650116,0.05080574005842209,-0.000648808607365936,-0.0055312300100922585,0.04872594028711319,0.05039343610405922,-215.94223649528024,35828.82045412083,0.0010796209098771214,-201.4732074457367,35817.02166708799,0.0010432489216327667,0.07029338926076889,0.009567375294864178,30754.282135913436,17997.758281816266
0.9715608595344419,0.7640335078724648,0.502175902420055,0.29023844342529925,0.2661438833161654,-0.003359057549382982,-0.5388705578304126,-1.0,-157.48845995198707,-128.10408329315493,-142.796271622571,29.38437665883214,-22.287521362304688,-22.201008796691895,-22.24426507949829,0.08651256561279297,0.005728802643716335,-0.0020384094677865505,0.05444493144750595,0.053890205919742584,0.005827858578413725,0.002015993231907487,0.05628906190395355,0.05308210849761963,-94.22950877393264,35822.51174444205,0.0010383690241724253,-103.8652961442434,35840.112727431144,0.0010692590149119496,0.07477353513240814,0.012920886278152466,30971.633914936778,18431.04515947474
0.028402797947347232,0.0,0.0699522806343521,0.09695382323099322,0.15290627912558247,0.007929959743063764,-0.08039433921907191,0.0,-157.01696681901922,-132.96231579593803,-144.98964130747862,24.054651023081192,-22.872474193572998,-22.154076099395752,-22.513275146484375,0.7183980941772461,-0.004849766381084919,-0.002942550927400589,0.05197526514530182,0.04927084594964981,-0.006106003187596798,0.0010089781135320663,0.055802758783102036,0.05419779568910599,-128.86387870016011,35848.50534736115,0.0010587121360003948,-9.660505703360538,35838.93728293615,0.00105541932862252,0.07153231650590897,0.010230622254312038,30758.827892434114,17968.95258338923
0.9265545397572316,0.9340107071228508,0.6603682967546229,0.13794817023397352,-0.08608910710336629,0.355557536155987,-0.04755867174736128,-1.0,-154.92800090807924,-126.85723979217448,-140.89262035012686,28.07076111590476,-22.293078899383545,-22.2133469581604,-22.253212928771973,0.07973194122314453,-0.002091121394187212,-0.005705676972866058,0.05388506501913071,0.05438105762004852,-2.6833276933757588e-05,-0.006157066207379103,0.05342882499098778,0.055808212608098984,-92.88052417628566,35845.56318536625,0.0010781196178868413,-116.37576364780345,35835.05560326905,0.0010786098428070545,0.07612960040569305,0.009841891936957836,30764.85858308308,17905.67590390195
0.17770576075405947,-0.00014606033036501683,-0.03698450924286407,0.22941606303765422,0.3662445199060014,-0.08840818412957857,-0.12539240524051853,0.0,-157.91109159778796,-129.46163310104316,-143.68636234941556,28.449458496744796,-22.11444616317749,-22.232983112335205,-22.173714637756348,-0.11853694915771484,0.0057591637596488,-0.002258125925436616,0.05544202774763107,0.05507621541619301,0.0038922701496630907,0.004781381227076054,0.055310510098934174,0.05369117483496666,-143.33866247748372,35829.27521788426,0.0010189354652538896,-211.9696557671079,35821.71215691777,0.0010417167795822024,0.07700219750404358,0.013091507367789745,30970.216228631856,17956.049433309057
0.0026891782890989284,-0.004180218083849009,0.2579033578377481,0.32913275507735906,0.349028252641976,0.47865139201001666,0.7701865464924244,0.0,-151.97286353779435,-127.95545576120182,-139.96415964949807,24.017407776592535,-23.50060224533081,-23.331949710845947,-23.41627597808838,0.16865253448486328,0.0011531403288245201,-0.0044944495894014835,0.046138662844896317,0.04812390357255936,-0.0028526438400149345,0.004613763187080622,0.046700600534677505,0.049322377890348434,-104.55500319377128,35736.298354591745,0.0011607678607106209,-170.15886801579472,35833.157910149086,0.0010533318854868412,0.06546445190906525,0.0087586659938097,30964.046528375133,18843.285669920788
0.04425647421651423,0.0,-0.08289445582147363,-0.09902884484180965,0.2958938719300754,0.474468396072676,-0.28174276625086714,-0.15312137333654086,-159.40136456120203,-130.72549093089248,-145.06342774604724,28.675873630309553,-22.830734252929688,-22.845146656036377,-22.837940454483032,-0.014412403106689453,-0.00494720321148634,-0.002828179858624935,0.05222850665450096,0.049505315721035004,0.005544200539588928,-0.0014870328595861793,0.05125835910439491,0.05033322796225548,-193.5127993830897,35822.10628070598,0.001020933035761118,-171.84830348661274,35810.30927481289,0.001069182064384222,0.0715702474117279,0.010017596185207367,30757.313419575963,17946.00003287639
0.0,0.03705976731638377,-0.06366288475932419,0.06227081714886967,-0.07332837600013387,-0.18646316242430605,-0.060360457822590696,0.0,-153.96752745493256,-128.4107606007742,-141.1891440278534,25.556766854158354,-22.467176914215088,-22.580301761627197,-22.523739337921143,-0.11312484741210938,0.00027320999652147293,0.005965688731521368,0.05200042575597763,0.054095908999443054,0.005875257775187492,0.00048071774654090405,0.053661271929740906,0.05105007439851761,-158.33989896877492,35822.01058310757,0.0010715718381106853,-156.7564981475607,35819.5392317538,0.0010453893337398767,0.07511025667190552,0.010105517692863941,30759.295068714164,17843.272957900856
0.8260524201944066,0.8176247780026072,0.8336800433324456,0.4021904312997078,0.08947290513849249,-0.10147412569668063,-0.43134966165916483,-1.0,-153.3231418253108,-124.70267916294404,-139.01291049412742,28.620462662366776,-22.674801349639893,-22.67585039138794,-22.675325870513916,-0.001049041748046875,-0.005773080512881279,0.000720309151802212,0.05265628546476364,0.05094149336218834,-0.0021654972806572914,0.005405709147453308,0.05025297403335571,0.05330093577504158,-106.96012341003369,35836.55659037835,0.001071202801540494,-185.3969739773831,35842.78416983633,0.0010701529681682587,0.07189621776342392,0.011672363616526127,30742.75477919882,18467.317667422198
0.09879884947719367,0.0,-0.02449951305930073,0.06947227086350646,0.09904035079714774,-0.0346463311757263,-0.1343809556862311,0.0,-155.4050332770068,-129.45831408981772,-142.43167368341227,25.946719187189075,-22.54526138305664,-22.52833127975464,-22.53679633140564,0.016930103302001953,-0.003287685103714466,-0.004872261546552181,0.053063683211803436,0.05210382863879204,0.002391703426837921,-0.005402236245572567,0.05112113803625107,0.05420859903097153,-168.11543853062562,35841.48674920432,0.0010358646977692842,-125.35933584447808,35834.78340622623,0.0010488169500604272,0.07452892512083054,0.010445039719343185,30763.73999438202,18140.822396930882
-0.010933297414894018,0.03502509607970827,0.24506075529731192,0.3244909888129896,0.23932848676099974,0.1537154228641241,0.16678198602773064,0.0,-154.20809333462927,-128.99979581016078,-141.60394457239502,25.20829752446849,-22.48584747314453,-22.471938133239746,-22.47889280319214,0.013909339904785156,0.005008816719055176,-0.0032577593810856342,0.05248593911528587,0.053397491574287415,0.0059752510860562325,0.00044596128282137215,0.05430103838443756,0.05172388628125191,-145.55808255192457,35838.933692468076,0.0010740854777395725,-164.16026127441734,35824.249792433046,0.0010612246114760637,0.07334232330322266,0.011718965135514736,30957.40479906791,17923.346316776326
0.9950026535305311,0.842017448666539,0.43537314683624956,0.2133097519709421,0.32992145937138956,-0.19224904245783553,-0.661740144327884,-1.0,-158.10460806864455,-126.87113762871576,-142.48787284868015,31.233470439928794,-22.438161373138428,-22.502799034118652,-22.47048020362854,-0.06463766098022461,0.005145272705703974,0.003051823703572154,0.054618846625089645,0.05181748792529106,-0.00011792645818786696,0.005952621344476938,0.051627159118652344,0.05402756109833717,-188.05904109899768,35811.37750976374,0.0010194368660449982,-197.02005014904836,35825.37857725834,0.0010800593299791217,0.07524824142456055,0.010528857819736004,30757.50968698638,17933.753552586582
0.04532491524327957,0.0,0.21540930896504173,0.3391633958420155,0.22892122216904956,0.1606407939121418,0.053251737367081664,0.0,-152.64026012940343,-130.48928778092636,-141.5647739551649,22.15097234847707,-22.462246417999268,-22.432138919830322,-22.447192668914795,0.030107498168945312,0.0010999508667737246,-0.005862763617187738,0.05162084847688675,0.054518043994903564,0.0010356036946177483,0.005903013050556183,0.05252214893698692,0.054013680666685104,-136.01396176170735,35835.663144503975,0.0010722560109570622,-164.8835313881851,35824.857742610424,0.0010426753433421254,0.0744115561246872,0.010213732719421387,30514.684235290493,18471.261165842756
0.9419468358198622,0.9546922180914056,0.792350004901319,0.4070915297008343,0.08272401675748187,-0.10793282247104674,-0.5061873039316778,-1.0,-157.67715165535947,-125.9270182205347,-141.8020849379471,31.75013343482476,-22.386322021484375,-22.39539623260498,-22.390859127044678,-0.009074211120605469,-0.00531588401645422,0.0028688767924904823,0.05334467068314552,0.0537625215947628,-0.003131431993097067,0.005154473707079887,0.052010878920555115,0.05494539812207222,-135.56701148909622,35821.06356281781,0.0010576704517006874,-96.21566265065383,35846.2959289191,0.0010800388408824801,0.07417590916156769,0.012093577533960342,30958.50338676571,17900.76968668665
0.04103246274967705,-0.0018845727203749573,0.06534804166733206,0.32858728323512254,0.4408941506505791,0.4483503307675526,0.6343995179965196,0.0,-151.0713925237407,-130.12912477354848,-140.6002586486446,20.94226775019223,-22.418653964996338,-22.43415594100952,-22.42640495300293,-0.015501976013183594,0.0016926631797105074,0.004940501414239407,0.05284624546766281,0.05394197627902031,8.859594527166337e-05,-0.006018194369971752,0.05205780640244484,0.05443418025970459,-178.28307583298422,35751.07503799353,0.001154851634055376,-138.80704340275253,35823.59138111775,0.0010414501884952188,0.07543551921844482,0.010163416154682636,30777.701204887093,17777.957564650642
0.8672806574966567,0.5717782755725959,0.9949398878712178,0.22086032492771546,-0.2344788436050919,0.007787006475815372,-0.29744875166760393,-0.9097583894344965,-153.19078787042866,-127.70956644758292,-140.4501771590058,25.48122142284575,-22.479963302612305,-22.49922513961792,-22.489594221115112,-0.019261837005615234,0.0002349201968172565,0.0059470124542713165,0.05189347639679909,0.054046861827373505,0.005682094022631645,0.0017915084026753902,0.054384779185056686,0.05129537731409073,-119.23260476572483,35846.25302118343,0.0010702606523409486,-203.84927272902894,35841.599012555984,0.001064316718839109,0.07421095669269562,0.009941454976797104,30765.70873191631,17810.55680107857
0.2602569077081564,0.2599082851124831,-0.0951886826789573,0.011582400726437792,0.1481336614031628,0.3331740732549763,-0.09400157717309798,0.0,-155.02967118871294,-126.65824153155779,-140.84395636013537,28.371429657155147,-22.5783109664917,-22.593281269073486,-22.585796117782593,-0.01497030258178711,0.0017269054660573602,0.0055954474955797195,0.05200476199388504,0.05276491492986679,0.005030980333685875,-0.003110616933554411,0.051879625767469406,0.05270136892795563,-192.20261652498655,35828.813566624456,0.0010324701434001327,-130.56032919682588,35816.586575784735,0.0010705511085689068,0.07420161366462708,0.009610222652554512,30764.653378607847,17900.316639509998
0.0,0.033964379248245434,0.1886156545062569,0.23040688181316576,0.14417723871180474,-0.008303091466993151,0.0973924338478428,0.0,-154.49453924933255,-127.72818970555926,-141.1113644774459,26.766349543773288,-22.590742111206055,-22.55448579788208,-22.572613954544067,0.03625631332397461,-0.0017525262665003538,0.005655460059642792,0.05079140141606331,0.05378023907542229,0.005892648361623287,0.0004348544171079993,0.05380810424685478,0.051216010004282,-120.28306599076127,35824.91154265427,0.0010781710734590888,-131.06912326770055,35816.609386504235,0.001027762540616095,0.0731881707906723,0.009787896648049355,30517.232069258534,18623.111238811092
0.9791126466353537,0.8490496709134988,0.6179521610854448,0.32928534465219755,0.18145323747191888,-0.16984524127547573,-0.5925923042360919,-1.0,-155.3017199890121,-126.42603046288167,-140.86387522594688,28.87568952613043,-22.46105432510376,-22.505135536193848,-22.483094930648804,-0.04408121109008789,-0.005898653529584408,-0.0008340948261320591,0.054461702704429626,0.051696255803108215,0.003350034123286605,0.004924198146909475,0.05335235595703125,0.05229555070400238,-107.03327602474025,35814.78404677883,0.0010155814234167337,-163.06031155551565,35846.84823465396,0.0010850986000150442,0.0744934231042862,0.010989487171173096,30750.837010839863,18154.997664434613
0.09745745640420901,-0.01112504824237078,0.006797595988252497,0.10995176591602959,0.17696964427763845,0.09088550243754667,-0.016909283747251425,0.0,-151.2403268044249,-128.2671781438139,-139.7537524741194,22.973148660611002,-22.501516342163086,-22.472875118255615,-22.48719573020935,0.028641223907470703,0.001605624333024025,0.005724162794649601,0.05239594355225563,0.05329888314008713,0.004096614196896553,-0.0043227290734648705,0.0519239567220211,0.054102491587400436,-172.79896832317735,35838.842746563714,0.001045262673869729,-113.93545882252725,35827.162435152684,0.0010374558623880148,0.07460332661867142,0.009922192431986332,30763.8147935208,17825.603311801417
0.7874072098067301,0.9392942828331856,0.8947662201348693,0.5171132027725408,0.16437043883052227,0.10995609239157644,-0.0869495858934668,-1.0,-154.61160802257962,-125.06447803843179,-139.8380430305057,29.54712998414783,-22.466037273406982,-22.482764720916748,-22.474400997161865,-0.016727447509765625,-0.002581664826720953,-0.005361870862543583,0.05311942845582962,0.05301389843225479,-0.0044728415086865425,-0.0039361268281936646,0.054123975336551666,0.051777128130197525,-130.35488173981523,35843.50182227475,0.0010508508421480656,-150.7603973500508,35832.88258968965,0.0010780795710161328,0.07481922209262848,0.00986624974757433,30764.598277090554,17971.080540907136
0.06887463458145364,0.0,0.007219968180582903,-0.061951040704999544,0.12554845818653054,-0.02760958743081121,-0.15615366364002026,0.0,-157.01701662383033,-131.15608768096752,-144.08655215239892,25.860928942862813,-22.590198516845703,-22.603042125701904,-22.596620321273804,-0.012843608856201172,-0.004154738038778305,0.004127177409827709,0.05134270340204239,0.05326778069138527,0.0013839886523783207,-0.005750304087996483,0.05072547867894173,0.05369829013943672,-167.85839916568872,35830.05045089233,0.0010472926078364253,-162.33607973424952,35812.564409680024,0.0010446410160511732,0.07341991364955902,0.010603527538478374,30964.276639333013,18338.210375051753
-0.13681989850094944,-0.12954647172510078,0.15643453070040853,0.4228866746551001,0.2805741436331439,0.12778815254516995,0.11632042151899613,0.0,-153.96479592488237,-130.89637367932136,-142.43058480210186,23.06842224556101,-22.52236843109131,-22.499918937683105,-22.511143684387207,0.022449493408203125,-0.0021359105594456196,-0.005522497929632664,0.052530478686094284,0.052915140986442566,-8.335207530763e-05,0.005973492749035358,0.05166717991232872,0.054021596908569336,-104.72876276076859,35830.93813274837,0.0010771382367238402,-213.24909378439236,35803.63027773612,0.001028862432576716,0.07405301928520203,0.009815169498324394,30765.391940572095,17896.05314500237
0.9435188308079283,0.5825651378093436,-0.031933824592354304,-0.07266723739736533,-0.14803833698586677,-0.024754600101528856,-0.7402045513293499,-0.7625840343278052,-155.9208015877055,-128.21909742700944,-142.06994950735748,27.701704160696067,-22.483553886413574,-22.503032684326172,-22.493293285369873,-0.019478797912597656,-0.005381882190704346,0.0024977074936032295,0.05295412242412567,0.05296608805656433,0.0030817645601928234,-0.005133311729878187,0.05135156959295273,0.05428310111165047,-149.85549016883894,35823.8933466027,0.001041848212480545,-109.78638536651977,35839.77776165002,0.001072104088962078,0.07380165159702301,0.012400169856846333,30965.107727471895,17931.206578650224
-0.0075841634522813865,0.0394735478106792,0.09643935350632289,0.18848909832816135,0.2363002963874511,0.1548691945579821,0.04616668696326287,0.0,-152.67054153742302,-128.9043305189536,-140.78743602818832,23.76621101846942,-22.489254474639893,-22.48058557510376,-22.484920024871826,0.008668899536132812,-0.005745814181864262,-0.001639401656575501,0.05441064387559891,0.051391877233982086,-0.002913258969783783,-0.00522334361448884,0.05325883999466896,0.05269092693924904,-196.50125161441153,35841.14475053849,0.0010632744524627924,-98.74970530404353,35822.89940453489,0.0010263475123792887,0.07459583133459091,0.010471873916685581,30754.21716000089,17995.55996090748
0.9489203142699411,0.9782712327180645,0.9443643744071442,0.46180819401844625,0.12011042734039257,0.13790510660840383,-0.4251012751394216,-1.0,-154.62858177923957,-125.92202479279183,-140.27530328601568,28.706556986447737,-22.44300127029419,-22.45732069015503,-22.45016098022461,-0.014319419860839844,0.004327494651079178,-0.004090753849595785,0.05227787047624588,0.05412270873785019,-0.002481372095644474,0.005437334068119526,0.05154455825686455,0.05464782938361168,-147.15601813221502,35844.9579879294,0.001045553246513009,-200.53107224895942,35825.29812446827,0.001077987253665924,0.07393088936805725,0.010831600055098534,30960.927065755714,18219.850326503536
0.08186890040544399,-0.0003490266696449416,-0.1297271126897447,0.06316934286587961,0.07926674827162011,-0.06975643156929073,-0.04717210563952756,0.0,-156.47241006280473,-130.02892465183118,-143.25066735731795,26.44348541097355,-22.378416061401367,-22.36121654510498,-22.369816303253174,0.01719951629638672,-0.005967065691947937,-0.0007041890057735145,0.054949432611465454,0.05222573131322861,-0.005984325893223286,-0.0009226173860952258,0.05513088405132294,0.052248820662498474,-128.69603428959752,35820.82438095067,0.0010548844002187252,-137.26864660271912,35819.82823027298,0.001041280571371317,0.07528865337371826,0.011059110052883625,30748.52935751506,18184.468848526376
0.3821166864093462,-0.14344253155418407,0.9722919559110534,0.7398392523467036,-0.11019850109952216,-0.09442818823468369,0.20537601770521785,-0.7064807372612119,-153.0894126298477,-126.73411292058415,-139.91176277521592,26.355299709263534,-22.438793182373047,-22.458503246307373,-22.44864821434021,-0.019710063934326172,-0.0003555733128450811,0.0059824674390256405,0.051931556314229965,0.054501596838235855,0.005117941647768021,0.003093780716881156,0.05455559492111206,0.051626790314912796,-129.7583906469057,35827.16748250052,0.0010569645091891289,-143.80714601271154,35848.15441908527,0.00107089476659894,0.07450002431869507,0.010105910710990429,30760.706860431786,17941.769534897645
0.015787027970255663,-0.2356849554531617,-0.6649323530064438,-0.76874578233825,-0.527309956435,0.45570499370894385,-0.008556934753926796,0.13506766664381345,-156.42609120102725,-127.73865196196658,-142.08237158149691,28.687439239060666,-22.436518669128418,-22.46769666671753,-22.452107667922974,-0.031177997589111328,-0.004344373010098934,-0.004069867543876171,0.054299429059028625,0.052176132798194885,-0.00035001017386093736,0.005975048989057541,0.05176788941025734,0.054310742765665054,-180.027970362213,35833.73502501572,0.0010193632915616035,-105.15608485365581,35852.475432396874,0.001083505805581808,0.07559213042259216,0.011089630424976349,30761.59589857662,18233.091074215787
0.0,0.043039872163915034,0.1531604018612195,0.22754670173772754,0.1861404122983233,0.08423037623312146,0.06457889487695234,0.0,-154.59426552585302,-130.11428712416864,-142.35427632501083,24.479978401684377,-22.429518699645996,-22.390120029449463,-22.40981936454773,0.0393986701965332,-0.0018309701699763536,-0.0057493941858410835,0.052934423089027405,0.05363728478550911,-0.0013374917907640338,0.005897484719753265,0.05200599879026413,0.05501192435622215,-105.72531885984,35826.30066292404,0.0010759609285742044,-157.04492108139982,35819.511114685025,0.0010322561720386147,0.07491196691989899,0.009832050651311874,30765.14197615475,17844.58889371044
0.0036674467263977384,-0.058633408874062876,-0.20618234410505143,-0.46313955950285746,0.47162023330151126,0.3031182364987627,0.18433718795927387,-0.022584567594550024,-153.34991928193926,-124.2290304341476,-138.78947485804343,29.12088884779166,-22.433764934539795,-22.46940851211548,-22.451586723327637,-0.035643577575683594,-0.004042237997055054,-0.004400265868753195,0.05414331704378128,0.05237017199397087,0.0006954974960535765,0.005924332421272993,0.05214443430304527,0.053930897265672684,-115.79520729124886,35824.702194790545,0.00105279590934515,-124.84902554776555,35835.973936757844,0.001073268475010991,0.07532820105552673,0.011027215979993343,30762.927970184795,18491.425158175876
0.16851595572355896,-0.022529859324699263,-0.015139871093402535,0.08880708394626885,0.12971172390918934,0.011192031173915096,-0.07226138269603888,0.0,-154.85416129107864,-129.98445558144113,-142.41930843625988,24.869705709637515,-22.461392879486084,-22.468550205230713,-22.4649715423584,-0.007157325744628906,-0.0028346641920506954,0.005276219919323921,0.05160956829786301,0.054536256939172745,-0.0036604441702365875,-0.004710090346634388,0.053752265870571136,0.052339211106300354,-157.10867821580945,35831.6838869081,0.001046274323016405,-123.23289058895398,35824.74918377955,0.0010438296012580395,0.07456134259700775,0.009965828619897366,30737.67748912151,19155.393789313555
0.7862621007786473,0.9341333514384024,1.0,0.6676682515101201,0.2457516917970588,0.12625099510157411,0.07181860928354777,-1.0,-153.77998654279946,-127.91039920481592,-140.8451928738077,25.869587337983546,-22.492070198059082,-22.513608932495117,-22.5028395652771,-0.021538734436035156,-0.004686829634010792,0.0036279342602938414,0.05223598703742027,0.053572047501802444,0.0053686522878706455,0.0025211444590240717,0.05428357422351837,0.051224350929260254,-134.1226314643642,35847.516694694474,0.0010659799445420504,-166.141891333704,35832.78929972764,0.0010709775378927588,0.07325972616672516,0.011259940452873707,30962.400355291185,18014.547324802454
0.6900859097721922,0.5170455940855307,0.13371711530852462,-0.26362920461568584,0.24984526597128204,0.21412603539129327,-0.14260579286052844,0.0,-155.5888330824402,-126.51671188853186,-141.05277248548603,29.072121193908345,-22.52086877822876,-22.490603923797607,-22.505736351013184,0.030264854431152344,-0.0025400142185389996,-0.005318053998053074,0.0527670793235302,0.05270065367221832,-0.0027470639906823635,-0.005286947824060917,0.053091052919626236,0.05273931846022606,-127.45502308210305,35825.057482736884,0.0010495519964024425,-120.22904725599531,35817.041823833606,0.0010448899120092392,0.07473921030759811,0.009981313720345497,30763.87075217455,18003.110850794124
-0.005012193178311472,-0.016273986894121593,0.18157713808821968,0.4179085445297923,0.2530992119432853,0.11978170905826524,0.15437543948613752,0.0,-153.61539392844847,-128.68210424977914,-141.1487490891138,24.933289678669325,-22.516906261444092,-22.525887489318848,-22.52139687538147,-0.00898122787475586,-0.002260273089632392,-0.005460425745695829,0.05263955518603325,0.052874524146318436,0.0033699143677949905,0.004873204976320267,0.05324630066752434,0.05215092748403549,-121.80006489951855,35837.82056503582,0.0010682777501642704,-164.6246509373745,35819.16650520566,0.0010397270089015365,0.07425201684236526,0.009874268434941769,30763.944942396298,17926.20852960372
-0.013532248224679662,0.00847108162232487,-0.038996030671084994,-0.1898418315542711,-0.3663279537526566,-0.5480983958721402,-0.7187929492121309,0.0,-154.8840032818165,-124.6813929447627,-139.7826981132896,30.202610337053784,-22.529382705688477,-22.58070468902588,-22.555043697357178,-0.051321983337402344,0.005587371997535229,-0.0018743951804935932,0.05301065370440483,0.052351053804159164,-0.004056325647979975,-0.0043428754433989525,0.0533192977309227,0.051396649330854416,-156.1519648828544,35835.3671459788,0.0010390852112323046,-200.83540352845318,35830.74157799089,0.001080741174519062,0.07346849143505096,0.012514088302850723,30729.637331906317,18318.173934875045
0.08468552970368809,0.0,0.03461534466156044,0.18012134735992888,0.24934107828406354,0.17207662626613363,-0.0033009736131208722,0.0,-154.56647104959478,-130.9320112944082,-142.7492411720015,23.634459755186583,-22.470898628234863,-22.406654357910156,-22.43877649307251,0.06424427032470703,-0.0036628185771405697,-0.004690325353294611,0.05371370166540146,0.05235115438699722,-0.0016486737877130508,-0.005769471637904644,0.052978288382291794,0.053878434002399445,-142.96432502320442,35814.338465560235,0.0010459428885951638,-142.97904603418206,35830.539506876405,0.0010409657843410969,0.07485079020261765,0.0107535719871521,30763.59200731842,18201.5262648249
-0.09094716399799285,0.6217099378045509,0.819478584551889,-0.10522223735558764,-0.29993791365700595,0.4598548937536089,0.13382742949807314,-0.8850137096363598,-157.7070708112762,-129.32961956470507,-143.51834518799063,28.377451246571127,-22.620298862457275,-22.638614177703857,-22.629456520080566,-0.01831531524658203,0.00390689168125391,-0.004413987975567579,0.05100107192993164,0.05323462933301926,-0.0010983648244291544,0.005778683815151453,0.05056970193982124,0.053430989384651184,-128.22815099487832,35818.40867100729,0.0010508184786885977,-131.49924374215584,35830.150478358955,0.0010673513170331717,0.07251591235399246,0.009818711318075657,30960.331832901495,19050.029504732032
0.4079627892567142,0.16962940676635568,-0.09864944577698152,-0.13668985354209323,0.15065283554866965,-0.045297564819247293,-0.17914501282653916,0.0,-154.92053740345693,-126.29057349001658,-140.60555544673676,28.62996391344035,-22.607128620147705,-22.640681266784668,-22.623904943466187,-0.03355264663696289,0.005825643427670002,0.0003209319256711751,0.05343034863471985,0.05096619576215744,-0.004645668901503086,0.0035673994570970535,0.051320672035217285,0.052688270807266235,-149.1224397256623,35831.24620205136,0.0010507314000278711,-138.99514111857022,35839.50732116299,0.0010491684079170227,0.07361456751823425,0.011043267324566841,30746.490308118508,18234.709186983644
0.08134098936556892,-0.014173867032089022,0.29510239700863233,0.38460976840716893,0.0951310354380148,0.046982646340038625,0.08673001686663229,0.0,-154.54453740117168,-127.0930148760836,-140.81877613862764,27.45152252508808,-22.42122173309326,-22.42638111114502,-22.42380142211914,-0.0051593780517578125,0.002661627484485507,-0.005408203229308128,0.051815520972013474,0.054819416254758835,0.0019134774338454008,0.005697582848370075,0.0530032180249691,0.05361049622297287,-134.0919131167259,35809.75489304385,0.0010567356366664171,-188.38714635808506,35815.27890635664,0.0010314683895558119,0.0741952657699585,0.009668284095823765,30728.69634898414,19702.41774136388
0.9804429162089079,0.8206235638049322,0.5129790339617427,0.17321516285288743,-0.052168955126295435,-0.2543187254517454,-0.7087553693403137,-1.0,-154.01464485611433,-123.67316192208295,-138.84390338909864,30.341482934031376,-22.450003623962402,-22.46206521987915,-22.456034421920776,-0.012061595916748047,-0.0019008044619113207,0.0056622764095664024,0.05163510516285896,0.05465038865804672,-0.00016490429698023945,-0.005969209596514702,0.051973506808280945,0.05418342724442482,-150.13044449232748,35817.92179437229,0.0010385328205302358,-107.71466114161282,35855.79036473018,0.0010816187132149935,0.07467762380838394,0.010020196437835693,30497.304932960575,18977.96264351524
0.0005537194275473112,0.0,0.028206186147236703,0.16120475572614407,0.22828988179596515,0.18136847874081635,0.020100487557625946,0.0,-154.4519366004833,-132.70092361861055,-143.57643010954692,21.751012981872748,-22.546470165252686,-22.5579833984375,-22.552226781845093,-0.011513233184814453,0.00025036459555849433,-0.005883072502911091,0.0513317696750164,0.05379534140229225,0.005640486255288124,0.0017488584853708744,0.054002467542886734,0.05096757784485817,-207.3730825277345,35829.11120172755,0.001047719968482852,-121.2683456516088,35844.77176204708,0.0010468107648193836,0.07404064387083054,0.010128662921488285,30755.79919289287,17976.547374318445
-0.1346106932711873,-0.014260095446242889,0.0,0.9091938869117573,0.6841044986302838,0.4779041014501232,0.302468785157894,-0.00614390983929558,-155.78102691886164,-126.77097590845722,-141.27600141365943,29.010051010404425,-22.479445934295654,-22.501332759857178,-22.490389347076416,-0.021886825561523438,0.003274794900789857,0.004963451065123081,0.05344601348042488,0.052519068121910095,-0.004269487224519253,-0.0041464874520897865,0.05390016362071037,0.05177873745560646,-138.71551457288658,35830.21697552335,0.0010628801537677646,-129.1821629348947,35833.28964689765,0.001074491417966783,0.07463769614696503,0.010330984368920326,30763.954639077005,18138.46992570964
0.331078218006143,0.13348256697305594,-0.1095533077025628,-0.030215302206091532,0.2170209363186963,-0.13648339222997652,-0.0987642309013167,0.0,-156.7483702658372,-128.42458617952315,-142.58647822268017,28.32378408631405,-22.581539154052734,-22.566587924957275,-22.574063539505005,0.014951229095458984,-0.005629736930131912,0.0016086124815046787,0.05281636118888855,0.05191309005022049,0.004094207659363747,-0.004247586242854595,0.05138774216175079,0.053500887006521225,-136.8053308952448,35847.848899361656,0.001055341213941574,-121.26960812582051,35842.150138051205,0.0010476792231202126,0.07301737368106842,0.012466293759644032,30730.620281536572,18329.98692384722
-0.09324840558308382,-0.1411658175510941,0.16296669488518123,0.45230428475495793,0.24520422893847119,0.07784561451180455,0.1098686543197902,0.0,-154.1040100794413,-130.3734144427337,-142.2387122610875,23.73059563670762,-22.596731185913086,-22.576818466186523,-22.586774826049805,0.0199127197265625,0.0032863649539649487,-0.004857513587921858,0.050918832421302795,0.05359499901533127,-0.0040012686513364315,0.0043344986625015736,0.051267702132463455,0.05349433422088623,-148.91182895623217,35831.85232272651,0.001071085105650127,-198.1228494923628,35820.170251753276,0.0010355348931625485,0.07271691411733627,0.009644006378948689,30967.68998567037,19165.19284476427
0.9566991131525213,0.8411279102532885,0.43703707751520143,0.1890664332676503,0.08078657100113645,-0.16149389460091063,-0.645828114136388,-1.0,-153.89765336959937,-124.94398569312636,-139.42081953136287,28.953667676473003,-22.565176486968994,-22.646281719207764,-22.60572910308838,-0.08110523223876953,-0.005851247347891331,-0.0006070357048884034,0.05376742035150528,0.05112835019826889,3.493058466119692e-05,-0.005877683870494366,0.05081667751073837,0.05310625210404396,-162.76251488299664,35818.93298431634,0.001038564252667129,-169.5887675663068,35838.19819590311,0.0010720896534621716,0.07390030473470688,0.010913477279245853,30748.121407252813,18156.14800594148
-0.008072914898686993,0.0,0.07187084646020976,0.1926393504884218,0.21652355235526322,0.16372737493784284,0.013873290997284848,0.0,-151.26353811362702,-127.64261209974006,-139.45307510668354,23.620926013886958,-22.622368335723877,-22.611536979675293,-22.616952657699585,0.010831356048583984,-0.0005224149208515882,0.00584026612341404,0.05079939588904381,0.05340614169836044,-0.0014538305113092065,0.0056923506781458855,0.0506725013256073,0.053652696311473846,-163.68094894589382,35829.164595685506,0.001076534274034202,-156.933482932147,35835.83901598735,0.0010358322178944945,0.0730590671300888,0.010104614309966564,30755.27799786707,18197.593214129985
0.8582603041678383,1.0,0.914594847025543,0.4344798376737732,0.14092059615883168,0.048438504037071506,-0.3841987023007639,-1.0,-157.5871813180637,-128.86030049885574,-143.22374090845972,28.726880819207963,-22.773549556732178,-22.78812885284424,-22.780839204788208,-0.014579296112060547,-0.005243615247309208,0.0024154051207005978,0.051200125366449356,0.05123818665742874,-0.005036358721554279,-0.002781557384878397,0.052555687725543976,0.04967128485441208,-164.49694877176574,35823.81781495631,0.0010570459999144077,-121.42045250194651,35845.76789724224,0.0010790725937113166,0.07090850174427032,0.011940131895244122,30963.93538175278,17861.802062869723
0.16148485865125065,-0.019145268302118993,0.037180925175050256,-0.020050576615430138,0.08949746058610702,-0.1113006757216995,-0.15881172931571297,0.0,-156.38666544396858,-128.51139318480494,-142.44902931438676,27.875272259163637,-22.45063066482544,-22.39274024963379,-22.421685457229614,0.05789041519165039,-0.0018816611263900995,-0.005668791010975838,0.05284326151013374,0.05347540229558945,-0.0027092178352177143,0.005371672101318836,0.05194927006959915,0.05503729358315468,-163.66661003996458,35824.43245623124,0.0010425761574879289,-154.13673769006573,35841.38489192311,0.00105517718475312,0.07553748786449432,0.00984271615743637,30764.60270117317,17892.015711536813
0.04378225592959331,-0.13611638348662458,0.2899055184387075,0.544135080394069,0.1591952849372333,0.08095681971155233,0.21267236177682802,0.0,-150.63836130698962,-124.18303855117847,-137.41069992908405,26.455322755811153,-22.55155324935913,-22.624757289886475,-22.588155269622803,-0.07320404052734375,0.005829770117998123,0.0009473991813138127,0.053946223109960556,0.051107507199048996,-0.00586443766951561,2.931571361841634e-05,0.053234826773405075,0.050949305295944214,-71.93101381837285,35840.07729036803,0.0010882882634177804,-170.85414743427742,35829.03739975997,0.0010611815378069878,0.07345735281705856,0.010497207753360271,30753.693031295483,18060.71810586465
0.9579697622618603,0.8927608479202558,0.5192518191045721,0.19851570739396845,0.11606633656483145,-0.20616631147548564,-0.6366926599147937,-1.0,-155.66909567963359,-125.36017483337389,-140.51463525650374,30.308920846259696,-22.843692302703857,-22.880985736846924,-22.86233901977539,-0.037293434143066406,-0.0048011974431574345,-0.0030273220036178827,0.05211324617266655,0.04947255551815033,0.001170251751318574,0.005565277766436338,0.04996688291430473,0.0512063130736351,-137.53276259694923,35839.88357948097,0.0010373466648161411,-203.55429021746625,35828.855676196654,0.0010740809375420213,0.0718657374382019,0.010249694809317589,30759.476610327267,17973.38034651781
0.09491679626198947,0.0,0.1135747741943153,0.20656950487890097,0.15013512895439232,0.0881257951729933,0.014955259158218492,0.0,-153.69903526750488,-129.5769893141097,-141.6380122908073,24.122045953395173,-22.808094024658203,-22.762033939361572,-22.785063982009888,0.04606008529663086,-0.002046498004347086,-0.005342238582670689,0.05081898346543312,0.051215287297964096,-0.0011526199523359537,-0.00564915593713522,0.05063933879137039,0.051928501576185226,-172.22394216426264,35835.14216866771,0.0010863540228456259,-164.23271966643802,35813.71652091157,0.0010464544175192714,0.07227322459220886,0.009622819721698761,30763.96764085124,17904.931338987404
0.9256491642839193,0.9827015652821647,0.8512465780598272,0.49797929506189004,0.14764802720059494,-0.03504327808009766,-0.26959079714461487,-1.0,-156.66815837065906,-126.80809685234846,-141.73812761150376,29.8600615183106,-22.525594234466553,-22.6680850982666,-22.596839666366577,-0.14249086380004883,0.0028130339924246073,-0.005178326275199652,0.05123994126915932,0.054130494594573975,-0.002944224514067173,0.005025885999202728,0.050387464463710785,0.053264468908309937,-135.39926014639437,35845.72754117295,0.0010530066210776567,-162.40616029413556,35831.97809924776,0.0010675329249352217,0.07336007803678513,0.009699868969619274,30736.758741489826,19097.434270147358
0.1658670739839813,0.0,0.048954893342836425,0.03396798041179777,0.09010578018347465,-0.14412838663986227,-0.20257623007197745,0.0,-155.80891962859494,-129.6725283780694,-142.74072400333216,26.13639125052555,-23.13140630722046,-23.090600967407227,-23.111003637313843,0.04080533981323242,0.0053724427707493305,-0.001191142713651061,0.04973612353205681,0.04856472834944725,-0.0030996219720691442,-0.004596637096256018,0.049872852861881256,0.048891324549913406,-137.9097358178081,35842.10425950187,0.001053673797287047,-104.79082399879736,35834.34451334747,0.0010498159099370241,0.06869396567344666,0.011571411974728107,30735.416571170303,18799.781321673283
-0.13402559688880689,-0.04137576109486221,0.2398465325462131,0.2564067953243403,0.19605435799193952,0.18352025530741783,0.2617317409937713,0.0,-154.11753704205142,-128.85657140605048,-141.48705422405095,25.260965636000947,-22.7976393699646,-22.649986743927002,-22.7238130569458,0.14765262603759766,0.0012577250599861145,0.005614999681711197,0.050474442541599274,0.051673490554094315,0.003736458718776703,-0.0044839950278401375,0.050747405737638474,0.05313334986567497,-153.58277450548565,35838.45671624106,0.0010686184978112578,-157.7322101474784,35836.73389844981,0.0010642284760251641,0.0718105286359787,0.009316492825746536,30764.7541929645,17844.64134804463
0.9917570076410923,0.8359667201612175,0.4661728295591613,0.21424779382195128,0.3711997983687156,-0.07090279240141928,-0.7344868559963396,-0.9763175707953695,-154.9771920884035,-126.81782406730491,-140.8975080778542,28.1593680210986,-22.419850826263428,-22.46476650238037,-22.4423086643219,-0.04491567611694336,-0.0020640608854591846,-0.005597423762083054,0.05310831591486931,0.053591713309288025,0.005391622893512249,-0.0025756757240742445,0.053002744913101196,0.0531434528529644,-95.10563233734297,35811.904230832035,0.0010278535773977637,-149.81713798339766,35849.66426995476,0.0010779688600450754,0.07532218843698502,0.009890164248645306,30763.65964774111,17944.967416923533
0.0,-0.012124100965420454,0.10686731069494078,0.16583979334060023,-0.004684568498998953,-0.09704990447534867,0.053545239088020335,0.0,-155.08157659594315,-129.94478427891954,-142.51318043743134,25.136792317023605,-22.27257013320923,-22.170324325561523,-22.221447229385376,0.10224580764770508,-0.0019435207359492779,0.005807419307529926,0.052687834948301315,0.055787406861782074,0.005342755001038313,-0.00307014724239707,0.05458271503448486,0.05522380396723747,-154.6107543131455,35817.34259294231,0.0010615716455504298,-142.51938547207837,35828.20000182191,0.0010291854850947857,0.07608987390995026,0.010257693007588387,30516.575099584807,18825.601697366867
0.9233155373447122,0.8099375943811333,0.728093694410122,0.36689668886682314,0.1506645956876118,-0.06329193700662616,-0.4895024971470523,-1.0,-154.1799984032454,-125.77459197839107,-139.97729519081824,28.405406424854334,-22.089524269104004,-22.1352219581604,-22.112373113632202,-0.045697689056396484,-0.003862248733639717,-0.004856872372329235,0.056151945143938065,0.05467444658279419,-0.005377692170441151,-0.0030893157236278057,0.0566459596157074,0.053562287241220474,-128.48596497160213,35822.51507736554,0.0010303491726517677,-144.35148232053695,35847.92132486762,0.0010742067825049162,0.07802663743495941,0.011191426776349545,30763.486332604203,18253.807819239195
0.03650164096468615,0.0,0.03537287318612961,0.2485543382653946,0.16166726370585294,0.08140369643002532,-0.04224072338195839,0.0,-156.11045240465614,-130.96962998978205,-143.5400411972191,25.140822414874094,-22.163634300231934,-22.097232341766357,-22.130433320999146,0.06640195846557617,0.004880703054368496,0.0037632486782968044,0.056224945932626724,0.053638000041246414,-0.0028988015837967396,0.005550560541450977,0.053763702511787415,0.05692216753959656,-191.62114242613322,35828.7579788645,0.0010244904551655054,-92.02275150494476,35813.458009165726,0.001053916639648378,0.0779520720243454,0.011399754323065281,30760.640353229166,18052.476950207532
0.423568465664075,0.7038028454071318,0.6346534686949519,-0.05811387629528909,-0.19709250410901552,0.10414096758986308,0.32193135243455473,-0.618871935603696,-153.95710951116243,-128.6797802973386,-141.3184449042505,25.277329213823833,-21.92408323287964,-22.22071886062622,-22.07240104675293,-0.29663562774658203,0.005987924989312887,0.0020757243037223816,0.0580904595553875,0.054828569293022156,-0.004686895292252302,-0.003975332248955965,0.05581492558121681,0.05332767590880394,-92.90446866995403,35851.16427075733,0.0010742435697466135,-70.5088480905038,35835.042289988174,0.0010469614062458277,0.07951882481575012,0.011265442706644535,30755.59910770423,18000.642670639914
0.15511410575045756,0.0,-0.06622545007677029,0.04918478890274952,0.3914700950737668,0.47800689822622666,-0.33333728650469807,-0.05913035561024316,-156.7677017278188,-128.2933539568038,-142.5305278423113,28.474347771015005,-21.396429538726807,-21.38850688934326,-21.392468214035034,0.007922649383544922,0.0009124575881287456,-0.006642366759479046,0.05845274403691292,0.06155194714665413,0.0009707671124488115,-0.006698856595903635,0.05845509469509125,0.061650149524211884,-98.58954963163687,35832.882788993105,0.0010292668594047427,-62.52137896529365,35827.99889631216,0.0010615215869620442,0.08409791439771652,0.011437187902629375,30759.25342950724,17924.344470193795
0.0,-0.0338996238737724,0.3196729480915354,0.2848776124967149,-0.07318027449703854,-0.25949387588249384,-0.09932224497490649,0.0,-152.28714744357694,-127.12037692502344,-139.7037621843002,25.166770518553506,-22.978739738464355,-23.159620761871338,-23.069180250167847,-0.18088102340698242,0.002885764930397272,-0.0048158783465623856,0.048656873404979706,0.05135615915060043,-0.0023137868847697973,-0.004993366543203592,0.04902588203549385,0.048961054533720016,-142.0597770141033,35847.102396489376,0.0010783036705106497,-106.20830511709973,35851.43796203562,0.0010496601462364197,0.07033484429121017,0.009382882155478,30968.890343677158,19279.379719872384
0.9665733260812835,0.7521574474359891,0.41526401647598205,0.12325831933096543,0.05048110887153617,-0.09562878875020875,-0.5329348242287409,-1.0,-154.53997554286497,-125.2121062471515,-139.87604089500823,29.32786929571347,-22.270874977111816,-22.03130006790161,-22.151087522506714,0.23957490921020508,0.0002825660922098905,-0.006065341643989086,0.05298484116792679,0.055531952530145645,0.004961500875651836,0.003848461899906397,0.05713078752160072,0.05441424250602722,-88.21005402163676,35822.365387717255,0.0010466306703165174,-156.33931759425343,35823.212285768706,0.0010475938906893134,0.0757501870393753,0.01015072874724865,30755.627721502275,17969.70018102674
0.11013506365321844,0.0,0.03995284241523968,0.25690307667172674,0.3134082910975325,-0.06696309208199192,-0.13187059213107377,0.0,-156.20710069351026,-131.09031786385214,-143.6487092786812,25.11678282965812,-22.08484411239624,-22.268681526184082,-22.17676281929016,-0.1838374137878418,0.00041165240691043437,0.006184190511703491,0.054383691400289536,0.05649341642856598,0.00025308114709332585,0.00609967578202486,0.053160976618528366,0.05538675934076309,-117.65569290681876,35834.33728925904,0.0010371129028499126,-160.93580724633043,35829.75333415775,0.0010541989468038082,0.07843657582998276,0.01038166880607605,30763.64382209354,17834.07691178058
0.10622681579771051,0.00022368660457564027,0.21917082479550234,-0.07908871128667905,-0.14952819668939737,0.31332185204341795,0.31148737610030797,-0.025825950209096504,-153.50426444421987,-127.86488271066901,-140.68457357744444,25.639381733550863,-22.217774391174316,-22.312302589416504,-22.26503849029541,-0.0945281982421875,0.0024818587116897106,-0.005601929035037756,0.05302419140934944,0.05614160746335983,-0.005670812912285328,0.002285146154463291,0.05411180481314659,0.05391022190451622,-157.9640310086745,35833.01723481707,0.001067616045475006,-143.79271761045888,35809.82034052878,0.0010573782492429018,0.0766633003950119,0.010131064802408218,30731.634526546815,19485.449742385754
0.1472556396933292,0.0,-0.016647258091320394,0.13751437982065484,0.6207946929845758,0.3014887753054153,0.25522034397627325,-0.15001352415011615,-158.3539231383645,-129.98767212806248,-144.1707976332135,28.366251010302022,-23.27190637588501,-23.247709274291992,-23.2598078250885,0.024197101593017578,-0.005415439140051603,-0.0002664920757524669,0.049462612718343735,0.04724147543311119,-0.002136087045073509,-0.005019934382289648,0.048434510827064514,0.04856279119849205,-194.40766520577665,35832.917928993375,0.0010287055047228932,-185.84205970170296,35820.38123930901,0.0010435384465381503,0.06734174489974976,0.010540099814534187,30744.106205462856,18337.97283712292
0.6010208408945443,0.6276059643678078,0.6188184915660921,0.6535622755893262,0.4620617732355583,0.45643080738442876,-0.7964789808330932,-0.4897843276592808,-154.33535975642042,-130.2383018478007,-142.28683080211056,24.097057908619718,-22.65097141265869,-22.693963050842285,-22.67246723175049,-0.04299163818359375,0.0028029843233525753,0.0051216185092926025,0.052148427814245224,0.0517469197511673,0.003084068652242422,0.0033527598716318607,0.05190788209438324,0.05160045251250267,-175.34514833626875,35848.33262094321,0.0010750774526968598,-23.46958306191569,35712.19801232649,0.0009914126712828875,0.07378177344799042,0.009945841506123543,30764.36716096401,17988.575355121568
0.9498494895077836,0.8091840548503304,-0.004421892248091384,-0.24371216356701106,0.14615099359090938,0.10443017206248517,-0.4853587512173164,-0.7792453135471683,-152.97069147574285,-123.92937610804353,-138.4500337918932,29.041315367699326,-22.83904790878296,-22.835278511047363,-22.83716320991516,0.003769397735595703,-0.005533457733690739,-0.0013281397987157106,0.052240561693906784,0.04939272999763489,0.00082212476991117,-0.0056645674630999565,0.04948493465781212,0.05219286307692528,-137.60185998389488,35824.641462116524,0.0010613948106765747,-151.21947259655906,35824.86681049451,0.0010588127188384533,0.07133372128009796,0.010121993720531464,30753.439894927313,18053.425186885786
0.02113935705148936,-4.4677356729446526e-05,0.15009229326834916,0.2753095564191551,0.2627331438807573,0.1482417600603848,-0.024731247914224985,0.0,-153.6743448078049,-128.81403873549135,-141.24419177164813,24.860306072313563,-22.45687484741211,-22.48115301132202,-22.469013929367065,-0.02427816390991211,-0.004587813280522823,0.003790134796872735,0.05237504094839096,0.05386068671941757,0.0047912634909152985,0.0035293621476739645,0.05428572744131088,0.05162863805890083,-90.56373091452902,35834.373893055395,0.0010445313528180122,-212.45223777999112,35834.28938105593,0.0010543848620727658,0.0738588497042656,0.011223158799111843,30964.777524551788,18039.119644432885
0.9092004536039456,1.0,0.601563508985558,0.13011959561759331,-0.20557593363527207,-0.2521334059903282,-0.4285975264215416,-1.0,-154.83122576845778,-125.68527191477187,-140.25824884161483,29.14595385368591,-22.65949249267578,-22.654669284820557,-22.65708088874817,0.004823207855224609,-0.005443780682981014,0.00214702682569623,0.05204484611749649,0.05174679309129715,-0.0018520286539569497,-0.005549650639295578,0.051627159118652344,0.052221398800611496,-138.12764406898054,35827.86464836189,0.0010648746974766254,-115.98991265408254,35828.26712848543,0.0010593206388875842,0.07230386137962341,0.01224752888083458,30726.30924724073,18300.37615514663
0.21937945434880587,0.0,0.018053964049362797,0.18939671622793752,0.2767595919522589,0.0458386994239155,-0.12256847517589664,0.0,-154.44270540132658,-127.80116886010069,-141.12193713071363,26.64153654122589,-22.61430025100708,-22.58915424346924,-22.60172724723816,0.025146007537841797,-0.0014545362209901214,0.005655120126903057,0.050681840628385544,0.053615275770425797,0.005716272629797459,-0.0013888594694435596,0.052866365760564804,0.05176573991775513,-155.1601566176247,35845.93990719196,0.0010514719178900123,-193.23382622592104,35828.95561476516,0.0010343283647671342,0.07277590036392212,0.01001869048923254,30506.785640533402,18672.5598307101
0.9035498033337978,0.7153503930259852,0.9885174393252938,0.8438035943248361,-0.0344964037385081,-0.5283952222992898,-0.4255144331596905,-0.7265235670114507,-154.0958446706972,-127.95398517246576,-141.02491492158148,26.14185949823144,-22.430846691131592,-22.46877431869507,-22.44981050491333,-0.03792762756347656,-0.005827596411108971,-0.0013752684462815523,0.05475309491157532,0.05176791548728943,0.005477713420987129,-0.0023613986559212208,0.05309740826487541,0.05300069972872734,-171.79352547431034,35824.0305760281,0.0010583276161924005,-138.08507310982858,35853.18052982108,0.0010819068411365151,0.07519964873790741,0.010728166438639164,30752.759730529415,18046.672755361007
0.25785727490359917,0.05713122355201128,-0.08655842150431092,-0.08707381915418747,0.17470891273708433,0.2816321411853379,0.01867711813386219,0.0,-156.5749745273883,-128.30425754732892,-142.4396160373586,28.270716980059376,-22.57667303085327,-22.573707103729248,-22.57519006729126,0.0029659271240234375,0.0016140448860824108,0.005697712302207947,0.05195656418800354,0.0528247207403183,0.004829996265470982,-0.0034437021240592003,0.051802732050418854,0.05301006883382797,-137.92293633001606,35811.53089762341,0.0010344653856009245,-152.94614116223056,35821.71217701942,0.0010643540881574154,0.07396337389945984,0.009514919482171535,30765.585365873954,17854.92945331635
-0.020232636639929573,0.05540535198620151,0.2036760943570305,0.3285944642818317,0.27850216551418827,0.1393975822017074,0.13628336178813183,0.0,-151.65545467592398,-126.0886838327134,-138.8720692543187,25.566770843210577,-22.649426460266113,-22.644195556640625,-22.64681100845337,0.005230903625488281,-0.0029219426214694977,0.005058923736214638,0.05052480846643448,0.05335104092955589,-0.00581212155520916,-0.000841774744912982,0.053339459002017975,0.05059824511408806,-134.6371653283621,35834.16211058709,0.0010579806985333562,-143.09068542865654,35822.33773952006,0.0010481947101652622,0.07242782413959503,0.009610283188521862,30969.55103175656,19353.48908166244
0.9706499688182899,0.9529131300784266,0.838819713851043,0.3031394901841326,-0.08958955401154939,-0.28042932132106924,-0.5492398144208728,-1.0,-152.5084139991875,-123.49361126327858,-138.00101263123304,29.014802735908916,-22.681360244750977,-22.73759126663208,-22.70947575569153,-0.056231021881103516,-0.00024594797287136316,0.005827512592077255,0.05055497959256172,0.052948929369449615,0.0002881223917938769,-0.005772456526756287,0.050196949392557144,0.05263930559158325,-146.66717459487592,35832.411441271426,0.0010580485686659813,-128.84669271069893,35834.99698675821,0.0010726817417889833,0.07327451556921005,0.009846538305282593,30761.713326598696,17829.67155269971
0.026511455916948003,-0.004132818169562264,-0.006207166274447548,0.15678656145072112,0.2601403044166301,0.1198732303835865,0.016917626766990712,0.0,-154.38107286416022,-130.31003011929516,-142.3455514917277,24.071042744865053,-22.7815842628479,-22.74378538131714,-22.76268482208252,0.03779888153076172,0.003930676728487015,0.004145343787968159,0.05205694958567619,0.05027739703655243,-0.005279382690787315,0.002420170232653618,0.051347602158784866,0.05144065245985985,-112.90618285607674,35832.11624302454,0.0010550591396167874,-170.75058700167355,35815.15571398126,0.0010321491863578558,0.07182573527097702,0.010608719661831856,30762.591854030972,19381.889463286734
0.6872682384711984,0.7115181066223756,0.9956236542128093,0.6001651506040442,0.13307855212404654,0.23443061502814164,0.17633116718496844,-1.0,-154.6843375861661,-128.3054618450141,-141.4948997155901,26.378875741152,-22.684504985809326,-22.695603370666504,-22.690054178237915,-0.011098384857177734,0.004530236124992371,-0.00240938737988472,0.05194716900587082,0.051620494574308395,0.001920861890539527,-0.005490741692483425,0.05014272406697273,0.053175415843725204,-76.4862416583752,35722.12784054525,0.0011148129124194384,-185.14121191009806,35843.33954656462,0.001074223662726581,0.0721442922949791,0.01239315140992403,30725.8298369912,18364.776076398968
0.4611011969356807,0.5622628623101916,-0.11621250250281813,-0.051065410860514054,0.1136426602188374,0.15407840581681154,-0.011698733068981726,0.0,-159.62531066331124,-129.6123054266909,-144.61880804500106,30.01300523662033,-22.688157558441162,-22.69123077392578,-22.68969416618347,-0.0030732154846191406,0.004218572750687599,0.003990701399743557,0.052728623151779175,0.05070456489920616,0.00471033900976181,-0.0034737163223326206,0.05105570703744888,0.05234725400805473,-155.27400427977472,35810.09629465134,0.0010379246668890119,-157.84336787351143,35811.5052615867,0.001054822700098157,0.07340232282876968,0.0106141846626997,30760.800201669586,18024.48205701169
0.016363910152329204,-0.019702847911294206,0.2549995869967594,0.2925053208838783,0.055311592315331726,-0.0848043327715089,-0.023382109033460385,0.0,-155.58274261818553,-128.63163821786168,-142.1071904180236,26.951104400323857,-22.519958019256592,-22.521672248840332,-22.520815134048462,-0.0017142295837402344,0.005319131072610617,-0.0026858074124902487,0.052610110491514206,0.052861131727695465,-0.005299826618283987,0.0026689732912927866,0.05259299278259277,0.05286005511879921,-136.48165340838798,35827.029188080436,0.0010471149580553174,-214.37386811038544,35826.42449933357,0.0010304335737600923,0.07284711301326752,0.011995731852948666,30966.684665721197,17874.282080198227
1.0,0.8754363965305016,0.6751699580648133,0.4534229556739277,0.28599978472905935,0.24577393894161734,0.07154095852044616,-1.0,-154.65764650579015,-126.44899765953386,-140.55332208266202,28.208648846256295,-22.58427143096924,-22.602124214172363,-22.5931978225708,-0.017852783203125,-0.0009926041821017861,-0.005122201982885599,0.05161212384700775,0.05314428359270096,-0.0025674954522401094,-0.005298944655805826,0.052333999425172806,0.05214599147439003,-122.5651482233532,35736.736927813006,0.0011119999689981341,-107.75130909243964,35857.40324552514,0.0010840734466910362,0.07383094727993011,0.009917940013110638,30774.122364314797,17855.761237330593
0.12549316583488437,-0.01289503737671694,-0.051196121566466274,0.09060394632602947,0.10702335506498284,0.05470279819205848,-0.05937311126278977,0.0,-155.38588295381442,-129.4675187535606,-142.42670085368752,25.91836420025382,-22.595314979553223,-22.601630687713623,-22.598472833633423,-0.006315708160400391,0.005882347002625465,-0.0004546427517198026,0.05322888866066933,0.05131489410996437,-0.005101824179291725,0.0028896364383399487,0.05197256803512573,0.0525149405002594,-167.7722311864858,35814.953175279385,0.0010393151314929128,-163.57924462951314,35822.0858664743,0.0010363687761127949,0.07316218316555023,0.01167417224496603,30741.721395663197,18473.610434915165
0.8461388689289955,0.9813015258332872,0.8941195299791629,0.5578342871435409,0.23505270356015018,0.14658985723282958,-0.01765025559676303,-1.0,-153.83088879184547,-127.09534266556193,-140.4631157287037,26.735546126283538,-22.56497621536255,-22.58958339691162,-22.577279806137085,-0.024607181549072266,-0.005769083276391029,0.0011873450130224228,0.053124722093343735,0.05179745703935623,-0.00033928381162695587,-0.005881627090275288,0.05127864331007004,0.053332895040512085,-125.90007189836307,35839.88194906359,0.001055221538990736,-146.19569714026852,35836.471638516654,0.001074696658179164,0.07271850109100342,0.012250198051333427,30736.141607815964,19092.08023553362
0.3802712498279788,0.19087839169534934,0.021065853237703297,-0.26693085048606774,0.04729359829199853,-0.07051418533221882,-0.22529807752018638,0.0,-156.56497387418284,-128.34938479253094,-142.4571793333569,28.2155890816519,-22.597320079803467,-22.587883472442627,-22.592601776123047,0.009436607360839844,0.0006874637911096215,0.005785826593637466,0.05139680579304695,0.053133994340896606,0.0049681407399475574,-0.0031660536769777536,0.05188419297337532,0.05276445299386978,-119.62830619831328,35839.71110188668,0.001033323584124446,-82.19981152263667,35829.97313459675,0.0010484775993973017,0.07396043837070465,0.009564362466335297,30764.92997263372,17830.522172854853
-0.011307052964607697,0.05384828551260363,0.2793842684835451,0.3907932829157015,0.2507367242641083,0.02686405901254396,0.12608039253135417,0.0,-155.2241194794086,-129.5351804132976,-142.3796499463531,25.688939066111004,-22.590417861938477,-22.57864475250244,-22.58453130722046,0.011773109436035156,0.002382418140769005,-0.0053751831874251366,0.05078750476241112,0.05379227548837662,0.00362769840285182,0.004648761823773384,0.05308493599295616,0.05166930705308914,-133.88360061968365,35830.03117308195,0.0010831686668097973,-135.76884511645127,35825.83718470745,0.0010338776046410203,0.07305759191513062,0.009654358960688114,30748.61449089944,18782.551235592047
0.9708782859650854,0.8351616068435451,0.5863099205091633,0.3240813024450846,0.21849014785962317,0.041771454248479056,-0.6797173770803974,-1.0,-155.34691990774633,-126.78127693542547,-141.0640984215859,28.56564297232086,-22.541465759277344,-22.578859329223633,-22.56016254425049,-0.03739356994628906,-0.005798847880214453,-0.0010107193375006318,0.05399058386683464,0.051189322024583817,0.0012817711103707552,-0.005757145117968321,0.0508822537958622,0.053837090730667114,-72.88353427414414,35838.06796262589,0.001016494003124535,-211.11809073624858,35838.516057938636,0.0010773647809401155,0.07375789433717728,0.010794967412948608,30752.241469128243,18135.342609419266
0.0,0.007791594673423359,-0.11940842483128182,0.022461850900535762,0.02700684353131516,-0.07041420745171895,-0.051641177685035844,0.0,-157.95668665148258,-129.85981661950996,-143.90825163549627,28.096870031972628,-22.573180198669434,-22.54359483718872,-22.558387517929077,0.02958536148071289,0.0036030751653015614,-0.004675881005823612,0.05115961655974388,0.0536404550075531,0.005853306967765093,-0.0008114000083878636,0.0534198060631752,0.05175568535923958,-102.30189696805459,35832.42352042477,0.0010651618940755725,-120.8617220650352,35814.834077360516,0.0010321931913495064,0.07334461808204651,0.00987423025071621,30736.93189890103,19000.360699095323
0.9393516539111374,0.93494116188071,0.7788010893629208,0.3519934129177974,-0.021902118741055798,0.013549782331630955,-0.3571996187469068,-1.0,-153.19053587479226,-125.55726476824236,-139.3739003215173,27.6332711065499,-22.588462829589844,-22.59657382965088,-22.59251832962036,-0.008111000061035156,-0.00040922712651081383,-0.005903875920921564,0.051326967775821686,0.053296755999326706,0.00405975291505456,-0.004272106569260359,0.05118366330862045,0.0533408559858799,-162.42231679961571,35832.06403675694,0.0010562887182459235,-198.4138524871041,35831.47447448588,0.0010603514965623617,0.07334771752357483,0.009635268710553646,30764.980733833523,17769.526634674316
0.7466793751320139,0.03171679284699225,-0.10734309337407633,0.6376192242906089,0.6409062347197161,-0.5026268747123099,-0.6747981297496265,-0.015634127774499906,-155.7760879033454,-128.00270303268422,-141.8893954680148,27.773384870661175,-22.555866241455078,-22.622015476226807,-22.588940858840942,-0.06614923477172852,0.004292295780032873,-0.004011412151157856,0.05162062123417854,0.05340725556015968,-0.000289511022856459,-0.005852187052369118,0.05107562243938446,0.053146690130233765,-133.10159696006573,35829.29073774573,0.0010472909780219197,-177.25228945165227,35841.69125926473,0.0010570465819910169,0.07344356924295425,0.010728055611252785,30955.786930164133,18377.601043301125
-0.16975615712013925,-0.28928146414838923,0.16341281328911106,0.34458770760306867,0.11544616016810638,0.08607098801224705,0.028103283132705603,0.0,-151.03272341248305,-128.53708320845817,-139.7849033104706,22.49564020402488,-22.590980529785156,-22.53305435180664,-22.5620174407959,0.057926177978515625,0.002002210821956396,-0.005532519891858101,0.05076541006565094,0.053806040436029434,-0.002657228847965598,-0.005302799865603447,0.05278961732983589,0.05252477526664734,-121.19225469781,35834.204240660125,0.0010781836463138461,-146.6242400458732,35822.32490098036,0.0010585280833765864,0.07319262623786926,0.009570537135004997,30740.542865563122,19054.905314088006
0.8707163628682428,0.5082777464389724,-0.06718525700766897,0.05241933531768689,0.6268548873568918,0.3871081128548033,-0.2164929497018223,-0.8894493691322476,-158.05821838090046,-128.52473767447185,-143.29147802768614,29.533480706428605,-22.56540536880493,-22.564797401428223,-22.565101385116577,0.0006079673767089844,-0.00511214742437005,-0.002869627671316266,0.05385671555995941,0.05103374645113945,0.00471489317715168,0.003571233246475458,0.05374348163604736,0.051154542714357376,-120.22404462808964,35843.69488088736,0.0010443134233355522,-132.90685498730753,35836.81877660405,0.0010762246092781425,0.07376447319984436,0.01036999374628067,30758.082924927614,17972.118070178276
-0.039112395689939065,0.032487507582966556,0.22964332558563597,0.26316362203174226,0.13473451909137774,0.0259715595925486,-0.01805991663155393,0.0,-154.8000263479425,-131.64865374898545,-143.22434004846397,23.15137259895704,-22.4996018409729,-22.542870044708252,-22.521235942840576,-0.04326820373535156,0.0023644017055630684,-0.005453611724078655,0.051326215267181396,0.05435268208384514,-0.001718826126307249,-0.005699242930859327,0.05222511664032936,0.05296488478779793,-136.84279864403615,35844.363246508714,0.0010613504564389586,-102.73159705952035,35828.77097883328,0.0010514401365071535,0.07446032762527466,0.00997612439095974,30759.179855114016,18617.53267335713
0.9130366206785442,0.969425581129499,0.778903641947463,0.240260176498186,-0.022056512738493905,-0.13972850763742473,-0.3578709741462898,-1.0,-155.2430861324279,-125.96181090931557,-140.60244852087175,29.281275223112317,-22.55171775817871,-22.515714168548584,-22.533715963363647,0.03600358963012695,0.0056761084124445915,-0.00157054397277534,0.05301745608448982,0.05207023769617081,0.004471233114600182,-0.0038901595398783684,0.05188985541462898,0.05362294986844063,-90.03555658762286,35839.035530877874,0.0010793812107294798,-152.3112539558559,35823.112963628795,0.0010523917153477669,0.07274019718170166,0.012478088960051537,30733.58709304676,18652.64187183179
0.1152159863561677,-0.026684625541853125,0.011552985289607076,0.23867867911427204,0.22908768891491826,0.011159824529072715,-0.20887524463606177,0.0,-158.1884453397979,-128.8275039481735,-143.5079746439857,29.360941391624408,-22.534258365631104,-22.555553913116455,-22.54490613937378,-0.021295547485351562,0.005888402462005615,-0.0006223752279765904,0.05352506786584854,0.05176131799817085,-0.0004771877429448068,-0.005875714123249054,0.05153607204556465,0.05349036306142807,-66.20872788644746,35828.517112991976,0.0010130476439371705,-185.18358410701535,35826.69376264883,0.0010519896168261766,0.07322519272565842,0.012209105305373669,30740.49271126169,19884.973109425497
0.8841140265746342,1.0,0.5462129906805938,0.26135001712911754,-0.2692951389182475,-0.27767959861839614,-0.11775330694272923,-0.5590047468995643,-152.82187664188464,-127.09714641798615,-139.9595115299354,25.72473022389849,-22.523834705352783,-22.533047199249268,-22.528440952301025,-0.009212493896484375,-0.005867973901331425,-0.0007640758412890136,0.05406610667705536,0.051327142864465714,0.004639422055333853,0.0036909710615873337,0.053905878216028214,0.05137891322374344,-125.01374609207946,35832.52343234236,0.0010743249440565705,-125.0092885951793,35829.430400078185,0.0010664818109944463,0.07448665797710419,0.010705888271331787,30749.918741044923,18102.207274324777
0.24496180926466998,0.13524917859518237,-0.08656584278532271,-0.015006083326173342,0.347936257990374,0.35619023314076226,-0.009042347268227391,0.0,-157.6157262946595,-128.12705911370875,-142.87139270418413,29.488667180950756,-22.494516372680664,-22.50551700592041,-22.500016689300537,-0.011000633239746094,0.005658424459397793,0.001687088399194181,0.054369110614061356,0.0513775460422039,0.005982663482427597,0.00015516723215114325,0.0540148988366127,0.0516028068959713,-124.62046310365754,35833.12412234038,0.001046016695909202,-221.19900526860408,35819.844043581834,0.0010671074269339442,0.0739927589893341,0.010424531996250153,30752.97502328063,18068.014665785893
0.0,0.015028360230502129,0.24171951363693922,0.2704679366797143,0.0663421166193851,-0.09859262809798758,0.03120023871991484,0.0,-156.41139947715698,-131.1819188611252,-143.7966591691411,25.229480616031765,-22.56159782409668,-22.599687576293945,-22.580642700195312,-0.038089752197265625,-0.005912667140364647,0.0001207396708196029,0.053555551916360855,0.0513911135494709,-0.005849896930158138,0.0008416744531132281,0.053043436259031296,0.05145161598920822,-143.29650230045365,35819.72436069035,0.0010452495189383626,-156.54247002727786,35836.01038390574,0.00105236005038023,0.07353132218122482,0.011532880365848541,30742.78061055257,18354.822740178373
0.9265989697381029,0.663580763850728,0.4725496113121098,-0.04986572821406168,-0.27502005998631296,-0.22896544666781699,-0.5435630126244138,-1.0,-154.0292602072455,-126.34916778745628,-140.1892139973509,27.68009241978922,-22.618708610534668,-22.624809741973877,-22.621759176254272,-0.006101131439208984,-0.003499755170196295,0.004693503491580486,0.05085713043808937,0.05339532718062401,0.005298485513776541,0.0025118328630924225,0.05360247567296028,0.0505618192255497,-145.76259358273828,35832.51761941019,0.00105182733386755,-161.1196194292982,35819.63774721126,0.0010544456308707595,0.07296759635210037,0.009934129193425179,30965.00360594542,19216.809782900364
0.0049262905444078554,0.0,0.027438065173692044,0.22647137239473303,0.29643288170239945,0.13105020446773802,0.05980409431624145,0.0,-156.31064021306543,-129.9941334784101,-143.15238684573777,26.31650673465532,-22.59864568710327,-22.615785598754883,-22.607215642929077,-0.017139911651611328,0.0031842277385294437,0.00489294808357954,0.05268985778093338,0.05183456465601921,0.002991426270455122,0.005085398908704519,0.052502404898405075,0.05180887132883072,-120.14252242268537,35844.48468956372,0.0010376863647252321,-173.5257937878009,35809.82664095098,0.0010413920972496271,0.07352800667285919,0.01041521318256855,30763.898692542964,18151.701503870863
0.20176815005283175,0.36516116676281013,0.6357903530474872,-0.06455811299756464,-0.32211822830769243,0.039082115454337374,0.24371594658270213,0.0,-153.5779018162097,-128.16367910435085,-140.87079046028026,25.414222711858855,-22.63981342315674,-22.632603645324707,-22.636208534240723,0.00720977783203125,0.0008937520906329155,-0.0058053722605109215,0.05062342435121536,0.053366921842098236,-0.005192382261157036,0.0027743596583604813,0.05184364691376686,0.05226745456457138,-169.62971788633564,35831.471198354506,0.001052072853781283,-118.73424761409943,35828.169684500295,0.001068960060365498,0.07328899204730988,0.009972620755434036,30747.2136799631,18612.562422873372
0.016610394624709784,0.10877836110346621,-0.08670945958179024,-0.0639786211309318,0.20564674292982021,0.25193740687484945,0.06328507860320098,0.0,-154.86725935002363,-127.3527500300703,-141.11000469004696,27.514509319953333,-22.65594482421875,-22.64867067337036,-22.652307748794556,0.007274150848388672,-0.005460142157971859,0.0019852924160659313,0.052155401557683945,0.05168299749493599,0.002696591429412365,0.005237602163106203,0.05213194712996483,0.051785338670015335,-106.41926165720355,35826.824686431806,0.0010522563243284822,-140.4462733115341,35808.814017636294,0.0010237661190330982,0.07208585739135742,0.012241973541676998,30726.39398402834,18275.96436516643
0.0,0.012741563317854868,0.49979573717309045,0.6212267332105428,0.2733884113551418,0.12335588758514293,-0.03081479886728744,0.0,-154.27567590172748,-129.31109551854854,-141.793385710138,24.96458038317894,-22.59533405303955,-22.626290321350098,-22.610812187194824,-0.030956268310546875,0.005803142208606005,0.0008855451014824212,0.05364896357059479,0.050878725945949554,0.00568024255335331,-0.0014060677494853735,0.05263138189911842,0.051555193960666656,-88.7791825630212,35845.062093926404,0.001051559578627348,-204.9086957622406,35827.02286717098,0.001054951106198132,0.07322332262992859,0.01058989204466343,30752.643201491042,18105.43597149115
0.9717022370573639,0.9405215228557826,0.3917164779186084,0.05249401073217222,-0.20960738065727474,-0.26734903194035503,-0.5577349713862478,-1.0,-156.90321928071222,-127.4051436555867,-142.15418146814946,29.498075625125523,-22.61693000793457,-22.587413787841797,-22.602171897888184,0.029516220092773438,0.00325400591827929,-0.0048551238141953945,0.05080783739686012,0.05346428602933884,-0.0031828605569899082,-0.004956293385475874,0.052774578332901,0.051879722625017166,-87.9340813131675,35832.5797605872,0.0010490486165508628,-124.94854295229021,35824.68091207433,0.001063964213244617,0.07297579944133759,0.009762231260538101,30731.889575139925,19277.60725006096
0.056973426844882706,0.0,0.012864227706380238,0.1992980093390759,0.26541007650238424,0.12858344281596057,-0.03071219919527457,0.0,-157.65720157244613,-130.8757673127243,-144.2664844425852,26.781434259721834,-22.633779048919678,-22.637224197387695,-22.635501623153687,-0.003445148468017578,0.004611414857208729,-0.0035811299458146095,0.05138951167464256,0.05270541086792946,0.004580075852572918,0.00362834963016212,0.05325103923678398,0.05078081786632538,-152.27693389826797,35839.08025546198,0.0010600067907944322,-184.9606860356696,35823.14942934074,0.0010389223461970687,0.07213028520345688,0.010796480812132359,30950.410040179315,18110.87085028877
0.9335891163175297,0.9673508836539376,0.837040064974833,0.44907419054925046,0.10130414764302914,-0.18102429048616014,-0.44075750670118397,-1.0,-152.79499537051873,-123.20156224031723,-137.99827880541798,29.593433130201504,-22.565195560455322,-22.61481285095215,-22.590004205703735,-0.04961729049682617,0.0058660320937633514,-0.0004384628846310079,0.05344116687774658,0.051469072699546814,0.005844824947416782,0.0005813445895910263,0.05346748232841492,0.05082742124795914,-144.77300863124393,35826.633174610266,0.001050520222634077,-182.00882747832776,35855.333947390856,0.0010809267405420542,0.07357504963874817,0.011595728807151318,30741.927850005475,18343.67499831889
0.20632859126667452,0.0,-0.03219132057066093,-0.05064392716616095,0.06855025494572065,0.1549593272840507,-0.030968629943294745,0.0,-154.96288405260447,-129.07252256112207,-142.01770330686327,25.890361491482395,-22.491073608398438,-22.451844215393066,-22.471458911895752,0.039229393005371094,0.004780470859259367,0.003510716836899519,0.054186370223760605,0.05161048844456673,0.00551643455401063,-0.0023172362707555294,0.05323554947972298,0.05306873098015785,-109.55918434989178,35831.45725615644,0.0010626347502693534,-137.45088212210536,35821.06441914915,0.0010400140890851617,0.07461952418088913,0.010758912190794945,30760.58065910022,18058.909562100456
-0.08017318179097561,0.023472612429438197,0.36646362446576647,0.5259664464611502,0.27831490962098004,0.08712705173223817,0.261280225686662,-0.0761102003989681,-155.740429218928,-130.40760126592414,-143.07401524242607,25.332827953003857,-22.616567611694336,-22.629897594451904,-22.62323260307312,-0.01332998275756836,0.0036643678322434425,0.004556935280561447,0.052857350558042526,0.051443107426166534,0.0017569081392139196,-0.005634196102619171,0.05053146928548813,0.053567223250865936,-126.00222393569669,35846.88730287644,0.00105618208181113,-141.7670598422839,35815.79197183479,0.0010439162142574787,0.0734841525554657,0.010631025768816471,30763.309456192535,18284.69968502741
0.9710849015391485,0.8222725771158745,0.4962050203638571,0.018977807237719968,-0.08763480046974076,-0.2933422938247267,-0.7218103173200987,-1.0,-157.9161555524404,-127.62580521743484,-142.77098038493762,30.29035033500554,-22.601618766784668,-22.645716667175293,-22.62366771697998,-0.044097900390625,-0.004727055784314871,0.0034974601585417986,0.051626428961753845,0.05285352095961571,0.004068886861205101,0.004200679250061512,0.052947480231523514,0.05099241062998772,-165.57224569699608,35831.58776421333,0.0010302766459062696,-119.52643133725088,35837.971635592956,0.0010727407643571496,0.07319208979606628,0.011019228957593441,30960.392246048195,18069.830877886612
-0.020006146294089627,0.0023966032823846423,0.02728834191241561,0.13480204363640066,0.24694188875713308,0.12841741190396644,0.04654565147519918,0.0,-153.52604559971275,-128.49654246124766,-141.0112940304802,25.02950313846509,-22.690014839172363,-22.650978565216064,-22.670496702194214,0.03903627395629883,-0.0007687712786719203,-0.005732994992285967,0.05086655542254448,0.0525529570877552,0.005538327619433403,-0.001849750755354762,0.052246611565351486,0.051647625863552094,-109.72454611763378,35823.95768950478,0.001050922553986311,-163.9062898676509,35814.94085839221,0.0010262387804687023,0.07252940535545349,0.009644703008234501,30761.834207962605,17854.68161761225
0.919021810873145,0.9689054458469437,0.9159199246097792,0.5016827461923655,0.13555721556647377,-0.043067615174290474,-0.3706868523456787,-1.0,-156.24848463944556,-126.84862732307641,-141.548555981261,29.39985731636915,-22.69193172454834,-22.696213722229004,-22.694072723388672,-0.0042819976806640625,0.00012699782382696867,0.00578827690333128,0.050614677369594574,0.052772507071495056,-0.004439881537109613,0.003733862191438675,0.050877220928668976,0.05246765911579132,-93.67936331077955,35834.93230338084,0.0010380560997873545,-201.22148646475486,35839.109716387975,0.0010820209281519055,0.07273107022047043,0.009472772479057312,30762.94328005836,17854.0715855695
0.49973701610471943,0.40941634391819876,-0.12757685383412326,0.10425754589816422,0.09234136997174974,-0.14171358120956778,-0.14562522129685118,0.0,-156.20621154200234,-127.07860982608042,-141.64241068404138,29.127601715921912,-22.644894123077393,-22.647418975830078,-22.646156549453735,-0.002524852752685547,0.004727187566459179,0.0033740580547600985,0.053248342126607895,0.05069296434521675,0.0058022066950798035,-0.0007740852888673544,0.052805155515670776,0.051118314266204834,-132.42704592904846,35827.32071237283,0.0010476838797330856,-137.04177969821825,35823.4761396614,0.0010487285908311605,0.07374052703380585,0.01059416588395834,30760.05931781079,18009.763449031736
-0.041896249706628655,-0.1334090638135264,0.43618708400568235,0.5479583805455118,0.1602075326192683,-0.12860187660045508,-0.010275186100884182,0.0,-151.54474563291467,-126.33776780517334,-138.94125671904402,25.206977827741326,-22.58469820022583,-22.60533571243286,-22.595016956329346,-0.02063751220703125,0.004072061739861965,-0.004226612392812967,0.05130226910114288,0.05337074398994446,0.004425764083862305,-0.0038607525639235973,0.051357049494981766,0.05307186394929886,-126.33999925759004,35848.99536707715,0.001067308010533452,-235.25410567945795,35824.35699058516,0.001036174944601953,0.0724717453122139,0.010497109964489937,30956.60997342693,18268.907981096723
0.9640136851979749,0.5546106031875805,-0.08370512052838462,-0.17524417583891938,-0.04034537123654258,-0.17078665956901934,-0.7453623770197484,-0.6163612323421152,-157.27921345552437,-125.78876270718047,-141.53398808135242,31.490450748343903,-22.616684436798096,-22.637596130371094,-22.627140283584595,-0.020911693572998047,0.004327287897467613,0.003961894661188126,0.05320550501346588,0.05107925087213516,0.002924904925748706,-0.0050980206578969955,0.05054027587175369,0.053471267223358154,-151.8003300481443,35817.589984237326,0.001044146018102765,-118.12404476726756,35846.488558325575,0.0010823410702869296,0.07382676005363464,0.010685084387660027,30760.99837051291,18060.522828340152
0.013366132919891482,0.0,0.10231273701786585,0.17579904463947063,0.16860767748859268,0.15733462814041393,0.038086655507218126,0.0,-154.04623486917387,-131.49061534448867,-142.76842510683127,22.5556195246852,-22.652859687805176,-22.644152641296387,-22.64850616455078,0.008707046508789062,0.005677325651049614,-0.0013425130164250731,0.05251912772655487,0.05134817957878113,0.005137374624609947,0.0028498084284365177,0.05342516675591469,0.05050802230834961,-173.76974550453315,35829.18698899914,0.0010842735646292567,-169.66796480929068,35818.604585565314,0.0010303484741598368,0.07252727448940277,0.012109236791729927,30979.937642718432,18916.039179451145
0.8697039286187838,0.9868711706062451,0.8963594542915991,0.4936096617211817,0.14849044615366402,0.08666962611828655,-0.08565963644435248,-1.0,-155.29568093619525,-125.92350859751593,-140.6095947668556,29.37217233867932,-22.57667064666748,-22.594633102416992,-22.585651874542236,-0.01796245574951172,-0.0014374919701367617,0.005706107243895531,0.05090775713324547,0.05384034290909767,0.005787338130176067,0.000976733397692442,0.05368775129318237,0.0508466400206089,-125.45913501468726,35838.4560251587,0.0010621630353853106,-176.10728042767192,35835.72044495106,0.0010710840579122305,0.0731302946805954,0.009936989285051823,30511.132729999,18723.567382356123
0.23268138644312805,0.0,0.07307668924889392,0.04047196526184299,0.09614742166731183,-0.169657857606401,-0.2557366499896868,0.0,-151.42964263834628,-125.19129959711142,-138.31047111772887,26.238343041234856,-22.606616020202637,-22.592709064483643,-22.59966254234314,0.01390695571899414,-0.005533141084015369,0.001883727265521884,0.05252258479595184,0.05190623924136162,0.00559433177113533,0.0018383520655333996,0.0538131408393383,0.050735726952552795,-129.0799500136293,35827.32845880905,0.001038457965478301,-75.63741905667113,35829.4395142838,0.0010561750968918204,0.07298772037029266,0.012194287031888962,30730.5804317919,18368.14495231692
-0.004991104756233312,0.0128049963524774,0.28720677624945307,0.37509411917789365,0.11360901927308521,0.044768300787159376,0.18374854868712187,0.0,-152.143209135679,-126.51584399073039,-139.3295265632047,25.627365144948612,-22.61603832244873,-22.608394622802734,-22.612216472625732,0.007643699645996094,0.005853164475411177,-0.000685298815369606,0.05302518978714943,0.05127136409282684,-0.0019266728777438402,-0.00554173719137907,0.05193367227911949,0.0524715781211853,-170.6447883168275,35829.05069393517,0.0010680081322789192,-161.120728830284,35834.416735373976,0.001060443464666605,0.07254268229007721,0.011489808559417725,30741.527689459625,18364.840322098913
0.5225627628539508,0.30063058888230965,-0.06449440759660101,0.022863642194824785,0.6106732782099105,0.3279594697178342,-0.4231378126275794,-0.20573168561157895,-156.94039079984623,-127.8009775595873,-142.37068417971676,29.139413240258932,-22.54124164581299,-22.581870555877686,-22.561556100845337,-0.040628910064697266,0.0036085813771933317,-0.004646376706659794,0.05137398838996887,0.05381790176033974,0.00535221304744482,-0.0025328085757791996,0.05227881669998169,0.05244292691349983,-98.44989610512876,35813.2514577734,0.0010205898433923721,-177.10771729593483,35842.11198539797,0.0010815823916345835,0.07340142130851746,0.010153239592909813,30965.64615637532,18974.2209249286
-0.0004080849053909391,0.03908534692171694,0.04688461435266038,0.18872852195245204,0.10905751213844012,-0.0173188392001683,0.05169769284521075,0.0,-152.69459886456644,-127.2371049465547,-139.96585190556056,25.45749391801175,-22.54948854446411,-22.529447078704834,-22.539467811584473,0.020041465759277344,0.003975174855440855,-0.004343596287071705,0.051467303186655045,0.053629711270332336,-0.003355257213115692,-0.004870438948273659,0.05322610214352608,0.05212884396314621,-150.33816131970343,35829.458911544396,0.0010782474419102073,-162.40678281810668,35816.38178808816,0.0010317688575014472,0.07342107594013214,0.010503671132028103,30962.63922350692,18339.50295798525
0.9668465743411251,0.8759216641649551,0.7951286312718516,0.39390512292539814,0.07554157638398695,-0.13092429707403608,-0.4919669224036151,-1.0,-156.9683058497363,-126.74227504718402,-141.85529044846015,30.226030802552287,-22.48218536376953,-22.511415481567383,-22.496800422668457,-0.029230117797851562,0.004879462532699108,-0.00341656431555748,0.052416592836380005,0.05351211503148079,-0.0009889587527140975,0.005853477865457535,0.051335882395505905,0.05420368164777756,-139.88469220675518,35831.22079038608,0.0010454333387315273,-176.91689412626266,35842.34732256512,0.0010646539740264416,0.07339607924222946,0.011216163635253906,30963.191531754353,17994.51373416743
-0.7678180296763213,-0.9780748698797744,-0.8348967790446553,-0.36439683311529014,-0.49852630670543047,-0.6047958613382536,0.5356708043560856,0.9902890029043104,-152.21455613466122,-125.80918650044805,-139.01187131755464,26.405369634213173,-22.496347427368164,-22.553439140319824,-22.524893283843994,-0.057091712951660156,-0.004449380561709404,-0.003910468891263008,0.053994059562683105,0.051746465265750885,-0.005173255689442158,-0.002849837765097618,0.05400265008211136,0.051024239510297775,-177.5296941193211,35823.235107385095,0.0010423921048641205,-130.97918135403637,35833.90058659077,0.0010530396830290556,0.07487061619758606,0.011081705801188946,30762.023089482238,19316.4991506859
-0.0989258905806826,-0.09258609485057409,0.18242719481261688,0.08878487098673107,-0.15941882500878896,0.0462271193139151,0.2896157633452996,-0.07966823272949353,-152.57586335379415,-127.53018629084153,-140.05302482231784,25.04567706295262,-22.704522609710693,-22.72482395172119,-22.714673280715942,-0.020301342010498047,0.004470260813832283,-0.0036828634329140186,0.05089505389332771,0.052353374660015106,-0.005553579889237881,-0.001665175543166697,0.052987243980169296,0.04998445883393288,-186.32126421460254,35842.50346442917,0.0010827300138771534,-134.1575121745475,35848.49464173235,0.0010561312083154917,0.07174617797136307,0.010978135280311108,30962.783210315658,18022.465035944286
0.32045799941854225,0.2735887024508985,-0.10586065848664995,0.013828350901290254,0.5825872439894133,0.46601217522141225,-0.21252932859524298,-0.37758678873260487,-157.4002046763868,-126.69755857115322,-142.04888162377,30.702646105233583,-22.879014015197754,-22.868764400482178,-22.873889207839966,0.010249614715576172,-0.005508667789399624,0.001380824949592352,0.05110356956720352,0.05009620636701584,0.004356896039098501,-0.0036546438932418823,0.04988018423318863,0.051432088017463684,-148.06935830766653,35814.815212060625,0.0010284424060955644,-147.72659228763172,35847.78955809323,0.0010789413936436176,0.07016400247812271,0.012021884322166443,30729.46937998526,18246.24329879235
0.0,-0.004663124538264579,0.2965449979836993,0.21936714511710562,0.03562188775079203,-0.1800167919639873,-0.0887077567892316,0.0,-152.64028470771254,-130.0919156423787,-141.36610017504563,22.548369065333844,-22.641053199768066,-22.613990306854248,-22.627521753311157,0.02706289291381836,-0.005054569337517023,0.0029429791029542685,0.05171618610620499,0.05229657515883446,0.005729081109166145,-0.0012451817747205496,0.052787162363529205,0.05154489725828171,-156.57864014707243,35826.53928692744,0.0010586394928395748,-141.02511744278604,35819.88981682066,0.0010411449475213885,0.07278714329004288,0.0120466947555542,30968.285153176224,17952.102208804627
0.96808587300959,0.6668526223785953,0.423493937514506,0.091098143443284,-0.026678740762568043,0.2095978781883977,-0.2434173987312696,-1.0,-155.0516522573281,-125.78816637399791,-140.419909315663,29.26348588333019,-22.932775020599365,-22.80095338821411,-22.86686420440674,0.1318216323852539,0.0056198653765022755,-0.0002980419958475977,0.051285140216350555,0.04927694424986839,-0.0015878351405262947,0.005523917265236378,0.049552757292985916,0.052520573139190674,-107.62090645828441,35842.090039933355,0.0010587808210402727,-148.61664269850388,35838.07829035919,0.0010623374255374074,0.06985070556402206,0.011085594072937965,30743.551159628154,18380.355686727973
0.04955301527104242,-0.02540356383902122,0.0024561666178657404,0.2506515483165959,0.3211024739876139,-0.08050410619135073,-0.1284963387973166,0.0,-156.3715997128528,-129.5449349129616,-142.9582673129072,26.826664799891205,-23.365957736968994,-23.381505012512207,-23.3737313747406,-0.01554727554321289,-0.0015561681939288974,0.005128863267600536,0.046473853290081024,0.04917627200484276,0.005235536489635706,0.0012881781440228224,0.04909491166472435,0.04637895151972771,-149.98834049365544,35814.687577864366,0.0010278323898091912,-189.55272672597542,35820.34799648479,0.001059064525179565,0.06713570654392242,0.009203934110701084,30512.476950973665,18643.34656777224
0.8981483399402206,1.0,0.5533347244254481,0.09080691922402762,-0.3322298032832562,-0.3128490571132025,-0.3967728737243937,-1.0,-155.32335230478492,-127.26707033789802,-141.29521132134147,28.0562819668869,-22.87785291671753,-23.014051914215088,-22.94595241546631,-0.1361989974975586,-0.0030317911878228188,-0.004817580804228783,0.050984691828489304,0.050229426473379135,-0.0026954589411616325,-0.00491750705987215,0.05005326867103577,0.04958735406398773,-211.32882103959312,35834.01818019415,0.001087214914150536,-196.8016420486632,35847.04122206879,0.0010683001019060612,0.07191597670316696,0.010115697979927063,30763.93508676035,18073.695768516074
0.5918069815564828,0.1689184008432215,-0.03338699141978472,0.1019962599524247,0.6654132623170277,0.4151861725333895,-0.20235515339877275,-0.06086809877207022,-157.43399491392285,-128.65204408208507,-143.04301949800396,28.781950831837776,-22.23320722579956,-22.38708257675171,-22.310144901275635,-0.15387535095214844,0.003841903991997242,-0.004746855236589909,0.05326095595955849,0.055728599429130554,0.0022596833296120167,0.005586048122495413,0.05342419818043709,0.053675729781389236,-84.40959553429119,35827.35579576228,0.0010316435946151614,-175.81240091543285,35837.31645495386,0.0010402131592854857,0.07569967210292816,0.010399836115539074,30722.744128176357,19588.435713911054
0.049559079655391115,0.01446837115643944,0.49123101070094805,0.6496740204389059,-0.30341052948741776,-0.23529255778024333,0.06650872027680144,0.0,-152.77360536543847,-126.43412986063464,-139.60386761303656,26.33947550480383,-22.722935676574707,-22.751858234405518,-22.737396955490112,-0.028922557830810547,0.0043638101778924465,-0.0038546514697372913,0.05068233981728554,0.05233956500887871,0.0034612994641065598,0.0046381703577935696,0.05199004337191582,0.05069630593061447,-212.91150947177695,35820.22153470604,0.0010517043992877007,-95.34755655470671,35821.66711227848,0.001063109957613051,0.07203319668769836,0.0106730367988348,30957.292609561187,18147.71612755268
0.13120707622342467,0.15609137729543085,-0.04153949963728858,-0.10407183851226921,0.29672104226327656,0.3750104326079598,0.1474967059545178,0.0,-153.9019867340882,-127.30716937943845,-140.60457805676333,26.594817354649763,-22.74564266204834,-22.772235870361328,-22.758939266204834,-0.02659320831298828,0.005733723286539316,0.0004927106201648712,0.05264274775981903,0.05009785294532776,0.004315665923058987,0.0038828819524496794,0.05233704671263695,0.05008857697248459,-184.08895524821568,35847.0015470106,0.0010505098616704345,-111.32281837022995,35829.70351487587,0.001053797546774149,0.07219931483268738,0.010740612633526325,30748.711885162567,18163.516411370212
-0.0004826561069648023,0.018399351956010935,0.20538087980682737,0.4533414788913542,0.5789875173870109,0.6459294563313165,0.6964622488826808,0.0,-149.40246822813637,-129.8267908462896,-139.61462953721298,19.57567738184676,-22.262628078460693,-22.270870208740234,-22.266749143600464,-0.008242130279541016,-0.0019397246651351452,0.004981657490134239,0.05325368791818619,0.055450793355703354,-0.004709386266767979,-0.003937025088816881,0.05551610141992569,0.05299387499690056,-60.84494764557738,35716.304743570865,0.0011266735382378101,-134.6545688513182,35812.707822652126,0.001053747721016407,0.07587216794490814,0.010192460380494595,30964.643774582986,18300.267903706645
0.7721964024008763,0.9454766690838167,0.8753108686179536,-0.1309723387043057,-0.17549434975296432,0.23095662175719078,0.23878260052450917,-0.36658988086956257,-152.9275109928485,-126.20160426983034,-139.56455763133943,26.72590672301817,-22.20301866531372,-22.2330904006958,-22.21805453300476,-0.030071735382080078,-0.005371090956032276,0.002968171611428261,0.05447285994887352,0.054922301322221756,0.006114316172897816,-0.0009054408874362707,0.05532422289252281,0.0536738745868206,-145.46488724735605,35827.77638867634,0.0010686754249036312,-142.97588244278836,35822.26441798135,0.0010578300571069121,0.07624316215515137,0.012737714685499668,30969.6147625738,17935.216306168808
0.049517077938298446,0.0,0.008090778865111545,0.15371763241639072,0.22405839055955618,0.16705444589779178,0.025440909356163943,0.0,-156.98590279837197,-130.8837788800385,-143.93484083920524,26.10212391833346,-22.297182083129883,-22.24843740463257,-22.272809743881226,0.04874467849731445,-0.0007066001417115331,-0.006009258329868317,0.05319204926490784,0.055011387914419174,0.006138105411082506,-0.0004568670701701194,0.05541536211967468,0.05338554456830025,-97.2040582478827,35826.832295617955,0.001042358810082078,-149.32478598038804,35810.02254030106,0.0010342152090743184,0.07594361156225204,0.009793777018785477,30763.45829691986,17850.24215451473
0.95778749548412,0.8654699268987693,1.0,0.8160292001866769,0.262573980125526,-0.521283598835183,-0.4910688324631084,-0.8821298514120975,-153.31957874153744,-125.7689563146815,-139.54426752810946,27.550622426855938,-21.987154483795166,-21.990938186645508,-21.989046335220337,-0.003783702850341797,0.0033745085820555687,0.005318541079759598,0.05649416521191597,0.05565069615840912,0.006234138272702694,-0.0009447464253753424,0.05689840763807297,0.05518665909767151,-146.69347898000547,35835.26198006469,0.0010502124205231667,-169.5195194949573,35822.03071159974,0.0010638192761689425,0.07945601642131805,0.011014755815267563,30764.41119981596,18030.18585257281
0.16878549804008625,0.0,-0.06824403630069795,-0.07728579278086462,0.12029533160207295,0.2100833262396361,0.003965755375200275,0.0,-158.22360366716785,-128.87342200683557,-143.5485128370017,29.350181660332282,-22.439606189727783,-22.457149028778076,-22.44837760925293,-0.01754283905029297,0.004496295936405659,0.003958017099648714,0.05434142425656319,0.05208923667669296,-0.0020725750364363194,0.005636661313474178,0.05153977870941162,0.05465123802423477,-191.46107182449734,35836.317484462714,0.0010472089052200317,-151.40781809719007,35818.7015418661,0.0010532797314226627,0.07519489526748657,0.010883234441280365,30760.93380929666,18009.875104576935
0.10273349580204198,-0.004838291013233864,0.25909747059278865,0.40936301903720207,0.3324411005902197,0.21422951326943468,0.17796427513752888,0.0,-152.25816786958706,-125.28754312544777,-138.7728554975174,26.970624744139286,-22.168314456939697,-22.00718641281128,-22.08775043487549,0.16112804412841797,-0.004967036657035351,-0.0036227512173354626,0.056253138929605484,0.05354909971356392,0.006151093635708094,0.0013267362955957651,0.05749344825744629,0.05435116961598396,-121.77029447741502,35838.20791054279,0.001066066324710846,-76.4632378759338,35834.006486541264,0.00105100788641721,0.07710838317871094,0.011404283344745636,30761.01555760253,18161.425492640337
0.9131527853109829,0.9976992988100135,0.8741180621709451,0.18310752199455507,-0.35514708949927226,-0.0259006916964033,-0.35141376610513836,-0.9009447354277769,-154.95032290908046,-126.84186334038947,-140.89609312473496,28.10845956869099,-22.848470211029053,-22.876060009002686,-22.86226511001587,-0.027589797973632812,0.0028050700202584267,-0.004995012190192938,0.049369070678949356,0.05215078964829445,0.004847399424761534,-0.003069221507757902,0.05018699914216995,0.051042236387729645,-209.42516678446594,35832.02799201506,0.0010490712011232972,-141.01237761228467,35838.400453569,0.001080349669791758,0.0714382529258728,0.009470917284488678,30732.968984539388,19219.008731956143
0.00840212832788482,-1.2323413696806535e-05,-0.0050254595161555865,0.10106111326385975,0.23181151174640752,0.10200245857886292,0.016492521138026794,0.0,-155.98900727880442,-130.06031188554954,-143.02465958217698,25.928695393254884,-22.33567714691162,-22.094438076019287,-22.215057611465454,0.24123907089233398,-0.004760135430842638,0.003698136191815138,0.053178973495960236,0.05455201864242554,-0.006220121867954731,-0.0007560623344033957,0.056793052703142166,0.05393645539879799,-44.0198602346589,35839.27304835608,0.0010511076543480158,-79.56987675210115,35795.13087913797,0.0010178991360589862,0.07464021444320679,0.011377600952982903,30962.516581113185,18089.95291083066
0.045274830233580345,-0.014420818523975368,0.9840767766653203,0.684062644697662,-0.05773087097136015,0.36638467246098366,-0.219281175168485,-0.2275003015570185,-151.6963952311129,-126.44110539123949,-139.0687503111762,25.2552898398734,-23.43700408935547,-23.55466604232788,-23.495835065841675,-0.11766195297241211,0.0008167799096554518,-0.005262942984700203,0.04617851972579956,0.04869579151272774,0.005097121465951204,0.0013602954568341374,0.04813988134264946,0.04544979706406593,-184.1905360042629,35853.44062984854,0.0010604821145534515,-278.0174784589148,35826.16637304267,0.0010873094433918595,0.06648854911327362,0.009073627181351185,30519.87763105882,18445.017078905013
0.9702753421786723,0.9124686872437325,-0.03965082685869552,-0.30840972363919134,0.12493038849586413,0.1527727185723422,-0.42654061704374674,-0.4518755826800491,-157.30832737685625,-128.77416276394257,-143.0412450703994,28.534164612913685,-24.274418354034424,-24.338839054107666,-24.306628704071045,-0.06442070007324219,-0.003855922259390354,0.002889428287744522,0.04259774461388588,0.04358343780040741,-0.002446973929181695,-0.004170352593064308,0.04305446892976761,0.0424877367913723,-282.10438970471046,35840.58136921851,0.0010582298273220658,-326.18534902031445,35822.88617249715,0.0010690240887925029,0.06037633866071701,0.009265333414077759,30960.933060052503,18128.50832626063
0.009424556930346932,-0.0070044013470018825,0.195477784152668,0.3565565709152229,0.21187496593882305,0.05491487549360502,0.03302365189320555,0.0,-153.59595187509413,-129.1444020032069,-141.3701769391505,24.451549871887238,-24.167191982269287,-24.181742668151855,-24.17446732521057,-0.01455068588256836,0.003105609677731991,0.003771173767745495,0.044243451207876205,0.04300433397293091,-0.0035906601697206497,0.0033219517208635807,0.04278206452727318,0.044313400983810425,-290.95718546198515,35825.696723852016,0.0010722394799813628,-382.01451056272754,35815.590355981556,0.0010324610630050302,0.06122215837240219,0.008935334160923958,30763.489457940155,18246.078510788666
0.9582883169716018,0.9450075167206431,0.7752406804988916,0.39810084532452406,0.056458474699551564,-0.23390162747186188,-0.5340100824148923,-1.0,-154.3958354697524,-123.67806334639943,-139.0369494080759,30.717772123352972,-24.209065437316895,-24.229671955108643,-24.21936869621277,-0.020606517791748047,0.004598422907292843,-0.0015807156451046467,0.043664488941431046,0.0431709848344326,0.004724419675767422,-0.0011269280221313238,0.04378252476453781,0.04284282773733139,-279.6193547739894,35828.4439077416,0.0010416414588689804,-310.3113185021082,35850.664454937316,0.0010873707942664623,0.06046602502465248,0.010380825027823448,30729.82276839061,18295.825678959056
0.14319269502226434,-0.005315647438126064,-0.0027121816676910215,0.07937135013358787,0.16939721502899324,0.07878708974102189,-0.02857452793918569,0.0,-154.15640559392222,-130.57115426207866,-142.36377992800044,23.58525133184355,-24.243392944335938,-24.262096881866455,-24.252744913101196,-0.018703937530517578,-0.004771169275045395,0.0008991239010356367,0.04383016377687454,0.042654894292354584,0.003989777993410826,-0.0027598843444138765,0.042708829045295715,0.04359288886189461,-329.58500736653065,35817.68247884336,0.0010542119853198528,-307.7145220773269,35828.94825604239,0.0010448108660057187,0.06049825996160507,0.009957198053598404,30737.43176184654,18884.06587917793
-0.17031335335978473,0.10963443989178139,0.3705775116416196,0.2629687269364302,0.09046414946526865,0.1282371682283301,0.29951920731556825,-0.66577365649821,-152.7558733939855,-126.99037506367239,-139.87312422882894,25.765498330313108,-24.193592071533203,-24.22720432281494,-24.210398197174072,-0.03361225128173828,0.0043831621296703815,0.0021358425728976727,0.04470246657729149,0.04225427284836769,0.0035482512321323156,-0.0033957906998693943,0.042505424469709396,0.04412846639752388,-289.0648129662196,35843.65555832602,0.0010623136768117547,-313.2074902516094,35825.71663039605,0.0010877182940021157,0.06105523183941841,0.00888634193688631,30758.101351878442,17971.86220154777
0.8436773012691865,0.6137496938215451,0.23157242506673564,-0.2802531071350986,0.30758476318202194,0.29083399555104306,-0.15725137704157677,0.0,-155.677609441911,-126.29751818838497,-140.98756381514798,29.380091253526018,-24.24952268600464,-24.215900897979736,-24.232711791992188,0.033621788024902344,0.002859259955585003,-0.0038850270211696625,0.0421651266515255,0.04424499720335007,0.0008303093491122127,-0.004812078550457954,0.04218507558107376,0.044548556208610535,-271.5081839567733,35834.916350775624,0.001058571389876306,-243.9610574717769,35827.21231760637,0.0010600767564028502,0.06055803224444389,0.008399737067520618,30967.591205178625,19088.010420818686
0.0,0.0234273049386723,0.29284523855213324,0.4333630033553377,0.3555056419138693,0.14154873517678113,0.14245087034693094,0.0,-153.05564260197036,-129.22233521137431,-141.13898890667235,23.833307390596048,-24.29997682571411,-24.289016723632812,-24.294496774673462,0.010960102081298828,0.0030568570364266634,0.003745386842638254,0.043564584106206894,0.04235714301466942,-0.0008942595450207591,-0.004744228906929493,0.04244467616081238,0.04358787089586258,-332.45669926937296,35843.28156996762,0.0010849195532500744,-313.71241432883255,35828.84220418018,0.0010454620933160186,0.06050951033830643,0.008683673106133938,30763.170599020756,18169.47517749277
0.9794560408996309,0.9130365234281399,0.6805369349808663,0.3564651090883485,0.15779116552708872,-0.06627891597677132,-0.6035084894672771,-1.0,-154.98964417635744,-123.39520509886756,-139.1924246376125,31.59443907748988,-24.248638153076172,-24.29058074951172,-24.269609451293945,-0.041942596435546875,0.003112534061074257,0.0037006225902587175,0.043845243752002716,0.042588312178850174,-0.003735949518159032,0.003071165643632412,0.042368873953819275,0.04364524781703949,-251.56548696717894,35819.26626696658,0.001024671015329659,-338.2847361067813,35850.059645261696,0.0010849634418264031,0.0609867125749588,0.008923274464905262,30763.141213105908,18500.00826552207
-0.9585850056845158,-0.9784743995395996,-0.931001125727264,-0.6485049562891025,-0.5280550471417315,-0.5017717941197823,0.6769125619418251,0.9903927528630577,-151.61913272350353,-127.3833804176353,-139.5012565705694,24.235752305868232,-24.229695796966553,-24.19593334197998,-24.212814569473267,0.033762454986572266,-0.003644566284492612,-0.003216590266674757,0.04422919824719429,0.04238083213567734,-0.002059530233964324,-0.004437248222529888,0.04351510852575302,0.04345066845417023,-318.76230823522815,35814.560802055596,0.0010497954208403826,-300.9101552688418,35825.32668277303,0.00104835897218436,0.06116455793380737,0.009146232157945633,31006.51296412523,18390.600636677682
0.7967018931730281,0.8245225497617079,0.8127437265607279,0.3616111937455868,0.058497489103995604,-0.03312737592420012,-0.37917979325594653,-1.0,-150.45326485429734,-122.23219477981627,-136.3427298170568,28.221070074481077,-24.184365272521973,-24.18886423110962,-24.186614751815796,-0.004498958587646484,0.0007519477512687445,-0.00481842365115881,0.04236844182014465,0.04468488320708275,-0.004468298517167568,-0.0019776755943894386,0.044775500893592834,0.04222479835152626,-291.84892124679743,35842.71338098852,0.0010800944874063134,-333.3036463743741,35845.745538850155,0.0010747552150860429,0.06082750856876373,0.008282732218503952,30504.398273983337,18678.87106697118
0.08617757758067908,0.0,-0.020265953260283534,0.2803521667798514,0.17592444482045128,-0.010540279351502813,-0.13927429519698276,0.0,-159.3593645102764,-133.22061643285895,-146.28999047156768,26.13874807741746,-24.120125770568848,-24.20856237411499,-24.16434407234192,-0.08843660354614258,-0.004699058830738068,-0.0014399613719433546,0.04508224502205849,0.04261338710784912,0.0012317488435655832,0.0047641173005104065,0.04300990328192711,0.04382169246673584,-373.5073969200461,35814.91152587547,0.0010332438396289945,-276.6411381103691,35815.804514287935,0.0010593309998512268,0.061991073191165924,0.00874596182256937,30753.70958770994,18076.602962561035
-0.5448841902228094,-0.48145975193979884,0.03151499050704765,0.3927677011162538,0.20775008497116604,-0.006593770207649896,0.10753323385409519,0.0,-152.4969309902677,-130.5477519744275,-141.5223414823476,21.9491790158402,-24.165349006652832,-24.152405261993408,-24.15887713432312,0.012943744659423828,-0.003106228308752179,0.003808914450928569,0.04262058436870575,0.04462822899222374,-0.00022901681950315833,-0.004900941625237465,0.042810872197151184,0.04457518085837364,-316.3971072734467,35852.530182083254,0.00107773975469172,-256.49745856687514,35843.05957544473,0.001053497544489801,0.06072801351547241,0.00847010686993599,30963.84340175359,18346.058819027367
0.9073184905457162,0.7909898048557213,0.2943642587381388,0.12753969997136638,0.36078674273707356,0.19952601762476974,-0.7180976036076324,-1.0,-156.84092181916122,-125.66482737007988,-141.25287459462055,31.176094449081347,-24.22569990158081,-24.186875820159912,-24.20628786087036,0.03882408142089844,0.004261101596057415,0.0022901396732777357,0.04449860379099846,0.04214184358716011,0.004612617194652557,0.001646729651838541,0.044793449342250824,0.042225103825330734,-284.5543531678917,35824.750548324104,0.00103861337993294,-261.6898029392227,35833.263518593594,0.001084204763174057,0.060909174382686615,0.008550153113901615,30757.823902272474,17979.368887053384
0.0075967915780991765,-0.005413220669297932,0.20602505190140136,0.14901412937813358,0.08752753932592505,-0.08285326432661289,-0.10273634215486338,0.0,-152.59841037869364,-127.92981046797308,-140.26411042333336,24.66859991072056,-24.210529327392578,-24.236018657684326,-24.223273992538452,-0.025489330291748047,0.0038747210055589676,0.0029481269884854555,0.04443667083978653,0.04235994070768356,0.004128581844270229,-0.0025565519463270903,0.042950183153152466,0.043614137917757034,-302.7036962632186,35833.29351522862,0.001078291330486536,-318.23920038380123,35835.743460639394,0.0010511951986700296,0.0616401806473732,0.009036797098815441,30761.060564507537,18272.157539559026
0.9428468241802596,0.9244876623219395,0.8056863264201264,0.4639504721507226,0.058312444918518946,-0.039261296556524716,-0.3346843067311994,-1.0,-156.79583192202418,-125.81285454726887,-141.30434323464652,30.982977374755308,-24.214470386505127,-24.204978942871094,-24.20972466468811,0.009491443634033203,0.004436074290424585,-0.0020171417854726315,0.04341130331158638,0.04337003082036972,-0.0006687660934403539,0.004836908541619778,0.04227698966860771,0.0445685014128685,-257.6191905013849,35833.871330153335,0.0010742776794359088,-336.3369489598046,35819.71364816459,0.0010624303249642253,0.05990277975797653,0.01017221249639988,30968.93766398377,17926.355309695187
0.41832346106484364,-0.017090952456478598,-0.007070791370905577,0.3634237195198357,0.5074793696525839,-0.3996259258664832,-0.37041782227514075,0.0,-157.29431490612416,-128.05541063379337,-142.67486276995876,29.238904272330785,-24.246466159820557,-24.27065134048462,-24.258558750152588,-0.0241851806640625,-0.004580095410346985,0.001534078037366271,0.04349754750728607,0.04296587407588959,-0.0026496127247810364,0.0040715280920267105,0.04193536937236786,0.04425349086523056,-287.0347270985727,35838.070812232254,0.0010503589874133468,-308.82581891751875,35828.1205445524,0.001071874052286148,0.06018364429473877,0.01020797062665224,30727.789193305518,18314.371119125855
0.9600942157950372,0.6269045085287998,0.7153562495854667,0.26651958350337374,-0.2249337465064629,-0.08609582890857648,0.21362966901439606,0.0,-151.33403543013793,-126.12604414168976,-138.73003978591385,25.20799128844817,-24.06160831451416,-24.138574600219727,-24.100091457366943,-0.0769662857055664,0.004407475236803293,-0.0023257527500391006,0.04399833828210831,0.04432051256299019,-0.00014725641813129187,0.004919061902910471,0.042754609137773514,0.04476464167237282,-298.12550008718875,35849.87740229037,0.0010798376752063632,-275.7298193296929,35830.10355257844,0.0010791283566504717,0.061608605086803436,0.010247062891721725,30722.5065465296,18520.09967312052
0.44036959837177114,0.3966248670294537,-0.07943367177320906,-0.03310063414226472,0.4790922473055269,0.47881587701971917,0.0259897849042241,-0.3664222805113926,-159.0406050702381,-128.04936037826127,-143.54498272424968,30.991244691976817,-24.97051477432251,-25.02701997756958,-24.998767375946045,-0.05650520324707031,0.0013972132001072168,-0.004227383993566036,0.03865019977092743,0.04086757078766823,0.0044489228166639805,-0.0005103728617541492,0.04016800969839096,0.03884768858551979,-348.3916916186885,35826.44258501737,0.001038536080159247,-386.6879048639183,35817.77628787845,0.0010860853362828493,0.05542517825961113,0.007626332808285952,30518.902328740307,19084.32746909273
-0.012375993547464215,0.036279254567446205,0.14095703594055453,0.24720071131407836,0.13949660964768315,0.00024478477765255136,-0.009937135614115689,0.0,-153.85142077893778,-131.75026339247165,-142.80084208570472,22.101157386466127,-24.952638149261475,-24.915337562561035,-24.933987855911255,0.03730058670043945,0.0034352706279605627,0.0028494768775999546,0.04074253514409065,0.038949672132730484,0.004462864715605974,-0.0007593086920678616,0.04058203473687172,0.039460524916648865,-310.5638111835144,35848.21971873115,0.0010716484393924475,-224.03936026680415,35842.20106512091,0.0010620140237733722,0.05645525082945824,0.00831079576164484,30761.67898528373,18491.552442377233
0.012640802624133474,0.016317118385219764,-0.2729058010004054,-0.5874989009613936,-0.6517499743956663,-0.5514096056970725,0.30704863012155237,-0.009268412645130113,-155.64484787011224,-126.36632302239718,-141.0055854462547,29.27852484771506,-24.726076126098633,-24.6582293510437,-24.692152738571167,0.06784677505493164,-0.0034048259258270264,-0.0030825280118733644,0.04175673425197601,0.040042944252491,0.004492964595556259,0.0011645765043795109,0.042393069714307785,0.040030915290117264,-212.97485665155804,35823.28719975029,0.0010630546603351831,-239.59960191664197,35821.77342561605,0.001063065486960113,0.057721786201000214,0.00853950995951891,30761.384987377154,18359.66167464526
0.1036203725500878,-0.01902566555129967,0.036815305470061815,0.22921706004535602,0.2520912273834416,0.055167905961362784,-0.15844274244705292,0.0,-158.19789799238674,-132.11674279351115,-145.15732039294895,26.081155198875592,-24.458749294281006,-24.487528800964355,-24.47313904762268,-0.02877950668334961,-0.0022866488434374332,0.004118684213608503,0.04104149341583252,0.04330587014555931,-0.004501470364630222,-0.0014274995774030685,0.04324807971715927,0.04081225022673607,-170.96470077877754,35840.1445584377,0.0010318751446902752,-314.7231363118289,35838.22863841308,0.0010580535745248199,0.05885658413171768,0.007914841175079346,30733.126368053385,19348.07548551379
0.8013452910506337,1.0,0.5897942531535345,0.20311971047723,-0.31949958481439267,-0.34536855736048083,-0.2121327524218964,-0.9272552723897093,-153.85242078932941,-126.2816934655201,-140.06705712742476,27.570727323809308,-24.660861492156982,-24.594855308532715,-24.62785840034485,0.06600618362426758,-0.0045453645288944244,-0.0010403837077319622,0.04235103353857994,0.04004700109362602,0.0011136801913380623,0.004542114213109016,0.04109473153948784,0.04196224734187126,-240.11839196962381,35820.2090244704,0.0010843396885320544,-244.99768210018527,35816.084454474854,0.001066496828570962,0.05803072452545166,0.00826422218233347,30754.09170366236,18032.323628196
0.9800724074467337,0.7049972001025967,0.06284670985199367,-0.24538273073930053,0.5118565695718023,0.3206426662462092,-0.6857294221216212,-0.6492006371734588,-156.91868841928238,-125.78999959026388,-141.3543440047731,31.1286888290185,-24.73752737045288,-24.869980812072754,-24.803754091262817,-0.13245344161987305,-0.003052297979593277,0.0033970873337239027,0.040016598999500275,0.04167857766151428,-0.0040484583005309105,-0.0020015351474285126,0.04138387739658356,0.03905584663152695,-246.9950525642433,35838.33053366241,0.001044454867951572,-337.53430671447416,35831.392122655336,0.00104607327375561,0.056796520948410034,0.00794775877147913,30962.389428780418,18820.70862010901
-0.0500958068961345,-0.014843545625878397,0.4705768738018148,0.6905973510616342,-0.09364684081316489,-0.24591743376357694,0.042816576850539745,0.0,-155.32814857966935,-129.81595894819438,-142.57205376393188,25.512189631474968,-24.91511344909668,-24.914495944976807,-24.914804697036743,0.0006175041198730469,-0.0008745946106500924,-0.00441715307533741,0.03950191289186478,0.0405464805662632,0.004154495429247618,0.0017486501019448042,0.04118272289633751,0.03884352743625641,-362.7976016523364,35819.22048270915,0.0010661173146218061,-256.2801000146511,35831.096084598765,0.001060164999216795,0.05679021775722504,0.0073805614374578,30763.322429301472,17857.64242115938
0.01985823955817201,-0.033516083498924765,-0.3056740917695955,-0.5368948065324242,-0.5142726948771734,-0.5708420142813988,-0.7704894604300808,0.0,-153.12255998545157,-123.47889349844013,-138.30072674194585,29.643666487011444,-24.50411081314087,-24.418470859527588,-24.46129083633423,0.08563995361328125,-0.00371998967602849,-0.002896491438150406,0.04294297844171524,0.0409688875079155,0.004752999171614647,0.00027898786356672645,0.043387964367866516,0.04135441407561302,-267.5001778165461,35849.04505910174,0.001063565374352038,-230.96004371425158,35844.3178117094,0.0010565567063167691,0.059127576649188995,0.008749538101255894,30761.247739844424,18224.021609191328
0.018403539509655936,0.0,0.009305350044916949,0.21721529656606894,0.2669271676095554,0.09110734325202563,-0.11115407621996931,0.0,-158.50752878250626,-132.94925293552637,-145.72839085901632,25.558275846979882,-24.792134761810303,-24.82433795928955,-24.808236360549927,-0.03220319747924805,0.004131085239350796,0.0019457531161606312,0.04171736165881157,0.03944772854447365,-0.004498536232858896,0.0006023483583703637,0.04109887778759003,0.03978804871439934,-296.7417867419714,35815.823256902106,0.0010406088549643755,-223.9735081304932,35827.536639095364,0.0010650664335116744,0.0569898784160614,0.007905733771622181,30756.678776917124,17963.49621912157
0.6591047952555588,0.9234100418490035,0.868828028059825,-0.14031519656999925,-0.222314904960663,0.08244520572167491,-0.041143388953191806,-0.7383190704385973,-153.43863285055903,-125.37586083884315,-139.4072468447011,28.06277201171588,-25.061194896697998,-25.129432678222656,-25.095313787460327,-0.0682377815246582,0.0033611860126256943,0.0029104831628501415,0.04021347686648369,0.0384855791926384,0.003649121383205056,-0.002483370713889599,0.0386359840631485,0.03946138918399811,-282.2817739974923,35836.80587134617,0.0010783909820020199,-262.89092935917097,35841.95855916186,0.001087015843950212,0.05594734102487564,0.008291486650705338,30761.824247517336,18351.166304464987
0.3228493174428866,0.12980207275037664,-0.12606824571632833,0.025775443291738837,0.2838005641376813,0.23542274842615452,-0.04311379432055362,0.0,-159.90337701092233,-129.85882603871028,-144.8811015248163,30.04455097221205,-24.977688789367676,-24.95957612991333,-24.968632459640503,0.018112659454345703,0.0034743137657642365,-0.002758161863312125,0.03922656178474426,0.04025125131011009,-0.004262612201273441,0.0013794072438031435,0.04007786139845848,0.03956693038344383,-191.25446829173904,35825.13086437151,0.0010610823519527912,-317.24147877185237,35809.15397329245,0.0010309404460713267,0.054993636906147,0.008131938055157661,30946.42992546897,18334.301122304074
0.076582180127811,-0.043193936504760305,0.7576418333890599,0.699205577477208,-0.15594894418719424,-0.635165460497744,0.13223993893796604,-0.016298367114376267,-153.9060844239009,-127.83359378000267,-140.86983910195178,26.07249064389822,-24.923100471496582,-24.94041681289673,-24.931758642196655,-0.017316341400146484,0.00321482983417809,-0.0031797471456229687,0.03922701254487038,0.04073777049779892,0.0002739778719842434,0.004487902857363224,0.03913261741399765,0.0406741239130497,-235.4170657909648,35836.127539351204,0.0010668577160686255,-265.9485583091237,35849.917868943216,0.0010655320947989821,0.05584147945046425,0.007927666418254375,30951.114749918223,18333.630696863762
0.013373723272778193,-0.40975960915140397,-0.6974878542485672,-0.9251560619873102,-0.7173317286301641,-0.6513085543979129,0.04084995386930187,-0.0107448032590029,-154.1708211379223,-126.57466760567945,-140.37274437180088,27.59615353224285,-24.724886417388916,-24.701743125915527,-24.71331477165222,0.023143291473388672,-0.0034124539233744144,-0.003070811741054058,0.04176031053066254,0.040050994604825974,0.0009202341898344457,-0.004529216792434454,0.03986385464668274,0.04214965179562569,-247.21458140369128,35828.9435588929,0.0010644573485478759,-239.71034075549693,35829.535618376,0.0010845598299056292,0.05798892676830292,0.008598430082201958,30761.943588458187,18540.561944416902
-0.02683677238906533,0.008617478752029648,0.026785213392404666,0.24162181283800244,0.28127500265216027,0.1337989821707818,0.08242853016470453,0.0,-157.62084561731874,-130.95294306100615,-144.28689433916244,26.667902556312583,-24.526817798614502,-24.532694816589355,-24.52975630760193,-0.005877017974853516,0.0015908569330349565,-0.004427134059369564,0.040660273283720016,0.04302212968468666,-0.0013074628077447414,-0.00450761616230011,0.041487134993076324,0.042170047760009766,-209.68905751014793,35828.4474599026,0.001058422145433724,-242.4765964031273,35835.23488461543,0.001052903477102518,0.058357588946819305,0.007899424061179161,30503.195808718967,18835.075941889972
0.7292902899677702,0.8668364305737427,0.8933271059628505,0.2064876161773489,-0.18598668716604888,-0.296385171754142,-0.5270347081398519,-1.0,-152.011100451618,-125.7815782531361,-138.89633935237705,26.229522198481902,-24.293057918548584,-24.258403778076172,-24.275730848312378,0.03465414047241211,0.004580211825668812,0.0015750877792015672,0.0442236103117466,0.04173858091235161,-0.0025679722893983126,-0.004116046242415905,0.04351281747221947,0.042827654629945755,-184.5533718964845,35831.6442601971,0.0010766019113361835,-187.03168490838166,35820.44928498847,0.0010828091762959957,0.06077279523015022,0.008621670305728912,30756.45369046272,17996.579844352607
0.11905430189476011,0.004733543182022729,-0.1204495939193033,0.08938933285723347,0.21005634232827453,0.16755950174475143,-0.029578312261547057,0.0,-157.79027452960418,-128.7631020273354,-143.2766882784698,29.02717250226877,-24.133026599884033,-24.136533737182617,-24.134780168533325,-0.0035071372985839844,-0.004714212380349636,-0.0013096361653879285,0.04501151666045189,0.04255586490035057,0.004773389548063278,-0.0011858514044433832,0.04423435404896736,0.04332426190376282,-153.78260132408104,35840.96348548512,0.001055424683727324,-203.45748789886352,35823.76711513825,0.001041204552166164,0.06133858114480972,0.008648245595395565,30753.513601243903,18085.653379492247
0.7056315656199801,0.6388418326215237,0.963820439880337,0.8903733226641211,0.24892559891396224,-0.5655076079194771,-0.4171463860269814,-0.7394509940056955,-156.02372325005416,-128.95424386496367,-142.4889835575089,27.06947938509049,-24.029433727264404,-24.096150398254395,-24.0627920627594,-0.06671667098999023,0.0038557257503271103,-0.003147892653942108,0.04370032995939255,0.04494094103574753,-0.0011256108991801739,-0.0048163472674787045,0.04349631443619728,0.04446917027235031,-214.81638502212303,35836.79699939464,0.001060271984897554,-232.62738274636956,35817.892164303164,0.0010552896419540048,0.061757754534482956,0.00923257414251566,30953.787778857833,18102.975159637306
0.9471447277311515,0.4439004207858033,0.08879247435157109,-0.23370557968532937,0.07046394741535827,0.07751829367800339,-0.5416330553447243,-0.6629389938250132,-154.78256138847047,-125.95756161984986,-140.37006150416016,28.824999768620614,-24.120700359344482,-24.16069269180298,-24.14069652557373,-0.039992332458496094,0.0030045006424188614,0.0039018995594233274,0.04440333694219589,0.04331332445144653,-0.004629955627024174,0.0016327225603163242,0.043873753398656845,0.043444812297821045,-195.54404166181337,35845.01368404813,0.0010531831067055464,-171.6905459807083,35838.56795899214,0.0010821956675499678,0.06201106682419777,0.008843669667840004,30763.33229905236,18234.494193331702
-0.010803443554634758,0.0,0.05594022450777576,0.289353922115019,0.34627555617784744,0.1450126395312396,0.10871284033951356,0.0,-155.58634749744414,-129.37381152191648,-142.4800795096803,26.212535975527658,-24.642727375030518,-24.695422649383545,-24.66907501220703,-0.052695274353027344,-0.002709304913878441,-0.0037544004153460264,0.041745468974113464,0.040857087820768356,0.00459017138928175,-0.0005046537844464183,0.04175460711121559,0.04033910110592842,-227.4486240193407,35858.73592208796,0.0010842898627743125,-202.667511042833,35825.3421468028,0.0010593836195766926,0.05813789367675781,0.008329780772328377,30763.575780689855,18177.229396267147
0.8534470252769745,0.9160652611043053,0.9310541644177354,0.283312444769273,-0.0943722646321718,-0.22019710229546086,-0.48756728851275677,-1.0,-155.25546098198637,-127.98955214367459,-141.6225065628305,27.265908838311788,-24.613072872161865,-24.66287136077881,-24.637972116470337,-0.04979848861694336,-0.00017825092072598636,-0.00467618927359581,0.04060228168964386,0.04226703941822052,0.003763441927731037,0.002726340666413307,0.042239461094141006,0.04014679044485092,-235.56096127723205,35831.18275759444,0.0010607893345877528,-184.89072197853503,35839.78652274007,0.0010949078714475036,0.05873941630125046,0.00765099935233593,30759.79739758654,17852.813548901537
0.020241257239112034,0.0,-0.02973597374057936,0.0564314203362854,0.1622238065151505,0.12510631610904566,0.002967139404000063,0.0,-157.61600815904595,-129.46258903439178,-143.53929859671888,28.153419124654164,-24.510176181793213,-24.385907649993896,-24.448041915893555,0.1242685317993164,0.0012717376230284572,-0.004509571939706802,0.040756434202194214,0.043090470135211945,-0.0003026265185326338,-0.004787073470652103,0.041717033833265305,0.0433504581451416,-178.29372999807774,35837.61243956738,0.0010531926527619362,-229.64312986910605,35820.9983208127,0.0010269246995449066,0.05838557332754135,0.008120936341583729,30505.427574896356,19659.520767579586
0.7451210212346406,0.5675215935830021,0.9416326013620279,0.841044336816586,0.21091517437582363,-0.5785581748285487,-0.23958685129889934,-0.36334001399159643,-156.53370166114053,-129.14875901221063,-142.84123033667558,27.384942648929893,-24.02858257293701,-24.00465488433838,-24.016618728637695,0.023927688598632812,0.004978520795702934,0.0005561171565204859,0.04543405771255493,0.04319269582629204,0.003229296999052167,0.0038101663812994957,0.04513747990131378,0.043754659593105316,-173.56327790904945,35816.472690671166,0.0010493384907022119,-187.61603116972285,35824.415332701115,0.0010487422114238143,0.06217888742685318,0.009293809533119202,30751.042999248562,18160.189867722736
0.47536964437238727,0.1916639559256629,-0.10885502421416905,-0.02633406546157896,0.2596405671417636,0.31241347625693916,-0.10229629129861595,0.0,-155.05019076601968,-128.83762950436085,-141.94391013519027,26.212561261658834,-23.908424377441406,-23.951990604400635,-23.93020749092102,-0.043566226959228516,0.004791397601366043,0.0015320153906941414,0.04619861766695976,0.04366109520196915,-0.004408319480717182,0.002484864555299282,0.04447018727660179,0.04496799036860466,-260.82667116909045,35835.66222832232,0.001045389799401164,-202.74833851264108,35832.24182165336,0.0010741861769929528,0.06356076151132584,0.008853893727064133,30754.198074923148,18038.583296061624
0.02031674910799864,-0.0033678460613156907,0.16056874610973804,0.36370303723083997,0.30462218601921764,0.1111349188077213,0.13887888242410873,0.0,-154.61765130631693,-128.00392049905213,-141.31078590268453,26.6137308072648,-23.99951934814453,-24.019041061401367,-24.00928020477295,-0.019521713256835938,0.004884130321443081,0.0009899738943204284,0.04568333178758621,0.043240148574113846,0.004037882201373577,-0.002932270523160696,0.0438569076359272,0.044892363250255585,-197.24273902225517,35832.14689707174,0.0010779816657304764,-218.42077157128526,35820.32512591682,0.0010414005955681205,0.062196191400289536,0.008855221793055534,30752.841612860295,18087.008693237218
0.8323848931352267,0.9049738312956511,0.8367133359817847,0.28388583984553384,-0.08639901916457687,-0.222092844388116,-0.508534173403747,-1.0,-154.53680374552735,-126.99784808822642,-140.76732591687687,27.53895565730093,-24.189155101776123,-24.196157455444336,-24.19265627861023,-0.007002353668212891,0.0020600364077836275,-0.004422948695719242,0.04226149618625641,0.04473879188299179,-0.0019046628149226308,-0.004502112977206707,0.04342002421617508,0.04354381933808327,-241.96827929439016,35843.44749048711,0.0010726941982284188,-169.3244200189104,35848.94022115486,0.0010870244586840272,0.061052873730659485,0.008143572136759758,30731.181880488934,19494.222242060914
0.06576012084115325,-0.020169246649196032,-0.04996071478714886,0.10600589410668182,0.1526022629615239,0.01477003875324201,-0.06603282350055173,0.0,-155.10884652923033,-126.53107166542188,-140.8199590973261,28.577774863808457,-24.054362773895264,-24.00702476501465,-24.030693769454956,0.047338008880615234,-0.004761440679430962,0.0013810144737362862,0.044547829777002335,0.04384588077664375,0.004917767830193043,0.0008105206652544439,0.04562658444046974,0.04322049766778946,-216.87634281106867,35812.345717573815,0.001038699527271092,-219.17345867079123,35826.21517161192,0.0010343464091420174,0.06135924160480499,0.010373992845416069,30730.168044678903,18252.279584148633
-0.09532751169214933,-0.012092525457191763,0.5936784264800424,0.6608490343735833,0.27023457139742135,-0.008706931116826688,0.096658588512049,0.0,-152.833530724483,-128.78554106725778,-140.8095358958704,24.04798965722523,-23.901097774505615,-23.961737155914307,-23.93141746520996,-0.060639381408691406,-0.003314004745334387,-0.00381815480068326,0.04567776620388031,0.04428040608763695,-0.0008159511489793658,-0.004984694067388773,0.04403157904744148,0.04529909789562225,-159.324760106799,35826.840048771366,0.0010666559683158994,-240.46437475386583,35841.222747481894,0.0010854570427909493,0.06355231255292892,0.009238790720701218,30763.62970300007,18258.585971311168
0.8937722632970238,0.5034872348955625,-0.1051140868306149,0.01000303319974638,0.4916290964200354,0.4793376619082984,-0.20250720258612687,-0.07208304189696757,-159.30965028882923,-130.52427064674316,-144.9169604677862,28.78537964208607,-23.972232341766357,-23.982505798339844,-23.9773690700531,-0.010273456573486328,0.0033177423756569624,0.003721843007951975,0.04532202333211899,0.04390513524413109,-0.004673706367611885,0.0018270548898726702,0.04469263181090355,0.04443566873669624,-245.12869026153396,35828.92569381334,0.0010544006945565343,-212.67747683045707,35846.71868364381,0.0010777499992400408,0.06302621960639954,0.009251326322555542,30762.244157618697,18402.280935285882
0.010930275185038047,-0.06368607193118507,0.27826210038906385,0.44595099672528304,0.24288561260112346,0.0742032734957131,0.1673905114726495,0.0,-154.92728243499414,-128.16785910867145,-141.5475707718328,26.75942332632269,-24.522767066955566,-24.67329502105713,-24.598031044006348,-0.1505279541015625,0.0034308757167309523,-0.0032607638277113438,0.041122205555438995,0.04261621832847595,0.002655432792380452,-0.0037893762346357107,0.04008166491985321,0.042206525802612305,-233.89058213996296,35820.61135169524,0.0010762357851490378,-201.0915527158005,35838.25096413589,0.0010558287613093853,0.05813028663396835,0.008380589075386524,30954.26862826469,18343.67444661148
0.9637317502160534,0.942564475074622,0.8186364304437949,0.4056425520507464,-0.06335047469319893,-0.20618870169267162,-0.49464684738760323,-1.0,-155.36301989891047,-123.20171986874055,-139.2823698838255,32.16130003016991,-24.99584436416626,-25.307278633117676,-25.151561498641968,-0.311434268951416,0.004403802566230297,-0.0007264231098815799,0.040212374180555344,0.039094116538763046,-0.004111940972507,0.0012696115300059319,0.0385315865278244,0.03798769414424896,-320.8715525965579,35837.15269690075,0.0010589825687929988,-258.1179849149689,35855.2919221865,0.001105540432035923,0.05567437410354614,0.009416010230779648,30736.607563903483,19012.902175776875
0.03117562618355215,-0.0194195555717336,-0.053502515969404835,0.08183375735527526,0.20126395767964395,0.054568508925093906,-0.025490297265190143,0.0,-158.91521043166483,-132.3791657567781,-145.64718809422146,26.53604467488674,-25.04227876663208,-24.863381385803223,-24.95283007621765,0.17889738082885742,0.004434254951775074,8.234701817855239e-05,0.04030570015311241,0.03856712207198143,-0.004511479288339615,0.00026880414225161076,0.041043348610401154,0.039476003497838974,-199.00103249645554,35807.12799477186,0.0010549421422183514,-257.2851483558547,35812.76203351059,0.0010337111307308078,0.05481690540909767,0.008608990348875523,30744.08106318344,18400.5013454431
0.8934259906028663,0.9024984211563805,1.0,0.5645062086834723,0.029728091158480685,-0.2342402898069535,-0.5006753363991774,-1.0,-153.83636568797175,-126.63761464952398,-140.23699016874787,27.198751038447767,-24.143812656402588,-24.06679630279541,-24.105304479599,0.07701635360717773,-0.001862331060692668,0.004548558034002781,0.042470477521419525,0.04498334601521492,0.0014030311722308397,-0.004749685525894165,0.04282980039715767,0.04540253058075905,-131.9948725183449,35827.429756066565,0.0010471100686118007,-231.72076519716205,35851.15037610507,0.0010892261052504182,0.06119946762919426,0.008109815418720245,30744.673803277252,19018.59144208038
-0.37645858343539473,-0.4809867292598544,-0.9850430255725244,-0.7465280586780415,-0.36913199462589075,0.7886009119538542,0.7250088195107297,0.9793691742347157,-156.26721278897844,-128.87554061397776,-142.5713767014781,27.39167217500068,-23.92183542251587,-23.978276252746582,-23.950055837631226,-0.05644083023071289,-0.003656630404293537,-0.0034301290288567543,0.04576253890991211,0.04397755116224289,-0.0036978479474782944,0.003398449160158634,0.04379398748278618,0.045364055782556534,-236.213776216753,35819.61417289611,0.0010488976258784533,-246.96122222648833,35842.20754658882,0.0010482447687536478,0.06370971351861954,0.009377152658998966,30761.54685819187,18321.7012950199
0.004769032627492467,-0.09178824452801665,0.5197296828832285,0.6257815479388346,0.30408126674772545,0.0314797149806732,0.17392913294949064,0.0,-153.6583565391519,-127.39401106607005,-140.52618380261097,26.264345473081846,-24.25178289413452,-24.335448741912842,-24.29361581802368,-0.08366584777832031,0.00204992713406682,0.004408916458487511,0.043210916221141815,0.04319731146097183,-0.003558749333024025,-0.0032390831038355827,0.04370198771357536,0.04185844585299492,-208.21074385022848,35825.21575974184,0.0010696306126192212,-265.6423829696641,35839.357205323206,0.0010447688400745392,0.06062798574566841,0.008147546090185642,30764.545541096017,17937.957050668676
0.9560728835321188,0.9057896183334586,0.6571267536268737,0.303638597306148,-0.05047240634818967,-0.1744347854761722,-0.5380995029051117,-1.0,-152.8017762277223,-123.386714759433,-138.09424549357766,29.41506146828931,-24.902777671813965,-24.985229969024658,-24.94400382041931,-0.08245229721069336,-0.00433161249384284,0.0012015288230031729,0.04044320434331894,0.03972414880990982,0.003245151834562421,-0.003075544722378254,0.03897234424948692,0.04042544960975647,-367.29477738908196,35829.771071917654,0.0010368438670411706,-249.4763082052862,35844.551746699246,0.0010920014465227723,0.05614038184285164,0.009547137655317783,30733.650818314192,18571.384561134997
-0.02767844252078325,0.011103109342145204,-0.04451662484554611,0.06442830148243955,0.2862394976794503,0.13898256816107168,-0.02402723090522807,0.0,-152.88569557059907,-130.4423729961129,-141.664034283356,22.44332257448616,-25.245802402496338,-25.21132469177246,-25.2285635471344,0.03447771072387695,-0.0028432966209948063,0.0032599815167486668,0.037691615521907806,0.03935607150197029,0.0029769684188067913,0.003157137893140316,0.03937583789229393,0.0379842109978199,-241.90876563646717,35829.50877216091,0.0010847290977835655,-261.53329364182997,35804.16228934815,0.001028089551255107,0.053648099303245544,0.007643936201930046,30960.19557107324,18607.449759621406
0.8716009847840237,0.9374948893168036,0.9664577450673805,0.503701561239968,0.07133424432719643,-0.002882246782693554,-0.4750894250892177,-1.0,-154.55650015789308,-127.089175341812,-140.82283774985254,27.46732481608109,-25.183169841766357,-25.203332901000977,-25.193251371383667,-0.02016305923461914,-0.0012506817001849413,-0.004177754744887352,0.03849245607852936,0.03912787511944771,-0.0027615297585725784,0.0033525009639561176,0.037801116704940796,0.03962128236889839,-216.7013140371536,35836.072194136665,0.0010523274540901184,-389.88807814178875,35855.781959489745,0.0010949644492939115,0.054743245244026184,0.0070076584815979,30765.637414695266,17864.402923631682
0.18785840104325363,0.16051297688179525,-0.12945821295536453,-0.01919960670520099,0.15713923897612875,0.08872783154680808,-0.02401338268477904,0.0,-159.89833221686018,-130.92962002371172,-145.41397612028595,28.968712193148463,-25.02654790878296,-25.027527809143066,-25.027037858963013,-0.0009799003601074219,0.004124955739825964,0.0015783109702169895,0.040612027049064636,0.03839482367038727,-0.0015446688048541546,-0.004167995415627956,0.03935497626662254,0.039670199155807495,-305.6648892033734,35815.35148219482,0.0010638621170073748,-308.3495239257849,35825.67567648286,0.0010506866965442896,0.05572386831045151,0.007787615992128849,30754.162329769206,18054.664423419275
-0.42437325076277765,-0.503984642348472,0.27643286978496395,0.6118748012211795,0.33142616449588636,-0.015129175558506569,0.08799343304463492,0.0,-149.9801081510115,-126.50891028569379,-138.24450921835265,23.47119786531772,-25.291061401367188,-25.315749645233154,-25.30340552330017,-0.024688243865966797,-0.0029077024664729834,-0.0031838694121688604,0.038978490978479385,0.03767460212111473,0.0039743538945913315,0.0016955198952928185,0.039328351616859436,0.03708283603191376,-313.411421270664,35828.630409826605,0.0010689063929021358,-317.0979492226785,35836.90837638325,0.0010594007326290011,0.0538896881043911,0.007841881364583969,30763.69941750533,18167.05923119945
0.9529837742762004,0.9066274351852914,0.5625886820770475,0.2672488300839251,-0.024922531481439802,-0.1142027267330194,-0.560641333161376,-1.0,-155.92476539020117,-125.35339503114835,-140.63908021067476,30.57137035905282,-25.2347469329834,-25.28022527694702,-25.25748610496521,-0.04547834396362305,-0.00422398466616869,-0.0008726957021281123,0.039620593190193176,0.03751653432846069,0.0011680135503411293,-0.004146648105233908,0.03725069388747215,0.03947790339589119,-406.028720329915,35834.86446683908,0.0010279366979375482,-344.774826041407,35834.11035111779,0.0010806547943502665,0.05459943413734436,0.008004788309335709,30751.543278801717,18108.904174444928
-0.0374740327137964,0.008126405456495183,0.01273046698782293,0.12556793884101153,0.3182047268294701,0.1562506702962565,0.019797419310157105,0.0,-156.98284077483663,-133.4239392944056,-145.20339003462112,23.558901480431018,-25.234057903289795,-25.199127197265625,-25.21659255027771,0.03493070602416992,0.004301486536860466,-0.000537655025254935,0.03921164944767952,0.03794753924012184,-8.048879681155086e-05,0.0043497877195477486,0.03785435110330582,0.03960656374692917,-229.08254901037338,35839.26222465567,0.0010871841805055737,-292.644565216819,35809.13670348354,0.0010360699379816651,0.0534927174448967,0.008812526240944862,30742.183171385695,18704.220379968
0.862128564875088,0.9181540116033308,0.9035189954348599,0.4924951771545875,0.02492591868851579,-0.13684848371650138,-0.46964872217002657,-1.0,-155.03675146644036,-126.79470645427796,-140.91572896035916,28.242045012162407,-25.020344257354736,-25.01924753189087,-25.019795894622803,0.0010967254638671875,0.003962972201406956,0.0020060641691088676,0.04064039885997772,0.03842039778828621,0.002391685266047716,-0.0037519207689911127,0.03847094625234604,0.040601521730422974,-234.96066763003745,35843.83100297025,0.0010636140359565616,-385.310888517099,35850.39190274488,0.0010928408009931445,0.05575631558895111,0.007916439324617386,30758.341287030966,17970.483644090957
0.2689720133711802,0.17931386516249054,-0.15097978340833665,0.07381155417118246,0.13150459639342194,-0.03959654993888162,-0.1253892242126573,0.0,-155.36671625187245,-128.0328813092193,-141.69979878054588,27.33383494265314,-25.25766134262085,-25.328233242034912,-25.29294729232788,-0.0705718994140625,0.0018832972273230553,0.003864139085635543,0.03853698819875717,0.03842581436038017,-0.003583078272640705,-0.0023630857467651367,0.03916889801621437,0.037141088396310806,-392.1162986238059,35816.33258077453,0.0010544393444433808,-386.01609698675014,35829.770716076535,0.0010460370685905218,0.054676249623298645,0.0074792285449802876,30763.55232884459,18010.96611204634
0.06417762464053775,-0.2904531893359969,0.7321121322202105,0.924784741511192,0.1336108554327427,-0.34786291739788766,0.1315581669245114,-0.11174399257189283,-149.8751758772982,-124.7551652320708,-137.3151705546845,25.12001064522741,-25.529921054840088,-25.546562671661377,-25.538241863250732,-0.016641616821289062,-0.002672922797501087,-0.0032752850092947483,0.037832554429769516,0.03674040734767914,-0.003594751236960292,0.0021401061676442623,0.03697476536035538,0.03746586665511131,-355.3775717035213,35816.607134345846,0.0010684444569051266,-397.8853531342302,35849.39246375063,0.001079720095731318,0.052319541573524475,0.007495567202568054,30763.894716166607,18085.668748404638
0.9460285702941035,0.8048023899975432,0.2524729584836068,-0.07010655963461274,-0.02154691482679083,-0.10024893850028221,-0.7016828628318696,-1.0,-159.1853307914079,-129.2326352677038,-144.20898302955584,29.95269552370408,-25.788331031799316,-25.814826488494873,-25.801578760147095,-0.02649545669555664,0.0038538204971700907,0.0012228803243488073,0.03720254451036453,0.03517056256532669,0.00404629111289978,-0.00038449050043709576,0.03672787547111511,0.0354379303753376,-462.11591178457957,35832.89460275547,0.00104254181496799,-364.65295374035446,35837.19043835485,0.001099677407182753,0.05120300129055977,0.007246618624776602,30753.14778927241,18073.039347889513
-0.020948815050227783,0.06273674182193532,0.14208839213204635,0.2515916371213033,0.4120686841202702,0.1729340679540095,0.07388900774883933,0.0,-149.0527332911775,-126.18349746224288,-137.6181153767102,22.86923582893462,-25.809731483459473,-25.79298973083496,-25.801360607147217,0.01674175262451172,-0.0028916499577462673,0.002853653859347105,0.03543037548661232,0.036777228116989136,-0.001589848194271326,0.0037379751447588205,0.03510580211877823,0.037223637104034424,-362.76434120478564,35839.5521024404,0.001106821815483272,-379.77696816153525,35808.875571676275,0.0010340095032006502,0.050223156809806824,0.007651531137526035,30962.801782800023,18127.02274462712
0.9336807501770853,0.9542949864499543,0.9440521677631397,0.4202059652779827,0.028557862502698872,-0.11104532523862432,-0.4529275865126048,-1.0,-153.61248997032618,-124.04368257726162,-138.8280862737939,29.56880739306456,-25.570228099822998,-25.534820556640625,-25.55252432823181,0.03540754318237305,0.00022684139548800886,-0.004185047000646591,0.0362321212887764,0.037984754890203476,-0.0041792262345552444,0.000576585647650063,0.03784188628196716,0.03668881952762604,-321.0418643574805,35825.42849307061,0.0010642854031175375,-446.0809761370208,35846.43881769149,0.0011098627001047134,0.05210650712251663,0.0069385734386742115,30757.811741562065,17901.67833957693
0.04971733664545637,-0.019862089292550043,-0.04438193668347212,0.12057073594505985,0.16051985056043533,0.02403868894118233,-0.01692043032276125,0.0,-157.68182348842214,-133.0188390138373,-145.35033125112972,24.662984474584846,-25.074150562286377,-24.978768825531006,-25.02645969390869,0.0953817367553711,0.0006194246234372258,0.004345097579061985,0.03868802264332771,0.039908863604068756,-0.00429751630872488,-0.001256217248737812,0.04086150601506233,0.03857545182108879,-384.6849864888397,35815.29239261439,0.0010577563662081957,-355.57372503849547,35818.93140808662,0.001035271561704576,0.05549445003271103,0.007415839936584234,30761.727854642962,17884.009461609436
0.6394560516975584,0.6009261941779043,0.9525356000967878,0.6958077816654844,0.1860197375932466,-0.06781231430108875,-0.18463092053989494,-1.0,-150.77090957212695,-124.4626804575986,-137.61679501486276,26.30822911452836,-24.57862377166748,-24.559738636016846,-24.569181203842163,0.018885135650634766,-0.004154691472649574,0.00215319124981761,0.04147999733686447,0.0417371429502964,7.233896758407354e-05,0.004695808980613947,0.040798649191856384,0.04258023202419281,-313.74072133067193,35822.23855006598,0.0010653644567355514,-304.24342232862756,35842.11969777763,0.001081285416148603,0.05752738192677498,0.009740128181874752,30726.734882317854,19033.785758778875
0.9538607946128839,0.8592792359863684,-0.08681110540582768,-0.06140181954979565,0.34624478415279597,0.32097724874475586,-0.6014401201033024,-0.4492455495232236,-156.1303872206504,-127.96154424060211,-142.04596573062625,28.168842980048282,-25.08579730987549,-25.296790599822998,-25.191293954849243,-0.21099328994750977,0.004318044520914555,0.0007326634367927909,0.040273234248161316,0.03820081800222397,0.002268115058541298,0.003688686527311802,0.03860187903046608,0.038007039576768875,-388.8237393724174,35838.661317100734,0.001045636017806828,-336.9648101066579,35849.64232287004,0.0010953237069770694,0.05553937703371048,0.008072830736637115,30750.80594100146,18138.959338156183
0.0,0.03888230157163637,0.1700370144736437,0.26857471665711186,0.2530898120334901,0.0670532582017549,0.06912233667913226,0.0,-155.9964351564421,-131.96009474396396,-143.97826495020303,24.036340412478125,-25.519590377807617,-25.48206090927124,-25.50082564353943,0.03752946853637695,-0.00157577870413661,0.0039109596982598305,0.03624612092971802,0.0383945107460022,-0.0006986684165894985,0.0041756401769816875,0.036481987684965134,0.03848622739315033,-296.18955487360466,35809.36081685567,0.001088557648472488,-337.40851632828486,35807.87231282662,0.001040398608893156,0.052025627344846725,0.007004675455391407,30738.6821007079,19824.60908649067
0.9848405407791615,0.9619384859286231,0.8073130097073072,0.4124615535677054,0.10023188500692504,-0.17188379997401326,-0.5171774282466144,-1.0,-153.55735750811147,-121.97699648921838,-137.76717699866492,31.580361018893086,-25.03481149673462,-25.055220127105713,-25.045015811920166,-0.02040863037109375,0.004301737062633038,-0.001005480531603098,0.039916396141052246,0.03904096782207489,-0.0043518394231796265,0.0009629701380617917,0.03982675448060036,0.038939543068408966,-223.75366112321973,35812.38959266021,0.0010248093167319894,-325.2710232141956,35839.37899282656,0.0010865213116630912,0.05494527146220207,0.009298876859247684,30733.899575698582,18811.68622813993
0.11195392324492252,-0.02336085852298249,-0.0942916416490486,0.08554451722952272,0.101454407209354,-0.06517256317008524,-0.11800412690834328,0.0,-159.26963117031437,-133.22618057454713,-146.24790587243075,26.04345059576724,-24.88661527633667,-24.869449138641357,-24.878032207489014,0.0171661376953125,0.003543120576068759,-0.002791827777400613,0.039620291441679,0.04069162905216217,0.0010793919209390879,0.004377312958240509,0.039807386696338654,0.04066726192831993,-393.9435591349954,35817.750982481266,0.001048689242452383,-300.52042866529143,35842.07516918464,0.0010507366387173533,0.05627346783876419,0.008203737437725067,30959.72734521731,18222.34087424965
0.7981462084597705,0.8913696251766996,0.9749025213447605,0.521942544811106,0.1735849803582578,0.08270635479556454,-0.07286934784276788,-1.0,-154.37848053322597,-126.56510176195246,-140.47179114758922,27.813378771273506,-24.79074478149414,-24.872748851776123,-24.831746816635132,-0.08200407028198242,-0.004208079539239407,0.0018375471699982882,0.040636077523231506,0.04057091847062111,-0.0016799706500023603,0.00423810537904501,0.039028529077768326,0.0413798987865448,-341.8315068095827,35812.29345283744,0.0010710988426581025,-334.2219699159851,35822.22009562127,0.001080307294614613,0.05604282394051552,0.00951394997537136,30970.735899658142,19336.88942348653
0.9072860017547636,0.6731066671578297,0.11500998074737415,-0.29141180224227564,0.35609154044333835,0.2774801663826212,-0.18425963494051512,0.0,-155.71116938994751,-126.5158725440964,-141.11352096702194,29.195296845851118,-25.0018572807312,-24.974465370178223,-24.988161325454712,0.027391910552978516,0.004142467863857746,0.0015054879477247596,0.04073794558644295,0.03849569708108902,0.0005913465283811092,0.00443530548363924,0.03910820186138153,0.04039124771952629,-360.35912255750725,35835.67707846012,0.0010417908197268844,-263.4644601558233,35841.50402332171,0.0010586654534563422,0.05604089796543121,0.007848892360925674,30753.371788949495,18036.98877141645
-0.13767900104566885,-0.08857597733893088,0.24651373797286003,0.49410744040119686,0.28971023242792227,-0.03775672008897457,0.08594441523039165,0.0,-153.83616942746283,-129.97595394452236,-141.9060616859926,23.860215482940475,-25.029163360595703,-25.00030755996704,-25.014735460281372,0.02885580062866211,0.004431928973644972,-0.00026106572477146983,0.040280140936374664,0.03871581330895424,0.003496780525892973,0.002756968140602112,0.04057195410132408,0.03867998719215393,-348.81220358063666,35834.16981203543,0.0010912793222814798,-355.54462074133073,35831.16664222882,0.0010483813239261508,0.055015865713357925,0.008592959493398666,30745.09478671518,18295.724246582467
0.988779936527568,0.9051958848634528,0.6619271727049885,0.33416791156519554,0.19196134253122887,-0.1379565596142835,-0.5879445797078194,-1.0,-154.6376224627514,-123.07624598057231,-138.85693422166185,31.5613764821791,-24.684126377105713,-24.840927124023438,-24.762526750564575,-0.1568007469177246,-0.004562536254525185,0.0005813302705064416,0.04177585244178772,0.040428608655929565,-0.0013887087116017938,-0.004326720256358385,0.04010405018925667,0.04063580557703972,-312.64672423274897,35805.54901491513,0.0010318486019968987,-353.2733330941612,35840.902051215206,0.001105785253457725,0.057385317981243134,0.00946139171719551,30737.98681328857,18733.275098025144
0.026437362943179537,0.0,-0.0208361883006703,0.10512260311117011,0.2312775229220329,0.12622286368286467,-0.013689377923948753,0.0,-153.55067735133497,-131.66240654329448,-142.60654194731472,21.888270808040488,-25.43574333190918,-25.468544960021973,-25.452144145965576,-0.03280162811279297,-0.00037345354212448,0.0042085605673491955,0.03675248473882675,0.03862377628684044,0.002832448575645685,-0.003151728305965662,0.036738328635692596,0.03835635632276535,-407.8498538009168,35837.44651952993,0.0010567120043560863,-345.4203691071172,35824.60176820309,0.0010458568576723337,0.05298604443669319,0.0073640309274196625,30752.827721128724,18060.456075806746
-0.1442424439768916,-0.10510712868824923,0.006781999396487317,-0.10769601814381019,-0.35007674405532224,-0.5656478665395206,-0.7192606646498607,0.0,-155.30599981829903,-125.25856047315062,-140.28228014572483,30.047439345148405,-24.863569736480713,-25.008728504180908,-24.93614912033081,-0.1451587677001953,-0.003939943388104439,-0.0022699551191180944,0.04134334996342659,0.03915669023990631,-0.002970021916553378,-0.0033583645708858967,0.04026690125465393,0.03891535848379135,-374.5600646995976,35828.80560888648,0.0010646972805261612,-339.15296092744944,35822.75739059089,0.0010918566258624196,0.056595347821712494,0.00828331895172596,30758.81787466891,17934.130283950715
0.228687025541734,0.0,0.0704563622327971,-0.0019573569635087384,0.13971617003521386,-0.12597237666331185,-0.2738543461014191,0.0,-151.8488962868022,-125.56899946368083,-138.7089478752415,26.279896823121362,-26.02618932723999,-25.984206199645996,-26.005197763442993,0.04198312759399414,0.0038933681789785624,-0.0006573591381311417,0.035724516957998276,0.03471243381500244,-0.0035265344195067883,-0.0018516848795115948,0.036390889436006546,0.034363869577646255,-310.9226041956855,35826.574379086196,0.001029042061418295,-260.6650420102706,35834.20098784717,0.0010609724558889866,0.0495426170527935,0.008125334046781063,30736.278417594564,18876.28273540551
-0.004592504956859346,-0.08461344189608334,0.2668017650981368,0.5061319057629908,0.14612898336516966,-0.01417255284782215,0.13232064396943344,0.0,-154.87478474006724,-129.44651126880524,-142.16064800443624,25.428273471262003,-25.019185543060303,-24.76649045944214,-24.89283800125122,0.25269508361816406,0.004462180659174919,0.00024284709070343524,0.040474943816661835,0.038602426648139954,-0.003495312063023448,0.0029711932875216007,0.040071774274110794,0.04135415703058243,-279.22256978239835,35841.53228792446,0.0010957926278933883,-297.31172059804805,35834.473486180716,0.0010466603562235832,0.0550016313791275,0.00824645720422268,30747.63650357111,18167.49369330561
0.9760435417181313,0.8399375779123912,0.5306748647731541,0.23743426403094056,0.19944538618695495,-0.21186126107684794,-0.6176726220137705,-1.0,-156.91630113371144,-126.94348227665893,-141.92989170518518,29.972818857052516,-23.97557497024536,-23.93289804458618,-23.95423650741577,0.04267692565917969,0.001094532897695899,-0.00487266480922699,0.043362896889448166,0.04580658674240112,-0.004754523281008005,-0.0016886357916519046,0.046119194477796555,0.04348129779100418,-264.84916848638716,35828.30383257467,0.001036401721648872,-246.40575260534683,35828.643031530366,0.0010954164899885654,0.0627015233039856,0.008576964028179646,30757.26611149858,18124.55545647709
0.12252313945512919,-0.016819435694767817,0.05713053632760945,0.09991203260939605,0.06451962262551231,0.06912879708601039,-0.040421396723814396,0.0,-154.34930986333222,-128.56697023474464,-141.45814004903843,25.78233962858758,-23.767786026000977,-23.737220764160156,-23.752503395080566,0.030565261840820312,0.005028447601944208,0.0011311164125800133,0.046915385872125626,0.04440845549106598,0.005022442899644375,0.0011601629666984081,0.047118138521909714,0.04452753812074661,-269.24408504336844,35833.70120898315,0.0010731058428063989,-226.3492614422457,35820.74888211495,0.001045091194100678,0.06441149115562439,0.009122777730226517,30752.89302644764,18046.711966155748
0.8324413761445059,0.9824092620223651,0.8810167406979585,0.5098042009950899,0.17358695355528436,0.10695713133365436,-0.1492561615138337,-1.0,-154.86505202698606,-125.56202941926347,-140.21354072312477,29.303022607722596,-23.29111099243164,-23.325893878936768,-23.308502435684204,-0.03478288650512695,-0.005274065770208836,0.001193215954117477,0.0488269105553627,0.04768257960677147,-0.005437880754470825,-9.365308869746514e-06,0.04910307377576828,0.04699855297803879,-155.58130415820477,35841.72493307374,0.001059180242009461,-193.24770863582765,35824.24154710615,0.0010678769322112203,0.06685745716094971,0.011475440114736557,30734.622024014046,19675.741013258295
0.1522583319294203,-0.002015484061940164,0.13035629172851224,0.2848136071457335,0.49644034414806526,0.33583495659783935,0.48378687980983986,0.0,-150.86607784549938,-127.42090554242344,-139.1434916939614,23.445172303075935,-23.169729709625244,-23.116824626922607,-23.143277168273926,0.05290508270263672,-0.003700471483170986,-0.003109690500423312,0.04955974966287613,0.04837608337402344,0.005286930128931999,-0.0016301580471917987,0.04959768429398537,0.04887035861611366,-70.9143811155438,35738.22082815052,0.0011551992502063513,-97.62884361096563,35812.92702276878,0.001046104822307825,0.06917489320039749,0.010118706151843071,30741.15114741978,18195.138026725122
-0.06489968097730825,-0.06835276923111475,0.17269177379644673,0.43255447387868606,0.21871955646170063,0.1749804957941895,0.20231564311367767,0.0,-155.7284494570786,-131.23867403959565,-143.48356174833714,24.489775417482946,-23.551883697509766,-23.64586353302002,-23.598873615264893,-0.0939798355102539,0.004866791423410177,0.0020551811903715134,0.048155006021261215,0.045464012771844864,-0.005246107000857592,0.00021233633742667735,0.04725001007318497,0.04537811875343323,-140.01949261205172,35829.439551418545,0.001060206675902009,-168.359364620356,35817.81481886316,0.0010721423896029592,0.06575150787830353,0.009374205023050308,30755.99106645762,17948.20918040673
0.9786421469602842,0.8386867754126867,0.45182754916054246,0.22073052116895436,0.2597755698817196,-0.16851402788156689,-0.6131878082233184,-1.0,-157.00970910670873,-126.61536697161745,-141.8125380391631,30.39434213509128,-23.616440296173096,-23.63154888153076,-23.62399458885193,-0.015108585357666016,-0.0026955746579915285,-0.0044381264597177505,0.046774379909038544,0.046193722635507584,0.0009760793182067573,0.005141332745552063,0.045786868780851364,0.047007862478494644,-178.33355696119202,35834.940097428895,0.00103829859290272,-224.42053612746867,35840.96205431232,0.0010852314298972487,0.06583219766616821,0.009210111573338509,30763.94137936563,18139.273082174102
-0.07128982971387932,-0.10296288892979191,0.19799038649744322,0.36295726528757166,0.15452745303853957,0.11195728694383816,0.04059259290184791,0.0,-150.89327875042335,-128.36519279674764,-139.6292357735855,22.528085953675713,-23.858113288879395,-23.96463394165039,-23.911373615264893,-0.1065206527709961,-0.00040314593934454024,-0.005073270760476589,0.0443551279604435,0.046043511480093,0.0033146552741527557,-0.003760683350265026,0.04366240277886391,0.045629896223545074,-151.45510541328233,35839.89714983088,0.0010982651729136705,-195.82856376527874,35822.46173687746,0.0010398965096101165,0.06359287351369858,0.008672475814819336,30765.82029959251,17791.843563129914
0.9643561550886401,0.9773639742837711,0.8276455072072367,0.45541236146093694,0.12154870079424623,-0.055051400525488015,-0.4051296542114395,-1.0,-158.718645279125,-127.07013172284724,-142.8943885009861,31.648513556277777,-23.040480613708496,-22.604925632476807,-22.82270312309265,0.43555498123168945,0.0047410521656274796,0.002971264533698559,0.05095566436648369,0.04834859445691109,0.0019794292747974396,-0.005522638559341431,0.05067850649356842,0.05372568964958191,-166.41422049060733,35811.033634391926,0.0010319120483472943,-126.8510889669206,35843.354687204395,0.0010706098983064294,0.06976590305566788,0.010054362937808037,30758.300831943277,17926.028266681442
0.14063335628666734,-0.01682524439696546,-0.012177041299884978,0.10915292145057393,0.17387031456943652,-0.1120071759722791,-0.19548770879743715,0.0,-154.08241063534274,-128.63658734200902,-141.35949898867588,25.445823293333717,-22.398931980133057,-22.474043369293213,-22.436487674713135,-0.07511138916015625,-0.005963363219052553,0.00041929323924705386,0.0544755645096302,0.05246417969465256,-0.003083802293986082,0.00510790292173624,0.05154312402009964,0.054450247436761856,-111.08482796332653,35833.57649953355,0.0010397174628451467,-112.2503394600798,35839.86354981839,0.0010503917001187801,0.07525036484003067,0.011858867481350899,30742.485129858782,18417.927206802997
0.9076624305342063,0.9373351075565183,0.9289903887595238,0.457582277751114,0.014468128149795478,-0.0019449553718170476,-0.32659032342543703,-1.0,-154.80121863492724,-127.58526528136841,-141.19324195814784,27.21595335355883,-22.29292631149292,-22.30541229248047,-22.299169301986694,-0.012485980987548828,-0.002832994796335697,0.005369887687265873,0.052599675953388214,0.055627770721912384,-0.004261392168700695,0.004351706709712744,0.05297508463263512,0.05511483922600746,-72.2464460917789,35828.083452805244,0.0010644585127010942,-208.60153366209138,35816.08594684899,0.0010447147069498897,0.07523408532142639,0.009826146997511387,30749.448825185376,18676.298089783726
0.9683910353157504,0.8311108073428114,0.3324887683731755,0.021480111101298327,-0.05701861162524274,-0.2034756697439835,-0.7204547611242869,-1.0,-154.48636707970303,-125.45828262674792,-139.97232485322547,29.028084452955113,-22.502424716949463,-22.521557807922363,-22.511991262435913,-0.01913309097290039,-0.005719454027712345,-0.001437763567082584,0.05428854003548622,0.051363881677389145,0.0026759523898363113,-0.005303720477968454,0.05119585618376732,0.0542149655520916,-142.78881570937938,35826.17324784721,0.0010520415380597115,-123.8179900510113,35850.27281060864,0.0010686478344723582,0.07456455379724503,0.010517292656004429,30752.6483219169,18074.134544301738
-0.05775310499272432,-0.02539136461375394,0.2939718169324573,0.3751515532918994,0.19194822615168772,0.062277138753610295,0.09866782764930093,0.0,-151.63794183474462,-127.04909864667871,-139.34352024071165,24.58884318806591,-22.283458709716797,-22.224087715148926,-22.25377321243286,0.059370994567871094,-0.00544350128620863,0.002728142775595188,0.05409000813961029,0.05429643765091896,0.0061309305019676685,-0.00022669919417239726,0.055670734494924545,0.05343592166900635,-193.53680064463444,35843.60052125732,0.0010791134554892778,-78.82783418819236,35840.39743570867,0.0010270116617903113,0.07537136971950531,0.012623374350368977,30726.610023390247,18374.97052591369
0.06023391907824139,0.035422322937486365,0.0301119319360778,-0.15475901958729046,-0.02343275648043891,0.4724480000533474,-0.4569975594810514,-0.6145560139544199,-156.4690035624618,-129.7385702062278,-143.1037868843448,26.730433356234016,-21.97446584701538,-22.013988494873047,-21.994227170944214,-0.039522647857666016,0.003065473400056362,0.005507837049663067,0.056392569094896317,0.05591891333460808,0.005631282925605774,-0.0028856582939624786,0.05570708587765694,0.056088920682668686,-136.14521915853874,35823.707872662715,0.0010274776723235846,-143.56100844564702,35814.695126126695,0.0010735800024122,0.07912638783454895,0.01074975449591875,30764.482667784363,18054.22335799092
0.06267191192644664,0.00869352968893072,-0.12168084337022213,0.0820470644876449,0.08914582218767109,-0.027101909060025187,-0.06464541153477077,0.0,-156.1662403416924,-128.84955011368817,-142.50789522769028,27.316690228004234,-21.930863857269287,-21.873064041137695,-21.90196394920349,0.0577998161315918,0.006176874041557312,0.001322861877270043,0.057966962456703186,0.05487029254436493,-0.0063333166763186455,-0.0008356455946341157,0.05828406661748886,0.0553070567548275,-82.9191139275826,35833.745031890896,0.0010449503315612674,-67.53973262531797,35824.028277378646,0.001042576041072607,0.07948441803455353,0.0112876296043396,30750.808684975847,18096.9961722506
0.9414478930351072,0.8927944477767537,0.8305471779468286,0.1534014181060685,0.006898221879566957,0.08023682830875278,-0.39142622485205125,-1.0,-155.6333510583006,-127.32012784244029,-141.47673945037045,28.31322321586032,-22.214558124542236,-22.31132984161377,-22.262943983078003,-0.0967717170715332,-0.0006278089131228626,-0.006127825938165188,0.053671903908252716,0.055559106171131134,-0.0050689480267465115,0.003369908779859543,0.05350241810083389,0.05453014373779297,-133.08556195244552,35833.19597565608,0.0010496287140995264,-193.56336702056103,35837.713870846615,0.001059431699104607,0.07673691213130951,0.010052196681499481,30764.02658484306,17796.605134960417
0.07220816928288179,0.0,-0.07705019760933489,0.13899302191681112,0.04927406546538371,0.07351088312116616,-0.2290376313310939,0.0,-157.02691149096506,-128.89856176863745,-142.96273662980127,28.128349722327613,-22.661619186401367,-22.69437551498413,-22.67799735069275,-0.03275632858276367,0.0006241390365175903,-0.005803804844617844,0.05058003216981888,0.053156133741140366,-0.005142700858414173,0.002794699277728796,0.05144442617893219,0.05192774534225464,-252.21093342921233,35805.094141083966,0.0010207112645730376,-148.28317624050544,35811.17079195201,0.0010458137840032578,0.07329496741294861,0.009758825413882732,30756.216459931115,17909.116001914852
-0.0935772216328194,-0.012452519019724557,0.29161093996284415,0.42755586300580917,0.23034541490625285,-0.0011369320977722142,0.18776179278042948,0.0,-153.66593814349858,-128.94275723055767,-141.30434768702813,24.723180912940904,-22.602388858795166,-22.55568027496338,-22.579034566879272,0.04670858383178711,-0.000726706231944263,0.005810242146253586,0.05086846649646759,0.05357702076435089,0.005887729115784168,-0.000537850777618587,0.053457874804735184,0.051566243171691895,-90.24499958637124,35854.53928072674,0.0010808614315465093,-82.86477805193643,35813.53268275486,0.0010221046395599842,0.07308542728424072,0.009957024827599525,30757.946707134164,18214.443343891147
0.9352033442856098,0.5532487625255673,-0.08054695411961352,-0.022132804877929346,0.49229039571703886,0.46392414206466936,-0.5010076016833229,-0.20346348977493056,-158.6355158518469,-127.36145565611736,-142.99848575398212,31.274060195729533,-22.673418521881104,-22.5120210647583,-22.592719793319702,0.16139745712280273,-0.0021734440233558416,-0.005395602434873581,0.05167853832244873,0.05194977670907974,-0.0032695799600332975,0.004998934455215931,0.05134308338165283,0.05418558791279793,-91.09631420815361,35832.70335679554,0.0010206539882346988,-178.0082828740546,35836.039801431856,0.0010744718601927161,0.07311356067657471,0.00968894176185131,30765.08953018209,17969.748941309677
-0.013545825929145036,0.004456949165244136,-0.09778716816828585,0.07064534172629056,0.052047723194012185,-0.07515778687759728,-0.06281654520555591,0.0,-153.1682638967049,-127.68038299479159,-140.42432344574826,25.487880901913314,-22.220759391784668,-22.542572021484375,-22.38166570663452,-0.32181262969970703,-0.006012109108269215,-0.0011319833574816585,0.05605113506317139,0.053082048892974854,0.0013994108885526657,-0.005743298679590225,0.05108274891972542,0.05407556891441345,-148.320908982195,35832.51480731593,0.0010765420738607645,-158.92125988465875,35821.452017984404,0.001035583671182394,0.0771644115447998,0.010933595709502697,30751.40070313209,18083.059654089433
0.9398204221478176,0.9167224586437008,0.8482779115065575,0.45119058103349224,0.15441956013121017,-0.018425583333628426,-0.3903267680749811,-1.0,-158.71754568204346,-126.11278108974102,-142.41516338589224,32.604764592302445,-23.097212314605713,-23.15481662750244,-23.126014471054077,-0.057604312896728516,0.0011380957439541817,0.0054507264867424965,0.048734888434410095,0.04994836822152138,-0.002930752467364073,-0.004680701531469822,0.04941292107105255,0.04862326383590698,-106.30155538443647,35813.21724355811,0.0010571663733571768,-131.2386326670017,35844.64451246922,0.0010766353225335479,0.06939353793859482,0.00885158870369196,30764.832351579484,17845.00792238114
0.2162841769088407,0.0,-0.08823274022896957,-0.029982311206854795,0.04874608781984263,-0.08660285439583149,-0.25106279800617615,0.0,-158.5621774599387,-131.18600387361215,-144.87409066677543,27.37617358632656,-23.222486972808838,-23.19631338119507,-23.209400177001953,0.02617359161376953,0.005434244871139526,-0.0002930562477558851,0.04957801103591919,0.04768632724881172,0.0008351777214556932,0.005429677199572325,0.048042070120573044,0.049519166350364685,-160.0355612668563,35837.87902135856,0.001038813847117126,-82.31341007160334,35846.51063083216,0.0010598289081826806,0.06814220547676086,0.011091776192188263,30741.968109156023,18550.169412880634
-0.1806762580959092,-0.14884570679839532,0.15017103513658786,0.354532049457144,0.35556357106539177,0.0004158788523563328,0.16001273344974798,0.0,-150.7261318817662,-126.53360017079831,-138.62986602628226,24.1925317109679,-23.057925701141357,-23.040106296539307,-23.049015998840332,0.01781940460205078,-0.004605181980878115,-0.003139796666800976,0.05083399638533592,0.048273246735334396,-0.0031206049025058746,-0.004623419605195522,0.05015435069799423,0.04918564483523369,-124.86353687209642,35837.773790226354,0.0010874990839511156,-132.1252802094779,35825.21147572224,0.0010339550208300352,0.06971640884876251,0.010341856628656387,30761.212590648214,18211.647587770127
0.9782322445709335,0.8862212546955276,0.5368486193470191,0.27453413097426466,0.21075270731325968,-0.1374476148990907,-0.6607405792104374,-1.0,-156.1579522470717,-125.40341575588872,-140.7806840014802,30.75453649118299,-23.24571132659912,-23.31075668334961,-23.278234004974365,-0.06504535675048828,0.005006901919841766,-0.002070490038022399,0.0486203171312809,0.048403460532426834,0.0044578807428479195,-0.0030689784325659275,0.04764805734157562,0.04864310845732689,-101.47143798910935,35819.447339969505,0.001036668661981821,-171.48404371032333,35840.10316409429,0.0010838595917448401,0.06743716448545456,0.011451219208538532,30723.599550084848,19622.53245951679
0.02892452774460151,0.0,0.07538061632496733,0.19807737735736838,0.220220743150348,0.12301420428146886,0.034357677513634055,0.0,-156.1143306782791,-131.75318346420576,-143.93375707124244,24.361147214073327,-22.340288162231445,-22.251291275024414,-22.29578971862793,0.08899688720703125,0.005582107696682215,-0.002292230725288391,0.05396714434027672,0.053714022040367126,0.0034409586805850267,-0.005042665172368288,0.05296560749411583,0.05578731745481491,-133.4768251439071,35853.2293052346,0.001069879624992609,-119.09940971965217,35829.15601303342,0.0010331717785447836,0.07482665032148361,0.012733827345073223,30725.97685740719,18678.52877979008
0.9699459406112523,0.9915540928265866,0.8364461617887771,0.464468007280465,0.15141064472190907,-0.044258058419526625,-0.3196412565682295,-1.0,-154.75026609496547,-124.19971551730174,-139.4749908061336,30.550550577663728,-22.23872423171997,-22.28668451309204,-22.262704372406006,-0.04796028137207031,0.0022702980786561966,0.005693694110959768,0.054329946637153625,0.05461493134498596,-0.005504924803972244,-0.0026379073970019817,0.05571584030985832,0.052583273500204086,-159.63132121153103,35843.78713882751,0.0010619198437780142,-135.32169061717056,35833.17531677056,0.0010762081947177649,0.07675353437662125,0.010074950754642487,30765.045560157676,17898.92261549771
0.04364053775949627,0.0,0.06531343268719243,0.06852926132829881,0.1593061301550996,0.027355914192018993,-0.11283896666338378,0.0,-154.53262079626506,-129.62143224933965,-142.07702652280236,24.911188546925416,-22.482573986053467,-22.52497673034668,-22.503775358200073,-0.04240274429321289,-0.005938999820500612,0.000199992791749537,0.05404416844248772,0.0518646165728569,-0.0035514570772647858,0.004795245826244354,0.05136047676205635,0.054015371948480606,-130.78337804753684,35833.36026846436,0.0010536130284890532,-126.82548475774158,35808.78789627183,0.0010434711584821343,0.0745876282453537,0.011587025597691536,30745.266648646575,18318.818524150756
-0.11749347274260644,-0.07439041863008769,0.20534060874566995,0.41191872247769173,0.24427666522202973,0.19180502254509024,0.15710668249176174,0.0,-149.86262561326822,-125.98785981487171,-137.92524271406995,23.87476579839651,-22.251763343811035,-22.209928035736084,-22.23084568977356,0.04183530807495117,-0.006035214755684137,0.0008353777229785919,0.05526189133524895,0.053508929908275604,0.003062525298446417,0.00536371348425746,0.054981328547000885,0.054320722818374634,-68.08484225094243,35849.37321554433,0.0010717175900936127,-143.91492974165556,35818.44341158745,0.0010522889206185937,0.07549425959587097,0.011922383680939674,30742.403660054766,18360.790508066246
0.9782686993940862,0.7938875703506703,0.32697648470030033,0.0845029269110471,0.30253041153189164,-0.2253337263059011,-0.6929620305263338,-1.0,-158.35296018140963,-127.73287596895847,-143.04291807518405,30.62008421245116,-22.593073844909668,-22.598490715026855,-22.59578227996826,-0.0054168701171875,-0.005466894246637821,0.0020217401906847954,0.05252588912844658,0.0520695336163044,-0.0057843830436468124,-0.0012834840454161167,0.053701333701610565,0.05077775567770004,-115.76873367867869,35832.73094541799,0.0010300682624801993,-137.22239171829114,35819.47970515182,0.001071235747076571,0.07281019538640976,0.012391980737447739,30970.999630911774,18056.379409197853
0.0841052648301696,0.0,0.17322213684630028,0.254720198353857,0.1473218371525854,0.1137502526660068,0.021566101672088833,0.0,-152.09108035973054,-129.83595518646268,-140.9635177730966,22.255125173267857,-22.25332021713257,-22.235746383666992,-22.24453330039978,0.017573833465576172,0.003917591646313667,0.004688726272433996,0.05518074706196785,0.0535707101225853,-0.001965586096048355,-0.0058106305077672005,0.05417817458510399,0.05480239912867546,-109.47353618295443,35831.6560985181,0.001084586139768362,-95.95810684055577,35824.44692242607,0.0010537501657381654,0.07707294821739197,0.011115910485386848,30763.45165561298,18183.624310881907
0.9601786355562281,0.9641304717483313,0.7735568546435778,0.42014241795423046,0.08991371833254436,-0.06767115541571522,-0.3780339695520409,-1.0,-156.65226076832403,-125.04030246934525,-140.84628161883464,31.611958298978777,-22.091553211212158,-22.112345695495605,-22.101949453353882,-0.020792484283447266,0.0022773875389248133,-0.005813452415168285,0.053798165172338486,0.05696253478527069,-0.0024609421379864216,0.005699771456420422,0.05362403020262718,0.056871481239795685,-77.74785737423107,35822.7413616988,0.0010564267868176103,-117.98210775180813,35845.85107842824,0.001072790939360857,0.0772680789232254,0.010364790447056293,30513.400940315376,19012.244853753335
0.13953285965631068,-0.02097093214216333,-0.0226592123596141,0.08196584926540673,0.14190501092475488,-0.06628869973480095,-0.11777797342700602,0.0,-154.7947840026823,-127.6944546288874,-141.24461931578486,27.100329373794892,-22.260029315948486,-22.328472137451172,-22.29425072669983,-0.06844282150268555,0.0014503822894766927,-0.005939633585512638,0.05282020941376686,0.0558168925344944,-0.005403372924774885,-0.002762101124972105,0.05543795973062515,0.05234277620911598,-126.44499007087062,35819.98555469771,0.0010458213509991765,-108.8120831978385,35833.51257091974,0.0010478771291673183,0.07645971328020096,0.010572170838713646,30505.08083857834,18645.646621020434
-0.024186515352861315,-0.013806042953626974,0.3968863073059177,0.06046765943286662,-0.24218231328720008,0.18350016937732927,0.33174597600573874,-0.4339802035578453,-155.04204535372003,-128.7752684471998,-141.9086569004599,26.26677690652022,-22.675652503967285,-22.621581554412842,-22.648617029190063,0.05407094955444336,-0.0027078157290816307,-0.005147004034370184,0.05196204409003258,0.05163945257663727,-0.005034282803535461,-0.0030152453109622,0.053541380912065506,0.050666097551584244,-142.8083309989528,35829.06742006074,0.00108503142837435,-216.62219128404948,35821.06016977051,0.0010544474935159087,0.07285977900028229,0.009972468949854374,30764.735171512242,17987.978418501516
0.960398702486676,0.8124806016034085,0.3142476496421252,0.07565063965736352,-0.02465097172619357,-0.19160152801727987,-0.7082216808966246,-1.0,-157.39619399676684,-127.23371911870493,-142.31495655773588,30.162474878061914,-22.918789386749268,-23.02915334701538,-22.973971366882324,-0.11036396026611328,0.004623781889677048,-0.0032203602604568005,0.049873460084199905,0.05086610093712807,-0.004096720367670059,0.003798776539042592,0.04884195700287819,0.05061217397451401,-173.29935736197447,35818.59560858514,0.0010347983334213495,-183.06994605057773,35853.979293715114,0.0010737780248746276,0.07040365785360336,0.010861861519515514,30955.706651650264,18098.408087744217
-0.11398026753107698,-0.05621518501177951,0.2844213789922104,0.427313176252055,0.20744029993321403,0.04788549873953141,0.0956558691174334,0.0,-152.42803191092298,-127.73126913350046,-140.07965052221172,24.69676277742252,-22.560875415802002,-22.434425354003906,-22.497650384902954,0.1264500617980957,0.0028011726681143045,0.005185624118894339,0.0526924692094326,0.05228675529360771,-0.0035431988071650267,0.004836093634366989,0.051902756094932556,0.05458139628171921,-188.14716942190682,35836.63619357341,0.0010700770653784275,-135.12265142532118,35838.75515766191,0.0010238857939839363,0.07411707192659378,0.009966407902538776,30764.463763617277,17960.867421988012
0.7518728899641429,0.7481345093356587,0.5228170954153581,0.03278330556841827,0.15222678042444715,0.46920289994072994,-0.6883252744517421,-1.0,-156.5001518202717,-128.49645389656445,-142.49830285841807,28.00369792370725,-22.388505935668945,-22.411415576934814,-22.39996075630188,-0.02290964126586914,0.005678524263203144,-0.001883608871139586,0.053875572979450226,0.05320977419614792,0.005994856357574463,0.0007890796405263245,0.05477967485785484,0.05197998881340027,-159.23869374854738,35835.351021634335,0.001035204972140491,-161.04410617882155,35812.25513913973,0.001069040154106915,0.07421845197677612,0.012883959338068962,30729.03875344308,18338.6806996634
-0.9046998612092672,-0.9530803485761318,-0.9764830415537583,-0.6569556134340132,-0.5600627800199223,-0.5413826096847949,-0.3372987225132461,1.0,-157.73241973518498,-132.76793720701102,-145.250178471098,24.96448252817396,-22.45565414428711,-22.512235641479492,-22.4839448928833,-0.05658149719238281,-0.004618183709681034,-0.0037565380334854126,0.05431384965777397,0.0519200824201107,0.004301648121327162,0.004085887689143419,0.05385921895503998,0.05168731138110161,-130.73486696866584,35836.200760186664,0.0010537386406213045,-147.00981673913765,35824.380137976885,0.0010397160658612847,0.07539911568164825,0.011030532419681549,30760.799706296806,18063.473804684105
0.9982867638191731,0.9878323723136728,0.8926762060707063,0.40223615964046605,0.3265741051948381,0.4007073678602403,0.21641905405997464,-1.0,-155.28608186392023,-126.47517619756047,-140.88062903074035,28.81090566635976,-22.48621940612793,-22.470176219940186,-22.478197813034058,0.01604318618774414,0.0037249471060931683,-0.003695571795105934,0.052511196583509445,0.05344460904598236,0.0059383464977145195,0.0006136090960353613,0.054375484585762024,0.0516703799366951,-78.55889902062246,35727.36214970696,0.0011169288773089647,-231.31693392964343,35842.47284842887,0.0010608702432364225,0.07334331423044205,0.01141786016523838,30967.658526205658,17994.926055048236
0.3633752794028404,0.07899725727918476,-0.10019213977913374,0.16413040150990443,0.028380335273040846,0.07145814391126859,-0.2769385850273352,0.0,-156.8937971628897,-127.37078384958727,-142.1322905062385,29.523013313302442,-22.397544384002686,-22.347259521484375,-22.37240195274353,0.05028486251831055,0.0019397204741835594,-0.005647988058626652,0.051955848932266235,0.05497801676392555,0.0027797927614301443,-0.00538929458707571,0.05223230645060539,0.05531473457813263,-209.62603648758127,35822.682364509645,0.0010404757922515273,-93.60110619529219,35829.288735773436,0.0010630411561578512,0.0751638263463974,0.010319055989384651,30501.444286996084,18851.20783022992
-0.064242119075207,0.05809599987514346,0.299439135490705,0.39525572414206495,0.26798577265725504,-0.015344722247254028,0.10954578853019181,0.0,-155.05912554891472,-130.1810414543085,-142.62008350161162,24.87808409460621,-22.366273403167725,-22.360289096832275,-22.36328125,0.005984306335449219,0.0007386046345345676,-0.005975303240120411,0.052268676459789276,0.05505448579788208,0.0054390947334468365,0.002617434598505497,0.055254023522138596,0.05213266983628273,-143.41748378192287,35854.08972747917,0.001090687233954668,-119.75918257766621,35809.923162036146,0.0010241871932521462,0.07536663115024567,0.010271270759403706,30762.144046374633,18009.42011353211
0.9785423543356477,0.8217064182871873,0.5654564177349924,0.28469388986292077,0.22292643462428424,0.0301252988484339,-0.7201676984741258,-0.9420359614011287,-154.13071088596334,-125.1375208087398,-139.63411584735155,28.993190077223545,-22.27619171142578,-22.282378673553467,-22.279285192489624,-0.006186962127685547,-0.00593993766233325,-0.0012505470076575875,0.055709756910800934,0.052729327231645584,-0.002546556992456317,-0.005537728779017925,0.05422883480787277,0.054170649498701096,-113.6844354299785,35837.20546923763,0.0010322578018531203,-211.04790724975905,35830.901041564175,0.00107273506000638,0.07609808444976807,0.01089846808463335,30751.369970788848,18080.88260534465
-0.02249124029940852,0.006336326103120771,-0.04824567238143132,0.11856742920246452,0.14015277207738036,-1.8998840257800076e-05,-0.010856097486085958,0.0,-156.67114987617742,-130.08116017021393,-143.37615502319568,26.58998970596349,-22.784650325775146,-22.93017864227295,-22.857414484024048,-0.14552831649780273,-0.0022644733544439077,-0.005271722562611103,0.05108942836523056,0.05122116580605507,-0.005573000758886337,0.0009072792599909008,0.051044873893260956,0.04955439642071724,-160.05835467291166,35827.78359175364,0.0010648109018802643,-199.61967403891214,35815.31031968673,0.0010408456437289715,0.07246314734220505,0.00982187781482935,30765.088979483604,17955.674960001346
0.8569864484701102,0.9122077552949054,0.9105122349513239,0.3594967967350068,0.1314496314586307,0.14203491640077792,-0.23740069443807071,-1.0,-154.11571036596828,-125.9999124821394,-140.05781142405385,28.11579788382889,-22.624456882476807,-22.56533145904541,-22.59489417076111,0.059125423431396484,0.005871321074664593,0.0002653677365742624,0.05329907685518265,0.05088431015610695,-0.005415718536823988,-0.002438533818349242,0.0539785735309124,0.05089684948325157,-153.58973590771012,35817.98001663165,0.0010497755138203502,-158.9270310002478,35835.72383717814,0.0010620597749948502,0.07269075512886047,0.011033092625439167,30745.107078411704,18191.732196214096
0.16306335780674375,-0.004152053546191079,-0.004517055746634024,0.18540793014123205,0.09049439728492392,-0.04200590090676998,-0.163029510022364,0.0,-156.0314411059349,-129.71056751549673,-142.87100431071582,26.32087359043817,-22.25703716278076,-22.32163667678833,-22.289336919784546,-0.06459951400756836,0.0038924645632505417,-0.004698261618614197,0.053129855543375015,0.055560506880283356,-0.0028032814152538776,-0.005387596786022186,0.05413702502846718,0.053772397339344025,-204.6650246471075,35827.828997686294,0.0010170473251491785,-137.1224606427881,35843.99957015132,0.0010586126009002328,0.07637172937393188,0.010537131689488888,30964.97495534027,18750.579570718306
-0.09315042553817925,0.014304079531805944,0.26302678839840404,0.4187601183139874,0.38181920461127555,0.10588917064516307,0.14516928992090927,0.0,-152.64584674333082,-128.3674538489405,-140.50665029613566,24.278392894390322,-22.818880081176758,-22.872138023376465,-22.84550905227661,-0.05325794219970703,-0.0009643924422562122,0.005654170643538237,0.049555640667676926,0.05231297016143799,0.0036109869834035635,-0.0044411951676011086,0.049422331154346466,0.05182944983243942,-101.88166874427688,35828.364513907836,0.0010722297010943294,-174.9834181055791,35815.41201258514,0.0010444528888911009,0.07116259634494781,0.00967752281576395,30518.1500588034,18426.722434579042
0.9608738438562984,0.7627319806056688,0.09728388033871191,0.06413506072461447,0.6154129166321465,0.0475961566136488,-0.7311481906088383,-0.8261132233713963,-158.2462119955374,-128.75462713066375,-143.5004195631006,29.49158486487366,-22.661569118499756,-22.594618797302246,-22.628093957901,0.06695032119750977,0.00290491059422493,0.005020136944949627,0.052159663289785385,0.05161183327436447,-0.0033638093154877424,-0.004862000234425068,0.052843157202005386,0.051719143986701965,-78.06363198422682,35811.90869127057,0.0010184027487412095,-145.01973079149684,35837.43531840639,0.0010711806826293468,0.07332432270050049,0.010173213668167591,30764.087570489024,18140.309753965572
0.073220426411774,0.0,0.11475202256122621,0.20663799866125748,0.07979896751035137,-0.05014238187887465,0.022872600747702476,0.0,-155.00644289037558,-129.8023611805748,-142.4044020354752,25.20408170980079,-22.476117610931396,-22.486896514892578,-22.481507062911987,-0.01077890396118164,-0.00023428656277246773,-0.005945275537669659,0.051919884979724884,0.05406796932220459,-0.005031980108469725,0.003170447889715433,0.052508316934108734,0.05336581543087959,-195.09967452267026,35841.763464117015,0.0010809110244736075,-110.57273619386665,35846.43060701383,0.001048994716256857,0.07495338469743729,0.010049228556454182,30763.70511383389,17821.883758162454
0.9383979504286466,0.8994450661285938,0.7943268803100365,0.47483691646895076,0.12532370669615134,-0.10585652485419333,-0.4144088830380004,-1.0,-153.33278334705324,-123.94246375924473,-138.63762355314898,29.390319587808506,-22.354412078857422,-22.376437187194824,-22.365424633026123,-0.022025108337402344,0.005239598453044891,-0.0029679853469133377,0.05349093675613403,0.05401460826396942,0.0051743704825639725,-0.0030992073006927967,0.05324476957321167,0.05398446321487427,-132.81503542493726,35824.48663132294,0.0010494148591533303,-138.8928887366102,35831.01341760973,0.0010683037107810378,0.07429695874452591,0.012317480519413948,30965.876855168724,17922.421459920577
0.10683232099883613,0.0,0.011561317308827729,0.07271343478420769,0.11326872874358357,-0.1056705190776786,-0.1658118932925412,0.0,-151.61259832147556,-125.97766113545498,-138.79512972846527,25.63493718602058,-22.509682178497314,-22.53455400466919,-22.522118091583252,-0.024871826171875,-0.005714981816709042,0.0015403102152049541,0.05329255759716034,0.05230448767542839,0.00587921217083931,-0.0005879339296370745,0.053573720157146454,0.05170873925089836,-135.8174165549902,35837.02371856286,0.001035805675201118,-87.77679720384087,35833.1786463233,0.0010454346193000674,0.07386071234941483,0.0122405169531703,30734.197330291263,19364.26494451215
-0.09554206832768815,0.0019267979705517371,0.15675679836851256,0.033716169134668045,-0.18738241809432984,0.2037487677451525,0.3139212493753035,-0.18888172207317278,-155.2621829146546,-129.49200571674083,-142.37709431569772,25.770177197913767,-22.633650302886963,-22.72697687149048,-22.68031358718872,-0.09332656860351562,0.0010701976716518402,0.005747238174080849,0.05132320895791054,0.05277068540453911,-0.003570942208170891,0.004560635890811682,0.050231438130140305,0.05272870138287544,-146.66604993160735,35838.639040970775,0.0010712365619838238,-142.50157166594036,35838.88509449906,0.0010628500021994114,0.07322078198194504,0.009510803036391735,30764.318410651773,17841.80296813213
0.9909749312675498,0.8939699553405357,0.462594980789692,0.22003845679970135,0.38643594424376176,-0.1867215990338033,-0.6341104464901817,-1.0,-157.57711978016226,-125.72205549921136,-141.6495876396868,31.8550642809509,-22.689783573150635,-22.588632106781006,-22.63920783996582,0.1011514663696289,-0.0009541213512420654,0.005697565618902445,0.0503399483859539,0.05306112393736839,-0.004786548670381308,0.0034244218841195107,0.05172310024499893,0.052914030849933624,-137.45240318031833,35822.7977046575,0.0010380438761785626,-173.57236631637545,35829.059273118975,0.001067929551936686,0.0726570188999176,0.009858200326561928,30763.16132146053,17890.285111836114
0.060234225338066986,0.0,0.23905758057794885,0.34974747909204174,0.19745585777099234,0.06868734003047111,0.040935803429067774,0.0,-155.20772426700233,-130.8852760834889,-143.04650017524563,24.322448183513444,-22.135157585144043,-22.21489429473877,-22.175025939941406,-0.07973670959472656,-0.00619062315672636,-0.0001115328777814284,0.05636122077703476,0.053863830864429474,-0.00346535537391901,-0.005057935602962971,0.055167604237794876,0.054073188453912735,-119.59514105391811,35855.56772426907,0.001078365370631218,-101.17026188837625,35825.93548325148,0.0010337240528315306,0.077175572514534,0.011735942214727402,30749.97653961623,18227.68557395586
0.954679917473053,0.9060085124207312,0.7082755121165861,0.42159095856983775,0.20933677694920305,-0.006711666936672467,-0.3648131617588719,-1.0,-154.20420909412195,-125.52472613052458,-139.86446761232327,28.679482963597366,-22.09172248840332,-22.341089248657227,-22.216405868530273,-0.24936676025390625,-0.005842177662998438,0.0021006022579967976,0.05569174885749817,0.055114421993494034,0.00016540498472750187,-0.006055442150682211,0.05258198454976082,0.055058397352695465,-141.33416198417387,35841.095835491484,0.0010435624280944467,-113.33556715549548,35826.99156517278,0.0010668792529031634,0.07683520019054413,0.013190006837248802,30729.791381105246,18325.652907276602
0.058078762912895446,0.0,0.10106797936706631,0.0841240737163958,0.14207624567903016,-0.02977247341888173,-0.15000319299148446,0.0,-152.33518040400503,-128.44192747831653,-140.38855394116078,23.8932529256885,-22.459025382995605,-22.422142028808594,-22.4405837059021,0.03688335418701172,-0.005936226807534695,-0.00024270504945889115,0.05432994291186333,0.05186213180422783,-0.005357279442250729,-0.0027005893643945456,0.05484809726476669,0.0517767108976841,-103.35572492099652,35833.45834047125,0.0010326486080884933,-74.1101416833369,35824.577609589636,0.0010523473611101508,0.07493166625499725,0.011084828525781631,30746.581628986343,18189.814732114897
0.499069185319104,0.5851772169682209,0.5245421978234575,-0.07458010813185642,-0.2155406534509182,0.5040214332144046,0.2410618731393782,-0.5774015878625001,-155.59642782435947,-128.22785431203573,-141.9121410681976,27.368573512323735,-21.991760730743408,-22.07080602645874,-22.031283378601074,-0.07904529571533203,0.00333465076982975,0.005335820838809013,0.056434549391269684,0.05565163865685463,0.0006820857524871826,0.006212582811713219,0.054571062326431274,0.056484296917915344,-73.6961706877627,35846.330608542456,0.0010746736079454422,-128.55271960589675,35837.33876482267,0.0010590861784294248,0.07883578538894653,0.010784558951854706,30764.236152167934,18076.85606352573
1.0,0.6341679955744687,0.27683083694444666,0.25142844665451297,0.3633231472555698,-0.5594688192548886,-0.7242191396240386,-0.8229064757917484,-157.08976938042383,-125.76284498198373,-141.42630718120378,31.3269243984401,-22.27400302886963,-22.32929229736328,-22.301647663116455,-0.055289268493652344,-0.0035347244702279568,-0.004962432198226452,0.05482969805598259,0.05366910994052887,-0.005710329860448837,0.0020447340793907642,0.054161153733730316,0.053652919828891754,-134.7280866597971,35823.62728543058,0.0010336730629205704,-132.78318629376346,35823.32056909344,0.0010568902362138033,0.0767817348241806,0.011045767925679684,30763.377931892275,18340.778051971258
0.22855359658629057,-0.016871901085403984,0.21425948014984716,0.2576720532489858,0.0487504465432545,-0.025320466214749482,0.041383735294356905,0.0,-154.5462133760655,-128.3201369932347,-141.4331751846501,26.226076382830797,-22.16648817062378,-22.167019844055176,-22.166754007339478,-0.0005316734313964844,-4.3217281927354634e-05,0.006203207187354565,0.05371098592877388,0.05611523613333702,-0.004066092893481255,0.004659556783735752,0.05368237569928169,0.05613808333873749,-150.22124476974298,35839.34309390362,0.0010648260358721018,-106.46514715500336,35824.43633894964,0.0010478516342118382,0.0775500237941742,0.010361995548009872,30766.216391213868,17752.346752176523
0.9634580265116988,0.8668008991549851,0.4558366412281838,0.3195638464983788,0.25811521533969434,0.004161251851825143,-0.40710011515806593,-1.0,-155.66468337539754,-127.01934813915517,-141.34201575727636,28.645335236242374,-22.048962116241455,-22.07000732421875,-22.059484720230103,-0.021045207977294922,0.00272422400303185,-0.005581613630056381,0.05410930514335632,0.057205308228731155,0.005738047882914543,-0.002469912637025118,0.05559427663683891,0.05548812821507454,-134.29438477013665,35837.87980003595,0.0010346613125875592,-158.58287536188328,35831.87052346154,0.0010691301431506872,0.07750434428453445,0.010420043021440506,30730.463656142263,19585.263602215502
0.016365869717447093,0.0,0.2102815953383072,0.06805178568107453,0.057857029480745004,-0.08770245480857064,-0.06800406637111434,0.0,-154.72649657711088,-130.43697513053922,-142.58173585382505,24.289521446571655,-22.624168395996094,-22.65779733657837,-22.64098286628723,-0.03362894058227539,0.0031164418905973434,0.004959824960678816,0.052487485110759735,0.0517268180847168,0.005624261684715748,-0.0016015024157240987,0.052343036979436874,0.051466189324855804,-139.77249555119056,35838.48831477698,0.001078509259968996,-84.8451774075965,35826.970668899376,0.0010440621990710497,0.07399827241897583,0.010238394141197205,30764.00693041336,18056.697638827125
0.946284699647231,0.9081493352759764,0.6820900236292458,0.21871291471534327,-0.19703270982488164,0.04217070726069638,-0.166453510904362,-1.0,-156.01711508542064,-128.03341260726955,-142.0252638463451,27.983702478151088,-21.919307708740234,-21.79421901702881,-21.85676336288452,0.12508869171142578,0.0031774367671459913,-0.005486604757606983,0.0549636036157608,0.05802330747246742,0.0060051195323467255,0.0023457964416593313,0.05899294838309288,0.05562375858426094,-68.84516067900543,35845.467018301475,0.0010636306833475828,-119.38898372592342,35830.41839944632,0.0010563936084508896,0.0786106213927269,0.010472306050360203,30740.454998649,18944.494447227098
0.3001543784215522,-0.007139135437775456,0.02909621917876952,0.4933702109653299,0.6621547380523514,-0.3593593817325562,-0.4296887965262787,-0.09796738122258974,-156.41103509680232,-128.8882252190218,-142.64963015791204,27.52280987778053,-22.01910972595215,-22.300410270690918,-22.159759998321533,-0.28130054473876953,0.0057658180594444275,-0.002399476245045662,0.0559970997273922,0.05574219301342964,0.006070627365261316,-0.0004204746219329536,0.05511125549674034,0.05304339528083801,-157.5136826877824,35834.67748554004,0.0010439925827085972,-199.3512626626038,35816.94715952357,0.001053422805853188,0.07781782001256943,0.013109808787703514,30968.981426552105,18238.836783593513
-0.11235522358814594,-0.0779870720449265,0.18864575927195237,0.2693323322726228,0.13577676939732147,0.14747351398951064,0.13259230840431802,0.0,-155.22348310606083,-132.8310951974093,-144.02728915173506,22.39238790865153,-22.163236141204834,-21.97122097015381,-22.06722855567932,0.1920151710510254,-0.005600523203611374,-0.002584535162895918,0.056498199701309204,0.05335474759340286,-0.004635298624634743,0.004350298549979925,0.05513690412044525,0.05719294026494026,-82.76820803239538,35846.343266129144,0.00107246870175004,-86.83161062408531,35813.451733291484,0.0010543300304561853,0.07739485800266266,0.011142010800540447,30758.004507818743,17971.661768456896
0.9528702044055903,0.8298896850505882,0.06404741326566891,0.04188835885105466,0.5325763623657778,0.2624876584733479,-0.3180523254604086,-1.0,-157.44740182395026,-127.77438040831791,-142.6108911161341,29.67302141563235,-22.538630962371826,-22.557055950164795,-22.54784345626831,-0.01842498779296875,-0.0058710016310215,0.0002725775702856481,0.05365486815571785,0.0515773706138134,0.002292117802426219,-0.005440842360258102,0.0509549155831337,0.05402554199099541,-93.2209385574326,35836.07452710757,0.0010330711957067251,-122.42468756044823,35833.434303586204,0.0010778032010421157,0.07323867082595825,0.011872861534357071,30741.0519372733,18500.097378297025
0.0,0.022497142867599875,0.4959685676376883,0.13537415008166426,-0.14063210512541036,-0.3512008267614183,-0.08195023009521651,0.0,-156.5910578563221,-131.11338519332378,-143.85222152482294,25.477672662998316,-22.625908851623535,-22.65810251235962,-22.642005681991577,-0.032193660736083984,0.001230021589435637,-0.005756803788244724,0.05064809322357178,0.05350549891591072,0.00381176988594234,-0.0044283801689744,0.05071575567126274,0.0530674085021019,-131.40510105576286,35817.74883636217,0.0010493517620489001,-77.56220563375743,35819.62566220769,0.001047180499881506,0.0736577957868576,0.010109626688063145,30507.82437333513,19544.53735073489
0.11006546111749507,0.0,0.016398775115797175,0.022454559268098237,0.13992811390675775,0.5084385895581844,0.2646884299031792,-0.05841252208458014,-155.14941121347886,-127.48468630810805,-141.31704876079345,27.664724905370804,-22.659485340118408,-22.64533758163452,-22.652411460876465,0.014147758483886719,-0.0017447388963773847,-0.005563801620155573,0.05151914060115814,0.052272628992795944,-0.00586099224165082,-0.000387922627851367,0.05321789160370827,0.05071185156702995,-55.013928537035646,35837.07184789038,0.0010447761742398143,-141.37099004652703,35817.46314367294,0.0010594313498586416,0.07285468280315399,0.009362539276480675,30765.041880990644,17889.152428580313
0.2906399830497055,-0.012364249454579663,-0.015905779887030763,0.4048921931855855,0.5338167888037166,-0.4091561613968984,-0.35062298906752887,0.0,-154.47901880416572,-126.88059704058477,-140.67980792237523,27.598421763580944,-22.694203853607178,-22.71789789199829,-22.706050872802734,-0.02369403839111328,-0.0011166833573952317,-0.00565901305526495,0.05100246146321297,0.052373360842466354,-0.005619578063488007,0.0014715426368638873,0.05204302817583084,0.051049087196588516,-120.0670485329372,35830.31772695622,0.0010387807851657271,-143.28088968722915,35815.41512309307,0.0010514204623177648,0.07306815683841705,0.009648255072534084,30761.928800069007,17884.492240742555
0.813271257874268,0.6187802064753322,0.6313409919393502,-0.07656534179121482,-0.11139462365334213,0.31350185416089466,0.15469587545467656,-0.3536792162933614,-151.44550837417512,-127.1641778500169,-139.30484311209602,24.28133052415822,-22.673368453979492,-22.679083347320557,-22.676225900650024,-0.005714893341064453,0.005720293149352074,-0.0011170132784172893,0.052497636526823044,0.05112123116850853,0.0006361827254295349,-0.005800254642963409,0.050431255251169205,0.053093183785676956,-128.66591268410437,35844.24311065849,0.0010875771986320615,-116.84213168650021,35823.360588060365,0.0010669056791812181,0.07248008251190186,0.011792942881584167,30739.925952228674,18553.019976736265
0.3909452314162639,0.1584816575244586,-0.08966567665341889,0.4412138710891056,0.6267951325817618,0.3676423406415996,0.22996357093570396,-0.33070960399186433,-157.25533275762052,-127.39290008998154,-142.32411642380103,29.862432667638984,-22.605583667755127,-22.631361484527588,-22.618472576141357,-0.025777816772460938,-0.005525405518710613,0.0018546531209722161,0.052552107721567154,0.05189080163836479,-0.0055376761592924595,0.0019048538524657488,0.05234350264072418,0.05178545042872429,-92.06185024276536,35837.07610378493,0.0010395844001322985,-125.59593149469995,35833.759916784096,0.0010476564057171345,0.07221902161836624,0.012394198216497898,30727.74240343798,18397.93355569728
-0.07918593635495379,-0.08741229181915798,0.48711444744312404,0.24381159458064022,-0.11440048242611768,-0.451936093205707,-0.15264129833166562,0.0,-151.44689590184402,-128.06948771760142,-139.75819180972272,23.377408184242597,-22.642593383789062,-22.616076469421387,-22.629334926605225,0.02651691436767578,-0.005356666631996632,0.0023338100872933865,0.05205292999744415,0.051943495869636536,-0.0005060119437985122,0.005843580700457096,0.05083725228905678,0.05344412475824356,-99.241505597997,35838.30523553064,0.0010728895431384444,-68.27997241591252,35819.33845458485,0.0010467000538483262,0.07260732352733612,0.012253956869244576,30728.554844978007,18326.620399792097
0.8917000412697125,0.42324310814295746,-0.06351279294609148,0.08210602663322406,0.505226432428986,0.5166840171322442,-0.11514309297004877,-0.24177919897043998,-158.47398800496484,-129.68960141773778,-144.0817947113513,28.78438658722706,-22.622416019439697,-22.61127233505249,-22.616844177246094,0.011143684387207031,-0.005715419538319111,0.0012123986380174756,0.05275709182024002,0.05147494003176689,-0.0022426003124564886,0.005432795733213425,0.050630029290914536,0.05369562655687332,-58.41816444914727,35841.74025071564,0.001043989323079586,-102.38573307284898,35835.50853396312,0.0010665985755622387,0.07208903133869171,0.01250229962170124,30735.01621974628,18713.0662159909
-0.010343813352075357,0.005454949544430186,0.10431056153877438,0.2744394151720878,0.34413251501607384,0.004340477398116271,-0.005759336832108386,0.0,-152.66907441944312,-127.68955703548264,-140.1793157274629,24.979517383960484,-22.577979564666748,-22.648296356201172,-22.61313796043396,-0.07031679153442383,0.004174028988927603,-0.004134914372116327,0.051411084830760956,0.05334532633423805,0.0033010458573698997,-0.004865831695497036,0.05057639628648758,0.05331125110387802,-125.44976269068977,35836.17200035739,0.0010586975840851665,-167.33828022761938,35809.164628728315,0.0010505612008273602,0.07318170368671417,0.010663773864507675,30958.486889587675,18292.900390197177
0.8481427560577817,0.6320832820502763,0.6668354181080545,-0.1075217265286844,-0.2257664587469578,0.4013430964080986,0.21451534364776248,-0.2934541486637924,-154.3554471230787,-128.58244310389588,-141.46894511348728,25.77300401918282,-22.64667272567749,-22.61948823928833,-22.63308048248291,0.027184486389160156,-0.003947621211409569,0.004303582012653351,0.050895851105451584,0.05302993208169937,-0.0052971914410591125,0.0025145714171230793,0.05207955837249756,0.052193302661180496,-102.79711247788367,35849.87177956825,0.0010911868885159492,-112.59128348861672,35824.64338754206,0.0010597086511552334,0.07238776981830597,0.010308055207133293,30962.056458133786,18407.01445645238
0.18762364292916253,0.0,-0.04525993754795201,0.39814456728219894,0.5089921324066524,0.10382618938211152,0.07348657919896961,0.0,-155.06498011937828,-127.59415700091935,-141.3295685601488,27.470823118458924,-22.711899280548096,-22.733259201049805,-22.72257924079895,-0.021359920501708984,-0.005684014409780502,0.0009250410366803408,0.05233404412865639,0.0508292019367218,0.0030273390002548695,-0.004935835488140583,0.05002804473042488,0.052848994731903076,-87.17086303595204,35842.5863984112,0.001029323786497116,-127.34369374377175,35830.09329681614,0.001051666447892785,0.0716361552476883,0.01202373206615448,30737.853168002945,19528.26178537057
0.1298894024492966,0.05200026167399011,0.8427154759167917,0.21565673544513794,-0.18787192814371312,-0.4891021348666986,-0.18939131039964507,0.0,-152.95247056043348,-129.04957255104418,-141.00102155573882,23.902898009389304,-22.911832332611084,-22.958691120147705,-22.935261726379395,-0.046858787536621094,-0.005518744699656963,0.0012531615793704987,0.05099470913410187,0.04982142150402069,-0.002817709930241108,0.004884036723524332,0.04872787743806839,0.05151282623410225,-146.67646570487278,35827.45944320635,0.0010668144095689058,-112.75338114636072,35827.4897251881,0.0010729273781180382,0.07080819457769394,0.011773504316806793,30737.622536507264,18830.677774656306
-0.34863537485655904,-0.6641129638136015,-0.9664670583737416,-0.6849514002217797,-0.20395048963232965,0.014287577286394071,-0.38467964507084695,0.8020371782998527,-152.60900691301168,-126.3161791657204,-139.46259303936603,26.292827747291284,-22.774202823638916,-22.771708965301514,-22.772955894470215,0.0024938583374023438,-0.002871410921216011,0.004173425491899252,0.05046636238694191,0.052027154713869095,0.0021944036707282066,0.005315127316862345,0.05113579332828522,0.05132678523659706,-23.417934963943367,35738.06675913331,0.001123257796280086,-126.97281248690815,35833.49324556128,0.0010563649702817202,0.0709679126739502,0.010206145234405994,30966.358104499606,18082.895743502748
0.0,0.012561150753981915,0.28880188398881745,0.3197329626522991,0.1845779548147622,-0.16655423136752062,0.05498981308057682,0.0,-155.70936395762124,-129.07685975994008,-142.39311185878066,26.632504197681158,-23.088223934173584,-23.09830904006958,-23.093266487121582,-0.010085105895996094,-0.0005860250093974173,-0.005538343917578459,0.04854695871472359,0.05023207888007164,-0.004441990051418543,-0.003409875789657235,0.050552256405353546,0.048091642558574677,-138.56131837557797,35825.72891643778,0.0010516197653487325,-144.95949431847708,35813.17792693994,0.001054807216860354,0.06978203356266022,0.009151779115200043,30762.215596944254,17817.113968004414
0.9618751003912547,0.4953298120007802,0.42951595132889275,-0.10412938530673355,-0.39260317659351346,-0.2236327845313612,-0.4901722594088168,-0.8439258705917494,-155.72375678617496,-128.0507274861211,-141.88724213614802,27.673029300053855,-22.995295524597168,-23.02565097808838,-23.010473251342773,-0.030355453491210938,0.0031713400967419147,0.004613859113305807,0.05040411278605461,0.04945083335042,0.0037072785198688507,0.004212912172079086,0.05057688429951668,0.04891671612858772,-140.9313702571305,35845.32377761709,0.001088261022232473,-100.14771119699303,35831.031665149356,0.0010719923302531242,0.07081247121095657,0.009926985017955303,30763.588908851758,18151.267234949668
0.11754544050695617,0.0,0.05579870977522282,0.3838105533936459,0.37348147913227076,0.11426070781918596,0.12989130355610512,0.0,-156.0309194051896,-129.55446101292563,-142.7926902090576,26.476458392263964,-23.14638614654541,-23.218824863433838,-23.182605504989624,-0.07243871688842773,0.005330223124474287,-0.0012929702643305063,0.04959624260663986,0.04853745549917221,0.005261457525193691,-0.0014816370094195008,0.049073461443185806,0.048244353383779526,-105.88720969720927,35835.059042631685,0.001032889587804675,-154.84317497902006,35829.85125395556,0.0010527420090511441,0.0679364949464798,0.011541160754859447,30733.795155856737,18551.127128817254
0.8361428183160451,0.8232240180913621,1.0,-0.0700516594164899,-0.21378544060939758,-0.20164175107834587,-0.34095924372116093,-0.7392926793415797,-152.09261432318078,-126.87402658530891,-139.48332045424485,25.21858773787187,-23.301985263824463,-23.404507637023926,-23.353246450424194,-0.10252237319946289,-0.00010786102939164266,-0.00541496928781271,0.04716832563281059,0.04920395091176033,-0.0016368469223380089,-0.00511112529784441,0.047321438789367676,0.04793764650821686,-209.51787703621042,35826.505024295555,0.0010613815393298864,-174.3754958634282,35828.99624439693,0.0010742072481662035,0.06815747916698456,0.009164831601083279,30753.87097079674,17990.959645866435
0.16615559083504222,0.1085625453634128,-0.10243318442782438,-0.027892979660144757,0.27751189933559073,0.3561971286056478,0.054386206796818604,0.0,-160.09984202265576,-128.57863129581528,-144.33923665923552,31.52121072684048,-25.402469635009766,-25.587890148162842,-25.495179891586304,-0.18542051315307617,0.003073884639889002,-0.0028778051491826773,0.037214409559965134,0.03846750780940056,-0.0006978454766795039,0.004101992584764957,0.03602864220738411,0.038033440709114075,-355.30000830621606,35848.41822895494,0.001067831297405064,-385.9106089564012,35819.778511778815,0.0010483094956725836,0.05261024832725525,0.007556907832622528,30960.76976195787,18687.016162704673
0.4594996368009252,0.44452317289229676,0.9142939741944135,0.8111061892878568,0.1635679688879141,-0.6315628806118011,-0.45545267828349817,-0.790295443887618,-152.71385156172323,-127.09710081692373,-139.90547618932348,25.616750744799504,-25.463836193084717,-25.577197074890137,-25.520516633987427,-0.11336088180541992,-0.0013090281281620264,0.00400665495544672,0.03647888824343681,0.03864547982811928,0.003934301435947418,0.0014054432976990938,0.03816680610179901,0.03598012402653694,-374.5293776106397,35847.93269038289,0.001090342877432704,-417.28591430995607,35820.3845739037,0.0010650029871612787,0.05273747444152832,0.006927879061549902,30516.075433143906,19463.652483909784
-0.06497536868882176,0.0021981689800937977,-0.002131144083102754,0.8483813367843236,-0.3680205217240645,-0.4388819428467774,-0.6491343443318438,-0.9976100162762964,-153.98874938456265,-127.81257885692906,-140.90066412074586,26.176170527633587,-25.44013738632202,-25.393431186676025,-25.416784286499023,0.046706199645996094,-0.00222146138548851,-0.0035855763126164675,0.03794598579406738,0.037414051592350006,-0.0029914192855358124,-0.0030394280329346657,0.0385977141559124,0.03715408220887184,-337.5515908033244,35831.33455220883,0.0010580470552667975,-353.4420512753452,35829.457139527425,0.0010874840663746,0.053221285343170166,0.007242718245834112,30763.784182500374,18060.410301536234
-0.012017808697012494,0.0,0.04204373123073696,0.3227735717111899,0.3833489231499975,0.1665054045357927,0.0465532437634949,0.0,-153.669534389965,-128.010882191961,-140.840208290963,25.658652198004006,-25.375919342041016,-25.377752780914307,-25.37683606147766,-0.0018334388732910156,0.00042274544830434024,-0.004222789313644171,0.03700236231088638,0.03889578953385353,0.0039271023124456406,-0.0016806679777801037,0.037987276911735535,0.03791521117091179,-290.9749939404591,35822.62503618511,0.0010333009995520115,-313.8165771845366,35836.926072596405,0.0010613750200718641,0.0530875064432621,0.0072560119442641735,30754.323384889944,18041.739953079865
0.655413519095366,0.874213979930919,0.9401228311409995,0.0284721804904835,-0.22406473394354748,-0.21673997918249854,-0.4807100187868716,-1.0,-156.21661380280216,-129.0357429088184,-142.62617835581028,27.18087089398375,-25.254814624786377,-25.284457206726074,-25.269635915756226,-0.029642581939697266,0.0008079265244305134,-0.00425663311034441,0.037421587854623795,0.039533887058496475,0.0023463936522603035,0.003633183892816305,0.038692861795425415,0.0380256213247776,-322.4772667760459,35844.04377104167,0.0011058064410462976,-328.45208708601723,35827.47274859684,0.0010998783400282264,0.05447506159543991,0.007432329002767801,30769.160409100205,18011.547263376426
0.18413912118456938,0.0,-0.053311261770131776,0.14423182922477498,0.2389996296511197,0.17003768469224395,-0.004082883450580721,0.0,-155.36177054856017,-126.64532750791389,-141.00354902823705,28.716443040646283,-25.265300273895264,-25.278236865997314,-25.27176856994629,-0.012936592102050781,-0.0005515668890438974,-0.004254472441971302,0.0378212071955204,0.039064500480890274,0.002191920531913638,-0.003716926323249936,0.03730534389615059,0.03944269195199013,-256.9998476312268,35836.690914073835,0.001055872649885714,-370.05144914411744,35812.36691492579,0.0010449736146256328,0.05378326028585434,0.00703604007139802,30763.872535667233,17841.660443903518
0.7323225422994257,0.5841533417597979,0.9803720308750549,0.7404059071687824,0.013436432025068556,-0.6140122113927678,-0.39639356969597284,-0.652496196296533,-153.59451111325467,-127.98999835974712,-140.7922547365009,25.60451275350755,-25.32416582107544,-25.320253372192383,-25.32220959663391,0.003912448883056641,-2.9266469937283546e-05,-0.004283021669834852,0.037356600165367126,0.03899964690208435,-0.0005119025008752942,0.004281346686184406,0.037201881408691406,0.039177872240543365,-307.93410536308784,35844.811345407354,0.0010892675491049886,-340.2133759216663,35845.44942564666,0.0010576096829026937,0.053877443075180054,0.007216691970825195,30765.1058254292,17820.626966679916
0.9021876057022741,0.4182479115151194,-0.06739131559609018,-0.1919396785309064,0.19836761853154178,0.33382042409274765,-0.09654079239792912,-0.15127268063007349,-153.72555871664002,-128.16275888044174,-140.94415879854088,25.56279983619828,-25.3298020362854,-25.350310802459717,-25.34005641937256,-0.020508766174316406,0.0035099980887025595,-0.0024501285515725613,0.03777400404214859,0.03854644298553467,3.8425241655204445e-05,0.004288828931748867,0.03724057972431183,0.03888395428657532,-353.80592988751965,35823.377908604816,0.0010618933010846376,-339.83511708378035,35838.517064895765,0.0010926768882200122,0.053256258368492126,0.008474546484649181,30963.6976377891,17970.08866132642
-0.04215310344410685,0.04248230277143355,0.1704299357548531,0.3559005495519576,0.30069509970425956,0.16101533356572517,0.12865989976088532,0.0,-154.00322649258578,-128.79403844166063,-141.3986324671232,25.20918805092515,-25.34663200378418,-25.398266315460205,-25.372449159622192,-0.05163431167602539,-0.002622312866151333,0.0033586169593036175,0.037186428904533386,0.038970548659563065,-0.0012814269866794348,-0.004057648126035929,0.037604667246341705,0.03811778128147125,-305.52583224905277,35832.53245295674,0.0010832753032445908,-290.6303309464589,35839.01588456977,0.0010562704410403967,0.05295095965266228,0.007287801243364811,30965.149210351894,18618.037413686325
0.858907454986316,0.9158789909471323,0.7579250515874169,0.15611661874399496,-0.15961124305453273,-0.1937677100513488,-0.4672456949625456,-1.0,-155.38570476379243,-126.02512015974412,-140.70541246176828,29.360584604048313,-25.455293655395508,-25.432488918304443,-25.443891286849976,0.022804737091064453,0.0036830706521868706,0.002042651642113924,0.03863025829195976,0.03657200187444687,0.0037899452727288008,-0.0019396399147808552,0.03759627044200897,0.03782764822244644,-330.17359628198176,35855.21486342445,0.0011176917469128966,-317.93606690035404,35850.05416570157,0.0011008690344169736,0.053287677466869354,0.007604626938700676,30758.773779916017,17972.643157849427
0.13428392254228924,-0.02522475205952977,-0.05642458510689485,0.1759536647664081,0.2369052473318285,0.07915166038031812,-0.0718480379240467,0.0,-156.82424797641573,-129.57367353073258,-143.19896075357417,27.250574445683156,-25.510506629943848,-25.492196083068848,-25.501351356506348,0.018310546875,0.0020294501446187496,0.0036806173156946898,0.037546902894973755,0.037203989923000336,-0.0007310932269319892,0.004148532636463642,0.036417338997125626,0.03846406936645508,-348.6125342064478,35806.038857661406,0.001042972202412784,-415.90864092641283,35814.7764916523,0.0010401267791166902,0.05248439311981201,0.007288285531103611,30764.004598912255,18058.406857147675
0.795792592264724,0.8230006426559997,0.9422384513544899,0.7788005209035644,0.1286493310695109,-0.48044414088180354,-0.5664428586574035,-1.0,-153.02402486443543,-127.62112944904572,-140.32257715674058,25.402895415389708,-25.31733751296997,-25.37949562072754,-25.348416566848755,-0.06215810775756836,0.0017258781008422375,-0.003939871676266193,0.037100162357091904,0.039300475269556046,0.004260148853063583,-0.00011363544035702944,0.038725461810827255,0.037146419286727905,-353.0332453501729,35836.99474082597,0.0010967012494802475,-337.80796230315076,35863.47698849515,0.0011245751520618796,0.0536571741104126,0.006956921890377998,30752.992285815442,18602.77898535595
0.5625796087270074,0.3766451558727429,-0.08530831431400915,-0.08166218864168426,0.448555602132796,0.4109620842022746,-0.01057883083411415,0.0,-158.2183598169525,-128.32364964713855,-143.27100473204553,29.894710169813948,-25.265448093414307,-25.24449348449707,-25.25497078895569,0.020954608917236328,-0.0008129383786581457,0.004221470095217228,0.037388745695352554,0.03947635367512703,0.004263985902070999,-0.0007352739339694381,0.039085738360881805,0.037983592599630356,-364.16958254584216,35844.5766947662,0.001062957220710814,-326.96248995780496,35843.33247826896,0.001078902161680162,0.053842440247535706,0.007429748307913542,30762.37417244445,17972.537351771018
-0.06246317441654275,0.07209649112984849,0.25576706012407907,0.4050786085472856,0.2786090368044309,0.14983353524919762,0.0349452331485941,0.0,-154.2758588380733,-129.0722870536959,-141.6740729458846,25.203571784377402,-25.338876247406006,-25.335099697113037,-25.33698797225952,0.00377655029296875,-0.004285435192286968,2.3927859729155898e-05,0.0389353409409523,0.03729052469134331,0.004083748906850815,-0.001377028413116932,0.038345079869031906,0.037928033620119095,-340.50554089933604,35842.62851031822,0.0010972791351377964,-322.8065879902874,35802.5576245701,0.0010534795001149178,0.05315796285867691,0.008106140419840813,30747.098837218244,18274.03109219463
0.9768634081163251,0.9818680457119054,0.7369512077980509,0.28623041962189644,-0.12719233284394355,-0.33582043541510354,-0.5599744513531543,-1.0,-155.9467147505044,-125.82300212035187,-140.88485843542816,30.12371263015254,-25.29470443725586,-25.315775871276855,-25.305240154266357,-0.021071434020996094,-0.0022783849854022264,0.0036458361428231,0.03729540854692459,0.039311304688453674,-0.00249356753192842,-0.0035114542115479708,0.03864593431353569,0.03779487684369087,-322.0373656670214,35852.69508041718,0.0011015631025657058,-310.56621838148226,35837.5626679243,0.0010887373937293887,0.05397424101829529,0.007272453047335148,30971.001965163352,19312.430549674362
0.16381550331033792,-0.01723380620106637,0.0271387261048687,0.26601156644376733,0.3261104566091079,-0.01770523733406182,-0.18915060279035845,0.0,-156.22023591161138,-128.74066778775654,-142.48045184968396,27.479568123854847,-25.23683786392212,-25.235393047332764,-25.23611545562744,0.0014448165893554688,-0.004215791821479797,0.000899778155144304,0.03904392197728157,0.03809768706560135,0.002010906348004937,-0.0038529965095221996,0.037459276616573334,0.039665523916482925,-285.62184824142577,35843.40242561099,0.001049746642820537,-402.7831331756884,35828.1930297899,0.0010354578262194991,0.05326400324702263,0.008938238024711609,30734.918635492486,18630.402009840214
0.10318367822552058,0.4589328135236014,0.6800797467477488,0.5163541223592989,-0.28879870855585243,0.22139564212896212,0.2710661317426055,-0.02860948737117297,-154.113043312471,-129.1803765269397,-141.64670991970536,24.932666785531296,-24.895238876342773,-24.79917049407959,-24.84720468521118,0.0960683822631836,0.0005584835889749229,0.004462637938559055,0.039447665214538574,0.04078163206577301,-0.003030498279258609,0.003449381096288562,0.0396406427025795,0.041466616094112396,-363.1295152998122,35830.4647361689,0.0010895180748775601,-216.4682701095932,35824.20318915315,0.0010935011086985469,0.05671824514865875,0.007543894927948713,30761.24399218333,17869.72289459806
0.2800360521966872,0.29232312914046676,-0.07715025422669843,-0.08654104343459612,0.3164754595144473,0.32107057531231264,0.11504910623133668,0.0,-156.25530740809083,-129.31084786830382,-142.7830776381973,26.944459539787005,-24.587767124176025,-24.582066535949707,-24.584916830062866,0.005700588226318359,-0.002137415576726198,-0.004123041871935129,0.041676562279462814,0.04145653918385506,-0.001834013732150197,0.004304074216634035,0.04035492241382599,0.04279378429055214,-262.90005757591064,35846.80769381248,0.0010487904073670506,-196.56933152261612,35833.75683480193,0.001065978896804154,0.058802150189876556,0.007880352437496185,30763.67238370169,18029.629956578206
0.0,0.05404954325854873,0.4521756301346503,0.5083864269049977,0.22203817633257075,0.1723112184621337,0.086568550380143,0.0,-153.7280495487065,-127.08001587339584,-140.40403271105117,26.64803367531067,-24.704248905181885,-24.802532196044922,-24.753390550613403,-0.09828329086303711,0.0033280430361628532,0.003173875156790018,0.04181622713804245,0.040191810578107834,0.004201867617666721,0.0017428380670025945,0.041717350482940674,0.03934909403324127,-257.1393651921536,35850.203223403674,0.0010770541848614812,-328.8379226923085,35817.929709722775,0.0010528885759413242,0.05770157650113106,0.00862889550626278,31006.482840226836,18862.741331492867
0.9763684201583704,0.9335890846497621,0.3526009159203371,0.14834174154996765,-0.10858553507355645,-0.29240705757743424,-0.5697285803865634,-1.0,-153.2064179389149,-124.79385303361039,-139.00013548626265,28.41256490530452,-25.082688331604004,-25.080065727233887,-25.081377029418945,0.0026226043701171875,-0.000690878601744771,0.004337172023952007,0.03820333257317543,0.04029708355665207,-0.0008889766177162528,0.004338657483458519,0.0381610170006752,0.0403563566505909,-271.0492736275411,35826.087020612584,0.0010679506231099367,-281.4907553788348,35833.007636380986,0.0010984031250700355,0.055215995758771896,0.007545880973339081,30749.623825798644,18399.366415636698
0.19321840306071736,-0.031565506043783324,0.10108086405195421,0.3347269816696187,0.3797133074949043,0.06371234559776201,-0.10803653585937667,0.0,-155.49227839771848,-130.72912509335157,-143.11070174553504,24.76315330436691,-25.077967643737793,-25.051798820495605,-25.0648832321167,0.0261688232421875,-0.0026637734845280647,-0.003500281134620309,0.0397576168179512,0.03880716860294342,-0.0024887423496693373,-0.0036655147559940815,0.03979305177927017,0.03900855779647827,-255.42453554946366,35828.281529903645,0.0010446275118738413,-277.1283043515024,35842.32834319825,0.0010508447885513306,0.05509931221604347,0.00809996947646141,30763.386236447528,18245.696249070847
0.6508093880619019,0.905744732904761,0.8157155699380064,0.35885110372664675,-0.21598292263399577,-0.13247593827475368,-0.3794207720417388,-1.0,-149.9910228246721,-125.37588477068243,-137.68345379767726,24.615138053989654,-24.96586561203003,-25.032835006713867,-24.99935030937195,-0.06696939468383789,0.0013805609196424484,-0.0042619723826646805,0.0386289544403553,0.04092632979154587,0.0011625493643805385,0.0042876023799180984,0.03912762179970741,0.039846621453762054,-371.0365154694973,35839.373235753876,0.0010666383896023035,-267.1412367137453,35835.43968513246,0.0011084978468716145,0.0561404675245285,0.007438442669808865,30747.653831486263,19421.40488302777
0.04915110359541947,-0.0001551681280930655,-0.10367698171312195,-0.06787852942410186,0.12727971818934392,0.04155837184574118,0.01657243592461788,0.0,-156.81844509841372,-127.85293395576514,-142.33568952708941,28.96551114264858,-25.209033489227295,-25.186078548431396,-25.197556018829346,0.022954940795898438,-0.001487483037635684,-0.004095320589840412,0.03852644935250282,0.03886393830180168,-0.004365438129752874,2.181417221436277e-05,0.039635080844163895,0.037942733615636826,-220.21217587992282,35814.97978805144,0.0010650649201124907,-255.87065398723163,35807.18479424163,0.0010258026886731386,0.05437437817454338,0.007154567167162895,30763.625067770874,17930.22633870763
0.0,0.05250047993346481,0.9549586428497783,0.8335239213737812,-0.09641373175361104,-0.2902855868191644,0.06919861168319386,-0.0032875202204686316,-155.11519532972142,-127.81223370748552,-141.46371451860347,27.302961622235898,-25.382061004638672,-25.41982650756836,-25.400943756103516,-0.0377655029296875,0.0017754584550857544,0.003872945439070463,0.0379268079996109,0.037939075380563736,-0.0039003861602395773,-0.001657105516642332,0.038855381309986115,0.036649640649557114,-203.1649524409572,35840.97686418758,0.0010783012257888913,-328.73920702824387,35845.22944776646,0.0010615703649818897,0.05359684303402901,0.0072287945076823235,30765.237028069914,17957.027059774307
0.9724221753389943,0.8261446949498186,0.18420373429073736,-0.025292168384213443,-0.09769586864445295,-0.3113748159924256,-0.7173968757574022,-0.9501215575215404,-154.51581729826592,-124.9201494077322,-139.71798335299906,29.59566789053372,-25.446255207061768,-25.424973964691162,-25.435614585876465,0.02128124237060547,-0.0035264752805233,0.00236350204795599,0.0373024046421051,0.03799980878829956,0.0032283184118568897,-0.002763735596090555,0.03713926300406456,0.03834200277924538,-389.42077734136706,35803.75613081741,0.0010496422182768583,-351.37627957375946,35845.538192167834,0.0010914395097643137,0.05278700217604637,0.008252440951764584,30964.679516262357,17949.2732308974
0.07041826623372589,-0.009777637978209174,0.11984172342662648,0.31735360137807667,0.38579279307081416,0.15398132760637812,0.04632379059296454,0.0,-155.3450481314592,-130.17395588752242,-142.7595020094908,25.171092243936783,-25.417568683624268,-25.3840970993042,-25.400832891464233,0.03347158432006836,-0.003317958675324917,0.0026370773557573557,0.03728104382753372,0.038269419223070145,0.0009376807138323784,0.004157767631113529,0.03748549893498421,0.03835730627179146,-336.09969618368194,35826.08938108284,0.0010862365597859025,-342.88845308848363,35831.935029500535,0.0010518428171053529,0.05224292725324631,0.007925104349851608,30963.517057782636,18068.653450221995
0.8203608761125974,0.9094785192113146,0.8144819795569898,0.27558755401113694,-0.14231582175937268,-0.2153900395300825,-0.4159973149092386,-1.0,-153.2134704105069,-125.37836056030625,-139.29591548540657,27.835109850200638,-24.71756935119629,-24.647884368896484,-24.682726860046387,0.06968498229980469,-0.0020749475806951523,-0.004101509228348732,0.04103337600827217,0.04086434468626976,-0.0026916763745248318,0.003780059516429901,0.04020433500409126,0.04232523590326309,-370.6126681145176,35843.725487868534,0.001072472077794373,-278.04996437789686,35852.35834764884,0.0010903490474447608,0.05814800411462784,0.0076388088054955006,30764.359282164438,17963.76285986213
0.06359889906456417,0.0,-0.09810045723259161,0.044203652953745676,0.18535258510422659,0.06835337287941962,-0.06102968710138934,0.0,-156.30026354299426,-128.25107977680557,-142.2756716598999,28.04918376618869,-24.513776302337646,-24.618239402770996,-24.56600785255432,-0.10446310043334961,0.0029312828555703163,0.003653805237263441,0.04247286543250084,0.04136434569954872,-0.0036949780769646168,0.002840373432263732,0.040870290249586105,0.04196113348007202,-310.3537698175924,35823.795267123256,0.0010649744654074311,-340.0341566629319,35827.87754062117,0.0010442195925861597,0.058974094688892365,0.008529030717909336,30762.827653615248,18440.29304921905
0.2739628476404305,0.20930774002665398,0.8089524402890753,0.8270043073479773,0.17014500233451985,-0.5595035973628474,-0.5574160464228368,-0.8121010427004245,-149.97592415148495,-126.0702242408538,-138.02307419616938,23.905699910631142,-25.685367584228516,-25.93053102493286,-25.80794930458069,-0.2451634407043457,-0.004032855853438377,-0.0008043927373364568,0.03763482719659805,0.03559955209493637,-0.0013554961187765002,-0.0037623592652380466,0.0354546383023262,0.035768214613199234,-365.00526878927053,35815.49460461576,0.0010677265236154199,-450.2314057364854,35842.941807705545,0.0011118025286123157,0.051611240953207016,0.007390864659100771,30754.528659777723,18031.44995354035
0.9427070564839646,0.35493972227581416,-0.09870960977759173,-0.04425100014290301,0.5220049574858991,0.5107175890844668,-0.1683884741828714,-0.02354383730281273,-158.83172863794016,-129.59426431785823,-144.2129964778992,29.237464320081926,-25.90660333633423,-25.836327075958252,-25.87146520614624,0.07027626037597656,0.00023410582798533142,-0.003987070173025131,0.03485654667019844,0.03654532507061958,0.0009758328087627888,-0.003935426473617554,0.034958306699991226,0.0370112806558609,-406.47565381395077,35844.312275317505,0.0010618054075166583,-349.34138549423676,35845.587390123546,0.0010867464588955045,0.050269484519958496,0.006650896742939949,30759.97150002648,17881.295675025984
0.0,0.027978996583144577,0.2768441998038251,0.5495109243047385,0.47424970850174775,0.23714031882376507,0.2412858068065259,0.0,-152.58178727019896,-128.37379617755835,-140.47779172387865,24.20799109264061,-25.76744794845581,-25.727877616882324,-25.747662782669067,0.03957033157348633,0.00011183659080415964,-0.004062899854034185,0.03544409200549126,0.037111375480890274,-0.0005786839174106717,-0.004052375443279743,0.03587976098060608,0.037016212940216064,-375.4062543210512,35852.879365254834,0.001088544144295156,-341.05451031621504,35819.137083113936,0.0010562555398792028,0.05066407844424248,0.006900965701788664,30761.890244238348,17872.176264898826
0.8108609592385063,0.8572539842039965,0.8939569281133931,0.32777110707172297,-0.12579683337383435,-0.3157296895190763,-0.5525582179295205,-1.0,-153.8391421976687,-123.8068548639099,-138.8229985307893,30.032287333758802,-24.932239055633545,-24.879896640777588,-24.906067848205566,0.05234241485595703,0.004360776394605637,-0.0010467648971825838,0.0403844378888607,0.0395093597471714,-0.0014712689444422722,0.004288164898753166,0.03899906203150749,0.041345737874507904,-263.8020877814277,35837.60755586113,0.0010732992086559534,-235.69767146499876,35840.165657414494,0.00110049603972584,0.056019484996795654,0.009557272307574749,30980.13500598932,20234.128821547954
0.11713326538305162,-0.009067675091296194,-0.010270608298635742,0.1998251254955607,0.23339105402314708,0.09638915511120888,-0.0387849231328502,0.0,-157.58948192793167,-129.6479668842885,-143.6187244061101,27.941515043643165,-24.450557231903076,-24.380669593811035,-24.415613412857056,0.06988763809204102,-0.0042682429775595665,-0.0019752143416553736,0.043396297842264175,0.041029270738363266,-0.0007726048934273422,-0.004716840572655201,0.04193669557571411,0.04319080337882042,-218.61178425805286,35849.91963714713,0.001055514090694487,-256.0043754219274,35831.139893753025,0.0010418124729767442,0.05908378213644028,0.008250260725617409,30756.55745047782,17998.487401886785
0.9946163021111355,0.8874492241155991,0.8781626578041984,0.6297467151932757,0.18756108364711993,-0.45348662970263215,-0.5832159483287547,-1.0,-152.55578595864608,-124.62286840788391,-138.589327183265,27.93291755076217,-24.213943481445312,-24.24506187438965,-24.22950267791748,-0.031118392944335938,-0.004094145260751247,-0.0026867948472499847,0.04450796917080879,0.0422465018928051,-0.004442200530320406,0.0019966678228229284,0.04323042929172516,0.04324420168995857,-268.83982119703467,35829.07637214583,0.0010563693940639496,-270.80112838956353,35824.03723384324,0.00108639569953084,0.06137577444314957,0.009084692224860191,30760.283515762603,18003.411144200974
0.7090887093847503,0.16518604483830474,-0.09293384267258886,-0.19299635774096854,0.22882454021541626,0.36470776439093633,-0.05306381900189627,0.0,-156.01985208539463,-128.55024085588929,-142.28504647064196,27.469611229505347,-24.238860607147217,-24.246490001678467,-24.242675304412842,-0.00762939453125,-0.0015047681517899036,-0.004595609847456217,0.04298893362283707,0.04354988783597946,-0.0018006820464506745,-0.004529823549091816,0.04311790689826012,0.04334164038300514,-250.2974149767073,35834.94308033952,0.0010661990381777287,-253.45398278829745,35820.918354396315,0.0010765631450340152,0.06136617064476013,0.007993740029633045,30764.81037701836,17902.478551604745
-0.0460838804220225,0.06103506031558163,0.27065892264781655,0.4554188082536245,0.27040284200660947,0.13373676117814248,0.22783982672943415,0.0,-155.50509761953856,-131.0340863410184,-143.26959198027848,24.471011278520166,-24.19095516204834,-24.253206253051758,-24.22208070755005,-0.06225109100341797,0.0031154416501522064,-0.0037521810736507177,0.0425262488424778,0.04446969926357269,0.003966971300542355,-0.002804052084684372,0.04271915927529335,0.043670061975717545,-216.45609710793005,35835.942629844605,0.0010579299414530396,-266.9846006192225,35837.04836866141,0.0010510847205296159,0.06036561727523804,0.008350676856935024,30963.53565821747,18769.61593006846
0.9631492178763735,0.8866231142207779,0.7067849604157852,0.17407664019296232,-0.07461484413796066,-0.2615465820707005,-0.5909117125767352,-1.0,-153.9451781541187,-123.85852353377072,-138.90185084394471,30.086654620347986,-24.355807304382324,-24.33936357498169,-24.347585439682007,0.016443729400634766,-0.004082086496055126,-0.002495529130101204,0.04381163790822029,0.041539911180734634,-0.0005473826313391328,0.004770082421600819,0.04164504632353783,0.043868742883205414,-248.86230219940424,35825.101484936684,0.001047639874741435,-220.39803279829783,35835.50970656997,0.0010783456964418292,0.0604914128780365,0.008716486394405365,30759.56034211812,17974.730488880166
0.09860313889962702,0.0,-0.02318294705461668,0.2396505304143861,0.2910214518335714,0.14189461802847886,-0.0042784502702115645,0.0,-157.90982932232788,-131.99998864325846,-144.95490898279317,25.90984067906942,-24.393301010131836,-24.453539848327637,-24.423420429229736,-0.06023883819580078,-0.004467387683689594,0.0016374709084630013,0.04270227253437042,0.042311497032642365,0.001246429281309247,-0.004578249529004097,0.04098508507013321,0.04340512305498123,-219.9836517975601,35826.76666515388,0.0010574065381661057,-320.5106036449139,35820.2039641398,0.0010273929219692945,0.05861027538776398,0.009983418509364128,30727.079019885907,18689.872029859496
0.8465077291990399,0.9318696028439175,0.9163546547348033,0.5995998067386799,0.07856073451385687,-0.26012771374809435,-0.46362064245031986,-1.0,-150.5798570462016,-124.47285375044959,-137.5263553983256,26.10700329575201,-24.853129386901855,-25.01676321029663,-24.934946298599243,-0.1636338233947754,-0.0026761891786009073,0.003652181476354599,0.039304811507463455,0.04129989445209503,0.003578346688300371,0.0026353076100349426,0.04054620489478111,0.03855322673916817,-365.6798815184755,35825.28111905461,0.0010675289668142796,-379.10921228741046,35851.13140370628,0.0011011951137334108,0.056623585522174835,0.0077171362936496735,30962.718040684686,18661.971065603928
0.02488887793719754,0.0770113266934318,-0.09030466095369456,-0.11019497735219352,0.25508893003833566,0.3081650565978838,0.04503020900264676,0.0,-156.90310853967554,-128.9841077071079,-142.94360812339173,27.919000832567633,-25.415959358215332,-25.421109199523926,-25.41853427886963,-0.00514984130859375,0.0012688135029748082,0.004033944569528103,0.03751364350318909,0.03805648535490036,-0.004139806609600782,0.0010588897857815027,0.03812756761908531,0.03739086166024208,-358.92116416750173,35838.571065429656,0.0010640047257766128,-358.7324519171104,35827.43645296655,0.0010276606772094965,0.05326921120285988,0.006919472012668848,30765.373730161456,17905.61550923092
-0.040730173338911886,0.06972385094646498,0.3555614218904218,0.527739799096209,0.31203686961673427,0.12006518343698713,0.007116665090457719,0.0,-151.61124561135085,-128.04702466180402,-139.82913513657743,23.564220949546836,-25.696895122528076,-25.785703659057617,-25.741299390792847,-0.08880853652954102,-0.0009221378713846207,-0.003998767584562302,0.03615879639983177,0.03700217232108116,0.0011732637649402022,-0.003928244113922119,0.03514548018574715,0.03724148869514465,-376.27225570421206,35832.162872661225,0.0010726789478212595,-343.14037649018724,35808.827245669374,0.0010679103434085846,0.05138973891735077,0.006699001882225275,30762.421405764726,17865.161486382272
0.02096577657701182,-0.024422167959878505,-0.3914079849672393,-0.6015736941985201,-0.659123728209415,-0.6836897430141056,0.17416156138856495,-0.009527002848920175,-156.86926302991986,-127.42293831600963,-142.14610067296474,29.44632471391023,-25.119569301605225,-25.50466537475586,-25.312117338180542,-0.38509607315063477,-0.0032985671423375607,-0.002889621537178755,0.039915453642606735,0.038261305540800095,0.002754026558250189,-0.00318679166957736,0.03654436767101288,0.03823775425553322,-324.4065791832165,35826.9147293262,0.001057851011864841,-375.7851421525856,35832.19622397906,0.0010819283779710531,0.05564751476049423,0.008221651427447796,30761.359850337485,18154.066082761783
0.05652909274084013,-0.01599467761187994,0.023693953573504456,0.17118181470623578,0.26266873878325614,0.04195596625348552,-0.10491857962811091,0.0,-156.25656294252894,-129.62222298307333,-142.93939296280115,26.634339959455616,-25.49189329147339,-25.072021484375,-25.281957387924194,0.41987180709838867,0.0027884976007044315,-0.0031641877721995115,0.036655280739068985,0.03823939338326454,-0.004320201463997364,-0.0008715474978089333,0.04038882628083229,0.038204554468393326,-345.26869520601923,35818.780887171386,0.001030773506499827,-397.03670995401774,35833.43746900967,0.0010377359576523304,0.05186096951365471,0.0071277376264333725,30964.62722114488,18452.145523965293
0.8208257899149429,0.9774321399739743,0.835879364426253,0.444734918790458,-0.13307340768209922,-0.030513719946529183,-0.39531368814500506,-1.0,-155.66158478122375,-128.37147158139396,-142.01652818130884,27.29011319982979,-25.021305084228516,-24.662134647369385,-24.84171986579895,0.35917043685913086,-0.003036808455362916,0.0032308148220181465,0.0387435220181942,0.04032471030950546,-0.0012494113761931658,-0.004474216140806675,0.040851835161447525,0.04156516119837761,-287.1165832829647,35834.36493143666,0.001077241962775588,-131.0438069230815,35828.26061896629,0.0010908845579251647,0.05522071197628975,0.007837838493287563,30964.048231094464,18365.20713327792
-0.011179956005486243,0.0034938968444663864,-0.021027106746714333,0.02944266415388641,0.18575621004011977,0.11740243370793457,0.0478135722848142,0.0,-157.73005120393537,-132.1269531258945,-144.92850216491493,25.603098078040887,-24.948885440826416,-24.921960830688477,-24.935423135757446,0.026924610137939453,-0.004427225328981876,-0.0005774120218120515,0.04089353606104851,0.03882654011249542,-0.004512513987720013,-0.0002652467228472233,0.04094409942626953,0.03902259096503258,-214.39788214844893,35834.4058559666,0.001065308228135109,-206.90677824581044,35803.57739146644,0.001027457881718874,0.05586478114128113,0.008265802636742592,30749.461002576067,18178.96766494932
-0.012641558568519541,-0.0035741920035065183,0.49991216950845774,0.6291805252816925,0.2826467173523341,0.12078414227235307,0.0059603493755602255,0.0,-154.0424184617041,-128.4257969696875,-141.2341077156958,25.616621492016606,-23.992912769317627,-23.49391460418701,-23.74341368675232,0.49899816513061523,-0.0004534246982075274,0.004968883469700813,0.043388281017541885,0.04560849815607071,0.0008840531227178872,0.00526062585413456,0.04647837206721306,0.04779543727636337,-71.66440326413279,35831.815895901396,0.0010507659753784537,-177.94858878583173,35838.13780671412,0.0010583475232124329,0.062227386981248856,0.008471534587442875,30752.98245946689,18104.99738769502
0.966689651850022,0.5756603536264122,-0.08057084663985804,-0.044786516617079636,0.18570824782079054,0.1565722461574719,-0.21454204355971424,-0.269599640251429,-156.2871143520171,-126.69896569852062,-141.49304002526887,29.58814865349649,-22.44257926940918,-22.26745843887329,-22.355018854141235,0.17512083053588867,0.00587852718308568,0.0009218706982210279,0.05460016801953316,0.05178485065698624,-0.005086994264274836,-0.0033912528306245804,0.055708806961774826,0.05283820256590843,-119.78490823537994,35822.54049500402,0.0010529605206102133,-84.18513246206946,35843.24035747661,0.0010613701306283474,0.07472909986972809,0.010842973366379738,30749.559321082146,18147.610051429543
-0.0002008095569337934,0.006060159922764692,0.20155998991921212,0.34788895892022087,0.3878710817321995,0.2398824331911228,0.1485956711764721,0.0,-155.0931048435088,-131.3117423079184,-143.2024235757136,23.781362535590404,-23.35365056991577,-23.629190921783447,-23.49142074584961,-0.2755403518676758,0.00315109733492136,0.0043499888852238655,0.04844307526946068,0.047374479472637177,-0.0051340581849217415,0.0010500771459192038,0.046976227313280106,0.0458441898226738,-171.5818529489957,35839.10136501467,0.0010651423363015056,-174.2191720815795,35816.94057131638,0.001050999155268073,0.06747512519359589,0.009627117775380611,30763.486271791768,18163.87253640994
0.9408974897182869,0.9527710235048243,0.8880446759158497,0.3326315678976761,-0.0663273147867558,-0.2727928525574993,-0.4899360606732195,-1.0,-154.75229648884107,-125.37129679043122,-140.06179663963616,29.380999698409852,-22.579784393310547,-22.32645273208618,-22.453118562698364,0.25333166122436523,0.0026489202864468098,0.00529402494430542,0.052485715597867966,0.05226140841841698,-0.0010042705107480288,0.005983178038150072,0.052442602813243866,0.05536825582385063,-144.7138082146636,35829.366334391845,0.0010513504967093468,-121.50519044521154,35827.01238190214,0.0010616397485136986,0.07439860701560974,0.009825333952903748,30764.32031932435,17964.13940999403
0.09666414927856185,0.0,0.032486560864478084,0.21019197161219805,0.2238242967891897,0.08789413819337699,-0.022784972770735212,0.0,-155.93074887953065,-128.32514203157498,-142.12794545555283,27.60560684795567,-21.90866708755493,-21.89493179321289,-21.90179944038391,0.013735294342041016,0.0034746420569717884,0.005284233950078487,0.05706219747662544,0.05610329285264015,0.005041633732616901,-0.0038892393931746483,0.05591823533177376,0.05741679295897484,-89.41330551170988,35850.1449604955,0.0010596346110105515,-156.00123959420102,35828.45333928657,0.0010325447656214237,0.07945505529642105,0.011095117777585983,30763.837054219173,18124.669636239163
0.9810184368309136,0.7382538016557856,0.8248938210110346,0.44714874329683396,0.11866295917416514,-0.5193076043718478,-0.330621412041223,-0.7755815746204094,-155.1069695375189,-128.3924591503246,-141.74971434392177,26.71451038719428,-21.724905967712402,-21.714892387390137,-21.71989917755127,0.010013580322265625,-0.005923852324485779,0.002642751205712557,0.057830266654491425,0.0577559657394886,0.00628654845058918,-0.0017308761598542333,0.05836646631360054,0.0573456697165966,-139.15214286046276,35832.88782301348,0.0010532974265515804,-148.31433439109057,35830.607988061296,0.0010786139173433185,0.08042441308498383,0.013665955513715744,30971.56962246314,18097.45446340811
0.9676590004022614,0.31176414228100346,0.010126836492131953,-0.2108618796605126,0.2818630749180057,0.33464206209321473,-0.04605058014557206,-0.12537705693491252,-153.93718236320598,-128.17914481781662,-141.0581635905113,25.758037545389357,-21.540040969848633,-21.55006170272827,-21.545051336288452,-0.010020732879638672,0.006079736165702343,-0.0026057688519358635,0.059135716408491135,0.058938123285770416,-0.0019320282153785229,0.006357862148433924,0.05721920728683472,0.060664042830467224,-148.6035690658735,35828.257382946744,0.001054045045748353,-142.7591018819713,35829.80515338284,0.0010550941806286573,0.08226838707923889,0.013881073333323002,30728.422197112013,18306.91143959865
-0.051253594323744496,0.014163479846403159,0.21406580134982722,0.38723822177556,0.2890982543364512,0.13421959818060358,0.09458201548266754,0.0,-153.42623394793804,-127.4280603795105,-140.42714716372427,25.998173568427546,-21.638004779815674,-21.644887924194336,-21.641446352005005,-0.006883144378662109,0.00554257445037365,-0.0034559674095362425,0.05795447900891304,0.058793239295482635,-0.0033815393690019846,-0.005611801519989967,0.058739855885505676,0.05791264772415161,-107.00262293549073,35823.97202090094,0.0010457136668264866,-106.45606743669228,35838.66386574673,0.00104845454916358,0.08088748157024384,0.01308255735784769,30964.575031175762,17941.163329818442
0.983307761566564,0.8932902195369151,0.5501194431597264,0.17356196741555205,-0.10649280411122913,-0.27923955368262315,-0.546608476426524,-1.0,-157.29393408040016,-129.3825203660798,-143.33822722323998,27.91141371432036,-21.51477336883545,-21.508445739746094,-21.51160955429077,0.006327629089355469,-0.00400125328451395,-0.0052820597775280476,0.05990824103355408,0.0585022009909153,-0.005310368724167347,0.004013390280306339,0.05848754197359085,0.06000503525137901,-134.97804326572785,35840.364217442744,0.00105374027043581,-87.02918812496816,35843.6622771188,0.001065069460310042,0.08395411819219589,0.012004506774246693,30763.406711366493,18324.05982674614
-0.8857854107134157,-0.9931088295440463,-0.8214093091878176,-0.6057440236791116,0.5640862275559116,0.5215540301249848,0.6582298953548705,0.9725297438594963,-154.72883556096855,-128.4975859508312,-141.61321075589987,26.231249610137354,-21.825129985809326,-21.8626070022583,-21.843868494033813,-0.03747701644897461,-0.0044321357272565365,-0.004609759896993637,0.05813978239893913,0.056104253977537155,0.006299254484474659,0.0011148671619594097,0.05841762199997902,0.055306706577539444,-137.36676454984513,35842.89487157013,0.0010460468474775553,-184.06565609823932,35821.25584012601,0.0010265462333336473,0.08028148114681244,0.011993438936769962,30762.568388863223,19815.04358389859
0.9992425963663624,0.9916081481076955,0.8486189990381322,0.63148248698989,0.13178318993891233,0.24318184207292892,0.08135572445300567,-1.0,-154.3937735188735,-127.2232227990159,-140.8084981589447,27.1705507198576,-21.747868061065674,-21.772005558013916,-21.759936809539795,-0.024137496948242188,0.00524892657995224,0.002206704579293728,0.05882831662893295,0.05651131272315979,-0.0018296584021300077,-0.006210047286003828,0.057028017938137054,0.057927150279283524,-77.91370675535062,35732.24326635325,0.0011151256039738655,-112.09080829520501,35824.67354067935,0.0010740166762843728,0.08185861259698868,0.011899275705218315,30734.022173438905,18025.35498082468
0.026383632838594122,0.09669704613895842,-0.08363350472886792,-0.032126961172070506,0.21530823514414899,0.204061678007061,0.09358111295500215,0.0,-158.62573373569364,-130.29032190799282,-144.45802782184325,28.335411827700824,-21.960654258728027,-22.03374147415161,-21.99719786643982,-0.07308721542358398,0.004793178290128708,-0.004117077216506004,0.05538800731301308,0.05708974227309227,0.005711990408599377,0.002691631205379963,0.05736980587244034,0.054125554859638214,-71.37063853104058,35834.148945058405,0.00104448979254812,-116.83535881171831,35795.10127510612,0.0010243022115901113,0.07814181596040726,0.011334570124745369,30954.0066053355,18382.66820970356
0.0,0.017591451963808534,0.4369504940134134,0.49937768241403,0.18638922159192034,-0.08423805570727694,0.0806612857608141,0.0,-154.6389237322366,-130.14807094171925,-142.39349733697793,24.49085279051735,-21.92270278930664,-21.812849044799805,-21.867775917053223,0.10985374450683594,-0.002296093385666609,0.005904713645577431,0.05484505370259285,0.05809268727898598,-0.004372965078800917,0.0047311363741755486,0.055983103811740875,0.05841061845421791,-80.65668567133979,35828.330151541006,0.0010310359066352248,-146.46229786048588,35848.60455115354,0.0010590971214696765,0.07902014255523682,0.010480079799890518,30735.160785811637,19540.150377585083
0.9687676847275167,0.6449281613730112,0.1646821078037632,-0.20289724064429168,-0.2520128275228683,-0.2005089856487991,-0.6813451943421468,-0.9298947661476701,-156.85182591365543,-128.97708609011173,-142.9144560018836,27.874739823543706,-21.56860589981079,-21.58022403717041,-21.5744149684906,-0.01161813735961914,0.0033833272755146027,0.005665420554578304,0.059200190007686615,0.0584833063185215,0.004532394930720329,0.00480314064770937,0.05982485041022301,0.05768238380551338,-168.69028943968115,35825.32329840575,0.0010409160749986768,-122.73786171780151,35842.600946037324,0.0010575607884675264,0.08354687690734863,0.011533123441040516,30763.819861979748,18088.439950940585
0.07312027610360436,0.0,0.03990660179281695,0.28911234026311855,0.33440195738958894,0.11017166394234201,0.07437265598039877,0.0,-156.03015726166035,-128.94739718892038,-142.48877722529036,27.082760072739973,-21.684722900390625,-21.589326858520508,-21.637024879455566,0.09539604187011719,0.0008690892136655748,-0.006441766396164894,0.056530795991420746,0.059553928673267365,0.0006157405441626906,-0.006577464751899242,0.05719715729355812,0.060167886316776276,-107.56133473293998,35831.26571196492,0.001041602692566812,-108.78630662645298,35821.32819759187,0.0010449009714648128,0.0810709148645401,0.010997144505381584,30760.162230160837,17949.768442833516
0.8426386337646018,0.9097517478731145,0.9005943569648511,-0.0041327157201198755,-0.1984387982312944,-0.31834416429739554,-0.5727674544822982,-1.0,-154.8433650643612,-127.84154016832696,-141.34245261634408,27.001824896034236,-21.871039867401123,-21.799540519714355,-21.83529019355774,0.07149934768676758,0.003200570587068796,0.005517076700925827,0.05713038519024849,0.05652590095996857,-8.831208833726123e-05,-0.006441257894039154,0.056047823280096054,0.05852159485220909,-94.94866283150347,35840.8779013947,0.001072085928171873,-60.572283867453486,35825.85410715574,0.0010639174142852426,0.0806383341550827,0.01084979809820652,30764.27848402959,18019.42884529415
0.18522951292736978,0.0,-0.08169832051620603,0.10577346611666674,0.23194938602187853,0.20061284669436152,0.060800721894889054,0.0,-157.13763454031914,-128.87516584762113,-143.00640019397014,28.262468692698008,-21.895532608032227,-21.943507194519043,-21.919519901275635,-0.047974586486816406,-0.0018437179969623685,-0.006058165803551674,0.05623806267976761,0.057099610567092896,0.0032948122825473547,-0.005417469423264265,0.05478749796748161,0.057881854474544525,-66.18015380335201,35839.56106207446,0.0010487596737220883,-123.9322531917789,35825.87040804062,0.001044160919263959,0.07976818829774857,0.010360916145145893,30765.513270252042,17894.323289782595
0.7978643234666181,0.6385945208244257,0.9648423840280937,0.8641068469307788,0.10307151003437776,-0.5357935910075033,-0.32167209853514744,-0.6554727709406396,-153.57730036335676,-126.50663866032028,-140.04196951183852,27.07066170303648,-22.29994297027588,-22.416658401489258,-22.35830068588257,-0.1167154312133789,-0.005163746420294046,0.0031820274889469147,0.05372142791748047,0.05445853993296623,0.002668197965249419,-0.005384337157011032,0.05180475860834122,0.05488646775484085,-147.64267873273596,35836.19196729001,0.0010596758220344782,-174.89801614340047,35848.89643290758,0.0010616765357553959,0.0754193440079689,0.012238208204507828,30963.85545032119,17929.991736427153
0.9287517364805676,0.6051485421062034,-0.018494780944303433,-0.19681294396284008,0.31970116899458406,0.31754132180971656,-0.18954728534228027,-0.3529577314149528,-156.60286875997167,-129.03773624148596,-142.82030250072881,27.56513251848571,-22.511990070343018,-22.406084537506104,-22.45903730392456,0.10590553283691406,-0.004970499314367771,-0.0032372097484767437,0.05413268879055977,0.051404036581516266,0.0028274129144847393,0.005302140489220619,0.05363278463482857,0.0532330758869648,-169.39090787213792,35833.6390454635,0.0010489939013496041,-128.6990051647274,35846.63901610423,0.001053075073286891,0.07436767220497131,0.010782216675579548,30759.742171767633,17968.062786458122
-0.018305490587473737,0.019821771451021698,0.07989039204240712,0.20915810200176194,0.20296313543571765,0.1596862469198781,-0.03660294375719664,0.0,-155.8629292481536,-130.52675565849614,-143.19484245332487,25.33617358965745,-22.526049613952637,-22.510910034179688,-22.518479824066162,0.015139579772949219,0.005192860029637814,-0.0028703403659164906,0.05245402082800865,0.05294482037425041,-0.005062493495643139,-0.003170101437717676,0.05420517176389694,0.051336389034986496,-103.26059582651408,35839.72959196961,0.0010459241457283497,-78.3959518268043,35808.80995951051,0.0010545734548941255,0.0730629712343216,0.011855557560920715,30957.87588814553,17898.038445083024
0.9182503364981534,1.0,0.638691163309135,0.24546626162853588,-0.14024221342404014,-0.2975744438249998,-0.47159491724327596,-1.0,-156.86497073142374,-125.44477643045519,-141.15487358093947,31.420194300968546,-22.552099227905273,-22.52551794052124,-22.538808584213257,0.026581287384033203,0.003441155655309558,0.004815627820789814,0.05311540886759758,0.05196228623390198,-0.004398366902023554,0.003975570201873779,0.05178229138255119,0.053608883172273636,-95.8689854726123,35826.718789844585,0.0010685162851586938,-136.79783822274175,35813.21730008008,0.0010651255724951625,0.07467640191316605,0.010621396824717522,30763.238469316846,18263.317928984176
0.22529019951943707,-0.01107068300096664,0.03994584242766319,0.24593352128694929,0.36970315751270283,0.10706172926183155,-0.06680808134822769,0.0,-156.62758629215318,-127.60575373622697,-142.11667001419008,29.02183255592621,-22.505686283111572,-22.59887933731079,-22.55228281021118,-0.09319305419921875,-0.005691740661859512,-0.001557310693897307,0.05429111421108246,0.05131968483328819,0.0053441463969647884,-0.002449895953759551,0.052241988480091095,0.05227848142385483,-88.44107816737584,35823.527381692,0.0010349703952670097,-141.77011735294366,35839.689516401115,0.0010463895741850138,0.0738757774233818,0.010494593530893326,30753.525315779083,18076.37413192316
0.3472412090169862,0.2615686501415533,0.6380440283184047,0.32773864153484566,-0.1875382780121712,-0.26827710942057637,-0.010044726498913858,0.0,-151.08828595196286,-125.03968351839686,-138.06398473517987,26.048602433566003,-22.50298500061035,-22.43445873260498,-22.468721866607666,0.0685262680053711,-0.003579231910407543,0.004772557877004147,0.05152243375778198,0.054123930633068085,0.0010662571294233203,-0.005886457860469818,0.051784805953502655,0.054694321006536484,-157.69161676702862,35840.32989633509,0.0010557282948866487,-71.12660027808818,35850.450294915674,0.0010765636106953025,0.07407201081514359,0.010121296159923077,30961.150787387494,18634.31509633239
0.5678902986980426,0.3994566315439775,-0.07258871281883385,-0.0033717226039485237,0.3698301484077495,0.4853501232099339,-0.013058185708447856,0.0,-156.8305244004664,-128.4702377358889,-142.65038106817764,28.3602866645775,-22.274813652038574,-22.256500720977783,-22.26565718650818,0.018312931060791016,-0.005815662443637848,0.001773959374986589,0.05466967821121216,0.053823262453079224,0.0036442321725189686,0.004899304360151291,0.05502670630812645,0.05368883162736893,-102.7953585320687,35845.116069530806,0.001054799067787826,-144.48241391586998,35834.45262409841,0.0010633167112246156,0.07508295029401779,0.012914315797388554,30730.990533921948,18336.981060607355
