0.9489020186324613,0.9674923545450409,0.8109578886950735,0.34714140833189877,-0.06734910459148913,-0.0943636595835351,-0.3252226887189491,-1.0,-96.14606205664845,-52.16456413399163,-74.15531309532004,43.981497922656814,-31.568920612335205,-31.622393131256104,-31.595656871795654,-0.05347251892089844,-0.001268048887141049,0.0016458018217235804,0.01815437152981758,0.01904998905956745,0.00020139306434430182,-0.0020846552215516567,0.018024927005171776,0.018946990370750427,781.1247301628478,35869.67973694094,0.0011565277818590403,826.476035415145,35851.596808922644,0.0011682257754728198,0.026384670287370682,0.003065173514187336,30731.809848760186,18579.730271818382
0.9870019730155266,0.9870588794306228,0.8172958810220328,-0.3328198848703199,-0.2996472131913677,-0.44880672683967393,-0.7501075510889387,-0.9484470024598682,-98.67027406129375,-69.92659411138294,-84.29843408633835,28.743679949910813,-31.536870002746582,-31.51453971862793,-31.525704860687256,0.022330284118652344,-0.00044702395098283887,0.00203094445168972,0.018175411969423294,0.019164836034178734,-0.0013895302545279264,-0.0015433499356731772,0.01903616264462471,0.0184090044349432,883.1795081611849,35856.07720928883,0.0011636820854619145,851.3980854622577,35836.69526880023,0.0011659441515803337,0.026386303827166557,0.0033741816878318787,30723.807987326687,18617.797697860082
0.7694849545521251,0.7718572538449568,0.8629704218469381,0.48422092294776437,-0.13132546366439352,-0.5265537611240022,-0.5602597647217302,-1.0,-95.12825820326475,-51.62399560617672,-73.37612690472073,43.50426259708803,-31.582536697387695,-31.580376625061035,-31.581456661224365,0.0021600723266601562,-0.000809037359431386,-0.0019394797272980213,0.018558379262685776,0.01859540306031704,-0.0020984308794140816,-8.982897270470858e-08,0.018967343494296074,0.01818791963160038,922.2925104320343,35825.233845828014,0.001161318039521575,897.2063459237221,35835.07968599367,0.0011685158824548125,0.026087205857038498,0.004004918038845062,30716.38386377572,18564.74084936311
-0.7271159534549065,-0.7496743448900296,-0.9637351547678457,-0.7405226157722896,-0.29168060348430425,-0.2235532253071022,0.6873713318833446,0.9747488389187244,-95.67253063740316,-57.78880212935928,-76.73066638338122,37.88372850804387,-31.629643440246582,-31.681478023529053,-31.655560731887817,-0.0518345832824707,-0.0016484135994687676,-0.0012364047579467297,0.01891598477959633,0.01802953891456127,0.0011264162603765726,0.0017480154056102037,0.018545709550380707,0.018185293301939964,828.5080669891757,35837.81356562886,0.0011645163176581264,882.604040865472,35851.71168755246,0.0011798591585829854,0.025863640010356903,0.003968595527112484,30946.339246259304,18927.576453538182
-0.6535233810545861,-0.6542397524806183,0.3397535428457136,0.70342768361447,0.04190534004267282,-0.2674338676621755,0.4757282962753213,0.6551483775528352,-79.8464925921727,-54.6094397648244,-67.22796617849855,25.237052827348293,-31.445488929748535,-31.672871112823486,-31.55918002128601,-0.22738218307495117,-0.001531211193650961,0.0014875320484861732,0.018503498286008835,0.019234109669923782,0.0019444688223302364,-0.0007434308063238859,0.01843279041349888,0.01833624765276909,856.9077752495813,35859.59158695764,0.0011597733246162534,848.5673218596393,35852.4596467267,0.0011556959943845868,0.026325754821300507,0.0037407949566841125,30984.766780363534,17980.96475838339
0.7591582960488172,0.7494798731151661,0.08777844656691565,-0.3074697149909835,0.3674147027007086,0.4857591970633496,-0.3778994199262239,-0.4837144099718972,-101.73947378241019,-57.04307331313669,-79.39127354777344,44.6964004692735,-31.309757232666016,-30.792250633239746,-31.05100393295288,0.5175065994262695,-0.001348723890259862,0.0016369449440389872,0.018751611933112144,0.019583795219659805,0.0017909095622599125,-0.0014503125566989183,0.020029056817293167,0.02065853960812092,932.2637112991722,35859.442178325546,0.0011764048831537366,806.1849027876481,35846.698834443196,0.001130130491219461,0.026974407956004143,0.0031158537603914738,30728.192999336672,18215.04429763014
-0.06751393487887251,-0.06665671534829441,0.21834529384826654,0.4824804325086357,0.5116526463917672,0.4775127700062939,0.6902589727583138,0.0,-83.17866863909563,-61.88622227110827,-72.53244545510195,21.292446367987367,-30.19890069961548,-30.115187168121338,-30.157043933868408,0.08371353149414062,0.0005502375424839556,-0.0020666676573455334,0.021322235465049744,0.022271571680903435,-0.0006813177606090903,-0.0023868372663855553,0.021830709651112556,0.02216043323278427,735.5516030512993,35742.03337849576,0.00120064290240407,730.0010510688417,35819.58270984758,0.0011209630174562335,0.030909309163689613,0.003506351262331009,30971.147493020133,18394.153431399383
0.9607234606092524,0.9618638758346074,0.7517771256896945,0.24923835896978644,-0.15860446885548463,-0.1593520195277568,-0.3774427873157984,-1.0,-96.85185085620549,-52.394914294271416,-74.62338257523845,44.45693656193407,-30.007455348968506,-30.085091590881348,-30.046273469924927,-0.0776362419128418,-0.0007779820589348674,0.002374171745032072,0.02162504382431507,0.02289978414773941,-0.002036329358816147,0.0014450910966843367,0.021806715056300163,0.022334499284625053,712.2986391147087,35822.49167268738,0.0011250432580709457,731.0826582411265,35836.990672327134,0.001136149512603879,0.03164517879486084,0.003825215855613351,30725.464273274003,18249.2744769165
-0.0032166254609947253,0.0013857393103169416,-0.027628500106609555,0.10801791688128864,0.23185434539696842,0.12478154778569911,-0.03343037421693351,0.0,-97.53633145791423,-66.79462070641927,-82.16547608216675,30.741710751494963,-30.253443717956543,-30.267646312713623,-30.260545015335083,-0.014202594757080078,-0.0006781461415812373,0.0023134679067879915,0.021047642454504967,0.022237297147512436,0.002094833878800273,-0.0011982491705566645,0.021478714421391487,0.02175024524331093,813.9426539241898,35832.30088874142,0.0011241750326007605,863.751906668083,35844.40380388317,0.0011342638172209263,0.03070349618792534,0.003773299278691411,30725.42113092375,18380.59899133843
0.695605386862711,0.7274848356378727,0.8570914842553071,0.5527373955868466,-0.1067997302450826,-0.3655610075184577,-0.5249621340111865,-1.0,-91.74580759438044,-51.944590036709826,-71.84519881554513,39.80121755767061,-30.595450401306152,-30.492520332336426,-30.54398536682129,0.10293006896972656,-0.002345792017877102,0.00011551933130249381,0.021212156862020493,0.020405998453497887,0.002331482246518135,0.0004815029678866267,0.02162798121571541,0.020478034391999245,847.2910809412606,35873.64895343617,0.0011716355802491307,833.1636277151144,35857.32355249947,0.0011541451094672084,0.02895941212773323,0.004255563952028751,31009.037692842787,17703.24701960729
0.13342839546222265,0.18222226264133076,-0.12861344806501748,-0.029847371203060025,0.25280508374376853,0.15159327780581866,-0.11410023266259683,0.0,-98.81632067281382,-59.87453151033333,-79.34542609157357,38.94178916248049,-30.338075160980225,-30.375261306762695,-30.35666823387146,-0.0371861457824707,0.0022934312000870705,0.0006183160003274679,0.02200922742486,0.02085809037089348,0.0019788334611803293,-0.0013845907524228096,0.021093089133501053,0.021597901359200478,746.509119445312,35852.77339258224,0.0011319174664095044,714.4439479934629,35848.65901074959,0.0011506035225465894,0.029806043952703476,0.004384965170174837,31029.33234292314,17644.871756047403
-0.6346200781377446,-0.7388624941346438,0.3048147004003958,0.9197187102270985,0.11150552475571184,-0.4682521931923249,0.18275510485244084,0.3833161088680018,-82.74400062063722,-54.62773996443178,-68.6858702925345,28.11626065620544,-30.356574058532715,-30.392122268676758,-30.374348163604736,-0.03554821014404297,0.0016672428464516997,0.0017644008621573448,0.021797116845846176,0.02098020352423191,0.0009451148798689246,0.002224372001364827,0.021293576806783676,0.021316874772310257,757.912991209995,35836.12140463073,0.001158787403255701,743.4933758194869,35831.0277253805,0.0011461774120107293,0.030121013522148132,0.004608317278325558,30713.81204779808,18526.073613052977
0.45724479963831316,0.4021328897756886,-0.10856404352865545,-0.22756804019216853,0.3414651510917954,0.4650439543298439,-0.03475964738637394,-0.1357384968508587,-103.50023472209358,-60.868190969397006,-82.1842128457453,42.632043752696575,-30.43867826461792,-30.361404418945312,-30.400041341781616,0.07727384567260742,-0.0023230412043631077,-0.00021449735504575074,0.021666716784238815,0.02071317285299301,-0.002314991317689419,0.0007269534980878234,0.0215093232691288,0.021251201629638672,843.3665833020933,35847.57266482943,0.0011490207398310304,822.2182090245566,35827.275878537635,0.001124287024140358,0.029335876926779747,0.004134397953748703,31004.791475974038,17848.323066842906
0.0,0.011774522202240012,0.14207848768480172,0.42321438117781063,0.4702542224633155,0.13960455350093964,-0.030448401139085535,0.0,-89.16287141671589,-61.685010652076016,-75.42394103439595,27.47786076463987,-30.503528118133545,-30.46125888824463,-30.482393503189087,0.042269229888916016,-0.0013358744326978922,0.0019696280360221863,0.020467951893806458,0.02158532664179802,-0.002326711779460311,0.000489219615701586,0.021375341340899467,0.02089685946702957,782.4991524233529,35840.32914519204,0.001145731657743454,847.227344215428,35847.57838672077,0.0011477681109681726,0.029811885207891464,0.003392554586753249,30976.04322641366,18117.65284976836
0.07977681868379494,0.08817703196810511,-0.1466029330891312,-0.4957138652074487,-0.5400651466927002,-0.5289602013942439,-0.7317608227368024,0.0,-95.00585192972082,-48.26582043907936,-71.63583618440009,46.74003149064146,-30.50257444381714,-30.56112051010132,-30.53184747695923,-0.05854606628417969,-0.0021382297854870558,-0.00015370757319033146,0.021466320380568504,0.02062339335680008,-0.0007348337676376104,-0.0022421537432819605,0.020784609019756317,0.021005436778068542,766.0825516259124,35719.46724941568,0.001194376964122057,784.6104561856268,35842.41967165599,0.0011482079280540347,0.029191868379712105,0.0043265861459076405,30990.523933849963,17592.93549154764
0.019809402726799194,0.0,-0.04070678179945847,0.18048756448929804,0.36094597993703503,0.21639433982858652,-0.016704612154269993,0.0,-93.445982645286,-67.65952095816138,-80.55275180172369,25.786461687124614,-30.551669597625732,-30.524544715881348,-30.53810715675354,0.027124881744384766,-0.0004974304465577006,-0.002295771846547723,0.020688362419605255,0.02114672213792801,0.0005219641607254744,-0.002286388073116541,0.020410994067788124,0.021543432027101517,862.470223278571,35839.49026098389,0.0011484887218102813,797.6654562424804,35834.602042509454,0.0011440814705565572,0.029420562088489532,0.0043964991346001625,30475.26934367661,19453.286988703545
0.4853897512913965,0.5615778519354666,0.8411164891209116,0.5495229368143993,-0.0874921541476103,-0.3890990124020829,-0.41858706152660113,-1.0,-90.46485186335269,-49.689028042651444,-70.07693995300207,40.77582382070125,-30.604238510131836,-30.495529174804688,-30.54988384246826,0.10870933532714844,-0.002275979146361351,-0.0005808320129290223,0.021376261487603188,0.020190391689538956,-0.002209713216871023,0.0008701757760718465,0.02108897641301155,0.021018661558628082,796.2206847361955,35858.05291952174,0.0011723694624379277,841.1397535723988,35849.636211393954,0.0011532579082995653,0.02898004651069641,0.0042976438999176025,30780.155936176132,18027.513021948525
-0.0011274513896089582,0.011793988231842358,-0.06610354750294858,-0.021077219653266643,0.1715552410645224,0.14830646055392965,-0.03719241177806587,0.0,-97.9770493214175,-62.779207168328185,-80.37812824487284,35.19784215308931,-30.387609004974365,-30.43323040008545,-30.410419702529907,-0.045621395111083984,0.0013522154185920954,-0.0019445151556283236,0.02078736014664173,0.021837875247001648,-0.0022399527952075005,-0.0008328405674546957,0.02181404083967209,0.020579006522893906,766.2741639822799,35863.88292943372,0.0011549658374860883,746.1577518049019,35833.84189515515,0.0011247295187786222,0.030317742377519608,0.00344010628759861,30728.41316849192,18194.600113428223
-0.6511632856170796,-0.7506707162748221,0.35951212243017905,1.0,0.1017255372459698,-0.7335750844387388,-0.22865542788050364,-0.25313196597712384,-86.46133980552929,-55.312915108110815,-70.88712745682005,31.148424697418477,-30.38858413696289,-30.47602653503418,-30.432305335998535,-0.08744239807128906,-0.00229240907356143,-0.0007478336920030415,0.02192959003150463,0.02068067342042923,-0.0007126480340957642,-0.002284203888848424,0.0209746602922678,0.02122551016509533,775.7762793654306,35837.7991607422,0.0011258620070293546,722.5807836746286,35816.85926748341,0.0011376321781426668,0.029572438448667526,0.004559418186545372,30935.362619454303,18910.80600293051
0.5993592106468085,0.5388560257757989,-0.105082330963897,-0.21367168985724688,0.33611485140075853,0.44875039808183137,-0.07937547297238157,-0.20662770722277302,-103.72373327348413,-60.08567897250751,-81.90470612299582,43.63805430097662,-30.390639305114746,-30.317580699920654,-30.3541100025177,0.0730586051940918,-0.0011895524803549051,0.002022412372753024,0.020773638039827347,0.021838713437318802,-0.00224238820374012,-0.0009385966113768518,0.02211204171180725,0.020847836509346962,858.7056960907379,35841.525029470926,0.001151614123955369,816.4508575742035,35838.707171996,0.001137025305069983,0.030181841924786568,0.0035535520873963833,30724.859032715438,18243.031192516766
0.963278381575916,0.9771580364385273,-0.11969728182322319,0.009692682980240203,-0.08668551125006531,-0.4422351615004284,-0.8334665852250182,-0.9633802994374451,-90.04822895887605,-61.55224437700639,-75.80023666794122,28.495984581869664,-30.561349391937256,-30.658373832702637,-30.609861612319946,-0.09702444076538086,-0.0008481694385409355,-0.0022044999059289694,0.02084268629550934,0.02094641886651516,-0.0014974968507885933,-0.0017738683382049203,0.020993584766983986,0.020327705889940262,797.1601287040212,35845.34445033934,0.0011421883245930076,819.8266165101453,35857.40440089855,0.0011490121250972152,0.02965979464352131,0.004502308089286089,30717.092176739854,18327.585920431968
0.009264677767500396,0.00565424361268263,-0.13853519398474134,-0.49164397554320327,0.3865697755012002,0.41502829839690136,0.2508982251668179,-0.03792234761066499,-95.92192012546582,-48.35589997216658,-72.1389100488162,47.566020153299235,-31.480507850646973,-31.643688678741455,-31.562098264694214,-0.16318082809448242,-0.0013830597745254636,-0.0015873105730861425,0.01910438947379589,0.018485678359866142,0.00013813315308652818,0.0020757359452545643,0.01810665801167488,0.018781036138534546,844.7728241626198,35837.62370634212,0.0011599247809499502,834.9225546574883,35858.633616508996,0.0011827659327536821,0.026309585198760033,0.004093961324542761,30952.78880403399,18477.7235814326
-0.00513361619389231,0.008617445896653014,-0.14191309877793368,0.08561805979682352,0.34392857402163646,0.1933270507930966,-0.06923339084388047,0.0,-93.49819466759135,-68.24994030757074,-80.87406748758104,25.24825436002061,-31.463932991027832,-31.40477180480957,-31.4343523979187,0.05916118621826172,0.0013520632637664676,-0.0016319355927407742,0.01838703826069832,0.019268497824668884,0.0020369826816022396,0.0005702616181224585,0.019471142441034317,0.018440188840031624,908.7289166445662,35836.63528995106,0.0011745431693270802,890.9588978616399,35839.72395636519,0.0011610257206484675,0.026491958647966385,0.0030759733635932207,30977.404869991984,18438.439016615517
0.7915241698769822,0.7902352201865287,0.8760383314818301,0.6099173371237706,0.045208622417413025,-0.2805845585334204,-0.44400746459361545,-1.0,-88.88841550881574,-48.661518148419646,-68.77496682861769,40.226897360396094,-31.507022380828857,-31.477575302124023,-31.49229884147644,0.029447078704833984,-0.001579910283908248,0.0014144290471449494,0.018408752977848053,0.019063660874962807,0.0020530130714178085,-0.0005550148780457675,0.01895591802895069,0.018648352473974228,844.7990404702603,35865.24211418906,0.0011868398869410157,801.1017955911416,35862.70390530298,0.0011574996169656515,0.026328667998313904,0.0034205231349915266,30979.98301398523,17814.721144783496
-0.005452855857371749,0.014384060421850503,-0.1330968990721718,-0.034839332873651874,0.118375240897093,0.1383214613289051,-0.01652089176328353,0.0,-100.3794209288206,-65.2450912291817,-82.81225607900114,35.1343296996389,-31.40315055847168,-31.500697135925293,-31.451923847198486,-0.09754657745361328,0.001148811774328351,0.0017577242106199265,0.01913955621421337,0.018793048337101936,-0.0020004373509436846,0.0006527246441692114,0.018853288143873215,0.018653629347682,733.0474158558739,35840.85970503242,0.0011491921031847596,822.0357083324626,35855.47921939454,0.0011798215564340353,0.02653290145099163,0.0043181441724300385,30954.864293203733,18675.955770260385
-0.835280382801144,-0.7969878080017309,0.10167736531146448,0.5877297438632361,0.05360281155739795,-0.37102824408499946,0.0,0.042388757090511486,-89.62153148043842,-58.93039229557769,-74.27596188800806,30.69113918486073,-31.36582612991333,-31.35193109512329,-31.35887861251831,0.013895034790039062,-0.002125687664374709,0.0003747838782146573,0.019298847764730453,0.01878974214196205,-0.002155125606805086,0.00020305116777308285,0.019404735416173935,0.01874217763543129,886.0112613427011,35840.26106629658,0.0011638413416221738,945.4513184911393,35840.79452348132,0.0011483830166980624,0.026349756866693497,0.003923273179680109,31005.731685060364,17771.60630051832
0.9907450713657561,0.9637312100559934,0.36010397085827406,-0.07652546353677045,-0.0069365150166419975,-0.0029608145431516686,-0.637988324186926,-1.0,-101.99341511318738,-54.33777802756731,-78.16559657037735,47.65563708562007,-31.511571407318115,-31.45740032196045,-31.484485864639282,0.054171085357666016,-0.00180335552431643,0.0009518165024928749,0.01866103895008564,0.018806103616952896,-0.0013107387349009514,-0.0016774539835751057,0.019120782613754272,0.01856846734881401,935.0473316660938,35873.90662171242,0.001181499334052205,907.0128803607762,35853.91635184218,0.0011598658747971058,0.02637879177927971,0.0033856078516691923,30979.747465436925,17887.88589793237
-0.7821149250214307,-0.6950918080601007,-0.6435870167852592,0.05003045167470099,0.413420809465754,-0.062903415254427,-0.2726737419323394,0.011540577862683365,-85.50924204737083,-59.720657941897684,-72.61494999463426,25.78858410547315,-31.45751953125,-31.52944564819336,-31.49348258972168,-0.07192611694335938,0.0021227006800472736,-6.507475336547941e-05,0.01922379620373249,0.018461856991052628,-0.002044331980869174,0.000522918882779777,0.018854569643735886,0.018526047468185425,810.1095774908375,35867.11001986001,0.0011681403266265988,836.4024883938554,35835.94932337138,0.0011839973740279675,0.02621430717408657,0.004093935247510672,31020.573916012974,17967.2690008066
0.9257791458787473,0.9194078099603037,0.8627611070675585,0.42283933774755966,-0.026609378974205733,-0.19962692356405437,-0.457039525869274,-1.0,-93.28029773946815,-47.90964484321614,-70.59497129134215,45.37065289625201,-31.510062217712402,-31.537251472473145,-31.523656845092773,-0.027189254760742188,0.0018652458675205708,0.0009737428626976907,0.019253617152571678,0.018198305740952492,0.00209684856235981,0.0002594737452454865,0.01914161629974842,0.01819433458149433,899.281827235446,35840.14737932476,0.0011570495553314686,812.3780736621158,35844.05054702287,0.001153562101535499,0.02600349485874176,0.003922041039913893,30944.465720376094,19194.267977442876
0.9452872897077529,0.9430381649554022,0.7262185055464264,0.6471697106538696,0.6908764622354817,0.5769519958785151,-0.7394082992397296,-0.973445834390458,-95.83224589118583,-70.72197177531518,-83.27710883325051,25.110274115870652,-31.538612842559814,-31.484785079956055,-31.511698961257935,0.053827762603759766,0.0019456343725323677,0.0007698704721406102,0.019194800406694412,0.01813451759517193,-0.0016451816773042083,-0.0012683351524174213,0.01921667531132698,0.018353044986724854,844.7389176463342,35865.78266876137,0.0011663789628073573,897.0507806509698,35848.70921042211,0.001155621837824583,0.02578692138195038,0.004025986418128014,30717.816260663276,19198.06267855079
0.7896273145378387,0.8159179752710137,0.9441699428782645,0.48682853761705497,-0.03556117207134274,-0.12445004266226511,-0.3319232090308644,-1.0,-95.32862132806184,-54.24959945483124,-74.78911039144654,41.0790218732306,-31.523730754852295,-31.551194190979004,-31.53746247291565,-0.027463436126708984,0.0014628994977101684,-0.0015220989007502794,0.018313325941562653,0.01908542402088642,-0.000184908218216151,-0.0021079916041344404,0.018313786014914513,0.01896778494119644,833.124279651884,35851.574456734146,0.0011639584554359317,935.5048830927605,35824.29534148874,0.001164207118563354,0.026477884501218796,0.0033341615926474333,30976.60145360708,17976.582362823618
0.31103837579173116,0.3526969248315806,-0.12763116622831883,-0.12484993984844928,0.25859114880052236,0.3274970771715825,-0.09578806500590165,0.0,-102.23101223417302,-59.13461638522804,-80.68281430970053,43.09639584894498,-31.42683744430542,-31.50237798690796,-31.46460771560669,-0.07554054260253906,-0.0017149883788079023,0.0011576178949326277,0.018736740574240685,0.019095195457339287,-0.0009284904226660728,0.0019082202343270183,0.018191836774349213,0.01929020695388317,967.1623346607087,35850.90670297514,0.0011575653916224837,849.514080239544,35832.424688715735,0.001170831616036594,0.02677551843225956,0.0033286474645137787,30977.747058075136,18140.6561084245
-0.5237032505927752,-0.5051034629773341,0.2806190192541821,0.6314164227708723,-0.004637804789854011,-0.31236600787487534,0.5376326053904972,0.8796858247765609,-78.81483365157487,-51.628520646797995,-65.22167714918643,27.186313004776878,-31.418917179107666,-31.34098529815674,-31.379951238632202,0.07793188095092773,0.0005674160784110427,0.002058188198134303,0.018776623532176018,0.019083172082901,0.0015494658146053553,0.0015093231340870261,0.01949501223862171,0.018697941675782204,923.7864077113029,35861.65459694395,0.0011835509212687612,792.5836780113933,35833.64679772033,0.0011571672512218356,0.026768634095788002,0.0034785489551723003,30721.584325323438,18687.35319802799
1.0,0.9729724438047336,0.4500461697855609,0.15849890968045333,0.16225310859802378,-0.024548750421533205,-0.6710123477448571,-1.0,-100.57773042136336,-55.662592345330495,-78.12016138334693,44.91513807603286,-31.509418487548828,-31.58620834350586,-31.547813415527344,-0.07678985595703125,0.00207213731482625,-3.235619806218892e-05,0.019093355163931847,0.018372835591435432,-0.0018480638973414898,0.0009912279201671481,0.018474476411938667,0.018663525581359863,846.9260925484894,35843.37998967476,0.001191444112919271,876.6824879622811,35841.017809302415,0.0011681331088766456,0.026093028485774994,0.003733421443030238,30999.901403748387,17933.869058109758
-0.00875850118157924,0.0,-0.03891739684611095,0.27895574409570756,0.4719918027054592,0.24602613913027066,0.030097313178790386,0.0,-91.34478582287974,-66.33595538319344,-78.84037060303659,25.008830439686307,-31.418006420135498,-31.506760120391846,-31.462383270263672,-0.08875370025634766,0.0006415506359189749,-0.0020430663134902716,0.018373675644397736,0.01947462186217308,0.0014878495130687952,-0.0014815677423030138,0.01837446726858616,0.01910012774169445,816.3794789330037,35845.033231330475,0.001146039692685008,835.1931158177251,35831.42064403773,0.0011445432901382446,0.026985391974449158,0.003054177388548851,30726.841753642588,18239.989223077464
0.9223311475636139,0.938746702962511,0.8520870915359162,0.33602315085466833,-0.023770709042631455,-0.06829102425334999,-0.35412293908976894,-1.0,-99.16452254616962,-50.50053997331483,-74.83253125974223,48.66398257285479,-31.46791696548462,-31.46049976348877,-31.464208364486694,0.007417201995849609,0.0005013145855627954,-0.002048295922577381,0.01830187626183033,0.01933363638818264,6.815010419813916e-05,0.0021291321609169245,0.018460405990481377,0.01921171136200428,902.4222012971861,35860.160221651684,0.0011652442626655102,841.1953001187024,35825.404896483924,0.0011560027487576008,0.026547690853476524,0.0034602503292262554,30723.41872288594,18428.570677037387
0.0,-0.009566564778118358,-0.11752731159180725,0.0074353618219908935,0.15175016563351612,0.025304637141145392,-0.11044708137470494,0.0,-96.20677727007569,-66.72190609110959,-81.46434168059264,29.484871178966102,-31.512293815612793,-31.4451265335083,-31.478710174560547,0.06716728210449219,0.0020891795866191387,-3.240775549784303e-05,0.01909749209880829,0.018353870138525963,-0.001971627352759242,0.0007430050754919648,0.018929854035377502,0.018819373100996017,973.9058237416456,35821.571008600506,0.001158127561211586,922.6678015817929,35830.79238110864,0.0011611543595790863,0.02596518024802208,0.003754113567993045,31007.96593252053,17757.464755727622
0.0,0.03920015148298217,0.6181385133522623,0.9780632053645076,0.6892808232686229,0.23482194001181944,0.4195246834798393,-0.6417049084053534,-87.25939946186998,-53.96079508703582,-70.6100972744529,33.298604374834156,-31.419026851654053,-31.480026245117188,-31.44952654838562,-0.060999393463134766,0.0021247349213808775,0.0003363962168805301,0.019429540261626244,0.018415598198771477,-0.0017346504610031843,0.0005267119850032032,0.01904088258743286,0.01858406886458397,872.1151967517783,35853.902547924976,0.0011725198710337281,895.4772361099367,35761.52441011089,0.001229462563060224,0.026469212025403976,0.003918759524822235,30779.34610553843,17962.70107947552
0.06199247679069823,0.09710792979564532,-0.10919811413953157,0.09213208095057701,0.33942267574279456,0.18200012658047243,-0.10562818150936248,0.0,-99.72690817429418,-59.844938447429286,-79.78592331086173,39.881969726864895,-31.348438262939453,-31.391491889953613,-31.369965076446533,-0.043053627014160156,0.0006194992456585169,-0.0020163829904049635,0.018570756539702415,0.01958993263542652,0.0015199397457763553,-0.001520542660728097,0.018601778894662857,0.01937028579413891,802.4542213273656,35832.510617709086,0.001150624011643231,755.3595940588979,35840.142343645755,0.0011554064694792032,0.02707432210445404,0.0033996275160461664,30724.217237152145,18647.605932601848
-0.9813692315316961,-0.9992826599851659,-0.40364232992553883,0.29747220876039265,0.33207674726782366,0.12278476397097893,0.45819243625635436,0.7799864963495097,-84.06394008251885,-60.011728264474755,-72.0378341734968,24.0522118180441,-31.38335943222046,-31.326520442962646,-31.354939937591553,0.0568389892578125,-0.0015739279333502054,0.0014750920236110687,0.018644988536834717,0.01936306245625019,-0.0008719640900380909,-0.0019806907512247562,0.0191390011459589,0.019126225262880325,887.6111824162564,35845.27268456172,0.001151456031948328,898.1738989832542,35841.197483944576,0.0011597524862736464,0.026484057307243347,0.003654476022347808,30982.836357581396,18019.216708939024
0.8380438943664591,0.85022310981341,0.17762023541342087,-0.19862653383914353,0.20431750566480444,0.4300853342161062,-0.3981312763478,-1.0,-102.99662516284269,-56.34380542533694,-79.67021529408981,46.65281973750575,-31.503005027770996,-31.540071964263916,-31.521538496017456,-0.03706693649291992,-0.001396878156810999,0.0015103460755199194,0.01838690973818302,0.019108768552541733,0.00020269570813979954,0.002097337506711483,0.018341198563575745,0.018989576026797295,837.6202024694126,35848.30950407889,0.0011444503907114267,881.7537633357189,35839.702082421936,0.0011611657682806253,0.026706082746386528,0.0030720988288521767,30729.798620353697,18166.376295787544
0.0,-0.0031792203690494845,-0.06481222960328814,0.16875577865219873,0.2601410302641093,-0.056388836453950986,-0.16947664819520003,0.0,-91.68443871031292,-63.112258589130874,-77.3983486497219,28.572180121182043,-31.396429538726807,-31.463570594787598,-31.430000066757202,-0.06714105606079102,-0.0001400729379383847,-0.002142298500984907,0.018624568358063698,0.019327396526932716,0.0021001342684030533,-0.00033449128386564553,0.01908915303647518,0.018573928624391556,948.9020323545219,35820.423306031335,0.0011430354788899422,848.2484437537481,35845.38102639255,0.0011815231991931796,0.027028679847717285,0.003695240244269371,30476.567874150558,18790.974987182162
0.9997792844716518,0.9974542219335388,0.7849119088022568,0.4216553682115366,0.2397348236099005,0.20912017275627473,0.013823641700911271,-1.0,-102.12180531152967,-46.19323217660616,-74.15751874406791,55.92857313492351,-31.383912563323975,-31.376004219055176,-31.379958391189575,0.007908344268798828,0.0005269110552035272,-0.0018714487086981535,0.018598856404423714,0.019427483901381493,0.002115925308316946,-0.00029217038536444306,0.01929681934416294,0.018748866394162178,981.8136530679873,35740.651344084705,0.0012168498942628503,815.753273930908,35860.240520154,0.0011567268520593643,0.026882793754339218,0.0033221421763300896,30722.858529744095,18373.82937134264
0.006894476177153486,-0.0212280364343073,-0.06186549011101941,0.14064136548081135,0.2834931064356797,0.09842471231284938,-0.08246925809548677,0.0,-95.00759963848174,-65.46754770526482,-80.23757367187328,29.540051933216915,-31.497802734375,-31.48057460784912,-31.48918867111206,0.017228126525878906,-0.001978076295927167,-0.0007178152445703745,0.019282815977931023,0.018222207203507423,-0.00021379465761128813,0.00209606159478426,0.01833619549870491,0.019247446209192276,812.7352839361221,35840.62814492106,0.0011823164531961083,873.3915508237418,35838.32321203608,0.001165998401120305,0.02599659375846386,0.0040549482218921185,30772.94143969174,18128.923581509735
0.31061027947297626,0.2720567770408746,0.8394267725225808,0.6190969953350511,-0.256843525002123,-0.3426949228459434,0.017877118015508953,-0.6468687187934303,-88.48354531454902,-55.53146459129391,-72.00750495292147,32.95208072325511,-31.42151117324829,-31.486709117889404,-31.454110145568848,-0.06519794464111328,-0.0004065051907673478,0.0020984583534300327,0.018397152423858643,0.019437918439507484,-0.0016954303719103336,-0.0012790599139407277,0.019254693761467934,0.01829923316836357,808.0638163944678,35842.574162372206,0.0011458330554887652,839.3380038631992,35837.60471674334,0.0011602877639234066,0.026995262131094933,0.0030945618636906147,30726.295190945257,18236.44130353819
0.11156507005192202,0.16604745560895448,-0.11256460508966408,-0.11657616454563674,0.30483468804972763,0.4457130658473065,-0.007948263128949584,-0.12141397126575959,-103.41713504696241,-56.994320375922086,-80.20572771144225,46.42281467104033,-31.376633644104004,-31.351287364959717,-31.36396050453186,0.02534627914428711,0.0017162602161988616,0.0011440037051215768,0.019457316026091576,0.018587706610560417,0.0007994869956746697,0.0020069724414497614,0.01904601976275444,0.019109930843114853,906.1648949998663,35853.12375138407,0.0011480238754302263,839.4448071940245,35832.747621454684,0.001172902644611895,0.026250213384628296,0.003949418198317289,30765.125999689204,18230.55974976893
-0.8014454095398376,-0.7370872497255346,0.03380074635100916,0.5542043651689808,0.0,-0.46806955103510056,0.13506370632764353,0.6567536394049847,-83.82069212063564,-55.176113711651226,-69.49840291614343,28.644578408984415,-31.478242874145508,-31.426851749420166,-31.452547311782837,0.0513911247253418,-0.000983873731456697,-0.001884396537207067,0.01888144761323929,0.01872093416750431,0.0009923346806317568,-0.0018955632112920284,0.0183566901832819,0.019453145563602448,978.7795759749672,35833.848602156075,0.0011637364514172077,935.1579995120244,35842.51002628028,0.0011758717009797692,0.026558849960565567,0.004021941218525171,30717.936344026763,18271.64004536319
0.990447320870481,0.9994944699577522,0.636551320803808,0.20285930137224326,0.03342185445270407,-0.12335402667425727,-0.5276110904159809,-1.0,-97.71890739581278,-51.568026857254665,-74.64346712653372,46.15088053855811,-31.421842575073242,-31.48895502090454,-31.45539879798889,-0.06711244583129883,-0.0008883476839400828,0.0018973464611917734,0.018390394747257233,0.01944752037525177,0.002041794825345278,0.0005688563687726855,0.01931118592619896,0.018230028450489044,835.0401134377468,35853.80004737947,0.0011589493369683623,767.637035489575,35850.03573875193,0.001170439412817359,0.02701808325946331,0.0031290403567254543,30727.167132414903,18187.93668117782
0.015588297846604204,-0.004549440703702215,0.021835664605232785,0.31925567005130884,0.4707395017315915,0.20123171831126557,-0.06638137314994397,0.0,-89.23434039807296,-63.64832985972674,-76.44133512889985,25.586010538346216,-31.371076107025146,-31.407244205474854,-31.38916015625,-0.03616809844970703,-0.002027380745857954,0.0007070779101923108,0.019115641713142395,0.01895412802696228,-0.0008255608845502138,-0.0019699949771165848,0.018943630158901215,0.018968524411320686,852.4272161765024,35837.17496058419,0.0011682597687467933,833.2090445033485,35831.96371165232,0.0011597181437537074,0.026400884613394737,0.003860602155327797,30993.443738017217,17986.935008474145
0.8706267250109058,0.8697949321019721,0.8400728920851366,0.3775466119591827,-0.1655410436766877,-0.21108875069467292,-0.3401083114345113,-1.0,-94.47087389738044,-51.44983993047066,-72.96035691392555,43.02103396690978,-31.463909149169922,-31.399354934692383,-31.431632041931152,0.06455421447753906,0.0010103749809786677,0.001861609984189272,0.018928969278931618,0.018736623227596283,0.0011318214237689972,0.001816077041439712,0.019138159230351448,0.018806785345077515,837.3538247603167,35861.54029033402,0.0011473597260192037,875.4008225293154,35848.192789720815,0.0011437286157160997,0.026366639882326126,0.0041120839305222034,30715.69456500677,18435.848579473033
0.0034914233951354443,-0.004207549930248367,-0.04554390066559419,0.07327322503549877,0.20700861664103098,0.1354659348125331,-0.02581287956158318,0.0,-100.35049177794542,-68.12215985106602,-84.23632581450572,32.228331926879406,-31.446022987365723,-31.484990119934082,-31.465506553649902,-0.038967132568359375,0.0010362693574279547,-0.0018148983363062143,0.018369244411587715,0.019364984706044197,0.0015622095670551062,-0.0013953720917925239,0.018469970673322678,0.019101548939943314,802.6542848222396,35855.03948480004,0.0011728802928701043,971.6097344384843,35836.63756764794,0.001169742550700903,0.026999730616807938,0.0030946291517466307,30727.94732299829,18162.729427005048
0.44696418900062684,0.41345731768322036,0.6872831694861367,0.6057087073896574,-0.08134890788871973,-0.5652553113054921,-0.7209254291704128,-0.9774452693785458,-88.09507824907365,-49.8722171319323,-68.98364769050298,38.22286111714135,-31.383233070373535,-31.442201137542725,-31.41271710395813,-0.05896806716918945,-0.002098415046930313,-0.0004588451702147722,0.019535349681973457,0.0184660404920578,0.001981156412512064,-0.0007791515672579408,0.01891108602285385,0.018848592415452003,897.3611059078236,35867.87638417891,0.001158175291493535,818.3096947261253,35861.49109517621,0.001169491559267044,0.026440206915140152,0.004036598838865757,30784.276978232552,17986.401193869857
0.4676499131494407,0.562247638638486,-0.13417403153282867,-0.1341152363154216,0.48513873571642063,0.48647411270725127,-0.12725607248787874,-0.04067470086482283,-102.58149459857341,-59.63548668345621,-81.10849064101481,42.94600791511721,-31.4422345161438,-31.374588012695312,-31.408411264419556,0.06764650344848633,-0.0019524013623595238,0.0007273731753230095,0.018937788903713226,0.018826685845851898,-9.982186020351946e-05,0.002148217987269163,0.01857653260231018,0.01946728304028511,916.2121496502666,35841.62789030131,0.00118254404515028,861.6629066389208,35838.552467575995,0.0011545384768396616,0.026297736912965775,0.0035920629743486643,30983.7834569525,17889.06176736564
-0.6664497119647114,-0.731282746709291,-0.25734374469910437,0.5825748031436448,0.3726186920747718,-0.3127067604196216,-0.2342303330699136,0.15257786593680556,-86.41644316348322,-58.275118354764686,-72.34578075912395,28.141324808718537,-31.462547779083252,-31.448888778686523,-31.455718278884888,0.013659000396728516,0.0017444842960685492,0.001230018213391304,0.01932639442384243,0.018330618739128113,0.0012425966560840607,-0.0017306535737589002,0.018370384350419044,0.019347257912158966,869.129440177502,35860.3470782604,0.0011778982589021325,807.8489149148774,35849.96055699053,0.0011644387850537896,0.02638072334229946,0.004198046401143074,30712.63685309492,19427.81008494395
0.9964848649586616,0.9388417077572307,0.2228716533765796,-0.18702579843509676,-0.00633777073505104,0.04034731324932783,-0.4678675805948146,-1.0,-100.00690346892162,-55.37280612701676,-77.68985479796919,44.63409734190486,-31.32810115814209,-31.42153024673462,-31.374815702438354,-0.0934290885925293,-0.0019850314129143953,-0.0007472901488654315,0.019643498584628105,0.018605457618832588,-7.132037353585474e-06,0.0021498831920325756,0.01851414144039154,0.019325055181980133,832.4761380299526,35816.95653941084,0.0011551553616300225,843.0809989742969,35841.34396739721,0.0011682708282023668,0.02659175917506218,0.003940300550311804,31025.98172697934,17657.499917205634
0.01295845801997092,0.0,-0.013671657229220369,0.21402665680984617,0.30197544466483095,0.1465435007315633,-0.004340329966738832,0.0,-91.6504862849433,-63.54172284726798,-77.59610456610564,28.10876343767532,-31.395347118377686,-31.37967824935913,-31.387512683868408,0.015668869018554688,0.0021091620437800884,-0.00031803332967683673,0.01925445906817913,0.01870637573301792,-0.0021155953872948885,0.00020748007227666676,0.01932789385318756,0.01870153471827507,914.3449332208353,35852.19871275946,0.0011637627612799406,859.4824403515044,35852.48781997784,0.0011641713790595531,0.026244688779115677,0.00383778172545135,31001.693543634792,17799.143505362685
0.7340469357504451,0.7891466078073992,0.8775173182611801,0.49602395220856255,-0.09561755659983734,-0.3427635393036742,-0.4619745825896147,-1.0,-91.65974704996142,-45.50804157057229,-68.58389431026686,46.151705479389136,-31.497628688812256,-31.452975273132324,-31.47530198097229,0.04465341567993164,-0.0001820777979446575,-0.002113197697326541,0.018423328176140785,0.019089648500084877,0.000369319663150236,-0.0020789792761206627,0.018368562683463097,0.01933366060256958,891.4218499845084,35847.32753603815,0.0011878105578944087,920.3780450781366,35823.504404186366,0.001161858206614852,0.026544833555817604,0.0037525079678744078,30476.098719726695,19114.65062818106
0.002072663521292709,-0.00682966004545983,-0.044779773172159615,0.028473797899314923,0.20111119984783027,0.1340639807470076,-0.047166354101867536,0.0,-98.40376351997423,-68.2850546462223,-83.34440908309827,30.118708873751928,-31.428685188293457,-31.486971378326416,-31.457828283309937,-0.058286190032958984,-0.002055311808362603,0.00046175415627658367,0.019101880490779877,0.01871757209300995,-0.002034243429079652,-0.00048825074918568134,0.019284378737211227,0.018270444124937057,801.7957907543021,35861.90566254447,0.0011593687813729048,827.0445573149583,35849.10426883868,0.001165479188784957,0.026390813291072845,0.003827171167358756,30992.680891101125,18332.017841259807
0.7187968781855796,0.6985201158769466,0.9973521901374091,0.6000110872653822,0.08995300874189764,0.14467163118835802,0.3415815028750638,-1.0,-93.59198642880516,-53.55475646771427,-73.5733714482597,40.03722996109089,-31.38878107070923,-31.379213333129883,-31.383997201919556,0.009567737579345703,0.0012709163129329681,0.0014303699135780334,0.019178682938218117,0.018836846575140953,-0.0009481935994699597,0.001942350179888308,0.018456870689988136,0.019559744745492935,941.0479498074856,35742.27101761064,0.00122476473916322,851.3845458447114,35846.75979515512,0.0011686234502121806,0.026587072759866714,0.004222732037305832,30468.9182331899,19764.203343196623
-0.2882467949384583,-0.21884223959308324,-0.953001259066702,-0.9272016835753075,-0.06411088918071961,1.0,0.5866385016231738,0.7700649962087311,-103.54263389633047,-58.13633038589944,-80.83948214111496,45.40630351043103,-31.460912227630615,-31.403110027313232,-31.432011127471924,0.05780220031738281,-0.0015508331125602126,-0.0013336373958736658,0.01921013742685318,0.01846979185938835,0.0016054031439125538,0.0014287399826571345,0.019389336928725243,0.018529776483774185,916.7089980286944,35842.23576257465,0.0011694609420374036,916.2000061380228,35848.73020083155,0.0011715248692780733,0.02613075077533722,0.003978874068707228,30945.58872939598,19258.61725184125
-0.9734278188577759,-1.0,-0.1931634375949679,0.41694684867232423,0.13559377004014314,-0.14118611680899026,0.43552780308707856,0.9078440465077252,-83.2209572296627,-58.28682983338035,-70.75389353152153,24.93412739628235,-31.42411470413208,-31.487574577331543,-31.45584464073181,-0.06345987319946289,0.0017930101603269577,-0.0011615048861131072,0.01873554289340973,0.01910078339278698,0.0018950458616018295,-0.0009543471969664097,0.01871325634419918,0.01884903758764267,849.1915880221858,35835.65843518487,0.001160734216682613,814.2496161368762,35858.654905003816,0.001166622037999332,0.026448065415024757,0.0040047080256044865,30990.64010755692,18496.84179839219
1.0,0.9823637621292298,0.7188946481819797,0.36209666357326686,0.09152914607397777,-0.06548724227758262,-0.5067052224225437,-1.0,-96.43901524436842,-50.87428013100066,-73.65664768768454,45.56473511336776,-31.362645626068115,-31.395938396453857,-31.379292011260986,-0.03329277038574219,-0.002125111874192953,-9.422343282494694e-05,0.019471313804388046,0.0186289194971323,-0.00013861664046999067,-0.002144519705325365,0.018624458461999893,0.019329385831952095,845.5359327460282,35830.906818426556,0.001163073698990047,775.1781806549906,35842.58476237851,0.0011677766451612115,0.02644590474665165,0.0038267532363533974,31010.224018203295,17750.462309175404
-0.0004393763062613826,0.0,-0.09718711802622806,0.12030164377044678,0.31463128895134584,0.19144239100745986,0.0029431425142096845,0.0,-92.95299918124198,-68.30650675556825,-80.62975296840511,24.646492425673728,-31.44303798675537,-31.371943950653076,-31.407490968704224,0.07109403610229492,-0.0018783228006213903,0.000981202581897378,0.018806803971529007,0.018950089812278748,0.0019198162481188774,-0.0009054015390574932,0.01899910531938076,0.019069863483309746,843.7527825012221,35867.44035464521,0.0011701808543875813,904.1804595991634,35850.56183583406,0.0011514201760292053,0.026255937293171883,0.0036660279147326946,30985.911837844375,18575.7410389484
0.8073458060763127,0.8355826767863661,0.8562473901280733,0.39175055774397166,-0.09315659797250142,-0.20077342980592316,-0.3903615467400314,-1.0,-94.8723387712738,-48.03067362106873,-71.45150619617127,46.841665150205074,-31.425950527191162,-31.476545333862305,-31.451247930526733,-0.05059480667114258,0.00075465755071491,-0.001990833319723606,0.018361857160925865,0.01945326291024685,-0.002066527958959341,-0.0005089486949145794,0.01932149939239025,0.018273737281560898,835.2732391794606,35847.74708673183,0.0011762860231101513,979.5537624157894,35837.66639184511,0.0011705043725669384,0.0269831083714962,0.003212010720744729,30725.027799982057,18255.70030696159
0.975305822034964,0.975827535714686,0.8167010646768971,0.67182616481961,0.6111426403998022,-0.5173401052234748,-0.7917990485373404,-0.9818340956617935,-97.19545904924752,-62.97713888113333,-80.08629896519042,34.21832016811419,-31.339166164398193,-31.397862434387207,-31.3685142993927,-0.05869626998901367,-0.0015510556986555457,0.0014426173875108361,0.018775388598442078,0.019433291628956795,-0.001544315367937088,-0.0014785875100642443,0.01936398446559906,0.018581101670861244,869.406163612173,35861.4296642559,0.0011578212724998593,834.6847271883779,35856.812822439715,0.0011709544342011213,0.027064885944128036,0.0031859579030424356,30975.84114390403,18357.947266645548
-0.4161116543766893,-0.40024018769683734,0.3286061392743941,0.577439586415959,0.0,-0.2672652875206391,0.03178148155679705,-0.025583691378437856,-84.01469195082728,-53.58007351498111,-68.7973827329042,30.434618435846176,-31.385278701782227,-31.314499378204346,-31.349889039993286,0.07077932357788086,-0.0005683345953002572,-0.002076650969684124,0.018848339095711708,0.019157249480485916,-0.0008983954903669655,0.0019742734730243683,0.018582547083497047,0.019718609750270844,948.3017846670755,35844.63271401757,0.0011905919527634978,885.4647648673765,35847.8483714208,0.0011571947252377868,0.02681771293282509,0.0037358927074819803,30476.66356075337,19120.175427889677
0.3857859063224108,0.4038761714762778,-0.1346542351873305,-0.1174187935705312,0.5292465544314409,0.40143012872747075,-0.3084810814840039,-0.3176387681585139,-107.69632968098347,-60.36941811588821,-84.03287389843584,47.32691156509526,-31.442372798919678,-31.444239616394043,-31.44330620765686,-0.0018668174743652344,-0.001205982407554984,0.0016525369137525558,0.018468789756298065,0.019290434196591377,0.001492375391535461,0.001538156415335834,0.01924026384949684,0.018501702696084976,844.3232736706408,35856.412280182594,0.0011886368738487363,867.9507514423187,35827.1175898939,0.0011828307760879397,0.0268788430839777,0.003173652570694685,30725.65552600068,18265.43427540342
-0.03148409348339248,-0.024520513865934165,0.292492863096284,0.4159539505904774,0.35326637703718833,0.40314665712182207,0.768080344927638,0.0,-90.04357313277625,-64.64111425398016,-77.34234369337821,25.402458878796082,-31.37538194656372,-31.447389125823975,-31.411385536193848,-0.0720071792602539,-0.0001681176945567131,-0.0018815584480762482,0.01869947277009487,0.019373055547475815,-0.0008402481325902045,-0.0019626112189143896,0.018865611404180527,0.01887073740363121,834.8996095963219,35749.941537681196,0.0012061484158039093,850.3682335768875,35847.79315209963,0.0011677979491651058,0.027039052918553352,0.003459341824054718,30721.02083728695,18439.282512654772
0.978625937955019,0.9194294985254562,0.6716159288738632,0.20574442324810996,-0.013851045978715948,-0.07522732721532543,-0.4159279179508466,-1.0,-94.50384583843407,-50.7604595131682,-72.63215267580114,43.743386325265874,-31.40007734298706,-31.37458086013794,-31.3873291015625,0.025496482849121094,0.0019388447981327772,-0.0008629183284938335,0.01896487921476364,0.018980327993631363,-0.002148181200027466,3.769372415263206e-05,0.0194143895059824,0.01863206923007965,911.617719100132,35830.10329164202,0.0011505280854180455,861.6363756518174,35842.87484564432,0.001156574347987771,0.026373054832220078,0.003831038950011134,30986.531757435765,17911.712714439735
-0.010525230504011102,0.0,-0.054291506486252555,0.2334843244549723,0.49402471550335636,0.276716022023458,-0.0021914356803657276,0.0,-89.52903318503604,-65.22150810036598,-77.37527064270101,24.30752508467006,-31.47226095199585,-31.44510507583618,-31.458683013916016,0.02715587615966797,0.0013838992454111576,-0.001608154154382646,0.018376247957348824,0.0192430280148983,-0.0021053182426840067,5.1415423513390124e-05,0.01924297586083412,0.01849929429590702,802.6428650967509,35857.559791702435,0.0011811117874458432,876.8519807943591,35840.879351876734,0.00116284703835845,0.026557357981801033,0.0031490756664425135,30977.278217945932,17921.954341551755
0.8248444593749902,0.8374080154401795,0.8693353723401361,0.4121566172259871,-0.10025263304026516,-0.19255544782888395,-0.28028496180318835,-1.0,-95.19520930797836,-53.02724376062611,-74.11122653430223,42.16796554735225,-31.381924152374268,-31.452465057373047,-31.417194604873657,-0.0705409049987793,0.00043910962995141745,0.0020995528902858496,0.018786197528243065,0.01923370733857155,-0.0021282462403178215,9.531810064800084e-06,0.019252628087997437,0.018453828990459442,809.0269895619732,35842.15183757638,0.0011481203837320209,841.4975665859057,35846.0286388325,0.0011566235916689038,0.02689078450202942,0.004098592791706324,30719.715717712945,18558.889330437203
-1.0,-0.9943692786982808,0.11199305238360696,0.35484323769376547,0.5898382936488951,0.6505462234249932,0.6844961862565606,0.9113789662382021,-101.08839953471215,-65.96792582375627,-83.52816267923421,35.12047371095588,-31.3800048828125,-31.36345148086548,-31.37172818183899,0.016553401947021484,-0.0010565640404820442,-0.0018091818783432245,0.019139064475893974,0.018896711990237236,0.002051569987088442,0.0005746072274632752,0.019575834274291992,0.01851501129567623,877.2486792935962,35841.79440910251,0.001153194927610457,952.16971771873,35820.59612520574,0.0011491492623463273,0.02645290270447731,0.0042284331284463406,30711.64457490588,18732.885722826864
0.22381781344963836,0.16421686674211644,0.5995765276965577,0.5808819604721555,-0.2641880908905144,-0.6736912739417472,-0.7103499153876998,-0.8588614997591476,-88.07911240228455,-53.273474749314715,-70.67629357579963,34.805637652969835,-31.45050048828125,-31.390461921691895,-31.420481204986572,0.06003856658935547,0.0007041315548121929,-0.001999072264879942,0.018297528848052025,0.019410548731684685,0.0009820893174037337,0.001906540826894343,0.019066883251070976,0.018917808309197426,902.3483058049883,35866.09502829087,0.001170629053376615,892.6624209448169,35847.767560678374,0.0011758869513869286,0.02673228643834591,0.0030478849075734615,30727.993479338693,18328.88261333559
0.3172640812636717,0.40855889287716246,-0.13602751428470364,-0.20414579421136603,0.42214411018951536,0.47623787898243986,-0.0756177228546897,-0.05846240771918487,-102.65840267345823,-60.01441467416561,-81.33640867381192,42.64398799929262,-31.34800910949707,-31.406550407409668,-31.37727975845337,-0.058541297912597656,-0.001493286807090044,0.001481294515542686,0.018742866814136505,0.01942785084247589,-0.001486858120188117,0.001547994907014072,0.018552664667367935,0.019352920353412628,849.83588870134,35842.006708999164,0.0011780528584495187,851.5556359573477,35847.026421353745,0.0011559005361050367,0.027163194492459297,0.003144387621432543,30729.16306967842,18316.711781330196
-0.5169396597204613,-0.5421856123310451,-0.19485353008497247,0.575016815306497,0.5233775383609272,-0.12199787845857946,-0.18073891560886712,0.020431811639210817,-88.08252844127753,-58.52696663006424,-73.30474753567088,29.555561811213295,-31.264030933380127,-31.255371570587158,-31.259701251983643,0.00865936279296875,0.0007187380106188357,0.002061509992927313,0.019186828285455704,0.01935393549501896,-0.0010965908877551556,-0.00188452226575464,0.01942346803843975,0.01915574073791504,835.2542520487566,35843.23079532247,0.0011399685172364116,734.2492243675393,35813.399817618694,0.0011392512824386358,0.027151107788085938,0.004064079374074936,30719.285962759866,18758.144166482074
1.0,0.9778061663928903,0.41173086353535454,-0.18840473572874628,-0.025399213554894162,0.0026502474379604957,-0.49043565634786274,-1.0,-97.77202622301945,-51.9122565490226,-74.84214138602103,45.85976967399685,-31.342203617095947,-31.297109127044678,-31.319656372070312,0.04509449005126953,0.0019576845224946737,-0.0007819009479135275,0.01913544163107872,0.019066523760557175,0.0015512625686824322,-0.0015199793269857764,0.01881599798798561,0.019571540877223015,933.9152144573715,35859.71558552901,0.0011711117113009095,912.2391067387066,35846.555162189885,0.00114386435598135,0.02666911669075489,0.00366002693772316,30984.57971890116,17854.05007759849
-0.05254632602082951,-0.09624900000933313,-0.10008850812320977,0.2981358736053269,0.5161283512831727,0.23683664162759932,-0.07432154454939488,0.0,-87.68348378720498,-61.92531723648494,-74.80440051184496,25.758166550720034,-31.398966312408447,-31.47257089614868,-31.435768604278564,-0.07360458374023438,-0.0018638477195054293,0.0010557356290519238,0.018853070214390755,0.01909402385354042,-0.0020552584901452065,-0.0005002348916605115,0.01932869479060173,0.018285464495420456,828.9000087460315,35852.46677571367,0.0011704966891556978,895.2094409160236,35850.344070210966,0.0011824953835457563,0.026579521596431732,0.003794739255681634,31231.798221068897,18159.20848438943
0.733571439753151,0.740699342725063,0.8669828071825297,0.5152500032945763,-0.05026524608244093,-0.2544818178069816,-0.3779900527260452,-1.0,-92.56794219383048,-48.51549418483296,-70.54171818933172,44.052448008997516,-31.3388729095459,-31.376793384552002,-31.35783314704895,-0.037920475006103516,0.0017077659722417593,-0.001301667420193553,0.01884755864739418,0.019361382350325584,-0.0019088133703917265,0.0009566264925524592,0.01896086148917675,0.019085191190242767,819.3990572678618,35853.50656450659,0.0011684823548421264,777.2612011813795,35847.48523139586,0.0011586968321353197,0.02680923417210579,0.0036835430655628443,30980.608174327182,17793.66254469049
0.013382238136819354,-0.0066334353605652764,-0.07582895689541566,0.027797666334898108,0.17921992232651324,0.12872749685629603,0.0005401948710755944,0.0,-97.00312950991727,-68.21105887791802,-82.60709419391765,28.792070631999252,-31.428775787353516,-31.353118419647217,-31.390947103500366,0.07565736770629883,-0.0016955360770225525,0.0012421272695064545,0.01868375577032566,0.01913507841527462,-0.001014605863019824,0.0018659112975001335,0.01855701021850109,0.019581235945224762,891.2689381712116,35846.91878671942,0.0011781175853684545,898.7540774168687,35832.32531736167,0.00113580038305372,0.026564234867691994,0.0032227898482233286,30980.497447530255,17927.73605291754
0.431022461977121,0.4201174898610774,0.8710637090623063,0.6475506197701493,-0.04573297950684613,-0.31724331208673884,-0.39943509726798737,-1.0,-88.93250803691367,-53.33199699370425,-71.13225251530896,35.60051104320942,-31.33897066116333,-31.363632678985596,-31.351301670074463,-0.024662017822265625,0.0021452903747558594,0.00020644285541493446,0.019574835896492004,0.01862442120909691,0.0009511929820291698,-0.00194368208758533,0.018480271100997925,0.019604196771979332,807.1679696870552,35846.591813879575,0.0011653786059468985,954.8101482089509,35830.79699019514,0.001174385310150683,0.0266108401119709,0.004103818442672491,30789.81588517967,18706.66693091578
0.9329463434637235,0.9240525604630178,-0.027472901395919472,-0.3192686156609597,0.2967222772461871,0.44684090100998175,-0.5919458556493891,-0.6298677098040437,-105.49836122119879,-60.392229990081546,-82.94529560564017,45.106131231117246,-31.19624614715576,-31.2502384185791,-31.22324228286743,-0.053992271423339844,0.0020965510047972202,0.00029662810266017914,0.019868291914463043,0.018973691388964653,-0.0007916672620922327,0.00204234360717237,0.018718905746936798,0.01986599713563919,897.0066688973243,35865.076826400786,0.0011641528690233827,844.6122002232704,35855.171644517526,0.0011602328158915043,0.027078142389655113,0.003815451404079795,31004.123377294043,17821.738507568356
-0.9924135555662799,-0.9490773823574721,-0.3981286264155336,0.305822709192235,0.26648914202866675,-0.05121206346682089,0.2658130573382146,0.6770975763891652,-86.63441640488998,-60.590031646949285,-73.61222402591963,26.04438475794069,-31.277570724487305,-31.221396923065186,-31.249483823776245,0.05617380142211914,2.1671916329069063e-05,-0.002183799399062991,0.01881379261612892,0.01965758390724659,0.0007503489614464343,-0.0020602832082659006,0.018787557259202003,0.01992659457027912,890.7122715167175,35831.542999989906,0.0011792932637035847,878.9653531109215,35833.99165451932,0.001148055074736476,0.02714553475379944,0.0033042803406715393,30724.623582311717,18337.702865049978
1.0,0.9843886878095638,0.6008324162173848,0.33807582719138657,0.5839839998828287,0.5243599735598392,-0.0022576157953802523,-1.0,-93.03064542799842,-53.66385521766151,-73.34725032282996,39.366790210336916,-31.333212852478027,-31.314327716827393,-31.32377028465271,0.018885135650634766,0.00014638359425589442,0.0019351718947291374,0.018811186775565147,0.01944313943386078,0.0015454315580427647,-0.0015206983080133796,0.018772488459944725,0.019538719207048416,835.8618246007428,35734.1587785725,0.0012168175308033824,817.934843991191,35824.695729215004,0.0011551369680091739,0.02726384438574314,0.0034871301613748074,30476.4867974522,19265.767130806402
0.9218492966044332,0.9432388148572128,0.7163451470603135,0.6807852604374333,0.7188248599640957,0.5326059875919988,0.1728620881294889,-1.0,-90.71272619869035,-66.6634873152824,-78.68810675698637,24.049238883407952,-31.20971918106079,-31.296298503875732,-31.25300884246826,-0.0865793228149414,-0.0005815658369101584,-0.002112926682457328,0.019235676154494286,0.01954656094312668,-0.001828727312386036,-0.0011321931378915906,0.01970573142170906,0.01868155412375927,867.975508013409,35858.098282228595,0.0011675182031467557,887.4187742488734,35834.47529993456,0.0011586255859583616,0.02752804383635521,0.004123691935092211,30474.068219275614,18791.225650346823
0.7460933812949713,0.7110510993126244,0.8290076396592956,0.49607946479036,-0.08777073747878772,-0.26534098392268624,-0.3869598966194367,-1.0,-92.36925352285607,-45.979118003587075,-69.17418576322157,46.390135519268995,-31.27115488052368,-31.251606941223145,-31.261380910873413,0.01954793930053711,0.0017407857812941074,0.0012927211355417967,0.019740961492061615,0.01875748485326767,0.0017790219280868769,-0.0012474401155486703,0.019075052812695503,0.019520200788974762,907.6848350217091,35852.04418641886,0.0011795348254963756,857.8036537072904,35830.12241880741,0.001164990128017962,0.026752877980470657,0.004046942573040724,30954.156609613707,19209.379896738592
0.014142005381873518,0.0,-0.03993183621683431,0.1369028961085922,0.28842198695313037,0.11030827789338787,-0.03714121916459745,0.0,-93.65600393128148,-63.40117226609499,-78.52858809868823,30.254831665186487,-31.352343559265137,-31.318492889404297,-31.335418224334717,0.033850669860839844,-0.0020585383754223585,-0.000557035265956074,0.019596746191382408,0.018543167039752007,0.0019833887927234173,0.0008320022607222199,0.019690068438649178,0.018596651032567024,823.4904794414007,35862.23359285742,0.0011744886869564652,907.5854533588957,35847.88679777661,0.0011754661099985242,0.02640146017074585,0.004122411832213402,31029.695938425728,18160.445369557445
-0.04656984896940186,-0.08912475240434836,0.7382969788726013,0.6579764218169972,-0.14112719208001548,-0.22218876602522164,0.24844794874025367,-0.31206961723642124,-88.85513752636092,-55.27739189700503,-72.06626471168298,33.57774562935589,-31.248509883880615,-31.316423416137695,-31.282466650009155,-0.06791353225708008,-0.0007172186160460114,-0.0020680346060544252,0.01922031119465828,0.01938917301595211,-0.0017306425143033266,-0.0013111578300595284,0.019636068493127823,0.01866072230041027,813.7801028413205,35840.802019152754,0.001162137952633202,813.4498032350165,35834.33932795772,0.0011497577652335167,0.027392050251364708,0.004105951637029648,30718.413209543654,19177.03509373206
0.1844732391808013,0.2321294548614269,-0.11686349904512765,-0.13364551789375936,0.30543821062329307,0.44014506487266825,-0.07203740579033191,-0.1852400284849116,-107.5693616807759,-60.053842923894194,-83.81160230233505,47.515518756881704,-31.2323260307312,-31.214656829833984,-31.223491430282593,0.017669200897216797,0.0017789335688576102,-0.0011088806204497814,0.019205903634428978,0.01948566362261772,0.0016174687771126628,0.0014790156856179237,0.01980135589838028,0.018950574100017548,903.2151548708872,35850.52198725456,0.0011544659500941634,843.1654072702808,35823.92448453921,0.0011454898631200194,0.027223575860261917,0.0033595296554267406,30975.764228890574,18807.312253345935
-0.878577180865852,-0.8863374545257621,-0.1320714147293105,0.5235110455732085,0.0,-0.4455262184969811,-0.043128820927522904,0.5356976166752372,-89.20074192895657,-59.20319536846,-74.20196864870829,29.997546560496573,-31.294827461242676,-31.239640712738037,-31.267234086990356,0.05518674850463867,0.0011121986899524927,-0.001869063125923276,0.01865537092089653,0.019734244793653488,0.0018707476556301117,0.0011435557389631867,0.019855579361319542,0.018778540194034576,958.2571921511875,35861.4762683998,0.0011719036847352982,929.9787441932428,35846.13458171207,0.00116360979154706,0.02707715518772602,0.003242105944082141,30975.816576726873,18131.619373209112
0.981935021933504,1.0,0.584117838525099,0.16976675264565233,0.047424530496452455,-0.09002201626471529,-0.5292032132588401,-1.0,-98.37317691119938,-51.554645439681565,-74.96391117544047,46.818531471517815,-31.21427297592163,-31.273787021636963,-31.244029998779297,-0.05951404571533203,-0.002140105701982975,0.00029518146766349673,0.01965807005763054,0.019104493781924248,0.0015610347036272287,0.0015193502185866237,0.019648607820272446,0.018841050565242767,825.4997174029284,35853.43764455325,0.0011671505635604262,806.4214535432259,35841.63940783812,0.0011903343256562948,0.02706528641283512,0.0038685412146151066,30995.101191519083,18097.719713000308
0.006795655811732434,-0.010435746479260214,-0.04021603326298567,0.21270063170219095,0.3571359415514601,0.13395430906310968,-0.08998797685973514,0.0,-93.65834787457453,-65.11869855347473,-79.38852321402463,28.5396493210998,-31.177399158477783,-31.198229789733887,-31.187814474105835,-0.020830631256103516,0.0020947842858731747,0.0006554166320711374,0.02001136913895607,0.018901402130723,0.0008602234884165227,0.001995689235627651,0.01941862143576145,0.01941857859492302,894.2955741850194,35854.53473674779,0.0011620913865044713,756.8786717119592,35854.65095367206,0.0011401207884773612,0.026918791234493256,0.004215772729367018,30777.372516250238,18033.967532316638
0.8592782450826623,0.8517107119279097,0.7823201621038443,0.317580615318371,-0.24620023636109872,-0.2864685528808449,-0.3850191818972354,-1.0,-93.50489349157613,-50.572178168615665,-72.0385358300959,42.93271532296046,-31.263902187347412,-31.207866668701172,-31.235884428024292,0.056035518646240234,0.0007939060451462865,-0.002024684567004442,0.018703855574131012,0.019822554662823677,-0.002064574509859085,0.000738753005862236,0.01946377381682396,0.01932765357196331,879.2520836264721,35824.047837688755,0.0011697158915922046,888.3671673834004,35830.70096545296,0.0011502467095851898,0.027239952236413956,0.0031702546402812004,30725.908397252148,18236.292949155413
0.0,0.993939140197772,-0.1644152029900678,-0.27881486492828206,-0.34940883766141273,-0.46882594091520313,-0.7259913188779938,-0.9330434662599824,-98.74969220184943,-64.97754927767303,-81.86362073976123,33.77214292417639,-31.228177547454834,-31.291964054107666,-31.26007080078125,-0.06378650665283203,-0.0019079458434134722,0.0009673276799730957,0.019291264936327934,0.01941502094268799,-0.0011853708419948816,-0.0017884282860904932,0.019394759088754654,0.019024275243282318,864.2745911196594,35854.69082904625,0.001160045387223363,849.0932209709871,35852.549483465235,0.0011620461009442806,0.027326971292495728,0.0035555490758270025,30982.210392426143,17862.713547388208
-0.08005008327573704,0.014400688740506817,0.5436004852033,0.6111002273176157,-0.047519657900064155,-0.6238383472628937,-0.617051243696909,-0.8342139493769417,-87.28685068178018,-51.42648591927855,-69.35666830052936,35.86036476250163,-31.160638332366943,-31.20598316192627,-31.183310747146606,-0.04534482955932617,0.001616235007531941,0.0015004586894065142,0.019924143329262733,0.019069580361247063,0.0006813344080001116,0.002088258508592844,0.019296778365969658,0.01950237713754177,842.910713659304,35837.63037950033,0.0011790827848017216,836.4728446108388,35835.00767351752,0.0011623050086200237,0.027387496083974838,0.004203988239169121,30710.85295505571,18685.86104585147
-0.00013168312751404235,0.03949317433421069,-0.12212796980834795,-0.1706272548933297,0.18839381551938594,0.2861578399262421,-0.024871985480005576,0.0,-101.70595477436916,-62.27716508000424,-81.9915599271867,39.42878969436492,-31.234138011932373,-31.165320873260498,-31.199729442596436,0.068817138671875,-0.0008408372523263097,-0.0019526698160916567,0.019335715100169182,0.019345499575138092,-0.0016548722051084042,0.0014495006762444973,0.019152695313096046,0.01982407085597515,890.9169368516208,35860.91141763093,0.0011629823129624128,859.4927724349459,35846.05010800983,0.0011424919357523322,0.026905633509159088,0.004327322822064161,30713.219799686485,18524.70927713171
-0.37497368326918207,-0.3700321417079606,0.028361658640189413,0.5873315381123887,0.37111455205624666,-0.1739203843783606,-0.10987738375776357,0.04334973257339103,-89.29429038634049,-61.228838273615054,-75.26156432997777,28.06545211272544,-31.22356653213501,-31.229987144470215,-31.226776838302612,-0.006420612335205078,0.0005901000113226473,0.0021145737264305353,0.019204260781407356,0.01951535977423191,0.0018525293562561274,-0.0011474066413939,0.019186709076166153,0.019505886361002922,829.9504291866351,35842.03708741566,0.00115445745177567,937.3067624593606,35856.960265676724,0.0011683899210765958,0.027461783960461617,0.004101159051060677,30474.984670074486,18825.030233196994
1.0,0.9974131379519073,0.6044596382968722,0.09267525737111737,-0.026080232538317594,-0.15593064003250712,-0.551896220771218,-1.0,-99.96404913647405,-51.713845316460436,-75.83894722646724,48.25020382001361,-31.11893892288208,-31.19593381881714,-31.15743637084961,-0.0769948959350586,0.0021709378343075514,5.0861199270002544e-05,0.019996225833892822,0.01919126883149147,-0.002094077644869685,-0.000657817698083818,0.019976720213890076,0.018852075561881065,845.6924815913184,35831.59069527508,0.0011461321264505386,818.4947846313663,35846.4489079101,0.0011494659120216966,0.02736273780465126,0.0038351649418473244,31003.53843345833,17863.58160856273
-0.023004696803378053,-0.02650066436212357,-0.044672515545762015,0.2843478506101679,0.4933754007420329,0.1893061694903529,-0.06008426216059504,0.0,-91.13921084656067,-62.96440043030299,-77.05180563843183,28.174810416257685,-31.17772102355957,-31.152338981628418,-31.165030002593994,0.025382041931152344,0.0021710162982344627,-0.0003429545322433114,0.019740212708711624,0.01918260008096695,-0.0008298464817926288,0.0020271786488592625,0.018952706828713417,0.02007349766790867,956.7969648944318,35844.9869397809,0.00116352504119277,844.383515810798,35860.31275530441,0.0011568660847842693,0.026865165680646896,0.003933172207325697,31002.075857955006,17754.867726655913
0.746390998238077,0.7318652324926338,0.8731457589014134,0.5221104103757317,-0.06144983904867585,-0.2846085072475355,-0.4023853499012369,-1.0,-92.78225672877323,-48.64818289048981,-70.71521980963152,44.13407383828343,-31.24931812286377,-31.22739553451538,-31.238356828689575,0.021922588348388672,0.001438221661373973,0.001632607076317072,0.019635120406746864,0.018966812640428543,-0.00040195061592385173,-0.002134118229150772,0.01911976933479309,0.019583815708756447,801.5127898408184,35848.59788067005,0.0011725787771865726,859.144547944468,35833.676371760965,0.0011581305880099535,0.027077412232756615,0.004256751853972673,30711.441855658784,19047.732425795723
-0.9918922820694339,-1.0,-0.8979870380940725,-0.5859638247935808,-0.4103655487940473,-0.3901115009340924,-0.27807440997416843,1.0,-79.54583741836919,-63.97115732800012,-71.75849737318465,15.574680090369071,-31.179003715515137,-31.21816635131836,-31.198585033416748,-0.039162635803222656,-0.0018735169433057308,-0.0002629542723298073,0.019898977130651474,0.01904482953250408,0.0020864650141447783,-0.000563083915039897,0.019528528675436974,0.019219186156988144,831.5716460616028,35767.21245912427,0.0012120491592213511,851.6840945415847,35840.00587750601,0.0011404951801523566,0.027155859395861626,0.004245496820658445,30763.883219576783,17724.842927727954
0.274546776183254,0.305422770086373,0.9011423839215718,0.5387015812579343,-0.13334457692885476,-0.2695165823305692,-0.300416428453241,-1.0,-90.38329611685009,-54.53155782853207,-72.45742697269108,35.85173828831802,-31.167168617248535,-31.155784130096436,-31.161476373672485,0.01138448715209961,0.002078304998576641,0.0007237356039695442,0.02005048654973507,0.01890684850513935,-0.0021832548081874847,0.0003617352922447026,0.019778843969106674,0.01924162358045578,896.6328689763662,35844.72055282004,0.0011587367625907063,930.6891491606486,35822.53868158324,0.0011590254725888371,0.02698143944144249,0.004043901804834604,30746.117735273,18454.24670776683
0.7217419545760827,0.7424303386830291,-0.11609906034420675,-0.2818645953054253,0.2948819397841122,0.43697425201516404,-0.29765152680301504,-0.25376815411713527,-104.78354954178786,-57.5610383974369,-81.17229396961238,47.22251114435096,-31.269090175628662,-31.211066246032715,-31.24007821083069,0.058023929595947266,-0.0016422313638031483,0.0013038449687883258,0.019016195088624954,0.019508779048919678,-0.0018565722275525331,-0.001174970413558185,0.019915485754609108,0.01884656772017479,954.9851046707294,35870.4781753998,0.0011781579814851284,904.4868554283719,35849.35659347693,0.0011546427849680185,0.027285136282444,0.0032755995634943247,30730.77107349983,18491.98912288704
-0.9963097753120599,-0.9262289997463818,-0.3472385686067321,0.33941916881767814,0.24197133554242176,-0.04674953769824758,0.3763630759157091,0.8007369247180058,-84.95560495889981,-58.67077416596425,-71.81318956243203,26.284830792935566,-31.197116374969482,-31.255881786346436,-31.22649908065796,-0.058765411376953125,-0.001660594018176198,-0.0014452337054535747,0.019858233630657196,0.018970651552081108,-0.002026662463322282,0.0008165907929651439,0.019315920770168304,0.01926136575639248,801.976945330721,35846.697757836126,0.0011577613186091185,821.2330134603833,35837.34543403173,0.0011788565898314118,0.027363037690520287,0.004183848854154348,30712.14941002361,18572.909409801432
1.0,0.9797354314559892,0.6214971531937272,0.21173625258624024,0.09906022918864765,-0.02955002780481153,-0.5643042949798285,-1.0,-100.76028641149867,-55.27067776632384,-78.01548208891126,45.489608645174826,-31.155126094818115,-31.176795959472656,-31.165961027145386,-0.021669864654541016,0.0014248844236135483,0.001623043091967702,0.019821129739284515,0.019207144156098366,-0.001412649406120181,0.0016959394561126828,0.01900121010839939,0.0199179258197546,904.4501592803117,35844.70936279293,0.0011422140523791313,769.7673641773058,35858.89832552548,0.001144884736277163,0.027136147022247314,0.004302378743886948,30954.661031837277,18981.910550635093
-0.0023300775657630456,0.0,-0.11570660097365443,0.1095853353750269,0.23670455425791365,0.12941406863900967,-0.036637544602941774,0.0,-90.58738434690969,-65.37906517649469,-77.98322476170219,25.208319170414995,-31.265568733215332,-31.218011379241943,-31.241790056228638,0.04755735397338867,-0.0019259535474702716,-0.0010094383032992482,0.019810250028967857,0.01870925910770893,0.0019140529911965132,0.0010275956010445952,0.019901400431990623,0.018832223489880562,847.4919480223749,35830.706926821644,0.001166292349807918,890.7950174949129,35833.407463523356,0.001150274183601141,0.026638243347406387,0.00424631591886282,30706.6902946208,19620.87041685757
0.823691339346027,0.8555497564425396,0.8493045695826612,0.3875586219571928,-0.11852334403903036,-0.24280455987373706,-0.407885123543654,-1.0,-94.75302939248485,-47.56916251919017,-71.16109595583751,47.183866873294676,-31.301441192626953,-31.370434761047363,-31.335937976837158,-0.06899356842041016,-5.770515417680144e-05,0.0021531886886805296,0.018767159432172775,0.019601495936512947,0.0017713340930640697,-0.0012149254325777292,0.018820160999894142,0.019250258803367615,884.6507069022707,35838.1416659031,0.0011622434249147773,956.741091934055,35875.382842937695,0.0011810357682406902,0.027336224913597107,0.0038415801245719194,30476.04142979368,19957.16454453949
0.016611329293966377,0.0,-0.04215886199162763,0.0637722855880512,0.1562029553847908,0.04087767677052356,-0.126313071353919,0.0,-97.03026486568587,-64.84227036938935,-80.93626761753761,32.18799449629651,-31.27506971359253,-31.31720781326294,-31.296138763427734,-0.042138099670410156,0.002117781899869442,-0.0002699970791582018,0.019530611112713814,0.018962468951940536,0.0001238811673829332,0.00215095654129982,0.018788935616612434,0.019511863589286804,832.5128693013656,35851.71775352335,0.001182163250632584,829.0145834202198,35844.216302371664,0.0011753904400393367,0.026807552203536034,0.0038929181173443794,30997.40475017525,17976.36155883855
-0.2699921911977905,-0.21182010757622027,0.35428873601349165,0.56227339232193,-0.04867931670530481,-0.3938886867441429,-0.21989591040987355,-0.46108984635357386,-84.07605881435367,-51.14585019938238,-67.61095450686803,32.93020861497129,-31.33302927017212,-31.273338794708252,-31.303184032440186,0.05969047546386719,-0.0020193252712488174,-0.0007648424943909049,0.01967608742415905,0.018544074147939682,-0.002135679591447115,0.0004819636815227568,0.01945006661117077,0.01904669590294361,938.1506484365517,35837.90072957082,0.0011805633548647165,891.5211326953954,35844.44689203174,0.0011658456642180681,0.026461757719516754,0.004134789574891329,30943.526263021013,18942.463996498696
0.29407170512224995,0.32281446695490046,-0.13641810948554764,-0.08725988683361374,0.5353819722167585,0.4503259659219666,-0.23764472257650526,-0.1290272320947612,-104.58812830989456,-60.66795619137548,-82.62804225063502,43.920172118519076,-31.350655555725098,-31.34960412979126,-31.35012984275818,0.0010514259338378906,0.0007319064461626112,0.0019429570529609919,0.019037550315260887,0.019130472093820572,0.00039151220698840916,0.002120230346918106,0.01883881911635399,0.019322043284773827,861.867609329287,35858.666098724825,0.0011771683348342776,823.138962236556,35839.32605803653,0.0011550133349373937,0.026774227619171143,0.0043359920382499695,30714.645142161786,18844.9683398293
-0.947454898631901,-0.9989216982190853,-0.4878455602954923,0.43968853352906867,0.24872200243291537,-0.14075548108989888,0.11642741927340683,0.5687949324743571,-87.84296383870839,-63.359127138242,-75.6010454884752,24.483836700466384,-31.23542070388794,-31.323249340057373,-31.279335021972656,-0.0878286361694336,-0.0020468379370868206,-0.0007934864843264222,0.019898660480976105,0.018752064555883408,-0.0006216975161805749,-0.0020679691806435585,0.019015593454241753,0.019263865426182747,829.7365059314814,35827.16237380542,0.0011515442747622728,863.4675353899139,35839.98483718856,0.0011687993537634611,0.026979513466358185,0.004114375449717045,30730.670968651983,18737.49798718033
0.023328530883483967,-0.002048135339608015,-0.4436594538209464,-0.7380480633246445,0.5133015809646826,0.6337879836654046,0.3083648862532845,-0.05464183403543811,-99.81877586534043,-53.011007028994186,-76.4148914471673,46.80776883634624,-31.242446899414062,-31.23195171356201,-31.237199306488037,0.010495185852050781,-0.001332252868451178,-0.0016675798688083887,0.019575418904423714,0.01906428299844265,-0.0019349073991179466,0.0010084996465593576,0.019254319369792938,0.019430067390203476,949.0802423833346,35836.54495876609,0.0011419070651754737,892.3203692342128,35867.64792966651,0.0011626794002950191,0.02682001329958439,0.004247778560966253,30950.88815431072,18578.124932562907
-0.041450850675154215,0.0,-0.019161794078137423,0.2052634641709284,0.30810679609911107,0.09031762524965187,-0.1582085026892046,0.0,-91.12218599810922,-64.03282979508302,-77.57750789659612,27.0893562030262,-31.370792388916016,-31.32171630859375,-31.346254348754883,0.049076080322265625,0.0008631337550468743,-0.001959217479452491,0.018475055694580078,0.019580943509936333,-0.0011257689911872149,-0.0018338749650865793,0.019299253821372986,0.018987394869327545,847.0000787544685,35850.928954119365,0.0011811432195827365,911.3166126594205,35836.38055107556,0.0011641255114227533,0.027067333459854126,0.0030637294985353947,30727.221968515216,18334.045090869906
0.8053407307540524,0.8186911396021336,0.8655278408102529,0.5090257934676596,-0.022407305665119004,-0.23229923893416438,-0.3978094765385402,-1.0,-92.98355039054826,-48.32381497574141,-70.65368268314484,44.659735414806846,-31.297166347503662,-31.34652614593506,-31.32184624671936,-0.049359798431396484,-0.0006940304883755744,-0.0020521641708910465,0.019105471670627594,0.01928943209350109,-0.002141747623682022,0.00015961001918185502,0.019421719014644623,0.018750878050923347,838.9596614520597,35831.7590833835,0.0011606287444010377,820.3872845670573,35840.1245354496,0.0011638582218438387,0.027137143537402153,0.004136350471526384,30718.435149804056,18287.369979844763
0.013328124341182917,-0.02055950070430924,-0.07849040433903251,0.09622723128944005,0.23408728933862066,0.0787350341170025,-0.10418154284017622,0.0,-95.32872005569016,-64.40836217148563,-79.8685411135879,30.92035788420452,-31.257026195526123,-31.280806064605713,-31.268916130065918,-0.023779869079589844,0.0011310663539916277,-0.0018273902824148536,0.018778681755065918,0.01978445053100586,-0.002052030060440302,-0.0006572505226358771,0.01976989023387432,0.018684284761548042,905.1523565670257,35847.8922915434,0.001164655084721744,783.2790094783086,35862.22526535797,0.0011513414792716503,0.027364153414964676,0.00298139126971364,30728.924689174386,18181.873058766534
0.4333083921557278,0.4689446746013829,0.7775587816684737,0.5822707285540739,-0.46736348431468405,-0.439071656413235,-0.05464834015934805,-0.7376005239750311,-89.28310802094865,-52.5792433355204,-70.93117567823452,36.70386468542824,-31.349647045135498,-31.28626585006714,-31.31795644760132,0.06338119506835938,-0.0010753890965133905,-0.0018790627364069223,0.019207356497645378,0.018954530358314514,-0.001603832351975143,-0.001478181453421712,0.019642308354377747,0.018790442496538162,853.7948533944078,35844.30246048241,0.0012005285825580359,897.7601575942966,35834.20047334621,0.001150672440417111,0.026785457506775856,0.004077183082699776,30715.827218870098,18501.21575924915
0.14188362413720457,0.18280655728901146,-0.10351297324730004,-0.06755975685741106,0.33291017221750513,0.4050686870869131,0.054376199198360564,0.0,-103.68698192225764,-60.57381684961621,-82.13039938593693,43.113165072641436,-31.36889934539795,-31.433193683624268,-31.40104651451111,-0.06429433822631836,0.0020672762766480446,-0.0001215017109643668,0.01934996247291565,0.018733199685811996,-0.0003666678094305098,0.002103969920426607,0.018382778391242027,0.01940186694264412,853.6321842868183,35840.93159362884,0.0011752197751775384,982.6270848949353,35839.50395885121,0.0011552826035767794,0.026743143796920776,0.0038102215621620417,30993.24974163264,18305.17405886711
0.4474507169008829,0.4138339843480839,1.0,0.8153240930053541,-0.07581983126730261,0.051045246667186225,0.6937835765243124,-0.17989161560295086,-93.69104553801512,-58.56457262428904,-76.12780908115208,35.126472913726076,-31.402852535247803,-31.478331089019775,-31.44059181213379,-0.07547855377197266,0.00149323302321136,-0.0011622379533946514,0.01887921616435051,0.01907760463654995,0.0001815825089579448,0.0021241274662315845,0.01846170425415039,0.019133932888507843,915.6324979187954,35758.83513694749,0.0012318118242546916,856.2179364415817,35852.45071278358,0.0011816895566880703,0.02657739818096161,0.0038355246651917696,30975.90887804998,17896.02115565647
0.9801242810818762,1.0,0.49786851275863553,0.07317927235162908,0.025236909682270603,-0.11429338415380597,-0.5802891616164809,-1.0,-99.61741404196994,-53.15850716647131,-76.38796060422062,46.45890687549863,-31.483616828918457,-31.468935012817383,-31.47627592086792,0.014681816101074219,0.0013189975870773196,-0.001605901517905295,0.018369333818554878,0.01920599490404129,0.0012452946975827217,-0.0017217645654454827,0.01832602359354496,0.01930464804172516,948.508414804512,35865.47291549436,0.001190757262520492,806.1618686421845,35834.050126918526,0.0011616382980719209,0.026484012603759766,0.003063896903768182,30728.481007864524,18342.131146975116
-0.1714081856708474,-0.17577099899306314,-0.10303105641933441,0.30139699943296383,0.4970665223253803,0.1810852329704315,-0.080436679096483,0.0,-90.92128239400637,-64.49928198033194,-77.71028218716916,26.422000413674425,-31.56167507171631,-31.53569459915161,-31.54868483543396,0.025980472564697266,-0.0021044709719717503,8.527194586349651e-05,0.01898466981947422,0.01825128123164177,-0.0001639626279938966,-0.00209944904781878,0.018340567126870155,0.019008947536349297,843.2291413803283,35843.60288402503,0.0011912845075130463,890.9449465130152,35832.42814672588,0.001166395260952413,0.025840086862444878,0.0038506139535456896,31011.419822604756,17653.76078610817
-0.06582880553461193,-0.07232001609648755,0.0,0.8260664143814549,0.5154679207909703,0.37624687366994913,0.3307121435902739,-0.01827058157140804,-96.49786021291115,-52.608985483566045,-74.5534228482386,43.888874729345105,-31.4858341217041,-31.547536849975586,-31.516685485839844,-0.061702728271484375,0.001264431281015277,-0.0016969350399449468,0.018313521519303322,0.019245652481913567,-0.0015104166232049465,-0.001472184550948441,0.01903648115694523,0.018259316682815552,839.108331563812,35838.74880867768,0.001147405942901969,844.5829723615851,35839.02195658254,0.0011525164591148496,0.026649368926882744,0.003123898757621646,30731.257485015583,18488.456065633363
0.007388723788788852,-0.0025943835510575876,-0.053607321767878774,0.07886704529115968,0.23495310020437415,0.12293819957039809,-0.03626170329236489,0.0,-102.20766749343534,-71.04079728457793,-86.62423238900664,31.166870208857404,-31.505467891693115,-31.454718112945557,-31.480093002319336,0.050749778747558594,-0.0012167354580014944,0.001691735116764903,0.018287764862179756,0.019190369173884392,-0.001983771100640297,-0.0006882906891405582,0.019368261098861694,0.01832558400928974,961.8288173679836,35846.92431104366,0.0011652401881292462,894.931607409518,35867.338381825815,0.0011628669453784823,0.026520758867263794,0.003035579342395067,30727.665291170782,18157.856090260626
0.6412393205537852,0.6439567995408322,0.8272773993953683,0.49310945242801296,-0.14538635399015676,-0.6395772645601259,-0.5728843116062186,-1.0,-91.55461896505136,-52.83247473910808,-72.19354685207972,38.72214422594328,-31.50407075881958,-31.47515058517456,-31.48961067199707,0.02892017364501953,-0.00016756742843426764,-0.0021213707514107227,0.01840030401945114,0.019083574414253235,0.0001445359957870096,0.0021135821007192135,0.018457822501659393,0.019152775406837463,924.0549099164867,35852.12753023628,0.0011839903891086578,922.5362546371896,35847.46260065233,0.0011568022891879082,0.026490654796361923,0.003703891532495618,30720.700102037223,19065.097535575056
0.12432725642713269,0.10187942385774357,-0.11391235955181525,-0.037763566742852694,0.25151011075847873,0.2745779091942755,0.05875590109761153,0.0,-100.96965134194548,-61.805471038110596,-81.38756119002804,39.16418030383488,-31.5352201461792,-31.579463481903076,-31.557341814041138,-0.04424333572387695,-0.0014069285243749619,0.0014967151219025254,0.01830408163368702,0.019051741808652878,-0.0020595062524080276,-0.00041881631477735937,0.019087867811322212,0.018065065145492554,861.264441134724,35853.622344209514,0.0011587393237277865,853.203838205213,35836.155399349336,0.0011644249316304922,0.026608828455209732,0.0031656776554882526,30730.607335512253,18437.530793737104
-0.5915883971796289,-0.5296312864631674,0.335701983921605,0.6418610628109462,0.0,-0.3694866417437048,0.2047158362244864,0.4392669413786614,-85.80719602454877,-57.91156547285743,-71.8593807487031,27.89563055169134,-31.410512924194336,-31.46763563156128,-31.439074277877808,-0.05712270736694336,-0.002087412402033806,0.0005013711052015424,0.019135290756821632,0.018759438768029213,-0.0019162633689120412,0.000917258090339601,0.018775727599859238,0.01887325383722782,857.4521477501453,35840.49642637497,0.0011659894371405244,790.5390480504482,35827.64776765666,0.001171230454929173,0.026305941864848137,0.003982178401201963,31007.840320018706,17729.73870008674
0.9757934637614222,1.0,0.0693040391073113,-0.2904434593865133,0.20290450920340847,0.25805519682019795,-0.4883282083360936,-0.7691086407650807,-100.21014870397784,-55.302695965218305,-77.75642233459807,44.90745273875953,-31.351499557495117,-31.115167140960693,-31.233333349227905,0.23633241653442383,0.0017888982547447085,0.0011285238433629274,0.019560279324650764,0.018587451428174973,-0.0014771460555493832,0.0016578978393226862,0.01915271393954754,0.02004455029964447,821.257482119331,35840.85143034076,0.001162065425887704,797.3792965888306,35836.367728533776,0.0011524440487846732,0.026444831863045692,0.0040126703679561615,30716.1602283878,19234.691387139716
0.0,-0.016587944003384474,0.033375442207664946,0.3378499795148906,0.4372211674108378,0.11382439852342252,-0.09218346150474421,0.0,-90.19964946882689,-61.5449154464672,-75.87228245764705,28.65473402235969,-29.88204002380371,-29.759366512298584,-29.820703268051147,0.12267351150512695,-0.0014382018707692623,-0.0020973454229533672,0.022841021418571472,0.02234623394906521,-0.002583663212135434,-6.492499232990667e-05,0.023417875170707703,0.022403014823794365,680.500013741028,35849.04864576483,0.0011421437375247478,659.9679958722046,35848.0227164073,0.0011107651516795158,0.03168359398841858,0.0049847145564854145,30714.210438345082,18396.812491624376
-0.001950742965420929,-0.012982743621387627,0.01472947090772253,-0.1412663967055724,-0.46767016676563383,-0.6195682669585514,0.3262476512891801,-0.012063686079750724,-93.88526402932237,-49.85552957285452,-71.87039680108845,44.02973445646785,-29.951725006103516,-30.398921966552734,-30.175323486328125,-0.44719696044921875,-0.0024889998603612185,-0.0003449360956437886,0.022980371490120888,0.021834975108504295,-0.001589285209774971,-0.0018054755637422204,0.021659646183252335,0.020911986008286476,592.8105862684644,35863.10080058016,0.00112159363925457,608.5881545144805,35834.50318894649,0.0011213487014174461,0.031248999759554863,0.004700148943811655,31032.72735781893,17668.54739915251
0.9810342778096276,0.9793700184464176,0.7744606183336555,-0.38460795983829416,-0.28291201426830914,-0.4039997402755203,-0.7266865491364808,-0.9194474408513411,-97.19252063479166,-72.69758767300925,-84.94505415390046,24.49493296178241,-35.53150177001953,-35.36632061004639,-35.44891119003296,0.16518115997314453,0.0008389849681407213,0.0010096137411892414,0.011965339072048664,0.011615026742219925,-0.0007439972250722349,-0.001071736216545105,0.012132663279771805,0.011905660852789879,992.6389755457678,35895.53624093628,0.0013070328859612346,942.8001956909311,35884.83926989692,0.0012740620877593756,0.016231980174779892,0.0026479410007596016,30711.483856464925,19103.84785521546
0.8144697027972237,0.8569430095796515,0.8998337868981997,0.4681812506279706,-0.04896875687477176,-0.35853529980685006,-0.4982968227993842,-1.0,-94.46670732681815,-53.522108840918065,-73.99440808386811,40.94459848590009,-30.750112533569336,-28.93249273300171,-29.841302633285522,1.817619800567627,-0.00011229339725105092,-0.0023014317266643047,0.020043516531586647,0.02084038406610489,-0.0014381271321326494,0.002449353924021125,0.024487564340233803,0.025902485474944115,708.768676674113,35842.25363378287,0.0011557155521586537,695.5313833742562,35839.618232484005,0.0011109496699646115,0.028687220066785812,0.0041071330197155476,30476.2536721598,19684.71844084338
0.08817553072732454,-0.013179831812720347,-0.1064508972070894,-0.012087405903891346,0.1336136687953,0.08851606442428028,-0.035927960116408975,0.0,-98.94451925347204,-60.594334805131865,-79.76942702930195,38.35018444834017,-27.782471179962158,-28.054049015045166,-27.918260097503662,-0.2715778350830078,-0.003092850325629115,-0.0008744044462218881,0.029555099084973335,0.027972571551799774,-0.0013168365694582462,0.0028648271691054106,0.027057427912950516,0.02869224362075329,516.0181891579565,35834.45458095587,0.001095656189136207,450.3859445690762,35822.67060369334,0.0010749668581411242,0.04019104689359665,0.005954049993306398,31019.54455636325,17636.204964508164
0.5103446041251791,0.5977993150483971,-0.276705945494163,0.0,0.8931030353317848,0.4156830688789471,-0.9713455909078567,-0.9976775847091072,-89.0172566412082,-57.59607933573932,-73.30666798847376,31.421177305468888,-28.892033100128174,-29.07876968383789,-28.985401391983032,-0.1867365837097168,0.000819872017018497,-0.0027455883100628853,0.024573402479290962,0.026049038395285606,-0.001971543300896883,-0.002000194974243641,0.025274422019720078,0.02428196184337139,440.7118941217627,35836.31767033739,0.0011258750455453992,474.9516629165074,35860.80022651868,0.0011532800272107124,0.035998910665512085,0.004139806143939495,30727.573999537148,18219.506046414484
0.9806540463276608,0.9112976868672088,-0.1123373249611165,-0.1614114289693653,0.39699626363994456,0.32941577595621585,-0.4571788571088111,-0.47042097507751857,-96.8209574508563,-55.46054718424671,-76.1407523175515,41.36041026660959,-29.221477508544922,-29.14022445678711,-29.180850982666016,0.0812530517578125,0.0012897197157144547,-0.002386593259871006,0.023708732798695564,0.02503737062215805,0.0011188536882400513,0.002557396190240979,0.02461494691669941,0.02460160292685032,539.5199541869557,35833.424985306876,0.0010968700516968966,483.14980543761754,35821.035125226335,0.0011191882658749819,0.03455977141857147,0.003964344970881939,30728.179212419756,18144.32238423627
0.0,0.0003759373342442224,0.21755167180951696,0.398376721478634,0.2537108584171961,0.019701034569466702,0.0280468522608196,0.0,-91.92478233741599,-60.22557406445031,-76.07517820093315,31.699208272965677,-29.07357931137085,-29.09839630126953,-29.08598780632019,-0.02481698989868164,0.0027430865447968245,0.0005690326215699315,0.02546936832368374,0.024108899757266045,0.002642011735588312,0.0009146610973402858,0.025441238656640053,0.02399270236492157,451.2336697545908,35814.16549012259,0.0011226920178160071,472.2940906785299,35824.529997686346,0.0010805747006088495,0.034194186329841614,0.005378496367484331,30787.36707340775,19472.855980039298
-0.0063402681435527075,0.007835764024367475,-0.11643358251474045,-0.4443184232450328,0.41153379242987476,0.458659610775468,0.29712764919433104,-0.03480922625471509,-92.8252106339242,-49.543118326435945,-71.18416448018007,43.282092307488256,-29.520914554595947,-31.55674934387207,-30.53883194923401,-2.035834789276123,-0.0018548534717410803,-0.0018778512021526694,0.02400544285774231,0.023095453158020973,-0.0015463766176253557,0.0014279731549322605,0.018285313621163368,0.018972929567098618,578.2975439128096,35834.45005550327,0.0011218818835914135,605.1052443235577,35848.35483772447,0.0011602654121816158,0.0332154780626297,0.005281960591673851,30954.06216121636,18731.241484945243
0.0013615903906052237,-0.003847026406327345,-0.13088713495720802,0.024299468241698596,0.22034974591045325,0.15747265233253954,-0.03569693627994497,0.0,-97.57405189411179,-72.69233842487395,-85.13319515949287,24.881713469237837,-35.05276918411255,-35.41359186172485,-35.2331805229187,-0.3608226776123047,-8.727156091481447e-05,0.0013845737557858229,0.012176512740552425,0.012736424803733826,0.0009587373933754861,0.0008792735170572996,0.012180523946881294,0.011723670177161694,892.4867944981784,35865.8916107674,0.0012486738851293921,855.217143342721,35872.47363993204,0.0012500276789069176,0.017528673633933067,0.0024212212301790714,30477.34308650192,18724.665901705936
0.7536617918322949,0.7841053527565651,0.8992473730029129,0.60165878730835,0.06709563247247535,-0.43146501456308967,-0.5220797359909541,-1.0,-94.4622754718504,-50.66277824545705,-72.56252685865373,43.799497226393356,-33.392343521118164,-32.36730098724365,-32.87982225418091,1.0250425338745117,-0.0013171284226700664,-0.0010779937729239464,0.015434385277330875,0.014723372645676136,-0.00026401696959510446,0.0018933444516733289,0.016538934782147408,0.017395351082086563,962.9316004844596,35891.18446165305,0.001224472769536078,865.6296126877893,35847.0591434615,0.0012052758829668164,0.020900128409266472,0.0031545464880764484,30951.629280214598,18901.288211532774
0.078010659197677,0.06100491193142553,-0.11981993641083423,-0.06141404013945603,0.17148188817528948,0.15507193757107518,0.012506240090410903,0.0,-100.41813904135603,-61.003600983885406,-80.71087001262072,39.41453805747062,-29.764997959136963,-29.49115514755249,-29.628076553344727,0.27384281158447266,0.0003951426479034126,0.002502472372725606,0.02259882353246212,0.023205101490020752,-0.0015052631497383118,0.0022014600690454245,0.02300204709172249,0.024250764399766922,661.3092673318409,35839.902326408665,0.0011328667169436812,642.5557127365472,35850.5080356016,0.0011106026358902454,0.03238276392221451,0.005015939939767122,30717.918786401897,18298.566769188426
-0.7142203554876113,-0.7326832864735653,0.28550691823002716,0.8159270171279328,0.0,-0.42773046115934055,-0.0030973458789487207,0.40388308986807886,-84.91205349545857,-56.355689549534134,-70.63387152249635,28.55636394592443,-29.666285514831543,-29.852659702301025,-29.759472608566284,-0.18637418746948242,-0.00013957929331809282,-0.0026221727021038532,0.02270960621535778,0.023606108501553535,0.0006003193557262421,0.002502785064280033,0.022446470335125923,0.022891925647854805,695.0237661827393,35856.56795033937,0.001135289086960256,681.7784275973763,35847.285622762625,0.0011365521932020783,0.03297857940196991,0.004146811552345753,30722.622063370385,18581.598631047767
1.0,0.9882245168518639,0.3267119377351366,0.11735857650374158,0.4404993209964198,0.410396063217191,-0.11315701984243728,-1.0,-94.14307874747028,-55.92977653352003,-75.03642764049516,38.21330221395026,-30.315234661102295,-30.29061794281006,-30.302926301956177,0.024616718292236328,-0.0011464940616860986,-0.0018413366051390767,0.021544527262449265,0.021473582834005356,0.0016546628903597593,0.001793981995433569,0.021951202303171158,0.021153273060917854,852.4261225311028,35733.7971749641,0.0011842981912195683,689.8264652225731,35840.81069000223,0.0011396633926779032,0.030151885002851486,0.004670012276619673,30711.52256283528,18578.067706161466
-0.07528348911374104,-0.09808713945683828,0.05289053584618825,0.4167921716420193,0.48786312068392534,0.1505709041322904,-0.02576001313252374,0.0,-89.99296628683908,-62.18542003799308,-76.08919316241608,27.807546248845995,-30.18524408340454,-30.11329412460327,-30.149269104003906,0.07194995880126953,0.001840015291236341,-0.0016388779040426016,0.021437877789139748,0.02219434082508087,-0.0002324847737327218,-0.0024660807102918625,0.021624566987156868,0.022371700033545494,637.2670076622187,35839.81755452971,0.001140103442594409,741.8598768844444,35837.303191045125,0.00113803765270859,0.030705265700817108,0.003917376045137644,30980.61654811753,17839.782983910743
0.9573645368320829,0.9612530825898153,0.858784059547879,0.24398163969064604,-0.08168247451379618,-0.10517591454070069,-0.3622662159203709,-1.0,-94.41930829913889,-50.681550621782094,-72.55042946046049,43.7377576773568,-29.808011054992676,-29.79881525039673,-29.803413152694702,0.009195804595947266,0.001812713802792132,-0.001817758078686893,0.022328326478600502,0.023239068686962128,-0.002332211472094059,0.0011173943057656288,0.02275465428829193,0.022868147119879723,654.9827166182682,35837.13466502159,0.0011212333338335156,652.3033577899399,35833.65479285093,0.0011250493116676807,0.0321991890668869,0.003914026077836752,30976.557315628874,18085.62351647749
-0.9273579619801282,-0.9337865954254693,-0.8087145983683518,-0.5342753917268022,-0.3563253121795982,-0.38791281941267586,-0.28757387189469585,1.0,-97.46626431916016,-65.72968075122441,-81.59797253519228,31.736583567935753,-30.210297107696533,-30.232362747192383,-30.221329927444458,-0.02206563949584961,-0.002111667999997735,-0.0011846760753542185,0.022335410118103027,0.021165963262319565,0.0013004752108827233,0.0020517753437161446,0.021890992298722267,0.0215124674141407,711.2358402461713,35823.99979258342,0.0011117351241409779,712.7362950586266,35824.079323574886,0.0011224685003980994,0.030043192207813263,0.004694927483797073,30944.216503924312,19246.271878956857
0.8124379716085572,0.8548087170278158,0.8750641057880508,0.2242010836701141,-0.4152960630308926,-0.2042616514541627,-0.20679031279005644,-1.0,-89.85763714933776,-53.91163760135268,-71.88463737534522,35.94599954798508,-29.890766143798828,-29.86387014389038,-29.877318143844604,0.026895999908447266,-0.0024980755988508463,-0.0005267054075375199,0.023186929523944855,0.021938996389508247,0.002475045621395111,-0.0006636857870034873,0.02283170446753502,0.022449690848588943,737.550464663861,35834.45451665765,0.0011344850063323975,713.708528052223,35842.44308785363,0.0011316549498587847,0.031258657574653625,0.004669691435992718,30791.246498785422,18003.767622837055
0.038950306310936884,0.041925518224715554,-0.1161364543327077,-0.0394054408519009,0.19778777336630016,0.17668030678042024,-0.006057727220411979,0.0,-102.89503184562363,-62.01163307171069,-82.45333245866716,40.883398773912944,-29.951999187469482,-30.02192735671997,-29.986963272094727,-0.06992816925048828,0.0022048484534025192,0.0011055869981646538,0.02299552410840988,0.021822836250066757,0.0011166984913870692,-0.0022457349114120007,0.021582411602139473,0.02286641113460064,706.7446665130968,35838.51790452345,0.0011227360228076577,771.3496682648372,35851.42884860056,0.0011236976133659482,0.03128025680780411,0.004636396653950214,31025.11426722657,17943.260787262545
-0.39428362789292315,-0.43194832044169895,0.2971709301178346,0.7316693268503299,0.0,-0.4849459440517241,-0.20222112634754197,0.10169857629769058,-85.73269531339349,-55.505434212167245,-70.61906476278037,30.227261101226247,-30.084171295166016,-30.16148805618286,-30.12282967567444,-0.0773167610168457,0.0013181171379983425,-0.0021211770363152027,0.021455593407154083,0.022676561027765274,0.00122702750377357,-0.0021573416888713837,0.021245915442705154,0.02249334380030632,745.5715342599259,35861.77869453331,0.001159176230430603,671.2663641137933,35852.614057683735,0.0011635301634669304,0.031248455867171288,0.003756282851099968,30976.268904651057,17969.49025575605
0.9791920578158053,0.9272019567709758,0.23141456938148863,-0.1193638165274239,0.09279368601676008,-0.008431912329971536,-0.6839539274981385,-0.952767743789194,-98.9591968191146,-54.78758717980634,-76.87339199946047,44.17160963930826,-30.091288089752197,-30.024867057800293,-30.058077573776245,0.0664210319519043,-0.0005555763491429389,0.002387744840234518,0.02146894857287407,0.02263346128165722,0.0018014571396633983,-0.0017602797597646713,0.02177954651415348,0.022662702947854996,760.7772400978907,35847.4222593471,0.0011446241987869143,655.2647466045755,35864.73227089781,0.001150520402006805,0.031121691688895226,0.004017106257379055,30722.654341214307,18567.61881701291
-0.10117859630667239,-0.11928153830100684,0.09360744144942276,0.4840809095061012,0.45797361413760873,0.1097533418526419,0.017705665121794056,0.0,-91.82485551527327,-62.71280966365384,-77.26883258946356,29.112045851619428,-29.976913928985596,-29.98725414276123,-29.982084035873413,-0.010340213775634766,-0.001131981611251831,0.0022543729282915592,0.021696938201785088,0.022982805967330933,-0.0024085273034870625,-0.0007604942657053471,0.022957196459174156,0.02166856825351715,625.4197283090323,35869.46997605727,0.0011612732196226716,700.1951434940842,35844.5815500478,0.0011355665046721697,0.031658776104450226,0.003591143526136875,30727.564515222453,18656.815147486293
0.9541797239218888,0.9791750763051267,0.8333092075867709,0.20564094378407308,-0.09501794554795528,-0.10863218952031178,-0.39349569443528976,-1.0,-93.93099594431075,-51.67222863565115,-72.80161228998095,42.2587673086596,-29.81832265853882,-29.907290935516357,-29.862806797027588,-0.08896827697753906,-0.002479874761775136,0.00063529540784657,0.022966215386986732,0.022554811090230942,0.002553713507950306,0.00012021172005916014,0.023040665313601494,0.02200382761657238,596.8692636679842,35841.68487169756,0.0011124544544145465,632.3706607399859,35840.36339971571,0.0011403750395402312,0.031823303550481796,0.0046647279523313046,30994.98093017759,18129.262767830754
0.0,-0.004305643895355855,-0.07369160478097114,0.11527556624695079,0.2655911957497201,0.10663208816717595,-0.05473556791657752,0.0,-98.30866280768225,-67.91807753774762,-83.11337017271494,30.390585269934633,-29.81921911239624,-29.844465255737305,-29.831842184066772,-0.025246143341064453,0.001840909942984581,-0.0017559494590386748,0.02234405092895031,0.023168427869677544,-0.0024097850546240807,-0.0008060677791945636,0.023321235552430153,0.022048253566026688,685.609879013768,35836.0284473707,0.0011128606274724007,607.2700482429609,35814.77198350263,0.001104467548429966,0.03201046958565712,0.003733149031177163,30976.40622318234,18265.728015974746
0.7940276864189584,0.834919123008487,0.8218378488934501,0.37855633591816684,-0.23517003942185705,-0.27163829920170957,-0.33663645141469256,-1.0,-94.27848365034342,-55.018482540735306,-74.64848309553936,39.26000110960811,-29.697906970977783,-29.564907550811768,-29.631407260894775,0.13299942016601562,-0.0024117478169500828,0.0009856518590822816,0.023103680461645126,0.023053592070937157,-0.001600272604264319,0.0021234899759292603,0.022832326591014862,0.024020591750741005,677.367460435718,35828.04895887542,0.0011350986314937472,653.9061881173087,35831.71599112808,0.0011286715744063258,0.03211705759167671,0.004727920982986689,30744.20219328782,19035.233414265087
0.007987753223362265,0.004781781414577491,-0.11671489712742171,-0.015238402720757271,0.18229942366436158,0.11480986003347693,-0.025908506507591578,0.0,-101.12538330262743,-63.279293578991826,-82.20233844080963,37.8460897236356,-28.901753425598145,-28.83944272994995,-28.870598077774048,0.06231069564819336,0.0022328016348183155,0.0017177581321448088,0.025880571454763412,0.02469796873629093,0.00024487971677444875,-0.002867758274078369,0.024844838306307793,0.0260919239372015,552.6000288185315,35838.41629625765,0.0011186976917088032,643.6494069214344,35833.19077443669,0.0010951682925224304,0.035312630236148834,0.005309250671416521,30729.390915815482,18797.16290948746
0.07253361251815293,0.01039863815001707,0.5100428423614334,0.6708725822909383,-0.13077848304546486,-0.65449926884608,-0.5521576050766737,-0.6102996494172329,-91.09630277986139,-57.677678948404264,-74.38699086413283,33.418623831457126,-29.762451648712158,-30.217609405517578,-29.990030527114868,-0.4551577568054199,-0.0015598067548125982,-0.002060824539512396,0.023218050599098206,0.022593438625335693,0.002443285658955574,0.00035597177338786423,0.02230394259095192,0.02115575224161148,704.511268227562,35853.0161357461,0.0011340414639562368,626.4208538279298,35846.58759729681,0.0011517388047650456,0.03229711204767227,0.004860502202063799,30714.715993748967,18744.486873830767
0.9825886077648412,0.8737535270495643,0.021339564530591534,-0.2881374925646292,0.16595032485007377,0.07579994316999172,-0.6476007196178164,-0.7857396620789026,-101.51575520891572,-58.271323029994505,-79.89353911945511,43.244432178921215,-30.470690727233887,-30.455570220947266,-30.463130474090576,0.015120506286621094,-0.00011604228348005563,0.0023371814750134945,0.020655257627367973,0.0215678159147501,0.0006561909685842693,-0.0023007309064269066,0.020527830347418785,0.021755456924438477,766.1269848421917,35847.44989752527,0.0011449711164459586,705.1519649263444,35865.801109445834,0.0011525362497195601,0.02975163608789444,0.004401619546115398,30475.848192499932,18725.996825494905
0.5449999013877304,0.5182541266225587,-0.4442606080907971,-0.10340314052823826,0.0068769730914402406,-0.41608692324939295,-0.8056216967544199,-0.9713256162974175,-88.49891712737849,-62.86989687396235,-75.68440700067042,25.629020253416144,-30.00403642654419,-30.032238960266113,-30.01813769340515,-0.028202533721923828,-0.0003950308891944587,0.0024879840202629566,0.02167237363755703,0.02286992035806179,-0.0016337251290678978,-0.0018811633344739676,0.022577017545700073,0.02183287777006626,630.4307558575263,35862.18695685303,0.0011571896029636264,669.6447067455017,35841.07955182858,0.0011345098027959466,0.031593672931194305,0.0036765504628419876,30725.16651346511,18278.734159352323
0.9729008228945789,0.9864048459485057,0.8405616656304926,0.2673802479029022,-0.04540827369618111,-0.10055397624433976,-0.4174157108066661,-1.0,-95.47587689117739,-52.742067003568934,-74.10897194737316,42.73380988760846,-29.62296962738037,-30.03592014312744,-29.829444885253906,-0.4129505157470703,-0.002009873976930976,0.0016648501623421907,0.022916851565241814,0.023636849597096443,-0.002381516620516777,-0.0007913807057775557,0.022837528958916664,0.021538633853197098,618.9845932314843,35843.56039516089,0.0011223270557820797,633.2054323829855,35837.34217961195,0.001133286627009511,0.03287101536989212,0.004161931574344635,30979.045487783453,17912.466940233822
0.0008385434808653755,-0.001868978454369472,-0.062235323321610386,0.12992610763604917,0.2908349728247509,0.12117406258607993,-0.06507981348571357,0.0,-96.80327885954142,-66.5413254149451,-81.67230213724326,30.261953444596315,-30.04451036453247,-30.022907257080078,-30.033708810806274,0.021603107452392578,-0.0015989039093255997,0.0018962533213198185,0.021669726818799973,0.02267320081591606,-0.0004873590369243175,-0.0024375440552830696,0.021973995491862297,0.022487858310341835,714.3856874455687,35840.902691898984,0.0011254262644797564,653.4365200904282,35822.63327345035,0.0011125421151518822,0.03125626593828201,0.0035480097867548466,30730.656962348512,19167.767461405132
0.7990174060984758,0.8382441234707161,0.8263906520095542,0.3219490781254143,-0.26725784864216423,-0.2656533254530964,-0.32946341714096755,-1.0,-91.76586766508632,-53.738954500578615,-72.75241108283247,38.026913164507704,-29.570417404174805,-29.531147480010986,-29.550782442092896,0.03926992416381836,0.0009499244624748826,0.0024693533778190613,0.023357771337032318,0.02348162792623043,-0.00231202132999897,-0.001323592383414507,0.02418089471757412,0.022851405665278435,721.402117888576,35826.026601534904,0.00113088043872267,686.628307517751,35827.128349100305,0.001119537279009819,0.03290180116891861,0.005067399702966213,30716.404736471577,18391.488175948532
-0.001256801776533219,0.0,-0.08782403017643375,0.015437380943641,0.20365120770625195,0.16616973299444415,-0.02300793077726493,0.0,-100.42366823432951,-61.819468677692555,-81.12156845601103,38.60419955663696,-29.54998254776001,-29.587671756744385,-29.568827152252197,-0.037689208984375,-0.002354260766878724,0.001095861429348588,0.023437833413481712,0.0235181525349617,0.002606286434456706,-0.000356503325747326,0.023727651685476303,0.023014647886157036,679.1934333686152,35835.208413227934,0.0011239207815378904,751.0299677958833,35836.073683125964,0.0011122568976134062,0.033122267574071884,0.004500544164329767,30981.535728769526,17861.229127977436
-0.0658902600767074,-0.1318165499738746,0.40835793107565044,0.6195872296099152,-0.14062312117346998,-0.741197843386375,-0.6365333587351975,-0.6400900559195585,-89.05260026191746,-55.906335120205995,-72.47946769106173,33.14626514171147,-29.481265544891357,-29.526002407073975,-29.503633975982666,-0.04473686218261719,0.0020371219143271446,-0.0017463236581534147,0.02325948141515255,0.024055471643805504,0.002052095951512456,0.0016991638112813234,0.024095427244901657,0.022970259189605713,758.1392902134623,35848.59889376693,0.0011328808031976223,661.0496554353483,35839.24618607378,0.001136189792305231,0.0331994853913784,0.004541439935564995,30981.87426178203,17782.056608161918
0.007443963022609967,-0.06569327657274293,-0.896841910194929,0.0,0.7054850894456723,0.7149714662298775,-0.02615753909906784,0.062122393241649754,-102.05908438275162,-56.849616607382075,-79.45435049506685,45.209467775369546,-29.601893424987793,-29.664506912231445,-29.63320016860962,-0.06261348724365234,-0.0014546384336426854,-0.0021300187800079584,0.023570816963911057,0.02310333400964737,0.0011094866786152124,-0.002383070532232523,0.022475097328424454,0.02383846417069435,735.5614223218989,35844.70798889541,0.0011257212609052658,656.5191909123885,35856.31239447865,0.0011369914282113314,0.03238038718700409,0.0051450300961732864,30955.393350195907,18789.285544060618
-0.7908482573920548,-0.8057685115815884,-0.3121934396683425,0.44257645277519064,0.39473617902516495,-0.15238862707370843,-0.17733345808028367,0.019376904608659706,-88.52292655412546,-62.726445712604345,-75.6246861333649,25.796480841521117,-30.754995346069336,-30.689609050750732,-30.722302198410034,0.06538629531860352,0.0022856942377984524,-0.0003252372262068093,0.020740153267979622,0.02012321911752224,-0.002289677271619439,-0.0003998231259174645,0.021132666617631912,0.020029593259096146,660.1697431197757,35865.10740559625,0.0011612620437517762,762.8916562289564,35843.55306908042,0.0011502272682264447,0.02841104194521904,0.004333471413701773,31010.98023428424,17691.422596706692
0.9940146213054424,0.9998389943479541,0.6572051926332867,-0.03961594240093638,-0.04888452698255635,0.05410442335055132,-0.45709703830401516,-1.0,-97.32469255691359,-52.90223973750892,-75.11346614721126,44.42245281940467,-30.402212142944336,-30.375447273254395,-30.388829708099365,0.026764869689941406,0.002067216206341982,-0.001171197509393096,0.021158620715141296,0.021405939012765884,0.0009330272441729903,-0.0022261247504502535,0.020704226568341255,0.021970218047499657,694.620109205421,35847.3573764879,0.0011331565910950303,663.4906517138915,35843.119416331996,0.0011399331269785762,0.029928531497716904,0.004052493255585432,30981.825039529664,17826.66493045013
-0.0018550167095954355,0.0029351427593958365,-0.034875579028186776,0.17985948569284316,0.3076072541388262,0.1102275825440181,-0.048480976517170205,0.0,-95.63042578987103,-65.2800653535821,-80.45524557172656,30.350360436288923,-29.895107746124268,-29.84299659729004,-29.869052171707153,0.052111148834228516,-0.00048395583871752024,-0.002478437963873148,0.0222897008061409,0.02283065766096115,-0.002338722348213196,0.0010004646610468626,0.022700291126966476,0.022694477811455727,704.7339997367544,35843.377368608315,0.0011269389651715755,626.3447827479437,35817.1139471467,0.0011121365241706371,0.031764157116413116,0.004865916445851326,30718.071288281375,18711.334179991016
0.8677605600645337,0.8832507182325268,0.7922780833739957,0.3150603864961434,-0.22659432769086058,-0.24344263540149225,-0.3581542037944118,-1.0,-92.73330831997004,-51.408477027803315,-72.07089267388668,41.32483129216672,-29.79830503463745,-29.774024486541748,-29.7861647605896,0.024280548095703125,0.002128989901393652,-0.0014454249758273363,0.022574326023459435,0.023050280287861824,0.001341304974630475,-0.002214407082647085,0.022231630980968475,0.02350451610982418,717.9784228878261,35841.679125034454,0.0011618485441431403,696.810124438465,35839.29103691035,0.0011389835271984339,0.031910233199596405,0.004338109865784645,30981.628701073187,17808.254853594775
0.011650477953733218,0.0,-0.053244842586963145,0.07164325900331936,0.2121481314599471,0.10649447054620065,-0.03842665997076533,0.0,-99.68744719404805,-62.10217981071793,-80.89481350238299,37.58526738333012,-30.03979206085205,-30.100042819976807,-30.06991744041443,-0.06025075912475586,0.0024486815091222525,-0.00023820002388674766,0.022533264011144638,0.02184212952852249,0.0018406102899461985,0.0016575767658650875,0.022512275725603104,0.021547378972172737,701.8657551984184,35843.78646683679,0.0011262187035754323,757.8111913186799,35834.9783872483,0.0011254549026489258,0.03098999708890915,0.004435782320797443,30996.77051767717,18012.510817958355
0.4185563758486157,0.43846630623356364,0.6506604064328756,0.5536346076026761,-0.09137979302679955,-0.5466304788811794,-0.6718075213595012,-1.0,-88.42769323130574,-51.66932232346289,-70.04850777738432,36.758370907842846,-30.089244842529297,-30.161337852478027,-30.125291347503662,-0.07209300994873047,0.0010599868837743998,0.0022476506419479847,0.022099800407886505,0.022024618461728096,-0.001560597913339734,0.0019187841098755598,0.021344145759940147,0.02240183763206005,746.9622480025811,35856.54459885644,0.00114356295671314,652.3448482751995,35845.60314410506,0.0011485264403745532,0.031249694526195526,0.004717289935797453,30717.492582357325,18299.331033964005
0.28983811465619624,0.32009753093949367,-0.1070697481001244,-0.1406433027348574,0.26511556151585147,0.25083899277134014,-0.0897587202649015,0.0,-100.82246933628932,-58.38050628297606,-79.60148780963269,42.44196305331326,-30.058681964874268,-29.908087253570557,-29.983384609222412,0.15059471130371094,0.0021846359595656395,-0.0011054136557504535,0.022077569738030434,0.02220732346177101,-0.002008947543799877,0.0015732046449556947,0.022191446274518967,0.022856464609503746,777.0178623305087,35851.16477954468,0.0011510323965921998,659.8948125241151,35847.44633806063,0.0011205188930034637,0.03094455599784851,0.004065004643052816,30980.069524371458,17861.339002702247
-0.9292618749228165,-0.9732368095157381,-0.1441424165290084,0.6001366170756892,0.3039219322118514,-0.12802463014263366,0.25997114832700796,0.5172740894205533,-85.44668080891927,-58.29001359259112,-71.8683472007552,27.156667216328145,-29.966564178466797,-29.934589862823486,-29.95057702064514,0.03197431564331055,-0.00037655167398042977,0.002510766964405775,0.0217717494815588,0.022962449118494987,-0.0010813991539180279,0.0022977895569056273,0.021790679544210434,0.023106107488274574,615.2071446841734,35856.42975071895,0.0011652231914922595,695.0455030453443,35830.64873570978,0.0011255021672695875,0.03177490830421448,0.0036076803226023912,30725.232586919712,18262.856849398933
0.9863213910761764,0.9379272628338102,0.25411352520959896,-0.31226021666915593,0.3266176685389903,0.4242710685742723,-0.3912981018139368,-0.6685942527518621,-98.83668050221996,-54.89139638304951,-76.86403844263474,43.94528411917045,-29.810595512390137,-29.859349727630615,-29.834972620010376,-0.048754215240478516,-0.0021093664690852165,0.0014156769029796124,0.02254963107407093,0.023013852536678314,0.0014150518691167235,0.0021415366791188717,0.022887516766786575,0.022416267544031143,647.1139949349572,35838.13071398615,0.0011219879379495978,660.2192774245619,35839.50445606733,0.001130759483203292,0.03217039257287979,0.0040225558914244175,30978.709775410967,17897.55690462515
0.0,0.009677876434376748,0.04063751871808177,0.26332860130072394,0.31817516736449447,0.07475399083915418,-0.03544053797258451,0.0,-94.82316512513302,-65.30453561920206,-80.06385037216754,29.51862950593096,-29.640753269195557,-29.65146541595459,-29.646109342575073,-0.010712146759033203,-0.0019944212399423122,0.0016810386441648006,0.02286439761519432,0.023593498393893242,-0.0023149680346250534,-0.0012134897988289595,0.02384990267455578,0.02253689244389534,678.5590538515827,35830.575926147176,0.0011266462970525026,661.965307488333,35830.68791463587,0.0011107017053291202,0.032516367733478546,0.004012958612293005,30979.329718264988,17867.124952423415
0.9585628179919992,0.9364571437542039,0.7243916337270575,0.2397475496746698,-0.15205973911569498,-0.22480317326052235,-0.445536245212735,-1.0,-96.58515079862536,-53.395371107653574,-74.99026095313947,43.18977969097179,-29.71348762512207,-29.671344757080078,-29.692416191101074,0.04214286804199219,0.001590672880411148,0.0020388546399772167,0.023355526849627495,0.02271626517176628,-0.00260171084664762,0.0002700358454603702,0.023535363376140594,0.022756479680538177,737.6322351011734,35838.06616060646,0.0011214687256142497,727.3222792161106,35838.12402054441,0.0011263091582804918,0.03216961771249771,0.005058076232671738,30713.40136900553,20345.631255088672
0.013132283050819392,0.0,-0.048018132065386965,0.10680337122088246,0.20688067821113976,0.09194302770695295,-0.03305670046119258,0.0,-97.40316404687394,-66.3002838160188,-81.85172393144637,31.102880230855135,-29.759972095489502,-29.7890043258667,-29.7744882106781,-0.029032230377197266,0.0018288141582161188,0.001782307866960764,0.023364735767245293,0.022458678111433983,0.002479089191183448,0.0005904537392780185,0.023448877036571503,0.022213473916053772,691.2207034186036,35845.47854837469,0.0011286312947049737,722.1958293893547,35851.05048773651,0.0011214924743399024,0.03209136053919792,0.005127437878400087,30956.834889115984,19159.800238356616
0.987364968019308,1.0,0.8715690347387642,0.48420309195759503,0.25351186164582984,0.25987704830730357,0.1089269812544833,-1.0,-95.211576441624,-48.873473011188764,-72.04252472640638,46.33810343043524,-29.559149742126465,-29.628963470458984,-29.594056606292725,-0.06981372833251953,0.0010963133536279202,-0.002118379110470414,0.022976921871304512,0.02394184283912182,0.002337084850296378,0.0012129731476306915,0.02391602285206318,0.022589394822716713,733.1525008591933,35722.37610472175,0.0011782802175730467,656.1030055171565,35851.32686479152,0.0011594276875257492,0.03339875116944313,0.003890544641762972,30727.047745857613,18342.425894599106
0.007705362599899108,0.017017474352467633,-0.15767515485085398,-0.0005054374230612502,0.17136862072341225,0.059629029918560894,-0.1007650274367583,0.0,-98.54665159594913,-61.546154007046766,-80.04640280149795,37.00049758890236,-29.57801342010498,-29.55251693725586,-29.56526517868042,0.025496482849121094,-0.0016778054414317012,0.001995991449803114,0.022879207506775856,0.02391204424202442,-0.0020915437489748,-0.0016285667661577463,0.024040142074227333,0.022881807759404182,721.6253915506503,35835.72727026203,0.001125988783314824,633.275605828249,35822.272646884856,0.0011054299538955092,0.032916516065597534,0.0038395272567868233,30731.016959042645,18878.82782166517
-0.47034059451216237,-0.5037995240306177,0.4507798648169309,0.8676457983699252,-0.09658630008985669,-0.6947527452075299,-0.3709666392276161,-0.4954990393583143,-87.21083793408178,-55.73549746234278,-71.47316769821228,31.475340471739003,-29.680049419403076,-29.683074951171875,-29.681562185287476,-0.003025531768798828,0.0006048368522897363,0.002552604768425226,0.02288435772061348,0.023364027962088585,-0.002547571435570717,0.0006014910759404302,0.02334555797278881,0.022887466475367546,618.4615858185533,35828.254986525586,0.001131068100221455,678.4378103010898,35843.34906624478,0.0011371440486982465,0.03282959386706352,0.004651483613997698,30476.76044820896,18989.765388202348
0.288988865819932,0.25299449215025643,-0.1162018719777707,-0.1301548167641509,0.3019443789433543,0.4311224863639084,0.04991833045835403,0.0,-102.33286316051414,-60.8444524547464,-81.58865780763027,41.488410705767734,-29.69184398651123,-29.74881410598755,-29.72032904624939,-0.05697011947631836,0.0011902566766366363,-0.002250851131975651,0.022494660690426826,0.023686297237873077,-0.00012730590242426842,-0.002589154988527298,0.022494863718748093,0.023383842781186104,622.681573019987,35843.65916271356,0.0011105708545073867,679.6347121978768,35831.85327225447,0.0011175243416801095,0.03293372318148613,0.003892733948305249,30725.29899330257,18250.875011708293
-0.07207019449664126,-0.05493548927900991,0.2016779130264425,0.5061463242451141,0.45151449490492224,0.09269723446195044,-0.021870657209958844,0.0,-89.53347368647081,-61.13174896446668,-75.33261132546875,28.401724722004133,-29.640064239501953,-29.63567018508911,-29.637867212295532,0.004394054412841797,0.000707343511749059,0.002531258389353752,0.02304794266819954,0.023415684700012207,0.0014814621536061168,-0.002161371987313032,0.02262181229889393,0.023851551115512848,713.537273022501,35841.962029112554,0.0011152703082188964,687.8588176991392,35836.13371255719,0.0011110844789072871,0.032716915011405945,0.0048699756152927876,30475.350698295617,18933.365116236277
0.015043836077294426,0.0012318759712425242,-0.2766134051383341,-0.5884630115094895,0.4156529890935706,0.39792424021347816,0.20062762592150213,-0.03783856134788292,-96.82342986335544,-52.34877097329837,-74.58610041832691,44.47465889005707,-29.67325210571289,-29.621150493621826,-29.64720129966736,0.05210161209106445,-0.001799620222300291,-0.0018558817682787776,0.02357334829866886,0.022710204124450684,0.001510226633399725,0.0021494526881724596,0.023559777066111565,0.02300407551229,750.4917695675786,35838.51595399395,0.001120462897233665,726.4589612912687,35828.6925581629,0.001122803776524961,0.0322951041162014,0.0049699149094522,30954.350061711346,18897.305662362232
0.027124356520710047,0.0,-0.010659526076974679,0.23116126818801122,0.3991244712283618,0.2341956043984702,0.012120769907127071,0.0,-89.94546110340721,-63.34832440758203,-76.64689275549462,26.597136695825185,-29.696946144104004,-29.75940227508545,-29.728174209594727,-0.06245613098144531,-0.0015777292428538203,0.0020610755309462547,0.022500356659293175,0.023648886010050774,-0.0010841013863682747,0.002332591451704502,0.022254545241594315,0.02356017380952835,670.5467620439305,35844.30354084269,0.0011363625526428223,658.8383229049495,35827.401401527895,0.0011270344257354736,0.0326974093914032,0.0037851438391953707,30976.21465655095,18050.366136915985
0.7439262425082366,0.8315041748230215,0.9050225190663093,0.4564363082130809,-0.08647549304495789,-0.277398351541252,-0.42396023805679733,-1.0,-93.3395513812547,-50.62407509997166,-71.98181324061318,42.71547628128303,-29.7109317779541,-29.770653247833252,-29.740792512893677,-0.05972146987915039,0.0008009487646631896,-0.0024642925709486008,0.02236359938979149,0.02370612695813179,-0.0025798878632485867,-4.3141451897099614e-05,0.023378534242510796,0.02238335832953453,684.7256869063185,35836.38460231394,0.0011332411086186767,647.2264350269935,35844.79942832468,0.001138269784860313,0.03276892751455307,0.003954855725169182,30725.858886033428,18229.032237593612
0.007786768594655268,-0.016743494463740346,-0.08229613628717469,0.0330476076215786,0.18488347576254494,0.08812625062643986,-0.07163214510195892,0.0,-100.50491014792743,-67.15365448327401,-83.82928231560072,33.35125566465342,-29.860870838165283,-29.80362892150879,-29.832249879837036,0.05724191665649414,-0.0004284807073418051,0.002480369061231613,0.02206345647573471,0.023225467652082443,0.002555657410994172,-0.0002134260575985536,0.023195557296276093,0.022397395223379135,736.7961842291778,35850.28282257277,0.0011313509894534945,710.0298987992235,35837.90635301341,0.0011064745485782623,0.03200196847319603,0.004242549184709787,30721.96501650843,19622.857467265483
0.2256382557578695,0.24760661091117042,0.7121334918077413,0.6384387885791218,-0.045428810769074984,-0.5057735891920011,-0.5292094376883553,-1.0,-91.39885035413772,-56.51184016327815,-73.95534525870794,34.88701019085957,-29.859471321105957,-29.849989414215088,-29.854730367660522,0.00948190689086914,0.00036838691448792815,0.0025448398664593697,0.022311735898256302,0.022988298907876015,0.0021384633146226406,0.0014258064329624176,0.02328244410455227,0.022055979818105698,667.999507438312,35853.598746118434,0.001149035058915615,678.6480014471866,35825.991032954465,0.0011343506630510092,0.032140132039785385,0.004565204959362745,30475.840895626712,19273.71259330726
0.2530533299064573,0.24731762434274082,-0.11538716956671266,-0.09221939564923914,0.23719298321458349,0.3164336487454361,0.015927988181474118,0.0,-103.78229319809623,-61.23995825991392,-82.51112572900507,42.54233493818231,-29.791889190673828,-29.849729537963867,-29.820809364318848,-0.05784034729003906,0.001008606399409473,-0.002294158097356558,0.022224437445402145,0.023428190499544144,0.0017670881934463978,-0.0018552795518189669,0.022192703559994698,0.02315439283847809,686.5398667117752,35829.051621254766,0.0011121656280010939,669.7452587330966,35829.71802010006,0.0011213925899937749,0.03250352293252945,0.004056825302541256,30724.413996032596,18433.949486870828
-0.2934446304430927,-0.24516429649094024,0.20854846802426077,0.5541387278842842,0.23870081450273561,-0.12020960722339269,0.0020647918665158693,0.0,-89.81493810162641,-56.6397335327469,-73.22733581718666,33.17520456887951,-29.87410068511963,-29.885056018829346,-29.879578351974487,-0.010955333709716797,-0.002542785368859768,-0.0002615401172079146,0.023174358531832695,0.02204151637852192,-0.0023351535201072693,-0.001033493666909635,0.023239564150571823,0.02191396988928318,737.2357281019483,35845.07588484017,0.0011418078793212771,763.4342179129375,35846.99112414329,0.0011221958557143807,0.031255412846803665,0.004785850178450346,30781.483919932332,18782.941062666672
0.061778572223420425,0.020435562397340012,-0.28675564628839334,-0.5640652823396066,-0.5616028665405375,-0.5590455191885275,-0.8481226141424343,0.0,-101.77564413269837,-53.71669091835906,-77.74616752552872,48.05895321433931,-30.033178329467773,-30.002694129943848,-30.01793622970581,0.03048419952392578,-0.0020847744308412075,-0.0012969784438610077,0.02276723086833954,0.021633638069033623,-0.001557465409860015,0.001971703488379717,0.021729491651058197,0.022823136299848557,717.5649584165374,35857.7112202876,0.0011206223862245679,726.2112589842097,35844.953618038184,0.0011459679808467627,0.030891524627804756,0.004552253056317568,30722.102504511335,19080.997998418694
-0.012443630955793117,0.015928301927472563,-0.07366091588709878,0.20818402579725862,0.3963164822796627,0.1528724558162165,-0.05224587623781629,0.0,-90.96364245846598,-63.77610233392073,-77.36987239619336,27.18754012454525,-29.975647926330566,-30.019729137420654,-29.99768853187561,-0.04408121109008789,-0.0008656703867018223,-0.002369428053498268,0.02227204106748104,0.022432474419474602,-0.002019306644797325,0.001471132505685091,0.021961888298392296,0.02251446433365345,659.1837839152638,35849.09147934194,0.0011561585124582052,643.9131971558286,35834.68946967356,0.001141247572377324,0.03167134150862694,0.00485946936532855,30717.82041162108,18356.49663326018
0.8958018232485464,0.8806410741726112,0.8733491283507288,0.4811957738158431,-0.027688675003703145,-0.23573107506873747,-0.45023266974661696,-1.0,-92.54179051276682,-48.33127418806282,-70.43653235041482,44.210516324704,-29.90684747695923,-29.93316888809204,-29.920008182525635,-0.0263214111328125,0.002261146204546094,0.0011387428967282176,0.02316623367369175,0.021876858547329903,-0.0011265715584158897,0.002266651252284646,0.021811164915561676,0.02309488132596016,680.0644905493126,35835.998919427715,0.00113859458360821,597.0290521265276,35839.67660813575,0.001124202972277999,0.031307585537433624,0.004701683763414621,30703.401032355105,19649.968847467146
0.022383290016412906,-0.01462495300621088,-0.08393764683013538,0.05885215802319238,0.18986002662818108,0.0927070449478693,-0.03499340356475289,0.0,-95.33072236059593,-64.71466490217452,-80.02269363138522,30.61605745842141,-29.96711492538452,-29.922866821289062,-29.944990873336792,0.044248104095458984,0.001959994900971651,-0.001540791941806674,0.02206673100590706,0.022681372240185738,-0.0023768688552081585,-0.0008315802551805973,0.023117728531360626,0.02184373512864113,669.3426957892863,35846.25069670642,0.0011161987204104662,723.3973731785079,35838.87985552239,0.0011007647262886167,0.03139672428369522,0.003772013820707798,30980.22326952242,17906.136720902607
0.5859055954443289,0.6445923368395976,0.9611570278298454,0.5575731941130956,-0.059984281341928986,-0.09258550427914602,-0.24482255310820433,-1.0,-91.46030790953012,-53.859242643783034,-72.65977527665657,37.60106526574708,-29.967591762542725,-29.995887279510498,-29.98173952102661,-0.028295516967773438,0.0020279311574995518,-0.001505543477833271,0.022082224488258362,0.022660234943032265,0.002505653537809849,0.00032764128991402686,0.022869369015097618,0.021715285256505013,673.6787850057007,35840.69121136431,0.001124753849580884,767.220927416031,35825.34296657517,0.0011393738677725196,0.03144785389304161,0.0042404369451105595,30982.445858204876,17775.778721852254
0.9568329400853947,0.9897657169351369,-0.11970977752093617,-0.3060010414838314,0.4570843891055652,0.4256360318965833,-0.3720437604412327,-0.23945688445252666,-103.32399030234706,-57.559019567320036,-80.44150493483355,45.76497073502702,-29.88478183746338,-29.940438270568848,-29.912610054016113,-0.05565643310546875,0.0009264965774491429,0.0023149196058511734,0.022558212280273438,0.022622885182499886,0.002530820667743683,0.0002223258779849857,0.02299012616276741,0.0218817051500082,777.8344134449101,35830.76052096341,0.001118871965445578,663.9301616803325,35821.218351175616,0.0011099001858383417,0.03176632151007652,0.0050638336688280106,30713.65160135279,18675.23370145936
-0.9825669988983857,-0.9701365016875064,-0.24141249198054554,0.4335051980414609,0.23580245088976307,-0.13791645019859777,0.2635377467918911,0.6529219035131159,-83.05635825945808,-56.520433768786006,-69.78839601412204,26.535924490672073,-29.936063289642334,-29.88118886947632,-29.908626079559326,0.054874420166015625,0.0006416535470634699,-0.0024716677144169807,0.021804243326187134,0.02308429591357708,0.002103805309161544,-0.0014572003856301308,0.02233496680855751,0.022854644805192947,748.4872404430517,35856.12744360059,0.001157704507932067,668.79518309659,35847.21178498566,0.0011155258398503065,0.031651630997657776,0.003549285465851426,30727.1238356671,18703.005348088685
0.9959671672390398,0.9475718608497073,0.5320758255268732,0.2291107835746804,0.12053264973140126,-0.07358607526260819,-0.5681596287950288,-1.0,-98.80589411601079,-54.52297326937281,-76.6644336926918,44.28292084663798,-29.909954071044922,-29.866762161254883,-29.888358116149902,0.04319190979003906,0.0019025761866942048,-0.0016233542701229453,0.022174827754497528,0.022868577390909195,0.0004017202591057867,-0.002529944758862257,0.022025635465979576,0.023226361721754074,622.1182444179453,35840.914407687625,0.0011343476362526417,700.4492418434965,35843.835923922816,0.0011529290350154042,0.0318068191409111,0.003830165369436145,30977.185285488576,18123.77837923844
0.008895341867627232,-0.0019414443619408454,-0.019220685550314476,0.12375443095553212,0.2851880974603138,0.15080637784963657,-0.022224592428247147,0.0,-91.4829082774076,-64.5362214970122,-78.0095648872099,26.946686780395396,-29.87260103225708,-29.9367094039917,-29.90465521812439,-0.06410837173461914,-0.0025122533552348614,-0.00044928170973435044,0.023218628019094467,0.02200344204902649,-0.0023861133959144354,-0.0008030487224459648,0.023082517087459564,0.021806851029396057,619.8721406737179,35829.45594213302,0.0011260025203227997,693.7595254441017,35826.73336753122,0.0011153168743476272,0.03135743737220764,0.0048562344163656235,31027.69695096279,17665.444272628578
0.8992364411710501,0.9186887697417634,0.8499395410772732,0.3851758133352694,-0.016406610444591962,-0.16506629374089787,-0.4102014445840952,-1.0,-95.61787560728396,-50.51979663967683,-73.0688361234804,45.09807896760714,-29.84863042831421,-29.8695707321167,-29.859100580215454,-0.020940303802490234,-0.0012267621932551265,0.0022284486331045628,0.022044608369469643,0.02330307476222515,0.0017866723937913775,0.001817007432691753,0.02306918427348137,0.022176725789904594,717.8288232614416,35847.41787879041,0.0011134441010653973,672.3463707084289,35849.980793893505,0.0011442527174949646,0.032009661197662354,0.003800044534727931,30727.43460300614,18255.1900424422
0.02172387379883039,-0.026245985194329545,-0.14235221714019577,-0.0036774959586584055,0.13274076813407415,-0.04607466722152076,-0.13183844602674366,0.0,-99.59143920420132,-66.63346160434969,-83.1124504042755,32.95797759985163,-29.866948127746582,-29.835126399993896,-29.85103726387024,0.03182172775268555,0.001061506220139563,0.0022980808280408382,0.022668268531560898,0.022602038457989693,1.9850980606861413e-05,0.002556394785642624,0.02224065363407135,0.023184288293123245,789.4610568678282,35838.2810133201,0.0011354646412655711,764.4679795508777,35836.18894067812,0.001118833082728088,0.03182962164282799,0.00498712295666337,30715.472786935177,18736.719842357277
-0.012901791215257807,0.051442967070958634,0.5666556795111909,0.5398227807969108,-0.06633214592935938,-0.4086053846888092,-0.2722658003475345,-0.7510733635906282,-87.09957522442136,-52.5563679985317,-69.82797161147653,34.54320722588966,-29.923079013824463,-29.95802402496338,-29.94055151939392,-0.034945011138916016,0.000372681999579072,0.0025189074221998453,0.0221478883177042,0.022822290658950806,-0.001471800496801734,0.0020581523422151804,0.021806571632623672,0.02297353558242321,689.446328177109,35855.14816316455,0.0011630108347162604,651.0917151603802,35850.66658831398,0.0011496191145852208,0.031982388347387314,0.004325033165514469,30720.905713291686,18913.28870557769
0.13998133893784587,0.15010735292140445,-0.11068031628812464,0.09764976475617282,0.3952138178289072,0.22666646489248443,-0.09340205455134087,0.0,-102.28814516482032,-60.41778945120694,-81.35296730801363,41.87035571361338,-29.845612049102783,-29.869844913482666,-29.857728481292725,-0.024232864379882812,-0.0007498729974031448,-0.002392824739217758,0.02256431244313717,0.02281999960541725,0.0011898907832801342,-0.0022628288716077805,0.021962247788906097,0.023271143436431885,635.9362762973785,35847.24732470051,0.0011309528490528464,624.1685249500433,35837.53458108225,0.0011158464476466179,0.03184226527810097,0.0050087678246200085,30715.095276928667,18587.688495775557
-0.9658661627506596,-1.0,-0.4444648261713432,0.26424900331970724,0.3297370584758931,-0.17387900290508346,-0.03798935406488302,0.19788677942173638,-86.79634167431544,-58.60355992344253,-72.69995079887899,28.19278175087291,-29.862048625946045,-29.805057048797607,-29.833552837371826,0.0569915771484375,-0.002560485154390335,-0.0002040965628111735,0.02319350652396679,0.022084783762693405,0.0009408082696609199,0.0023952757474035025,0.02275712788105011,0.02283420041203499,674.8255689132945,35847.3937137017,0.001142640016041696,709.9402274730161,35816.60238614373,0.0010934369638562202,0.031309228390455246,0.004860107786953449,30786.443043055933,18016.54057347472
0.9887385501180962,0.9301657478254762,0.2480535834092701,-0.06304056622494814,0.2769619467964213,0.3779869191763632,-0.49436297392549156,-1.0,-103.88807319547979,-58.058501464443566,-80.97328732996168,45.829571731036225,-29.85750675201416,-29.86048698425293,-29.858996868133545,-0.0029802322387695312,-0.0020313640125095844,0.0014532345812767744,0.02241339720785618,0.022907542064785957,-0.0025480850599706173,-0.0003057470021303743,0.023225953802466393,0.02205934189260006,687.9034398257065,35841.483315029465,0.001112101599574089,738.2506315556631,35832.590418155516,0.001141948625445366,0.03209979832172394,0.003973773214966059,30977.74829542458,18209.917576376552
0.9929641681287782,0.9628398747986059,0.8078637415779958,-0.11474955937358686,-0.1287994387791959,-0.5549129186453909,-0.8669741052872704,-0.9809726576894872,-92.91257626806211,-62.532601577714786,-77.72258892288845,30.379974690347325,-29.752843379974365,-29.802308082580566,-29.777575731277466,-0.04946470260620117,0.00043655181070789695,-0.0025539228226989508,0.022308537736535072,0.023540949448943138,-0.0017179788555949926,-0.001917684799991548,0.023203689604997635,0.022394906729459763,741.7354798455,35829.54666051146,0.0011401220690459013,679.9754355743848,35841.419783921476,0.0011148571502417326,0.03275023028254509,0.003955995664000511,30724.825600559605,18334.40220352717
-0.15047315290470872,-0.14904967797418459,1.0,0.8989901144551352,0.5814004409617439,0.37379024951997863,0.31249275708931645,-0.0327885971293278,-94.77807412844612,-50.77469777696035,-72.77638595270324,44.00337635148577,-29.715697765350342,-29.659700393676758,-29.68769907951355,0.055997371673583984,-0.001346455654129386,0.002216475084424019,0.022390706464648247,0.023655522614717484,-0.0019577874336391687,-0.0017435918562114239,0.023692071437835693,0.02265659160912037,751.7805468313111,35841.29686803348,0.001132756588049233,628.5296025920675,35854.835190190395,0.0011363073717802763,0.03237155079841614,0.003876624396070838,30727.861191263244,18492.440139793274
0.004400685254285796,-0.021482052623916906,-0.03005511951960879,0.16943263350869803,0.27478351501614806,0.10384168510696651,-0.06846275016132375,0.0,-96.02717504322112,-66.26701247696428,-81.1470937600927,29.760162566256838,-29.65644359588623,-29.669854640960693,-29.663149118423462,-0.01341104507446289,0.0025647454895079136,0.0004265925963409245,0.023785743862390518,0.022578708827495575,0.0023482751566916704,-0.0011067953892052174,0.02310822531580925,0.023200292140245438,627.1029938928793,35835.818865744,0.0011437461944296956,703.8488833430882,35837.854212194114,0.0011184252798557281,0.03214588016271591,0.004883283749222755,31021.343423822702,17640.396508993737
0.740428310706732,0.8161755318994808,0.8954804348539834,0.4190065165298396,-0.17746273338315144,-0.20604884193831047,-0.2841922850484163,-1.0,-93.42223238858605,-56.39875723677579,-74.91049481268092,37.02347515181026,-29.66139554977417,-29.742231369018555,-29.701813459396362,-0.08083581924438477,0.001848700107075274,0.0018697211053222418,0.023631276562809944,0.022709805518388748,0.0013648532330989838,0.002214602427557111,0.02315939962863922,0.022760163992643356,591.5881536386296,35847.679508909394,0.0011242548935115337,675.6489953960191,35844.98984396433,0.001130828051827848,0.032498374581336975,0.005093723069876432,30955.16696260584,19178.06566118738
0.9547216661819777,0.9514613400838327,0.8463934995545018,0.6739702576856494,0.576882698789142,0.45290114707076223,0.2452860285211388,-1.0,-104.01646622594501,-63.72577166352984,-83.87111894473742,40.29069456241517,-29.772768020629883,-29.789676666259766,-29.781222343444824,-0.016908645629882812,0.002355031669139862,0.0009004182065837085,0.023489750921726227,0.022261843085289,-0.002101633697748184,-0.000912274292204529,0.023324236273765564,0.022368544712662697,722.5307427939297,35827.619956169314,0.0011191100347787142,707.7740131317756,35723.81456240342,0.0011867984430864453,0.031682975590229034,0.004584590904414654,31021.39674594984,17651.21683381817
-0.28312011939030557,-0.31300290277458775,0.34559970993598854,0.6733440312891605,-0.0660693731022327,-0.5833490952215991,-0.3722991297047308,-0.13827050042941474,-82.43752451808672,-51.81831408885023,-67.12791930346847,30.61921042923649,-29.915995597839355,-29.869580268859863,-29.89278793334961,0.04641532897949219,-0.0005855176132172346,0.0024698637425899506,0.021861132234334946,0.023133935406804085,-0.002430583816021681,0.0008178797434084117,0.02272981032729149,0.022522540763020515,781.6149481995484,35863.08569482473,0.001151886535808444,711.7795350761442,35843.37618442066,0.0011462399270385504,0.03197307139635086,0.0035467182751744986,30727.28728218483,18295.77123210657
0.04561006070198348,0.03205725859549846,-0.9197329330336386,-0.979409523406676,-0.2943152783390277,-0.2686119186466033,0.01632539565963651,0.15371177047841939,-101.15564428013903,-58.21495727746162,-79.68530077880033,42.94068700267741,-29.822468757629395,-29.852490425109863,-29.83747959136963,-0.03002166748046875,-0.0020159862469881773,-0.0015129214152693748,0.023285601288080215,0.022207040339708328,-0.0018562385812401772,-0.0017808336997404695,0.02315111830830574,0.022180119529366493,684.6854293663104,35852.52754421453,0.0011279797181487083,606.4925192910508,35835.51882288383,0.0011472515761852264,0.03165803104639053,0.0048127793706953526,30715.68694141318,19280.681717079362
0.0,-0.047218788400735685,0.16040577555149416,0.5181845166462018,0.4184589855084371,0.03312662682033707,-0.09338643636966704,0.0,-91.78863996486376,-62.07476447510419,-76.93170221998398,29.713875489759573,-29.74492073059082,-29.76672887802124,-29.75582480430603,-0.021808147430419922,-0.0025248941965401173,0.0005818189820274711,0.023190831765532494,0.022714870050549507,-0.0015273079043254256,0.0020874137990176678,0.022302409633994102,0.023475388064980507,699.9685807770954,35846.19822194776,0.0011340667260810733,588.586396696965,35834.92172054635,0.0011056381044909358,0.031816355884075165,0.004798462148755789,30999.442054949977,17847.628730750905
0.9995111246783261,0.9944027151523175,0.6294944519679982,0.12937302761222869,-0.1499367505310129,-0.07000962517733178,-0.38844614623441115,-1.0,-97.43520672300235,-56.23526487710143,-76.83523580005189,41.19994184590092,-29.826476573944092,-29.768011569976807,-29.79724407196045,0.058465003967285156,-0.0006304435664787889,-0.002474796026945114,0.022533589974045753,0.022945143282413483,0.0021979757584631443,0.0013754561077803373,0.023519376292824745,0.0222482793033123,701.8060452528294,35824.332369346455,0.0011223111068829894,724.4984761771217,35822.47310091989,0.0011193793034180999,0.03195762261748314,0.004888804163783789,30717.583430054714,18338.164807053578
-0.007569236086774364,0.0,-0.02722973557593497,0.1254202238368437,0.2347058027075279,0.11648630448700265,-0.023727361302425587,0.0,-98.70481124996894,-68.15660727851684,-83.43070926424289,30.548203971452097,-29.763717651367188,-29.835476875305176,-29.79959726333618,-0.07175922393798828,1.872776192612946e-05,-0.002560792490839958,0.022423073649406433,0.023378651589155197,-0.0024178610183298588,0.0007793285185471177,0.022835591807961464,0.022598493844270706,686.8678561491774,35846.58184617477,0.0011361599899828434,734.487719868559,35852.04155480665,0.0011237929575145245,0.0325973816215992,0.004679125268012285,30476.163043408327,18704.301824619484
0.726597683532579,0.8250349934684519,0.9216774899288979,0.49852047277088357,-0.07000676235632602,-0.2990279839596229,-0.5190217882837554,-1.0,-90.17308861880099,-49.47341904004338,-69.82325382942219,40.69966957875761,-29.727976322174072,-29.766530990600586,-29.74725365638733,-0.03855466842651367,0.0018840923439711332,-0.001782733597792685,0.022561989724636078,0.023427918553352356,0.0013569730799645185,0.0021926197223365307,0.023098289966583252,0.022694705054163933,637.0773101637596,35851.15964387074,0.0011524003930389881,633.0843957437467,35845.80558346155,0.0011479859240353107,0.03243625536561012,0.004263109061866999,30979.203973994598,17832.743050580546
0.0005457248302413218,-0.008230904561804918,-0.07512555559481034,0.018046561480655254,0.17787963757620234,0.10961407053729294,-0.05302839092115674,0.0,-97.04210480431647,-62.20342449001953,-79.622764647168,34.83868031429694,-29.720304012298584,-29.646236896514893,-29.68327045440674,0.0740671157836914,-0.0023968406021595,0.0009291639435105026,0.023070504888892174,0.022970959544181824,0.00033841945696622133,0.0026012936141341925,0.022858794778585434,0.02356821857392788,701.6584102459964,35843.73089684562,0.0011187177151441574,695.8957623413335,35834.213302415934,0.0011071362532675266,0.031985655426979065,0.0045065851882100105,30986.869039317597,18771.521595339113
-0.3425460065977882,-0.36813930874535256,0.48700081892935765,0.7387160634585995,0.13799616610054039,-0.3859421937796858,0.04938752427052373,0.0,-92.3737691697819,-60.21827641410357,-76.29602279194273,32.155492755678324,-29.73088502883911,-29.75001335144043,-29.74044919013977,-0.01912832260131836,-0.002473254920914769,-0.0008143724408000708,0.02365514449775219,0.02230650931596756,-0.0017147096805274487,0.001958832610398531,0.022404475137591362,0.023463008925318718,646.7525046085211,35848.57291253243,0.0011491150362417102,733.0632982675747,35842.81580210843,0.0011535417288541794,0.03203780576586723,0.004862917121499777,30766.07687850762,18045.028871650262
0.7381750228811371,0.634826840210335,-0.10726078168677444,-0.29600332408945895,0.4563203936041943,0.4284628534955668,-0.22072501671147438,-0.29121807870468175,-101.9310073967126,-56.78903335059209,-79.36002037365235,45.14197404612051,-29.707813262939453,-29.800875186920166,-29.75434422492981,-0.09306192398071289,0.002498805755749345,-0.0003839423879981041,0.02335602231323719,0.02275298349559307,-0.00017778917390387505,-0.0025789362844079733,0.022379817441105843,0.02322453446686268,694.0644555453372,35842.313668064664,0.0011285385116934776,683.2742336972548,35839.49899524938,0.0011318724136799574,0.032299235463142395,0.004617445636540651,30747.349817156268,19670.491927400835
-0.7560612772290033,-0.8611830366838508,-0.3045081451453361,0.4768415051024846,0.40433049400442445,-0.01904044779806524,-0.1365727282960092,0.020435832663761255,-88.43693406443964,-62.2508315259189,-75.34388279517927,26.186102538520743,-29.821701049804688,-29.79501724243164,-29.808359146118164,0.026683807373046875,-0.002427077852189541,-0.0008671919349581003,0.023410137742757797,0.022073328495025635,0.0025746230967342854,0.00017602951265871525,0.023360712453722954,0.02226988971233368,766.4296992603848,35841.120748443456,0.0011364632518962026,692.0756938140817,35829.32065900808,0.001128940493799746,0.03155125305056572,0.004736829549074173,30744.988168000542,18414.012899990666
0.9861115733276707,0.9809654219227303,0.8061166754460402,0.3907551420836545,0.047734872666383876,-0.11925116551506049,-0.41937837530463884,-1.0,-95.49120556518895,-51.61748138014923,-73.55434347266909,43.87372418503972,-29.884934425354004,-29.8868989944458,-29.885916709899902,-0.001964569091796875,-0.002527810400351882,5.226043867878616e-05,0.023035049438476562,0.022132396697998047,-0.0024463380686938763,-0.0007243835716508329,0.023222465068101883,0.02192242257297039,653.0172208209909,35854.32522411132,0.001124790869653225,723.7780453695075,35848.8173644121,0.0011498468229547143,0.03144484758377075,0.00462619261816144,31008.336251302793,17780.95570416818
0.005794965013649513,0.0,-0.07026685564769805,0.050372906174693255,0.24785816542000894,0.15314686839117247,-0.020916378498451405,0.0,-96.3808345787312,-68.69953893531755,-82.54018675702437,27.681295643413648,-29.804508686065674,-29.805691242218018,-29.805099964141846,-0.00118255615234375,0.002375110052525997,0.0009481344022788107,0.02344176173210144,0.022135617211461067,6.837869295850396e-05,-0.002541443333029747,0.022303586825728416,0.023277536034584045,645.0464522768555,35855.80395551508,0.0011650738306343555,692.2711861104292,35827.75639597709,0.0011204825714230537,0.03165147453546524,0.00494553055614233,30773.658181496303,18098.91249584389
0.8027105013917193,0.8748054899023561,0.8904877774618054,0.3970623521044429,-0.01764234497366407,-0.10056463054855203,-0.35127075464865337,-1.0,-94.04658167942262,-52.53647856444968,-73.29153012193615,41.510103114972935,-29.54155921936035,-29.48955774307251,-29.51555848121643,0.0520014762878418,-0.00020893014152534306,-0.0026420005597174168,0.023073900490999222,0.023914510384202003,-0.00036297630867920816,-0.0026561282575130463,0.023278238251805305,0.023992836475372314,718.2135298893061,35842.324977696284,0.001120658591389656,681.8157169754644,35821.893030696236,0.0011206885101273656,0.03307075798511505,0.0048098997212946415,30475.644846547355,18915.88642355815
0.08125313932006463,0.030252715806790738,-0.153594030471946,-0.030137773355431274,0.12335433092235931,0.026362361175192972,-0.15028949541912162,0.0,-99.91156226281984,-62.47342562123106,-81.19249394202545,37.438136641588784,-29.530069828033447,-29.484331607818604,-29.507200717926025,0.04573822021484375,0.002612846903502941,4.7780893510207534e-05,0.02402077615261078,0.023031488060951233,0.0018838319228962064,-0.0018957194406539202,0.02316640503704548,0.024129830300807953,749.2621773594234,35842.5476030307,0.0011065813014283776,710.7366270031448,35845.216436046314,0.0011179104913026094,0.03273649513721466,0.004634494427591562,31004.347176201783,17801.030499470646
-0.47111130384566335,-0.3468992354907944,0.26810780422080516,0.6479358438159775,0.0,-0.37685806889937623,0.22029534048956745,0.2063862348200332,-87.49750120082632,-56.19175105816322,-71.84462612949477,31.3057501426631,-29.596054553985596,-29.6486759185791,-29.62236523628235,-0.05262136459350586,0.0019203489646315575,0.0018322195392102003,0.023837823420763016,0.02285144105553627,-0.0026030680164694786,-0.0004414780414663255,0.02382611483335495,0.02257438749074936,661.3539971274471,35847.29187007537,0.0011591529473662376,609.960366379318,35834.513529135234,0.0011526820017024875,0.03284139931201935,0.005030842497944832,30713.72465178922,18942.743843694807
-0.3395877538530636,-0.3495113002361009,-1.0,0.14636862181141475,0.9659833840822295,0.9734989069369503,0.18160998235421055,0.3775707412160797,-102.6382556839938,-57.66074065521997,-80.14949816960689,44.97751502877384,-29.512510299682617,-29.52181339263916,-29.51716184616089,-0.009303092956542969,-0.0016470225527882576,-0.001998944440856576,0.02390648052096367,0.02325000986456871,-0.002560658846050501,-0.0007560926023870707,0.024226205423474312,0.022855183109641075,731.3880912157493,35844.151671293745,0.001117932959459722,571.3945583686643,35840.55681520094,0.0011210967786610126,0.0327385812997818,0.0051375459879636765,30713.60147118717,19592.71566013258
-0.17624264042472296,-0.23254427030158417,-0.01267462949141751,0.4148630436764422,0.2016687552769106,-0.09034633397440939,-0.0781537679447234,0.0,-91.21421412949417,-63.92204566835852,-77.56812989892634,27.292168461135645,-29.542601108551025,-29.44969654083252,-29.496148824691772,0.09290456771850586,-0.0017169073689728975,-0.002036529593169689,0.023874560371041298,0.023107929155230522,-0.0011237021535634995,-0.0024271225556731224,0.02378660812973976,0.023709360510110855,714.2735471804399,35837.09167302917,0.0011375600006431341,721.1742340395087,35830.34444379274,0.001106208423152566,0.03289726749062538,0.005083697848021984,30713.746773855284,18906.39594124583
0.9848200687193583,0.947493011016146,0.6693321643673529,0.20766894484380216,-0.024919659763422364,-0.06394111124324386,-0.3806434670256464,-1.0,-100.72242290893416,-53.5152190936856,-77.11882100130988,47.20720381524856,-29.305624961853027,-29.375455379486084,-29.340540170669556,-0.06983041763305664,-0.002404306549578905,0.0012265060795471072,0.02406146749854088,0.024230917915701866,0.001949672820046544,0.001879242598079145,0.02445395290851593,0.02343784272670746,684.7650817302232,35835.91460356628,0.0011135309468954802,618.5768567720954,35851.372904243486,0.0011436078930273652,0.03401949256658554,0.0047533209435641766,30981.533471072747,17808.915518801183
-0.027716137181421248,0.0014282842483028058,-0.023337738709377748,0.13326624064952525,0.2615585183309999,0.09947841239248284,-0.07166200863872818,0.0,-93.10233322624168,-65.52534471405502,-79.31383897014835,27.57698851218666,-29.417922496795654,-29.48009729385376,-29.449009895324707,-0.06217479705810547,-0.0018704020185396075,0.001922661904245615,0.023345600813627243,0.024314867332577705,0.002652551280334592,-0.0001246778410859406,0.024109451100230217,0.02321324311196804,662.0327556296421,35835.632842728344,0.0011310973204672337,624.173294819031,35837.5061041725,0.001109334989450872,0.0337211936712265,0.003987906966358423,30977.714950676072,17940.175084331087
0.7327245120668875,0.8048030501429575,0.9211406389596883,0.33928674770591905,-0.11719862211631626,-0.14657818822904578,-0.30701595146793803,-1.0,-92.803842034958,-54.64640781688149,-73.72512492591974,38.1574342180765,-29.569685459136963,-29.4991397857666,-29.534412622451782,0.07054567337036133,-0.0021168829407542944,-0.001590175088495016,0.024002710357308388,0.022825829684734344,0.0022462138440459967,0.0014514257200062275,0.02425132319331169,0.022955644875764847,714.6771628155235,35843.60936531384,0.001146769616752863,639.1916220622182,35833.75439813517,0.0011144861346110702,0.03252141922712326,0.004982049576938152,30954.34809675948,19089.24815576862
0.017664978029018386,-0.0029530286597959808,-0.0595952446653263,0.0617430564567521,0.2285221936510599,0.14007742909893817,-0.032958105190505904,0.0,-99.98941436834679,-62.65951454504901,-81.3244644566979,37.32989982329778,-29.56170082092285,-29.602251052856445,-29.58197593688965,-0.04055023193359375,0.0004371231480035931,-0.0025663464330136776,0.022852865979075432,0.024024151265621185,0.0014199051074683666,0.0022088743280619383,0.02355159819126129,0.023115728050470352,676.8104214862901,35831.14011260257,0.00110413390211761,708.9440671778201,35836.65447882387,0.0011132430518046021,0.033333927392959595,0.004538033157587051,30478.674758399844,19599.888411190575
0.22345324905730257,0.2010618193641318,0.5570671036479722,0.5566687378616791,-0.247752404067512,-0.9303322585254548,-0.6464298936657901,-0.8127244379874689,-88.57589394885008,-54.29477698914451,-71.4353354689973,34.28111695970557,-29.586639404296875,-29.694077968597412,-29.640358686447144,-0.10743856430053711,0.0018864314770326018,0.0018590276595205069,0.02384740114212036,0.022894183173775673,0.00152347213588655,0.002118060365319252,0.023377032950520515,0.022796684876084328,728.4040008076286,35830.943104794256,0.0011616440024226904,656.3910187620515,35847.72368203687,0.0011677008587867022,0.03291988745331764,0.005074528511613607,30712.26361122822,18825.89004518036
0.8087418241224884,0.8533389136615871,-0.10133595819655221,-0.26484330192674543,0.4541082856224322,0.4667388867420529,-0.3074899603995891,-0.2610754600990348,-102.77780683246522,-58.26679072772072,-80.52229878009297,44.5110161047445,-30.252795219421387,-30.307443141937256,-30.28011918067932,-0.05464792251586914,0.0022875696886330843,-0.0006406103493645787,0.02181314118206501,0.02149410918354988,-0.001910946681164205,0.0015039767604321241,0.021195512264966965,0.02182871475815773,735.6313808994577,35838.47779456915,0.0011323870858177543,607.2492550928196,35850.781233010595,0.0011486291186884046,0.03012661635875702,0.00422322005033493,30986.261679724106,17861.382348597315
-0.4607474363724633,-0.5017480933414241,-0.20320549241559727,0.41685755039407324,0.42929991346837393,-0.06550818125188795,-0.2070742739322874,0.0,-91.90166637880739,-64.25444715429717,-78.07805676655228,27.647219224510224,-29.78529453277588,-29.717116355895996,-29.751205444335938,0.06817817687988281,-0.0013441250193864107,0.002208516001701355,0.022200532257556915,0.023476211354136467,0.0017500517424196005,-0.0019163142424076796,0.022517776116728783,0.023526985198259354,630.8578909425903,35843.496443379794,0.001143625588156283,662.4633566722908,35842.615334760696,0.0011141818249598145,0.03235218673944473,0.0037496008444577456,30975.43472518355,18355.456773973994
1.0,0.9929340033183209,0.7077971467785843,0.2637935046517488,0.015242872326901913,-0.06932121208009545,-0.4352392414784534,-1.0,-98.50879345151859,-53.70558905855523,-76.10719125503691,44.80320439296335,-28.39529275894165,-28.215343952178955,-28.305318355560303,0.1799488067626953,-0.0016410865355283022,0.002507460303604603,0.02610897272825241,0.027501793578267097,-0.0014340037014335394,-0.0027492321096360683,0.027496853843331337,0.027249425649642944,550.9230137946118,35819.730415053906,0.0011008583242073655,582.4939228983752,35833.98343517761,0.0011048922315239906,0.03795928508043289,0.004380999598652124,30729.190526248283,18164.007428679994
0.006751395701965562,0.0,-0.06184553196004011,0.10765479434112668,0.2288100476291599,0.12357657296690899,-0.040300330832148124,0.0,-95.60196328031776,-68.10946405765245,-81.8557136689851,27.492499222665316,-27.51063585281372,-27.43417739868164,-27.47240662574768,0.07645845413208008,-0.003041615476831794,-0.0013935957103967667,0.030527835711836815,0.028823385015130043,0.0020585483871400356,-0.0026512076146900654,0.02921663410961628,0.03066852129995823,623.9380335053011,35834.20242299305,0.0010956649202853441,577.6740115526844,35833.031219552,0.0010904010850936174,0.04114508628845215,0.0063308486714959145,30723.311670169092,18991.202032191908
0.9817460191256892,1.0,-0.15619317730859938,-0.48098552752129675,0.34948798683520516,0.4174773590216343,0.3328118196493519,-0.032235864153498384,-95.40166650543196,-54.011189967733685,-74.70642823658282,41.39047653769828,-28.265070915222168,-28.38444948196411,-28.32476019859314,-0.11937856674194336,-0.0019639518577605486,-0.002360611455515027,0.027644122019410133,0.02678479254245758,-0.00040460668969899416,-0.003015980590134859,0.026436639949679375,0.027248280122876167,656.2462570747055,35836.83990895223,0.0011094498913735151,678.0167802974191,35833.418591659996,0.001122767454944551,0.03804928809404373,0.005886542145162821,30710.7338552098,18800.36506167571
0.969145195592762,0.9527901868381995,0.807680307523613,0.6492012186555616,0.5904801858468112,0.48405867709252504,0.23669950773854298,-1.0,-99.75233110862439,-65.76650934288335,-82.75942022575387,33.985821765741036,-29.45706605911255,-29.8874568939209,-29.672261476516724,-0.4303908348083496,0.0003788084432017058,0.002620428567752242,0.02339225634932518,0.0240615364164114,-0.001969806617125869,-0.0016095147002488375,0.02311137691140175,0.022037388756871223,598.4494362167328,35845.07187110117,0.001111531164497137,684.592624580398,35835.54317020286,0.001109011354856193,0.03382117301225662,0.005203542299568653,30718.44213888605,18349.52119102867
-0.6553480445412782,-0.35757711095898537,0.24897654186326185,0.31043630102082037,-0.2337366796253879,-0.06947957977313446,0.1853410130743519,-0.33365605234690165,-89.67744182333723,-58.60933854751113,-74.14339018542418,31.068103275826104,-32.588233947753906,-33.03233861923218,-32.81028628349304,-0.4441046714782715,0.0013701101997867227,0.001277861068956554,0.016902849078178406,0.01618070900440216,0.0017700159223750234,-0.00019653592607937753,0.01597783900797367,0.015459829941391945,824.1882786018687,35857.46658328458,0.0012230080319568515,783.3383372366688,35873.55320680928,0.0012207257095724344,0.02297818288207054,0.0036048737820237875,30711.885648729556,18955.297259479383
0.9277774486519481,0.924373117717488,0.888218831396697,0.887879945129078,0.8984418963824616,0.8670085563959955,0.8107348425379874,-1.0,-96.01733564436228,-69.18977103833164,-82.60355334134695,26.827564606030634,-34.93321657180786,-35.22538661956787,-35.079301595687866,-0.29217004776000977,-0.0001457178732380271,-0.001271338202059269,0.012438181787729263,0.012836756184697151,-0.001170904259197414,-0.00038988073356449604,0.012485447339713573,0.011950965970754623,1032.04317721416,35739.14802244481,0.001315827015787363,934.3734064450608,35775.09104630836,0.0013597176875919104,0.01787954941391945,0.002522018738090992,30474.97911957691,18842.309619140906
-0.9065234012743117,-0.8493792230319566,-0.3260290880426091,0.46646100988451217,0.2584571860663971,-0.09825945906777583,0.5267358478943712,1.0,-83.31869684923788,-61.29986442006174,-72.30928063464981,22.018832429176143,-39.93365287780762,-40.5828857421875,-40.25826930999756,-0.6492328643798828,-0.0007709934143349528,0.00020869473519269377,0.007158100139349699,0.00704719964414835,0.0001887571270344779,-0.0007163481786847115,0.006402414757758379,0.006774993613362312,1061.426666705006,36060.473836094745,0.0018650738056749105,1116.2696528861277,35937.823291796376,0.0016879624454304576,0.010073906742036343,0.0017588370246812701,31009.26074034332,17791.481374376777
1.0,0.866101983133071,0.4052467525110732,0.24507116671428059,0.48381759549262837,0.3382627684573466,-0.17388267631247023,-1.0,-98.91636427446062,-48.94014874667033,-73.92825651056548,49.97621552779029,-40.490617752075195,-38.94802808761597,-39.71932291984558,1.5425896644592285,0.0006688919966109097,-0.0001599517127033323,0.006734670139849186,0.006594621576368809,0.0005291402339935303,-0.0007225526496767998,0.007752393372356892,0.008155150339007378,1719.3866295837972,35925.896539278394,0.0017062705010175705,1111.4390368744764,35953.70118025419,0.0016152976313605905,0.0091480053961277,0.0013432566775009036,30981.04106600312,18005.92141047852
-0.9952795997895909,-1.0,0.15913093346548832,0.42144938479293553,0.5014695065123626,0.5394283419242333,0.7041266246762805,0.9544861223095826,-94.62447756678137,-65.85945099434929,-80.24196428056533,28.765026572432078,-33.98895502090454,-33.04227828979492,-33.51561665534973,0.9466767311096191,-0.0010068800766021013,-0.0012184939114376903,0.014296935871243477,0.01386434119194746,0.0016160239465534687,0.0006961175240576267,0.016146261245012283,0.015249066054821014,947.5177284692847,35859.2648141958,0.0012639672495424747,896.132920332895,35848.821736267404,0.0011907442240044475,0.019619721919298172,0.0032405618112534285,30710.72140895782,18881.57422570335
0.09326090330990577,0.07980620442312159,-0.08808234507273183,-0.4474686896119966,-0.606928618556514,-0.5756670361844625,-0.71362310131716,0.0,-100.55782388971323,-48.1286664369627,-74.34324516333797,52.42915745275053,-30.349433422088623,-30.07338523864746,-30.211409330368042,0.2760481834411621,-0.0021866916213184595,-5.5540956964250654e-05,0.021824365481734276,0.021014375612139702,0.0022678186651319265,0.0010466782841831446,0.0227309912443161,0.021454785019159317,774.7127634089434,35737.139929638695,0.0011970305349677801,664.1760941152436,35850.89597548436,0.0011661440366879106,0.029701152816414833,0.004251883365213871,30985.542467042982,17685.153825375946
0.9652733329071578,0.9659648664751422,0.8194016692638981,0.7053707467454733,0.6551145708670009,0.5216120506900048,0.2653815481090229,-1.0,-98.27109149567013,-64.34780419442455,-81.30944784504734,33.92328730124558,-28.018882274627686,-28.000681400299072,-28.00978183746338,0.01820087432861328,-0.003011335153132677,0.0008235556306317449,0.028219541534781456,0.027783604338765144,-0.002499109134078026,-0.0019257571548223495,0.028740722686052322,0.0273616723716259,682.4095782990894,35848.53925107155,0.0011067123850807548,692.5489760728228,35850.59498067161,0.0011147194309160113,0.0390387699007988,0.005654200911521912,31234.50019558778,18356.888742036554
-0.07445846808070544,-0.081154021606267,0.7127141700296262,0.5350482600684556,-0.3195934745276517,-0.4110598825860489,-0.0009082156653984486,-0.3636738069615102,-88.97020308153071,-55.62936120986609,-72.2997821456984,33.34084187166462,-28.19035291671753,-28.108079433441162,-28.149216175079346,0.08227348327636719,-0.0027568908408284187,0.0014371211873367429,0.02733607217669487,0.027568113058805466,-0.0009292938630096614,0.0029996768571436405,0.026889124885201454,0.02851405180990696,715.1390434002985,35833.93867302315,0.0011183222522959113,686.3654143851437,35823.95082926061,0.0011098540853708982,0.03796512633562088,0.005613069515675306,30988.562962447402,19430.277190492277
0.2423369178167026,0.28447272572997334,-0.11277130346417095,-0.12379163922929054,0.2932563998066235,0.34876427559360446,0.0725000879141402,0.0,-103.20417014273085,-62.132646946315674,-82.66840854452326,41.07152319641517,-28.03434133529663,-28.059992790222168,-28.0471670627594,-0.02565145492553711,-0.0010772484820336103,0.0028852084651589394,0.02720143273472786,0.0286881010979414,0.0031475708819925785,0.00017275843129027635,0.028514280915260315,0.027205677703022957,693.0596694395038,35828.990365046666,0.001092926599085331,702.8523055459182,35841.56100681979,0.0011149172205477953,0.03982832282781601,0.005068075377494097,30724.392673578506,18543.055427810537
-0.5046616174571852,-0.5652519754396745,-0.02338567156873228,0.536766243289559,0.3354042611166788,-0.07465615988550256,-0.13120274786903197,0.013400650172705642,-86.75413217157927,-58.42483197609283,-72.58948207383605,28.32930019548644,-27.977495193481445,-28.000845909118652,-27.98917055130005,-0.02335071563720703,0.0011638726573437452,-0.0029665709007531404,0.02728675864636898,0.028955230489373207,-0.002449450083076954,0.002018589060753584,0.027610624209046364,0.028498483821749687,743.3931450166953,35850.99526331891,0.001137017854489386,705.2081992003166,35830.88830325495,0.001106415526010096,0.039955612272024155,0.004461119417101145,30728.243942158235,18460.687733564497
0.0023718576272753937,0.00956653836681958,-0.06194664337996429,0.738693553053974,0.5564133517135428,0.43902433243376726,0.2795009285145772,-0.014934261787525882,-98.36415083173708,-53.37036979054841,-75.86726031114274,44.99378104118867,-28.000166416168213,-27.95816421508789,-27.97916531562805,0.042002201080322266,0.0030800856184214354,-0.00045443407725542784,0.02844894491136074,0.02767302468419075,-0.002268363256007433,-0.0022611210588365793,0.028765780851244926,0.027613509446382523,721.2604793247822,35837.5191065806,0.0011031599715352058,661.2813612648699,35828.116330872646,0.001121718087233603,0.03881391882896423,0.005583002232015133,30994.830346107723,18151.064603807456
0.011746008327474054,-0.004346301387332415,-0.037162732201624415,0.15293590718219538,0.289076512057053,0.1532240382097656,-0.05764280214252482,0.0,-94.08330069533446,-66.2040739463323,-80.14368732083338,27.879226749002157,-28.052220344543457,-28.104848861694336,-28.078534603118896,-0.052628517150878906,-0.0015485798940062523,0.0027347092982381582,0.02710217423737049,0.028662623837590218,-0.002811755519360304,0.0013478867476806045,0.027660822495818138,0.02778928354382515,674.920977016852,35844.14420236619,0.001124653615988791,666.6953234944665,35843.37550130459,0.0011105919256806374,0.0396350659430027,0.004418686963617802,30727.385781231045,18641.497935511798
0.8715453125971968,0.8774613344169506,0.8453205179108036,0.41498509449522414,-0.029294109628387577,-0.2555199389717156,-0.45709215191637875,-1.0,-94.33663735778435,-47.18148755818257,-70.75906245798346,47.15514979960179,-29.582464694976807,-29.991397857666016,-29.78693127632141,-0.408933162689209,-0.0009081375319510698,0.002470003440976143,0.02270427718758583,0.024052122607827187,0.0012821895070374012,0.002156793139874935,0.022479871287941933,0.02214367501437664,714.8373967654107,35830.1400446263,0.0011365331010892987,696.5282474913,35822.98204506118,0.001125956536270678,0.03326873481273651,0.00391173642128706,30725.828784542144,18240.81963904602
0.05822563119720583,-0.03656078821990987,-0.13061191844070746,0.03079331989846873,0.1532408702743404,0.06761851391570772,-0.09007878839061456,0.0,-97.62928863821503,-65.77676370705314,-81.70302617263408,31.852524931161895,-32.02670097351074,-32.17346429824829,-32.10008263587952,-0.14676332473754883,-0.0013830794487148523,0.0014059721725061536,0.017305880784988403,0.01799185201525688,-0.0019393207039684057,-0.00012168342072982341,0.017752332612872124,0.016950853168964386,904.4956991762534,35848.970945627094,0.0011795122409239411,839.4366092160245,35825.55161585792,0.0011615415569394827,0.024915043264627457,0.0028620129451155663,30975.47009959419,18500.55579122343
-0.06303569367334183,0.06932389773849812,0.5352648564546576,0.6666442420846961,0.24991783038277995,0.06976999751667268,0.4149907473498929,-0.058055342003250916,-85.29138939249464,-53.79684808858411,-69.54411874053937,31.494541303910523,-33.45980405807495,-33.555827140808105,-33.50781559944153,-0.0960230827331543,0.0010450247209519148,-0.00132226780988276,0.014596709981560707,0.015327509492635727,-0.001021498697809875,0.0013287027832120657,0.01442752592265606,0.01516627799719572,890.6134376111814,35896.55573051902,0.0012486811028793454,963.0373891033146,35886.39281866712,0.001266471459530294,0.020924314856529236,0.0027633062563836575,30979.205764553128,17807.446790562208
0.21461984887378505,0.20261915253436888,-0.12969959388952318,-0.02028341557121044,0.409523195544978,0.37454083026770213,-0.057105620053487516,0.0,-104.69708437818508,-61.57055529739918,-83.13381983779213,43.1265290807859,-33.93855571746826,-34.014222621917725,-33.97638916969299,-0.07566690444946289,0.0015378716634586453,0.000129269203171134,0.014458432793617249,0.0138690872117877,0.0015439591370522976,-0.0003566901432350278,0.01418870035558939,0.013891557231545448,911.8234370554741,35836.48850744831,0.0012380523839965463,930.5015097691984,35857.02960582661,0.0012270754668861628,0.019843649119138718,0.0027783287223428488,31000.24939105537,17910.321607563114
-0.9398540386369387,-0.9468225174163218,-0.341980549618403,0.3298411409621488,0.3848460368730437,0.11734766035833083,0.4335748817644193,0.8510192648104421,-84.59596028646041,-62.82071508323429,-73.70833768484735,21.77524520322612,-33.942179679870605,-33.90363693237305,-33.922908306121826,0.038542747497558594,-0.0011639123549684882,0.0011020360980182886,0.013885159976780415,0.014424843713641167,-0.00023652453091926873,-0.0015849422197788954,0.014016623608767986,0.01442240085452795,977.3328469371075,35869.92936461819,0.0012599724577739835,948.7281971172192,35827.45390506215,0.0012003494193777442,0.01964108645915985,0.0027628093957901,30982.99716608587,17960.040461011202
0.9788625111238085,0.93860663105933,0.5556412833531702,0.15808248205061626,0.027726852640040323,-0.012951270874373533,-0.5388529283664645,-1.0,-102.66135844464782,-53.67382318522448,-78.16759081493615,48.98753525942334,-34.27830696105957,-34.26511287689209,-34.27170991897583,0.013194084167480469,0.0014369033742696047,-0.00039882154669612646,0.01372522208839655,0.013519993983209133,0.0008111305069178343,-0.0013131704181432724,0.01325716357678175,0.014014171436429024,1139.3027235045377,35889.60934609931,0.0012320486130192876,1028.128855396015,35873.754366062276,0.0012874341337010264,0.0190750565379858,0.0027710346039384604,30985.757102410706,17858.96659362524
0.0,0.009433143018806182,-0.16284103632436625,0.16075813254725396,0.42946114316174455,0.16425087057941518,-0.1432534000243243,0.0,-88.3922604770803,-65.27175985051846,-76.83201016379938,23.120500626561835,-34.354777336120605,-34.37459707260132,-34.36468720436096,-0.01981973648071289,0.0005712055135518312,-0.0014103975845500827,0.013099280185997486,0.013891428709030151,-0.0009588893735781312,0.0011621901066973805,0.013155777007341385,0.013779094442725182,936.4521295158023,35885.00624633328,0.0013080863282084465,999.8236081010318,35857.958686844526,0.001230006106197834,0.019339222460985184,0.002081817714497447,30728.042443023605,18407.468350895368
0.8072168413641327,0.8267543559373645,0.8578186231603332,0.44474044705779714,-0.07487941313086183,-0.2453392291063679,-0.3738511324839735,-1.0,-94.718973439595,-46.21551291285772,-70.46724317622636,48.503460526737285,-34.47129011154175,-34.62151765823364,-34.546403884887695,-0.15022754669189453,0.0010870675323531032,0.00103123823646456,0.013596842996776104,0.013040218502283096,-0.0013492484577000141,-0.0005808863788843155,0.013459555804729462,0.01271634828299284,990.9038366222878,35890.28999414417,0.0012798598036170006,843.9939651490693,35888.96731117388,0.0012939467560499907,0.0185172688215971,0.002829807810485363,30714.642488947746,19558.970729172263
-0.048127002613788675,-0.051478790525008096,0.0035772101539771617,0.06238939531297365,0.05238790499009022,0.011417390203224527,0.03280053035872248,0.0,-86.43607729717556,-60.40613690520887,-73.4211071011922,26.02994039196669,-35.65549850463867,-35.69363832473755,-35.67456841468811,-0.03813982009887695,0.0009332820191048086,-0.0006474746041931212,0.011615024879574776,0.011650175787508488,0.0010509735438972712,-0.00048404454719275236,0.011635013855993748,0.011525433510541916,932.1487675098704,35823.92562394814,0.0014699030434712768,1042.0242386492184,35759.97880516062,0.0013311483198776841,0.016082406044006348,0.002613358898088336,30978.991754598384,18157.69242454643
-0.21321405767835466,0.17223504680165613,0.8167653011179478,0.2652208483272715,-0.2968308241395377,0.14090104386371266,0.3605333051145274,-0.49765000572552787,-85.95684599070648,-55.916742331369335,-70.93679416103791,30.04010365933715,-36.16314649581909,-35.94796419143677,-36.05555534362793,0.21518230438232422,-0.0012043729657307267,0.0002830030571203679,0.011071378365159035,0.010854564607143402,0.0012608817778527737,0.0001861184136942029,0.011532222852110863,0.010936165228486061,965.4029465636698,35900.83623287589,0.0014206909108906984,825.6579739181451,35886.94067705311,0.0013903884682804346,0.015236725099384785,0.002512264996767044,31005.607182845684,17766.98405172137
0.23077022735179042,0.20186499393967028,-0.023208360364883752,0.21482896856851866,0.8849698979273967,0.9422663591756387,0.7662179434586334,0.0,-89.28154424846323,-60.52262394431125,-74.90208409638724,28.758920304151985,-34.68287467956543,-34.75583791732788,-34.719356298446655,-0.07296323776245117,0.0009657646296545863,0.0008770280983299017,0.013176155276596546,0.012840170413255692,-0.000314697390422225,-0.0014265470672398806,0.012752069160342216,0.013029429130256176,794.3664116321318,35813.22248651654,0.0013704985613003373,777.2252004680396,35844.30976993991,0.0012282534735277295,0.01844494417309761,0.0030331527814269066,30477.729472458785,19336.38012019447
-0.522896247385586,-0.652932375935627,0.07702637387608713,0.48863505604744484,0.19407550773608773,-0.26696612053639207,-0.09237507366069497,0.24391702921417824,-88.67743849465438,-59.03434031158906,-73.85588940312172,29.64309818306532,-34.60400104522705,-34.64073419570923,-34.62236762046814,-0.036733150482177734,0.0002916365338023752,0.001460375846363604,0.01296373549848795,0.013271828182041645,0.001280532218515873,-0.0007393190753646195,0.012976695783436298,0.013149861246347427,807.9457597402179,35907.20436719581,0.001324598677456379,839.3954542438305,35827.80197016042,0.001177620841190219,0.018451176583766937,0.0026629995554685593,30475.91358814589,18761.137502300047
0.9428314938192413,0.8022072544356385,0.2027614414401056,-0.07937669470330327,0.04868105009020368,-0.04073968355967311,-0.6838168353939131,-1.0,-99.64019606885694,-56.7868867458063,-78.21354140733162,42.85330932305064,-34.44606304168701,-34.43217992782593,-34.43912148475647,0.013883113861083984,-0.000792071339674294,0.001262979581952095,0.013003132306039333,0.013709251768887043,-0.0014827847480773926,-0.0002702792698983103,0.013740370981395245,0.013012616895139217,882.3463703235693,35863.4262864793,0.0011734615545719862,864.1328323912815,35895.92610857895,0.0013053285656496882,0.018897296860814095,0.0024374539498239756,30727.617215142032,18184.156956464456
0.0,-0.007716351217502124,0.07260987660032392,0.35436181097100017,0.38664813196791925,0.0882287984327137,-0.03657781223174794,0.0,-92.87129598718326,-65.26917770953645,-79.07023684835985,27.60211827764681,-34.6553111076355,-34.734580516815186,-34.69494581222534,-0.0792694091796875,0.0011379935313016176,0.0009411639766767621,0.013349398970603943,0.012726415880024433,0.0006230538710951805,-0.0013087271945551038,0.012545893900096416,0.01329121459275484,922.479747930203,35871.56402325623,0.001318076392635703,757.6987527433602,35880.79068855251,0.0012438425328582525,0.01835138536989689,0.0030461784917861223,30952.764089228847,18924.195826290164
0.8217551130707695,0.9257205580832146,0.7897842518015805,0.28167801717340685,-0.17451466986324254,-0.23941961554119628,-0.36578814937598647,-1.0,-96.5460814714711,-53.70143108439379,-75.12375627793244,42.84465038707731,-34.576215744018555,-34.53295946121216,-34.554587602615356,0.043256282806396484,-0.0013144135009497404,0.0006917080609127879,0.013109400868415833,0.013212812133133411,3.5023178497795016e-05,0.001497481600381434,0.012955976650118828,0.01349184475839138,868.8069659672748,35907.04771689297,0.001335791079327464,614.6481294283367,35863.63656437041,0.0012821340933442116,0.018265340477228165,0.0027909891214221716,30983.06482587891,17829.63109238246
0.0,-0.05864760626671995,-0.1963707676000117,-0.28423163402576207,-0.31370015572156057,-0.4807378285107868,-0.7342705071536776,0.0,-99.05548008359091,-59.45810390980918,-79.25679199670004,39.597376173781726,-34.422340393066406,-34.33462619781494,-34.378483295440674,0.08771419525146484,0.0004665174928959459,-0.0014136512763798237,0.013020426966249943,0.01376472506672144,0.0004377323784865439,0.0012800414115190506,0.013417493551969528,0.01366475224494934,855.202363245901,35853.20086514289,0.001233625691384077,841.1328599680689,35758.309008790064,0.0012575503205880523,0.019021932035684586,0.002392742084339261,30725.160230558442,18347.872085744937
0.37749813119141834,0.6805580120979999,0.877179517221292,0.4235317086699205,-0.31929040746445714,-0.24471954715256816,-0.24746093814458536,-1.0,-91.60824250362134,-56.35615427411349,-73.98219838886742,35.25208822950785,-34.38172101974487,-34.423987865448,-34.402854442596436,-0.042266845703125,-0.00147723569534719,0.0003460322041064501,0.013595162890851498,0.013322122395038605,0.0011731006670743227,-0.0009581456542946398,0.013183052651584148,0.013601146638393402,750.3391233332026,35902.859962291186,0.0013032789574936032,864.249484305769,35886.61005704743,0.0013265240704640746,0.018787238746881485,0.002893335185945034,30998.483960485763,17904.3186298476
0.8105128484516165,0.5168703386054466,-0.02738759232136676,0.3481168274931453,0.9088293756461864,0.43262714778403377,0.1575552107277854,0.0,-88.18429135789314,-55.70342487198411,-71.94385811493862,32.48086648590903,-34.110703468322754,-34.236602783203125,-34.17365312576294,-0.1258993148803711,0.001397494226694107,-5.439140659291297e-05,0.014149133116006851,0.013635744340717793,0.0014686975628137589,-0.00048019332461990416,0.013753288425505161,0.013618293218314648,817.9540718667357,35780.90952732217,0.0013017276069149375,774.4888770567471,35904.06619852647,0.001194122014567256,0.0191176887601614,0.0030283513478934765,30989.581606680185,17665.570376851432
-0.614169112218831,-0.5416719869793676,-0.00021506166418350237,0.5169475759227783,0.15039051428807587,-0.27546366952675144,-0.14193287167163893,0.1315057175142349,-85.61847613406479,-57.40752039281972,-71.51299826344226,28.210955741245073,-34.582366943359375,-34.47772026062012,-34.530043601989746,0.10464668273925781,-0.0008268604287877679,-0.0012412321520969272,0.013293519616127014,0.013007904402911663,0.00043942523188889027,0.0014348691329360008,0.013224415481090546,0.013397802598774433,760.0864758671345,35859.03054926236,0.001347365672700107,861.4433193701768,35864.03026605798,0.001229724963195622,0.018515415489673615,0.0028909260872751474,30715.285917408604,18411.330546153775
0.9652130005340646,0.8312978185154629,0.0509072419471544,-0.278057597618642,0.22940365868877555,0.03531831071971403,-0.7281595811175301,-0.8950556315968947,-100.15707797350012,-56.048879212563435,-78.10297859303178,44.10819876093669,-34.410691261291504,-34.47291851043701,-34.44180488586426,-0.06222724914550781,-0.0009630034328438342,0.0011353879235684872,0.013116294518113136,0.013708817772567272,-0.001385409850627184,0.0005923918215557933,0.013319495134055614,0.013317420147359371,809.5955132555016,35858.07890749847,0.0012259181821718812,787.1368170498198,35881.48561744697,0.0012884917668998241,0.01907387189567089,0.0023009569849818945,30730.55346423235,18325.930754594723
0.022391448787547053,-0.018098199716207033,-0.1436149881140685,-0.08031872204604756,-0.24242556633667886,-0.5273633710839168,-0.8183904100089071,0.0,-92.91738538212456,-56.16162636145718,-74.53950587179088,36.755759020667384,-34.08911466598511,-34.15963411331177,-34.12437438964844,-0.07051944732666016,-0.0006399335688911378,-0.0014274785062298179,0.013930735178291798,0.013910744339227676,-0.00046350929187610745,0.0012910891091451049,0.013507835566997528,0.014120771549642086,800.3155525276841,35859.883025099814,0.0012650216231122613,618.9530601061346,35766.40872106659,0.0013313342351466417,0.019561730325222015,0.0031555332243442535,30716.53598829863,18328.106784501502
0.9159246257639369,0.8919343179970526,0.8266390948884483,0.42178588843031284,0.01974877131307612,-0.25073115608356156,-0.4549107577853873,-1.0,-96.18759597603074,-51.54958231739724,-73.86858914671399,44.6380136586335,-34.19898748397827,-34.1468071937561,-34.17289733886719,0.05218029022216797,0.0015413056826218963,7.945644028950483e-06,0.014038522727787495,0.013447015546262264,-0.0015341441612690687,-0.00024249037960544229,0.014183654449880123,0.013464252464473248,893.5593900816402,35866.62298414953,0.001205897773616016,898.5680086610828,35900.888770219855,0.0013047382235527039,0.01909150741994381,0.002880827756598592,31010.222315624324,17769.255142074828
-0.8821816880697239,-0.9507846405544246,-0.7918584258936512,-0.534267330442648,-0.4246434291879718,-0.43533215045361184,-0.2988715474673549,1.0,-97.80411009607718,-68.23528777144293,-83.01969893376005,29.568822324634255,-34.264562129974365,-34.26635503768921,-34.26545858383179,-0.00179290771484375,-0.0012503364123404026,-0.0008651123498566449,0.013989142142236233,0.01328802015632391,0.0008798433700576425,0.001248708344064653,0.013795416802167892,0.01348249614238739,777.1804446686845,35880.767756216526,0.001215178519487381,864.9671375258025,35873.25717162899,0.0012094412231817842,0.018957283347845078,0.0030584041960537434,30953.981866081052,19272.46670236769
0.4484197829163822,0.771322403695033,0.8901777636073862,0.2831599846219818,-0.09416399643754142,0.09579744308776128,-0.012198108071980185,-1.0,-92.76584955396402,-56.872834716158536,-74.81934213506128,35.89301483780548,-34.29909944534302,-34.37914848327637,-34.33912396430969,-0.08004903793334961,-0.0006724806735292077,0.0013744025491178036,0.013185608200728893,0.013978944160044193,0.0013424255885183811,-0.0007256386452354491,0.013396509923040867,0.013528870418667793,596.3020991918622,35866.29661683086,0.0012916582636535168,698.2998328594196,35910.60357377737,0.0013064637314528227,0.01934291236102581,0.00232515181414783,30728.218132574893,18276.49314892115
0.16552130448318428,-0.005292555190990497,-0.022574507122409,0.2731484203234137,0.6565463208631171,0.6045113060346883,0.5039390247846002,0.0,-92.16487309986624,-61.475802520884855,-76.82033781037555,30.689070578981386,-34.305419921875,-34.19039964675903,-34.24790978431702,0.1150202751159668,0.001143583795055747,-0.0007469592383131385,0.013554893434047699,0.013618774712085724,-0.0013752274680882692,0.0007199712563306093,0.013697279617190361,0.01382047776132822,768.7166676018835,35808.697150286585,0.0013783839531242847,852.5136197564098,35851.17598705807,0.0011534220539033413,0.018769070506095886,0.0027790835592895746,31221.98918513227,18112.92324297792
-0.8990288485777254,-0.9736243705364811,-0.025449592552332034,0.5176019403193848,0.060464348317308826,-0.33832498004340417,0.24706814727915605,0.5533836864507666,-86.30818929309936,-57.77481962796247,-72.04150446053092,28.533369665136888,-34.13141965866089,-34.12730693817139,-34.12936329841614,0.004112720489501953,-0.0013368119252845645,0.0008251109393313527,0.013732940889894962,0.013970655389130116,-0.001570146530866623,0.00013719694106839597,0.014100573025643826,0.013612359762191772,838.5115572865762,35886.517639508056,0.0013031023554503918,902.3861638530379,35811.75003608874,0.0012150867842137814,0.01930566504597664,0.0029957005754113197,31233.67395787354,18264.740302625134
1.0,0.7895167954538923,0.22122078282278695,0.24708868067929707,0.6324745550275355,0.49058155707446255,-0.1725867639086621,-0.8639386217574337,-94.06512767463539,-55.644409073346196,-74.8547683739908,38.420718601289195,-34.231441020965576,-34.36413764953613,-34.297789335250854,-0.13269662857055664,0.0012966528302058578,0.0004938673228025436,0.014000648632645607,0.01339789479970932,-0.0014313713181763887,-0.000538505264557898,0.013875381089746952,0.013085240498185158,896.2657267641167,35777.13744050779,0.0012741981772705913,833.9827049674391,35873.52391663762,0.0013533184537664056,0.019170276820659637,0.0031436525750905275,30761.776960523603,17769.16787377179
-0.048982223745719186,0.10317588854607544,0.35328640537405775,0.542971988470491,0.3810093908739078,0.5050137909159077,0.8408792870592582,0.0,-87.44154147288042,-62.744355136355864,-75.09294830461815,24.697186336524553,-34.342007637023926,-34.3006157875061,-34.321311712265015,0.041391849517822266,-2.2265405277721584e-05,0.0013172236504033208,0.013266071677207947,0.013792553916573524,0.001265878090634942,0.0008599245920777321,0.013940205797553062,0.013221625238656998,918.6407337890639,35787.130637601804,0.0013485962990671396,773.3362353815422,35823.3060297191,0.001168539747595787,0.019040314480662346,0.0023961158003658056,30723.598727671986,18260.69722074994
0.9860744586283993,0.8889219988368825,0.5021973981109149,0.030867158663142685,-0.027875684399565115,-0.06909559237775142,-0.5773117516261115,-1.0,-100.18526049912913,-55.37778202178521,-77.78152126045717,44.80747847734392,-34.22158241271973,-34.251930713653564,-34.236756563186646,-0.03034830093383789,0.001523090759292245,-0.00014256589929573238,0.013942589983344078,0.013474746607244015,0.0009016786352731287,-0.0012567128287628293,0.01329677551984787,0.014016907662153244,833.6511178859724,35870.84007165687,0.0012016674736514688,851.5095854872628,35893.295369704996,0.0012983892811462283,0.01911177486181259,0.0028695089276880026,30998.21887642906,18121.852333812
0.0002008250849245254,-0.018639476930803624,-0.16495471331211964,-0.27294957376380863,-0.322157851310687,-0.45211216747766597,-0.7261397915900674,0.0,-91.7750216331483,-54.87763371946656,-73.32632767630743,36.89738791368174,-34.11556959152222,-34.18031930923462,-34.14794445037842,-0.06474971771240234,-0.0015247893752530217,0.00031667196890339255,0.014033748768270016,0.013721571303904057,0.000818295986391604,0.0010869508842006326,0.013842546381056309,0.013727673329412937,755.9329306981808,35849.31728975673,0.0012097492581233382,807.268874816255,35762.60248556787,0.001328880782239139,0.019411426037549973,0.0029072470497339964,31000.550961702145,17893.414784584325
0.5658164528879508,0.769200688914484,0.85866758367023,0.353445059614304,-0.18111198986034416,-0.20585662686431522,-0.32352070260168747,-1.0,-90.70887152969806,-48.66575987028324,-69.68731569999065,42.04311165941482,-34.14158344268799,-34.2284631729126,-34.18502330780029,-0.08687973022460938,0.0011847879504784942,0.0010244082659482956,0.014151587150990963,0.013513599522411823,-0.0015029341448098421,0.000368312350474298,0.013821257278323174,0.01357512827962637,912.1862641477159,35868.27774309226,0.0013077253242954612,647.823407727137,35919.3795659427,0.0013098352355882525,0.019158175215125084,0.0030436667148023844,30954.291308881315,19001.361720702815
-0.8521745032117501,-0.9264723410982337,-0.8057758238294359,-0.5408433250075138,-0.4020600260199898,-0.43516221396819865,-0.3375192199380057,1.0,-101.52073526381935,-63.666104840947554,-82.59342005238345,37.85463042287179,-34.675962924957275,-34.64255094528198,-34.65925693511963,0.03341197967529297,-0.0012222370132803917,-0.0007681867573410273,0.013342591002583504,0.012673442251980305,-0.0007571710739284754,-0.0012596258893609047,0.013161650858819485,0.012960215099155903,846.3824684068901,35839.330218262774,0.001237998134456575,811.7166443537226,35853.54499781715,0.0012171468697488308,0.018020130693912506,0.0027573921252042055,30718.090442387263,19197.656119988238
-0.8412699846460608,-0.5417307086407561,0.4967401162092634,0.3191600229818833,-0.3287709893810042,-0.46702978822877694,0.0,-0.1819588076078621,-89.43764760262468,-57.17513667928904,-73.30639214095686,32.26251092333564,-34.66147422790527,-34.409568309783936,-34.535521268844604,0.2519059181213379,-0.0006435582181438804,-0.0013281700666993856,0.01306916680186987,0.012995464727282524,0.001296311616897583,0.0007835269789211452,0.013786645606160164,0.013035072013735771,837.0864278315252,35887.392139264746,0.0013213751371949911,806.9939653630331,35885.6971913359,0.0012858540285378695,0.018412502482533455,0.002862859284505248,30717.647712170106,18337.35532221979
0.4148176570585209,0.38229692702587675,-0.04734684095815606,0.09817254019032946,0.7603519850319096,0.9059808957972033,0.4969336499600545,-0.16131900310648306,-91.97363520652307,-57.689204613444986,-74.83141990998402,34.284430593078085,-33.39360475540161,-33.37764024734497,-33.38562250137329,0.015964508056640625,-0.0008886755676940084,-0.001241080928593874,0.015162354335188866,0.015017816796898842,0.001189957489259541,0.00122353108599782,0.015405108220875263,0.014805986545979977,885.4416898956973,35751.34932046284,0.001225280691869557,842.6050724848357,35875.83892150049,0.0012558206217363477,0.021286405622959137,0.0035032390151172876,30710.290178731255,18655.480603112712
-0.42029127798557797,-0.5340833799907374,0.04122332216179292,0.5461209153664773,0.284247118477372,-0.2872448699820885,-0.08820136093604725,0.18350706051006238,-88.3932262324708,-58.658784444873845,-73.52600533867232,29.73444178759695,-33.44431400299072,-33.39356184005737,-33.41893792152405,0.05075216293334961,0.00037681160029023886,0.001654161373153329,0.01483675092458725,0.015147297643125057,-0.0012683926615864038,0.0011374924797564745,0.0148057471960783,0.0153510058298707,892.8974652323775,35884.08831690061,0.001297613838687539,922.153036205512,35856.0593209469,0.0011920833494514227,0.021221105009317398,0.0030679672490805387,30474.9240786173,18791.837140310017
0.9642578937359081,0.8939694052113273,0.5699345893176635,0.1909660273439099,0.023727024633951543,-0.11109002739671198,-0.5750434036579968,-1.0,-98.14472331354551,-53.80732610390794,-75.97602470872673,44.33739720963757,-33.50569248199463,-33.67595195770264,-33.59082221984863,-0.1702594757080078,-0.00142749585211277,0.0008568741613999009,0.01477776002138853,0.014998146332800388,0.001547151943668723,0.0005673628766089678,0.015019836835563183,0.014164639636874199,787.2820872029384,35856.87143497436,0.001193482894450426,810.7033189226213,35908.421721885265,0.001300209667533636,0.020914435386657715,0.0029832692816853523,30982.019185737885,17831.38458043286
0.9906266410178196,0.9635969381841797,0.8269086952547122,0.7250315129838611,0.6832005917890384,0.5005102573816279,0.21227477324562527,-1.0,-94.53692320077266,-55.1015352353322,-74.81922921805243,39.43538796544046,-34.77596998214722,-34.7202467918396,-34.74810838699341,0.05572319030761719,0.00018170873227063566,-0.001423065783455968,0.012540379539132118,0.013177596963942051,-0.001277822069823742,-6.704916449962184e-05,0.013219902291893959,0.012683260254561901,639.0567046269232,35884.68766040793,0.0013132451567798853,729.922276753258,35826.26768179242,0.001390861812978983,0.018363993614912033,0.0024009819608181715,30723.211057504494,18756.10637543836
0.7895162727823231,0.8561081542502247,0.8706154542755343,0.33495678731207645,-0.09544291817468076,-0.16054097125679212,-0.3675802960872202,-1.0,-92.75071441734812,-49.65493544940665,-71.20282493337739,43.09577896794147,-34.62892293930054,-34.52211380004883,-34.57551836967468,0.10680913925170898,0.0014068646123632789,-0.0004415532457642257,0.01316066924482584,0.013002224266529083,0.0011588640045374632,-0.0009481481974944472,0.013034728355705738,0.013448615558445454,775.6683145782333,35877.83545851835,0.001305776764638722,840.9706385816406,35872.89943403684,0.0012599790934473276,0.018160110339522362,0.002794678555801511,30992.25687133768,18254.706194031372
0.0,-0.07353636157302143,-0.2287876869586512,-0.29505005438455867,-0.26864600318910525,-0.4593335215640009,-0.7028791428299794,0.0,-96.82768345677238,-59.394830369868494,-78.11125691332043,37.43285308690388,-34.2405104637146,-34.13994550704956,-34.19022798538208,0.10056495666503906,-0.0006782021373510361,-0.0013683540746569633,0.013718376867473125,0.013643070124089718,-4.0041242755251005e-05,-0.0013888466637581587,0.013587561435997486,0.014104282483458519,872.0137375729167,35854.90042816068,0.0011952354107052088,858.4693868772881,35744.82885487896,0.001257262658327818,0.01926061511039734,0.0031757173128426075,30715.970115220003,18657.377043654284
-0.13136057965056724,0.17449264574562195,0.6336709867044363,0.5043034584057876,0.0426073482013849,-0.013126559554009987,0.09018779390875267,-0.5565748273327731,-86.18058796716497,-53.413448348352006,-69.79701815775849,32.76713961881296,-34.02017831802368,-34.09371852874756,-34.05694842338562,-0.07354021072387695,-0.0015717390924692154,0.00019134630565531552,0.014253851026296616,0.013805162161588669,-5.7167464547092095e-05,-0.001577140181325376,0.01363423652946949,0.014185389503836632,889.4425603017868,35894.98207872424,0.001318438327871263,730.3136025303321,35869.44576838807,0.0013112056767567992,0.019624454900622368,0.0030993549153208733,31014.066723894182,17678.436857858265
-0.7443484817506719,-0.7317060699727957,-0.966579103125316,-0.628628031535342,-0.23282231516285068,-0.22444445585659123,-0.3140152679281223,1.0,-90.5178667669031,-60.3788263475069,-75.448346557205,30.139040419396196,-33.96174669265747,-33.9751935005188,-33.968470096588135,-0.013446807861328125,-0.0013567334972321987,0.00041074323235079646,0.014276564121246338,0.013992841355502605,0.0014254632405936718,-0.000725656864233315,0.01404795702546835,0.01415923610329628,845.4877033317107,35789.18664445654,0.0013293807860463858,672.3807930499285,35814.662150362565,0.0011590325739234686,0.01943889632821083,0.0029178571421653032,30983.0128088124,17768.104752917385
-0.3282987123794557,-0.44209896292134016,0.11592912158251045,0.5219960652645109,0.11618562065540994,-0.3033869486817578,-0.11577092295517688,0.07485981515443219,-91.9516546381845,-61.4136780759423,-76.6826663570634,30.537976562242193,-34.3576717376709,-34.33762550354004,-34.34764862060547,0.020046234130859375,0.0003424828464630991,0.001487994333729148,0.013355064205825329,0.013636158779263496,0.0014109730254858732,-0.0005799847422167659,0.013541124761104584,0.013514471240341663,845.4566227066877,35877.194906541234,0.0012832192005589604,787.4697379281384,35832.96494661113,0.0011909200111404061,0.019014829769730568,0.0028897386509925127,30719.73564657329,19627.7922528582
0.9516817810427265,0.8597426293348337,0.2714568987180319,0.04145311575639615,0.02961951183855316,-0.08513612852101221,-0.7061620180212146,-0.9845870994470105,-97.30215626470033,-52.28525729151073,-74.79370677810553,45.0168989731896,-34.31781530380249,-34.397687911987305,-34.3577516078949,-0.07987260818481445,0.0010264618322253227,-0.00109326490201056,0.01328638382256031,0.013828862458467484,2.3382404833682813e-05,-0.0015240204520523548,0.013138411566615105,0.013723352923989296,741.445668925894,35867.791990088306,0.0011987253092229366,861.2339225076125,35865.317793432216,0.0012902594171464443,0.019346386194229126,0.0023991381749510765,30975.30804109486,18839.629139290944
-0.03084261274964508,-0.017620101046361115,0.017402540061950772,0.022726472499995154,-0.024149260414846573,-0.038775298362431196,-0.026233620930524927,0.0,-84.10538484838249,-54.57482531117855,-69.34010507978051,29.530559537203935,-34.11911487579346,-34.219887256622314,-34.169501066207886,-0.10077238082885742,0.001165651367045939,-0.0006866028998047113,0.013909203000366688,0.013857868500053883,0.0002123757149092853,-0.0013393389526754618,0.013414405286312103,0.014023806899785995,936.9541044696039,35752.91270804238,0.0013522101799026132,758.1003036826639,35799.477033589,0.0013730665668845177,0.019161688163876534,0.002967038657516241,30980.84194625277,17931.531232362147
0.8261045011459175,0.8483941104865272,0.8341751331646426,0.40921291011941724,-0.06215062507386493,-0.19148605916239636,-0.5320703587394569,-1.0,-94.46571235154244,-51.10131441495906,-72.78351338325075,43.36439793658337,-34.32974815368652,-34.27699089050293,-34.30336952209473,0.05275726318359375,0.00047828175593167543,-0.0014482168480753899,0.01314457319676876,0.013924549333751202,0.0007758036372251809,-0.0013293405063450336,0.013234687969088554,0.013999387621879578,715.5107623990588,35946.54269324675,0.001346674864180386,874.5209780659336,35911.404253450324,0.001333239022642374,0.019159505143761635,0.0025392931420356035,30724.532124233,18276.333071017645
0.03356050310131927,-0.06327828423901026,-0.17718900767897797,0.08222273845249012,0.19430920057563755,-0.015946336704753872,-0.11881951861502205,0.0,-98.1581770054857,-66.47406399613789,-82.31612050081179,31.68411300934781,-34.36875104904175,-34.38121795654297,-34.37498450279236,-0.012466907501220703,-0.0007356255082413554,-0.001315559260547161,0.013559702783823013,0.013400095514953136,-0.00016129772120621055,-0.0015030738431960344,0.013239743188023567,0.013677559792995453,730.3411113752948,35885.44578617826,0.0012261827941983938,852.9373864916926,35845.200378258065,0.001204805332235992,0.018926043063402176,0.003154642879962921,30714.983522441922,18789.022471154894
0.3546127160831683,0.689729860722224,0.8827068083971908,0.14773157724908653,-0.22650590176164914,-0.009724451330020978,-0.14781573008284565,-1.0,-92.15709331916736,-56.72153516470689,-74.43931424193713,35.435558154460466,-33.993587493896484,-34.03139114379883,-34.012489318847656,-0.03780364990234375,-0.0006737277144566178,-0.0014372961595654488,0.014098791405558586,0.014049900695681572,-0.0009460282744839787,0.0012707147980108857,0.013645000755786896,0.01437164843082428,769.7397603339036,35885.23958840033,0.0012672332813963294,707.7061294239259,35883.661809036996,0.0012637069448828697,0.0197916179895401,0.0030282833613455296,30716.40761655823,18420.159306961858
-0.7549224150347171,-0.8955761457289164,-0.9973911368571663,-0.6544552511941242,-0.41342012160805097,0.6875907148133011,0.6762334964040152,0.7589561428289361,-91.54802687946001,-61.23487755863505,-76.39145221904752,30.313149320824962,-34.13110017776489,-34.03296947479248,-34.08203482627869,0.09813070297241211,-0.0011083297431468964,-0.0008536913665011525,0.014078344218432903,0.013642296195030212,0.0012999146711081266,-0.0008979904232546687,0.013849415816366673,0.014170180074870586,698.4787116998381,35793.06205945287,0.0013465248048305511,837.4441704279001,35866.16736668058,0.0011901764664798975,0.01928388886153698,0.003296290058642626,30533.197272704652,18133.959252200762
-0.9726790920365549,-0.9533271531289407,-0.019195962123063515,0.6436069750364038,0.053216926780534225,-0.5434294211001474,-0.06163195737633054,0.1583783751451704,-87.56388311948334,-57.69106410855204,-72.62747361401769,29.872819010931295,-34.152607917785645,-34.19666051864624,-34.17463421821594,-0.0440526008605957,-0.0007215302903205156,0.0013813257683068514,0.013412602245807648,0.014213879592716694,0.0012234167661517859,0.0009537326986901462,0.014089472591876984,0.013400087133049965,746.5699448644456,35877.860719209275,0.0013103540986776352,838.8484675613232,35898.8183086379,0.0012057508574798703,0.019566133618354797,0.0023483671247959137,30975.266783554773,18315.432105782256
1.0,-0.1508978827445523,0.44192002372990347,0.40812996548174774,0.5497977413112689,0.4597625201157631,-0.05707992632805214,-0.04091650309552276,-99.13320874440967,-55.37640542999327,-77.25480708720147,43.7568033144164,-34.14921998977661,-34.290404319763184,-34.2198121547699,-0.14118432998657227,-0.0008143960731104016,-0.0013008330715820193,0.013935383409261703,0.013715339824557304,-0.0009990986436605453,0.0011665847850963473,0.013278326019644737,0.013917039148509502,643.079364852344,35861.37525927005,0.001191566581837833,780.6133331643989,35923.49205975529,0.0013275058008730412,0.01944068819284439,0.003190170507878065,30711.48908130721,18653.914872818084
0.0,0.023425798774325962,0.11964470462847562,0.37049860679961666,0.2555824140025458,0.00874536535680992,-0.005194048896618675,0.0,-92.96326818919005,-61.94691147187501,-77.45508983053253,31.016356717315034,-34.2570424079895,-34.178123474121094,-34.2175829410553,0.0789189338684082,0.00022951033315621316,-0.00152162229642272,0.01329335942864418,0.014005248434841633,-0.0004270126228220761,-0.00148855522274971,0.01368044689297676,0.013876478187739849,838.4182982674847,35880.01439041376,0.0013001548359170556,845.2806099731946,35859.91629792634,0.0011646448401734233,0.019219886511564255,0.002433392219245434,30724.145662923223,18472.517169466468
0.9735692227568895,0.939734560723824,0.7759480918191407,0.29860911869528284,-0.015320228175956352,-0.12903365619081086,-0.4696209409015547,-1.0,-94.71870528867075,-53.71533320275506,-74.2170192457129,41.003372085915686,-34.1028618812561,-33.98208141326904,-34.04247164726257,0.12078046798706055,-0.0014338127803057432,-0.000612714677117765,0.01429155096411705,0.013494780287146568,-0.0008657046128064394,-0.0013348003849387169,0.014233770780265331,0.013950689695775509,775.6686016407663,35858.83411375315,0.0011752661084756255,821.7557909548649,35886.03178436819,0.0012726511340588331,0.019303329288959503,0.0028616399504244328,30713.318204430652,19318.155830118045
0.0,-0.03916771099020355,-0.18775777974139463,-0.275065799819031,-0.3240303324124896,-0.4805151198231532,-0.7336453999089013,0.0,-97.80321395274746,-60.12125699389988,-78.96223547332366,37.68195695884758,-33.692755699157715,-33.81140947341919,-33.75208258628845,-0.11865377426147461,-0.0005775609170086682,0.001512398011982441,0.014153780415654182,0.014978026039898396,0.001304609002545476,-0.0005774233723059297,0.0144657576456666,0.014299723319709301,749.6371755729094,35837.39633288799,0.001172980759292841,860.0874948475509,35728.88550023306,0.0012043602764606476,0.020864000543951988,0.002521044574677944,30726.350214034792,18247.25101318111
0.44537420652428883,0.7147518997020257,0.8375827628466909,0.38607755685574474,-0.06790053272469149,-0.20507387943789335,-0.3417438416026947,-1.0,-93.41965670133897,-54.615247887876194,-74.01745229460758,38.80440881346277,-33.90230655670166,-33.9493465423584,-33.92582654953003,-0.04703998565673828,0.0015691776061430573,-0.0003803209401667118,0.01436561904847622,0.014077851548790932,0.00038680530269630253,0.0015498236753046513,0.014020989648997784,0.0142701780423522,832.8304105779597,35859.82608740682,0.0012685254914686084,786.5378823360402,35918.424820404376,0.0013022167840972543,0.019705042243003845,0.0030846011359244585,30997.61449894298,17978.380862029946
0.10118725591686023,-0.003844285574031612,-0.039195915722682856,0.07299537782346205,0.18826650650299048,0.05612992849690268,-0.14060615626073558,0.0,-99.99243332880417,-60.895740302681645,-80.4440868157429,39.09669302612252,-34.07366752624512,-33.93749952316284,-34.00558352470398,0.1361680030822754,4.844108480028808e-05,-0.001539750024676323,0.013646099716424942,0.01424155943095684,0.0005123120499774814,-0.0015176283195614815,0.013744943775236607,0.014573562890291214,684.6805600697484,35859.00070191584,0.0011909742606803775,829.0753953466962,35894.40895402906,0.0011996293906122446,0.019693952053785324,0.0029662286397069693,30477.93882018733,18559.93324354501
-0.9811658558118167,-0.9144609361860763,-0.45557614892455656,0.46036310546124676,0.2951323125399813,-0.31605803259816057,-0.027105247669343413,0.20409791947045408,-88.47002046625715,-60.09069539408716,-74.28035793017216,28.37932507216999,-33.93614053726196,-33.89901876449585,-33.917579650878906,0.03712177276611328,-0.0015986149664968252,7.254953379742801e-05,0.014441811479628086,0.013888031244277954,0.0003615444584283978,-0.001568567007780075,0.013825057074427605,0.0146201616153121,719.4405282596723,35895.94900581341,0.0012878421694040298,858.4387005604316,35865.17519829307,0.0012710153823718429,0.019668545573949814,0.0031731463968753815,31019.86309623291,17682.74843394354
0.9935386178551454,0.8122824398855064,-0.049067344467257655,-0.05193718310865973,0.8223110511862939,0.8879506461683787,-0.018774884863920732,-0.7153700452059664,-96.6677030297128,-58.364466334232134,-77.51608468197247,38.30323669548066,-33.94338369369507,-34.015493392944336,-33.9794385433197,-0.07210969924926758,0.0013175260974094272,-0.0005883702542632818,0.014219861477613449,0.014108313247561455,0.0005598359275609255,-0.0014879354275763035,0.01361486129462719,0.014449828304350376,716.5767983746116,35789.50029986676,0.0012280632508918643,698.5165165102843,35873.531839054325,0.0012734845513477921,0.019817784428596497,0.0029336484149098396,30979.037248210097,18799.296868587648
-0.07973106192029711,-0.11119460809127846,0.23803635850604038,0.5505491276051433,0.14398761786435013,-0.11058328284654151,0.004157203929351372,0.0,-90.35411204806536,-60.15451666207258,-75.25431435506897,30.19959538599278,-33.99456024169922,-33.96568775177002,-33.98012399673462,0.02887248992919922,0.000230781442951411,-0.0015728460857644677,0.013698643073439598,0.01443697139620781,0.00013069887063466012,0.0015907983761280775,0.013863123953342438,0.014371191151440144,816.6970172403178,35880.35302798761,0.0012895059771835804,879.1209325401813,35850.80827625209,0.0011805216781795025,0.019917629659175873,0.0024226384703069925,30723.6300775126,18410.23822578356
0.9444895772260349,0.9351816554129548,0.6431225087044586,0.24884072254510484,0.06552046260040506,-0.12584677553170937,-0.561881977503844,-1.0,-99.55885767313663,-54.33571357081718,-76.9472856219769,45.22314410231945,-34.02006387710571,-34.022042751312256,-34.021053314208984,-0.0019788742065429688,-0.0013798379804939032,-0.0007360198069363832,0.014416984282433987,0.013637346215546131,0.0009555683354847133,-0.0012668712297454476,0.01367209292948246,0.014375242404639721,840.9762700330738,35884.39884694794,0.0011978689581155777,981.3215496867184,35874.33509019285,0.0013058538315817714,0.019526779651641846,0.0028665964491665363,30754.112143872386,18312.42430582093
0.0,0.0016491761652608057,-0.8673057292631636,-0.5753413111499566,-0.45862185974619774,-0.4390443916405833,-0.3028087052362376,0.7860038792150034,-84.63623988913959,-66.39392284751733,-75.51508136832845,18.242317041622258,-33.89374017715454,-33.99289608001709,-33.943318128585815,-0.09915590286254883,-0.001121791428886354,-0.000793208833783865,0.014450330287218094,0.014045221731066704,-0.00048220681492239237,-0.0015089415246620774,0.013999716378748417,0.014151235111057758,893.6525999392153,35784.118905797106,0.0013551475713029504,779.9095345991481,35829.24276981802,0.001215256517753005,0.020151499658823013,0.003153520170599222,30473.9181388506,19423.142554134916
0.834328150868583,0.9997350052733437,-0.2638320922324011,0.34556848708016424,0.2760661722781689,0.4767068443701165,0.3287530411658994,-0.03667237753413813,-93.63068244877758,-54.18726512215005,-73.90897378546381,39.443417326627525,-34.17376756668091,-34.1163969039917,-34.145082235336304,0.057370662689208984,-0.0009886224288493395,-0.001198844751343131,0.01399313472211361,0.01357461977750063,-0.0007718396373093128,-0.0013680739793926477,0.01396323461085558,0.013789117336273193,898.2113844590287,35891.0808535756,0.0013126857811585069,604.4698463450598,35874.23992000585,0.0012956045102328062,0.01908915862441063,0.0030033246148377657,30712.344313435144,18918.348445817515
0.09683414932493127,-0.053038659290706905,-0.04790022367078678,0.15446438119106004,0.16375700916169394,-0.03411489781393151,-0.09394645852112082,0.0,-100.97052083181563,-64.18702962211592,-82.57877522696577,36.78349120969972,-34.20187711715698,-34.1359281539917,-34.16890263557434,0.0659489631652832,0.000981765566393733,-0.0011634078109636903,0.01344146765768528,0.014036901295185089,3.447638300713152e-05,0.0015562219778075814,0.01356641948223114,0.014119816944003105,726.4544764318981,35838.54193985524,0.001213658251799643,796.7460440330467,35864.35130757824,0.0011901850812137127,0.019475551322102547,0.002258713124319911,30730.12580637771,18330.8857326745
0.15440089985758487,0.4382166876747789,0.9127796502788815,0.36676477253191325,-0.18474520015174234,-0.225128437911587,-0.19160367827684577,-1.0,-89.01762927246551,-56.53542841332444,-72.77652884289498,32.482200859141074,-33.98247957229614,-34.00988578796387,-33.996182680130005,-0.02740621566772461,-0.0007792319520376623,-0.0013886436354368925,0.014174796640872955,0.014009138569235802,0.0008705156506039202,-0.0013349204091355205,0.013658098876476288,0.014426317997276783,653.1117607203777,35860.90335951659,0.001292127650231123,849.1760820176469,35871.304905295685,0.0012727252906188369,0.01994336023926735,0.003090417478233576,30716.82962224533,18376.523897446667
0.3804094592931201,0.3688578026905922,-0.03495154446210243,0.1546468293254856,0.7573302308025411,0.9248009044113651,0.6206596609057267,-0.03398746238971928,-91.86658838013533,-60.630564588998624,-76.24857648456697,31.236023791136702,-34.09684181213379,-34.12921905517578,-34.113030433654785,-0.03237724304199219,0.0010327285854145885,-0.0009480048902332783,0.01378223393112421,0.014050371013581753,0.001559804892167449,9.367449092678726e-05,0.014181341044604778,0.013523469679057598,805.3197827854407,35785.71865252376,0.0013082146178930998,833.524500310107,35863.649939972376,0.001201600069180131,0.019409440457820892,0.0026260840240865946,30975.776187567666,17885.564519905394
-0.5270390519033153,-0.5683255948519511,0.1106259382277272,0.5530440740115279,0.11119695308834016,-0.5362155245223718,-0.029126313035146123,0.13588908985456427,-88.69547657185291,-56.71278359655537,-72.70413008420414,31.98269297529754,-34.0343976020813,-33.94230127334595,-33.98834943771362,0.09209632873535156,-0.0014448292786255479,-0.0006490120431408286,0.014415547251701355,0.013588586822152138,-0.0015759023372083902,0.0002587628550827503,0.014351093210279942,0.013961633667349815,905.1602373989392,35889.396247281446,0.0012928817886859179,917.831251072635,35861.31218581235,0.0011825833935290575,0.01951662451028824,0.0030419642571359873,30716.364016362575,19248.922421875304
0.9358880122964157,0.7777898780868316,0.29292276310580495,-0.02954484001886748,0.08084234278714231,-0.007304221465147198,-0.6175972930604483,-1.0,-96.60691898283869,-54.99572719325607,-75.80132308804738,41.61119178958262,-34.01235103607178,-34.01775598526001,-34.015053510665894,-0.005404949188232422,0.000902443309314549,-0.0012763518607243896,0.013688440434634686,0.01439304556697607,0.0009882121812552214,-0.0012508315267041326,0.013679117895662785,0.014381355606019497,803.2030598910525,35894.882075164765,0.0012242580996826291,794.3612190484424,35843.86632723982,0.0013083287049084902,0.019966010004281998,0.002487426158040762,30728.302734385932,18302.039940526323
0.0,0.04500285617234663,0.102462205201833,0.2681459330753114,0.24879511154641493,0.060733834600278036,0.032838920667885185,0.0,-95.37500115522613,-65.67140113409698,-80.52320114466156,29.703600021129148,-34.13196325302124,-34.26112174987793,-34.196542501449585,-0.12915849685668945,-0.0012009774800390005,0.0009898834396153688,0.01363770104944706,0.014063541777431965,-0.0010953927412629128,0.0010827518999576569,0.013374309055507183,0.013915160670876503,834.7277742316492,35888.262245545986,0.001307638711296022,758.6367897607224,35853.57076271204,0.001214733812958002,0.019597310572862625,0.0024451715871691704,30977.654667315936,17898.023997364493
0.011755694099230163,0.035935182835259205,-0.13119072307712176,-0.45658499549156883,-0.5802702114572859,-0.5731224583972667,-0.7360094145697769,0.0,-97.81461208122639,-52.96590693560711,-75.39025950841675,44.84870514561928,-34.329376220703125,-34.39228296279907,-34.3608295917511,-0.06290674209594727,-0.0012086257338523865,-0.000920535996556282,0.013870574533939362,0.013203395530581474,0.0014214424882084131,0.0005293683498166502,0.01382759865373373,0.01304685790091753,830.8003433463472,35869.54735211104,0.0012860933784395456,814.9157338328084,35890.86175615729,0.0012772196205332875,0.01870773360133171,0.0027824677526950836,30948.509819493014,18945.78114322941
0.0,-0.06053276637246541,-0.22654908374263763,-0.24659767621722828,-0.29877541272700303,-0.4734236495343752,-0.7287354289268524,0.0,-99.08178493231975,-60.45849186716038,-79.77013839974006,38.623293065159366,-34.09140586853027,-34.03508424758911,-34.06324505805969,0.05632162094116211,-0.0015418978873640299,0.00016430485993623734,0.01414101105183363,0.013690987601876259,0.000601064704824239,0.0012530285166576505,0.013956706039607525,0.014077747240662575,778.9839217034618,35881.97065846953,0.0011955294758081436,799.8411833714815,35777.85129850308,0.0012363191926851869,0.019258223474025726,0.0028888736851513386,30998.887615077943,17958.266828464733
0.5292184576799379,0.7873776457840274,0.7983376594340066,0.26652836932562285,-0.3104025919859721,-0.15200061436673606,-0.28750260356209945,-1.0,-93.47832971611177,-55.45835546593372,-74.46834259102275,38.01997425017805,-34.223854541778564,-34.340128898620605,-34.281991720199585,-0.11627435684204102,0.0010179509408771992,0.0011652843095362186,0.013937452808022499,0.013470713049173355,8.819231879897416e-06,-0.0015333080664277077,0.013228384777903557,0.013812197372317314,718.8293225784835,35884.124822155056,0.001290885847993195,841.6112790006031,35883.55813564433,0.0013136841589584947,0.01932273805141449,0.003042517928406596,30712.33047654355,18988.352483893734
-0.6651789865108466,-0.8540089021248262,-0.9743491706090386,-0.5501172599797508,-0.23503851156560962,-0.5363519922948646,-0.6234519604978497,1.0,-88.67688456708125,-59.02709181833856,-73.85198819270991,29.649792748742684,-34.32828426361084,-34.441566467285156,-34.384925365448,-0.1132822036743164,-0.0013266992755234241,-0.0003197693731635809,0.013851096853613853,0.013244174420833588,-0.001444950234144926,-0.00045705639058724046,0.013750895857810974,0.012970569543540478,788.0855151144723,35788.05885016239,0.0013640739489346743,873.1599302299721,35837.67660727274,0.0012015948304906487,0.01873471774160862,0.0030547338537871838,30756.680656547946,17774.345145781677
-0.6973031288261204,-0.4953826703241204,0.33729963797389795,0.5559306981450995,0.0,-0.14082523503706346,0.580392854972903,0.6015769846699615,-86.96412303464194,-57.37672032407875,-72.17042167936035,29.587402710563197,-34.54412221908569,-34.369304180145264,-34.45671319961548,0.1748180389404297,0.0005395036423578858,-0.0013946983963251114,0.012818162329494953,0.013589897193014622,0.0015031886287033558,0.000302102358546108,0.013843185268342495,0.013102239929139614,981.4002841365512,35906.61006142746,0.0013287072069942951,812.6785625241089,35873.001445940485,0.00131926906760782,0.018670763820409775,0.0022399623412638903,30728.217938295496,19419.7704568713
0.5343384685118502,0.44040656225639124,-0.09870355216097519,-0.06821806987731499,0.45167349272032614,0.4668018094538108,-0.07119074767454492,0.0,-103.63431926381526,-62.46853399448807,-83.05142662915166,41.16578526932719,-34.23248529434204,-34.230337142944336,-34.23141121864319,0.002148151397705078,0.0013980274088680744,-0.000615073658991605,0.01368852611631155,0.013698453083634377,0.0011693723499774933,-0.0010107362177222967,0.013463244773447514,0.013924617320299149,759.7732738618279,35835.91865352125,0.001233103801496327,674.9785946309967,35938.196711342345,0.0013086118269711733,0.019204972311854362,0.0026257981080561876,30982.606934065254,17814.513270582047
-0.008592447357530177,-0.0346454543205575,0.28912578365800307,0.5449766902099996,0.2550016842280948,-0.040888791683163506,0.11595047073455134,0.0,-91.7513985267866,-62.195489141560756,-76.97344383417368,29.555909385225846,-33.97286653518677,-34.05925273895264,-34.0160596370697,-0.08638620376586914,0.0010629452299326658,-0.0011867322027683258,0.013794349506497383,0.014414576813578606,-0.0001633078936720267,-0.001571941771544516,0.01373896561563015,0.01419350691139698,657.3835028227406,35932.09013891264,0.0012907233322039247,789.0610752175526,35865.2100297326,0.0012053180253133178,0.019942451268434525,0.0025578706990927458,30976.76000478169,17988.599584821357
0.9660036169447159,0.9212885944835723,0.5338992079807651,0.07196573389673955,0.060163597514143075,-0.0876297698623692,-0.5625406681398022,-1.0,-100.13817574578059,-56.65610376302229,-78.39713975440144,43.4820719827583,-34.221062660217285,-34.12469148635864,-34.172877073287964,0.09637117385864258,-0.0013373626861721277,-0.0007414240390062332,0.01407731045037508,0.01333570759743452,-0.0014775475719943643,-0.0005311188288033009,0.014267785474658012,0.013446358032524586,848.4890063390905,35879.57368612927,0.0012108880328014493,742.6832173183999,35859.62703279657,0.0012364290887489915,0.018951915204524994,0.0028242850676178932,30728.484500687922,18914.486494663033
0.9853128689819997,0.9734137902505285,0.7918468453325088,0.7530516290748291,0.6995040706279587,0.5187074235362892,0.21462521424784464,-1.0,-99.06130972440269,-60.57018297566644,-79.81574635003457,38.49112674873625,-34.17555809020996,-34.14234638214111,-34.15895223617554,0.033211708068847656,-0.00042878894601017237,0.0014923231210559607,0.013390007428824902,0.014164459891617298,-0.0012239862699061632,0.0006360848201438785,0.013883477076888084,0.013806396164000034,774.6165959313219,35882.938968242815,0.0012801887933164835,646.1167484715838,35770.32793413667,0.001350365811958909,0.019552262499928474,0.002531415084376931,30723.69532630137,18398.380898870637
0.7433037497930534,0.8455091632254308,0.8066696561574052,0.33494383828435725,-0.19727825077379058,-0.20706887102691318,-0.3753768762702337,-1.0,-95.00280597623993,-54.29555625452531,-74.64918111538262,40.70724972171462,-34.146504402160645,-34.25205945968628,-34.19928193092346,-0.10555505752563477,0.0013551762094721198,0.00076772749889642,0.01421202253550291,0.013434807769954205,0.0012683281674981117,0.0008793448214419186,0.014015328139066696,0.013298413716256618,750.2041133930487,35864.933081838426,0.0013047294924035668,834.5771908489635,35922.165874235514,0.0013065440580248833,0.019372720271348953,0.002847344148904085,30717.484453202618,19185.74489499252
0.9578587010587504,0.9300226422404815,0.7800026268323679,0.6622040869303545,0.6543792156877376,0.4658689977502294,0.19693381346887429,-1.0,-96.43531891038936,-60.37598166655671,-78.40565028847303,36.059337243832644,-34.15860652923584,-34.19311761856079,-34.175862073898315,-0.03451108932495117,-0.001497624907642603,0.0003201317449565977,0.013958784751594067,0.013661528006196022,-0.0012321885442361236,0.0006149460677988827,0.013803919777274132,0.013723981566727161,847.3633622208605,35873.74832394234,0.0011786831310018897,888.6441858486498,35745.50002116477,0.0012442057486623526,0.01908034458756447,0.0027552421670407057,30993.813825909092,18145.234219450187
0.7751943251810028,1.0,0.8929644927248293,0.181666901937781,0.0038915172525502695,0.2740696718192257,0.2867254374387337,-1.0,-95.84007519058999,-54.062027547761886,-74.95105136917593,41.7780476428281,-34.24640655517578,-34.20839071273804,-34.22739863395691,0.03801584243774414,0.00134444166906178,0.00023807529942132533,0.0139586441218853,0.01339554600417614,0.0013864417560398579,-0.0006971706170588732,0.013686702586710453,0.013773941434919834,1052.5068516369233,35722.06872832554,0.0012624413939192891,829.6413371971527,35870.657473381594,0.0012977872975170612,0.018992271274328232,0.002848172327503562,30748.551659724817,17932.550286312326
0.13479016063581756,0.10143583382018191,-0.03273819307645626,0.19465921527672303,0.6115415582075667,0.6859149247223655,0.5345915115106217,0.0,-91.7723918196001,-61.703629097173035,-76.73801045838657,30.068762722427067,-34.2664909362793,-34.278011322021484,-34.27225112915039,-0.0115203857421875,0.0012939523439854383,-0.0004687280161306262,0.01375008374452591,0.013544522225856781,0.001529810600914061,-0.00014748293324373662,0.013851085677742958,0.0133868008852005,735.618085279461,35756.94116009875,0.0013697028625756502,763.4054709518297,35906.53313025508,0.0012067619245499372,0.018997568637132645,0.0028211879543960094,30981.509014674488,17845.95865590938
-0.30348115964250266,-0.320786279989818,0.1511755775058568,0.5899531565167437,0.25732551319289226,-0.17292024594370947,0.056411455714880154,-0.022560542623459745,-92.05161975267538,-61.69060119759814,-76.87111047513676,30.361018555077237,-34.13635015487671,-34.23126697540283,-34.18380856513977,-0.09491682052612305,0.0001278741838177666,-0.0015526809729635715,0.01350109837949276,0.014180822297930717,0.0009140694164671004,-0.0012477211421355605,0.013332161121070385,0.014047174714505672,694.997458707087,35941.000154588524,0.0013143324758857489,782.7631650685947,35856.15773010158,0.0012030185898765922,0.019723329693078995,0.0025428757071495056,30723.830577980298,18440.27353040684
0.9622939106448053,0.8378522221419975,0.23863601817664787,-0.07019180761274083,0.18537561497282928,-0.013331882965672892,-0.7268369845055888,-0.9595758466551229,-100.1976468698889,-55.324418132624544,-77.76103250125672,44.873228737264355,-34.196765422821045,-34.10998344421387,-34.153374433517456,0.08678197860717773,-0.0015217597829177976,4.491274012252688e-06,0.014022975228726864,0.013472676277160645,-0.0013051859568804502,-0.0008755872840993106,0.014255671761929989,0.01350768469274044,901.5995570638028,35860.64467637163,0.0012074963888153434,764.6207202692282,35873.604129092804,0.0012616224121302366,0.018920715898275375,0.0026545522268861532,31003.058370151182,17911.304485776694
0.0,-0.04209742784705524,0.06509006222739769,0.3335832491060047,0.22856193549081008,0.01637509021942629,-0.031965258629615856,0.0,-95.30522902630952,-65.5800177701488,-80.44262339822916,29.72521125616072,-34.237611293792725,-34.206364154815674,-34.2219877243042,0.03124713897705078,-0.001178817474283278,0.0009937045397236943,0.013461430557072163,0.013904093764722347,0.0014037472428753972,0.0006300671957433224,0.014123481698334217,0.013333880342543125,798.3761611312447,35879.40950416166,0.001293263165280223,785.6076934341818,35860.5001442895,0.001178895472548902,0.019183896481990814,0.002427975879982114,30978.663750272335,17865.521356792946
0.9405400985012318,0.9398757137747105,0.7963842476397036,0.39090234559156023,-0.09143652901898847,-0.21050315191150948,-0.4679504957615301,-1.0,-96.7914735913364,-50.993633871016186,-73.89255373117629,45.79783972032021,-34.169673919677734,-34.266510009765625,-34.21809196472168,-0.09683609008789062,0.001238031079992652,0.0009320706594735384,0.014127036556601524,0.013449118472635746,-0.0008587258635088801,0.001274891197681427,0.013272040523588657,0.013996481895446777,706.8250513413478,35851.07157504765,0.001177678001113236,867.6745641086968,35876.74038073546,0.0013045883970335126,0.019365567713975906,0.0028861425817012787,30950.042000504043,18888.388776079424
0.967024570007777,0.9101903316132228,0.7309755372734669,0.6438005138781047,0.681420006787802,0.46690650179026283,0.18115501057715688,-1.0,-96.8885879511758,-59.782146682663125,-78.33536731691946,37.10644126851267,-34.15485858917236,-34.19145107269287,-34.17315483093262,-0.03659248352050781,-0.0015264025423675776,0.00020823189697694033,0.014017460867762566,0.013612465932965279,-0.0013452769489958882,0.0002822836977429688,0.013956006616353989,0.013574942015111446,915.8708671856783,35862.028453285646,0.0011894962517544627,795.4084964464682,35727.314564103435,0.0012479055440053344,0.019126519560813904,0.0027905493043363094,30999.04997330142,17936.578243184005
0.2603860831108389,0.5556929950348743,0.8508052282770601,0.35764121106276875,-0.1688299803162383,-0.29156634163683276,-0.23650374111606942,-1.0,-90.46533038592676,-54.26490080234268,-72.36511559413472,36.20042958358408,-34.291112422943115,-34.202327728271484,-34.2467200756073,0.08878469467163086,0.0014350030105561018,-0.000573502155020833,0.013622287660837173,0.013577237725257874,0.0002737950999289751,0.0015278118662536144,0.013561378233134747,0.013916374184191227,951.989471898916,35864.82728162257,0.0012973088305443525,847.0997613549158,35885.214342854044,0.0013034921139478683,0.018949251621961594,0.0029388756956905127,30992.310940546282,18317.986597812178
0.14679017435516536,-0.04055984188378016,-0.04926650536070877,0.0753816485095114,0.19202269841204406,0.052082131704372925,-0.10870524982640895,0.0,-100.33343012429691,-62.229417413576016,-81.28142376893646,38.104012710720895,-34.28126811981201,-34.31682825088501,-34.29904818534851,-0.03556013107299805,0.0012254581088200212,-0.0009010209469124675,0.013450194150209427,0.013781145215034485,-0.0002696480369195342,-0.0015091607347130775,0.01338508166372776,0.013732721097767353,779.3339263091226,35886.67015747332,0.001231847913004458,841.1504641313201,35837.25724595571,0.001217114506289363,0.019176362082362175,0.0025005138013511896,30978.249083660452,18002.96515555521
-0.6455299235768752,-0.4185965422190926,0.18342583465084672,0.5513996300550021,0.11354341059117333,-0.303896940492813,0.0067973561518389625,-0.12674008504054657,-87.54790934526983,-57.34982342140307,-72.44886638333645,30.198085923866756,-34.19264793395996,-34.282405376434326,-34.237526655197144,-0.08975744247436523,0.001554278889670968,-7.346492202486843e-05,0.014024244621396065,0.013480832800269127,-0.00041497789788991213,0.0014838165370747447,0.013212776742875576,0.014003290794789791,812.3920985796653,35882.73507403682,0.001293300767429173,721.2368262758484,35868.76387813567,0.0013000775361433625,0.01917821541428566,0.0030755845364183187,31018.349139428294,17671.391428002247
0.9557165537087682,0.8752194671027597,-0.039748424802886324,0.148861488933542,0.935690208187101,0.8756631410382353,0.09146500047181294,-0.6502498390863581,-93.7888104288904,-57.74059878466613,-75.76470460677827,36.04821164422427,-34.03123617172241,-33.959412574768066,-33.99532437324524,0.0718235969543457,-0.0001505571126472205,0.001414804719388485,0.013721784576773643,0.014315810985863209,-0.0001489119022153318,-0.0015917940763756633,0.013884695246815681,0.014370262622833252,871.6804634271938,35741.19173892261,0.0012430459028109908,760.9360220994284,35886.735072241325,0.0012698371428996325,0.01977265439927578,0.0023789231199771166,30723.48868837909,18297.64420231904
-0.029802840284825684,-0.12260961789898706,0.15791934076604328,0.45288959594555733,0.23477264480334242,-0.07938488012922884,-0.07934691613932343,0.0,-91.30879767661816,-61.08791111219449,-76.19835439440632,30.220886564423665,-34.038496017456055,-34.03647422790527,-34.037485122680664,0.00202178955078125,0.001364511321298778,-0.000795127241872251,0.01390299666672945,0.014099872671067715,-0.00010464392835274339,-0.0015716610942035913,0.013750338926911354,0.01425569225102663,809.0573686334595,35896.09799246046,0.001296605565585196,788.0074047320524,35856.33206415278,0.001168072340078652,0.019512729719281197,0.0028859141748398542,30985.716995549326,18058.97817058378
0.04630825574301667,-0.034968434962000194,-0.3165679869184904,-0.5313497591317875,-0.5560334377140934,-0.5546284134793045,-0.8720466877736985,0.0,-98.41789938130145,-55.88760258238176,-77.1527509818416,42.53029679891969,-34.18826341629028,-34.20905828475952,-34.1986608505249,-0.02079486846923828,-0.001298961229622364,-0.0008192011737264693,0.014122496359050274,0.01339458953589201,0.0003770916082430631,0.001509551890194416,0.013600899837911129,0.013856114819645882,712.7655481106731,35857.204005548374,0.0011781923240050673,869.1764840594969,35863.8459071135,0.001273570116609335,0.019262205809354782,0.0028376674745231867,30707.926612597654,19714.81344899054
0.0,-0.004142261454204465,-0.1646290489695546,-0.2620323532871786,-0.24484873853780123,-0.4505632455812577,-0.739525864529908,0.0,-95.5719417554713,-59.071947841832674,-77.32194479865198,36.499993913638626,-34.38112735748291,-34.32999610900879,-34.35556173324585,0.051131248474121094,0.0006200341158546507,-0.0013675792142748833,0.013069260865449905,0.01384192518889904,0.000603634282015264,0.0011965191224589944,0.013501884415745735,0.013597095385193825,904.121001435971,35865.51617845471,0.001237418851815164,661.6632298891792,35781.35733722628,0.0013451335253193974,0.018981683999300003,0.0021698293276131153,30727.96126677983,18195.32407795743
0.5451967723226575,0.7271984329199364,0.8269802872596139,0.30928671896545396,-0.16398678003372824,-0.31415190388128666,-0.3436831847973974,-1.0,-91.95614997848753,-51.53601170349771,-71.74608084099262,40.420138274989824,-34.18362379074097,-34.09886837005615,-34.14124608039856,0.08475542068481445,0.0011008193250745535,0.0011023592669516802,0.014045766554772854,0.013487594202160835,0.0012108972296118736,-0.0009971936233341694,0.013681063428521156,0.014124952256679535,892.3405358310224,35877.96920304173,0.0013035574229434133,885.9181753797112,35899.02467877052,0.0012833664659410715,0.019248703494668007,0.003017505630850792,30710.512997304097,19514.250581798635
0.13429552445599693,-0.05914326312356127,-0.04664067498527549,0.12985218753927708,0.20884229921627168,0.0490579124437765,-0.08603326847799098,0.0,-98.09110097168798,-65.90159725175889,-81.99634911172343,32.18950371992909,-34.28514242172241,-34.297893047332764,-34.29151773452759,-0.012750625610351562,0.0005812145536765456,-0.0014025650452822447,0.01321715023368597,0.013993225060403347,-0.001269250875338912,0.0008709186804480851,0.013438655063509941,0.013738580048084259,801.1478846817259,35883.51257896849,0.0011977845570072532,749.710938456337,35818.00742575527,0.001208690577186644,0.01939888298511505,0.0023676929995417595,30726.524091013554,18239.48420641565
-0.2353564374161406,0.3045727049184809,0.8707337217543232,0.34114369177379267,-0.3018482874306601,-0.175904591912187,-0.06439646866017912,-0.8840426006642348,-88.16958761920472,-55.77182354700676,-71.97070558310574,32.39776407219796,-34.22899007797241,-34.325501918792725,-34.27724599838257,-0.0965118408203125,-0.00019355199765414,0.001540212775580585,0.013338888995349407,0.01404721848666668,7.89127079769969e-05,-0.0015288451686501503,0.013226979412138462,0.013858693651854992,757.2655540513023,35843.085425957106,0.0013231569901108742,672.6296391630146,35889.08736711869,0.0013241019332781434,0.01956213265657425,0.002400248311460018,30724.639452836793,18310.770875473387
-0.6207034191167535,-0.513392934489818,-0.9644287868801885,-0.6391209266082529,-0.06298686824793942,0.023432764236887782,-0.23015818164888802,0.9438883580041403,-91.97617147691932,-61.5095019910101,-76.74283673396471,30.46666948590922,-33.984737396240234,-33.88174533843994,-33.93324136734009,0.10299205780029297,-0.0013736258260905743,-0.00035980489337816834,0.01440604217350483,0.01378253847360611,0.0011830281000584364,0.0010995876509696245,0.014567009173333645,0.013938791118562222,817.5747757156913,35770.14703401851,0.0013082261430099607,805.5645671131113,35851.12821358687,0.001146684167906642,0.01936081051826477,0.0031018187291920185,30758.133615247072,17790.156413164383
-0.26519694359998625,-0.36673524951485137,0.15394077550758134,0.46840809162412245,0.056158944192291144,-0.28508098043043684,-0.08812675975641004,0.043147123932096965,-91.5342674135751,-61.246237845935866,-76.39025262975548,30.288029567639228,-33.947365283966064,-33.92512798309326,-33.93624663352966,0.022237300872802734,0.0009394279331900179,0.0012956673745065928,0.014327224344015121,0.013968921266496181,4.9343616410624236e-05,-0.0016042653005570173,0.013866960071027279,0.014496942982077599,848.7607214225035,35892.03583998305,0.0012864929158240557,823.7421155091828,35847.53652500094,0.001198390731588006,0.019819051027297974,0.003159621963277459,30714.83556438521,18708.79565576778
0.9531772425270386,0.8281424117218836,0.29935931749468697,0.03949397994115639,0.06570230037312702,-0.08559599980952737,-0.6962998533442171,-1.0,-98.89438787088659,-54.38981480838373,-76.64210133963516,44.50457306250286,-33.84112358093262,-33.94315719604492,-33.89214038848877,-0.10203361511230469,0.0015956752467900515,6.0665523051284254e-05,0.014634809456765652,0.014007609337568283,-0.001592655316926539,-0.00021091970847919583,0.014519060030579567,0.013782882131636143,688.1752798401897,35846.1259156042,0.0011642290046438575,809.9734367035015,35869.56154550886,0.0012440367136150599,0.020068176090717316,0.0029461653903126717,31009.283546984385,17809.547026244985
0.0,-0.05274790736671644,-0.19450987989919136,0.8368504525279326,0.8054837229229279,0.4736118280376972,0.15613838442067984,-0.7673421385740994,-95.7206566983364,-57.684968582436476,-76.70281264038644,38.03568811589992,-34.04610633850098,-34.1104531288147,-34.07827973365784,-0.0643467903137207,-0.0009438603883609176,0.0012585920048877597,0.013636711053550243,0.014334166422486305,-0.0010683025466278195,-0.000848183932248503,0.014091381803154945,0.01369971502572298,869.618468890104,35880.33963620961,0.0012780744582414627,669.3498636646113,35805.86349790869,0.0013419580645859241,0.019681870937347412,0.0022578530479222536,30975.392573425834,18398.45784829018
0.9144258595820283,0.8926121568876916,0.8360844832164788,0.42663619267553876,-0.006095726157354764,-0.2775805582130316,-0.4615571390068453,-1.0,-96.33658395970002,-50.392527250599755,-73.36455560514989,45.944056709100266,-34.11831617355347,-33.99261236190796,-34.05546426773071,0.1257038116455078,-0.0005725080845877528,0.0014512093039229512,0.013467015698552132,0.014269319362938404,0.0015476958360522985,0.00035100936656817794,0.014458791352808475,0.01368245854973793,871.8357176771761,35859.29710716835,0.0012395331868901849,874.3842530709144,35882.51911407019,0.0012840082636103034,0.019627906382083893,0.0025448387023061514,30724.83058344443,18238.433304996062
0.02315973690995465,-0.03506170601564459,-0.10004891558994419,0.07890487927594075,0.23693948006067161,0.11036660046445329,-0.09051913607259943,0.0,-95.00634149827539,-63.84317991233979,-79.42476070530759,31.163161585935597,-33.97895574569702,-33.96914720535278,-33.9740514755249,0.009808540344238281,-0.0001616662193555385,0.0015690047293901443,0.013750349171459675,0.014438869431614876,-0.0005602914607152343,-0.0014852308668196201,0.014070364646613598,0.014158050529658794,868.7251332747774,35863.29452189802,0.0011983945732936263,602.2123771856837,35814.77002361657,0.0011766169918701053,0.020020460709929466,0.002612992189824581,30723.26076263948,18855.545858546007
0.4098665352477014,0.8065055080863989,0.9308511783410384,0.29766425980434424,-0.19917851748502935,-0.10987569748175785,-0.32619931066498553,-1.0,-92.55633367368813,-55.75363585089514,-74.15498476229163,36.80269782279299,-33.963589668273926,-34.08813953399658,-34.025864601135254,-0.12454986572265625,0.0014998530969023705,-0.0005477217491716146,0.014170113950967789,0.014075406827032566,0.0008655391866341233,-0.0013137790374457836,0.013534588739275932,0.014298559166491032,642.9677861518368,35848.23549826654,0.00129299471154809,677.0168086546278,35901.36117291018,0.0013052606955170631,0.01982722245156765,0.0031230119056999683,30990.92814904468,18394.50605554433
0.07375214495393255,-0.011992252546083944,-0.19557998902799917,0.1020783154257659,0.20859439024938514,0.010616859752300756,-0.08921482700744798,0.0,-100.56996899034982,-60.686846374312495,-80.62840768233116,39.883122616037326,-34.12935018539429,-34.07982349395752,-34.1045868396759,0.04952669143676758,-0.001535788644105196,6.433215457946062e-05,0.014108686707913876,0.013601726852357388,-0.0008418602519668639,0.0013287396868690848,0.013544950634241104,0.014314917847514153,805.4036089843701,35874.16387788896,0.001209061243571341,789.2972134515418,35825.42537736619,0.0011416982160881162,0.019123287871479988,0.0027218989562243223,30998.785111502566,17948.272800742554
-0.7515508449974169,-0.7428250899668695,0.0972520527984489,0.5131675487756638,0.05495632861958771,-0.30969837399122485,-0.059061214078970914,0.030503831648323154,-88.6480704375831,-56.88452084482799,-72.76629564120555,31.763549592755112,-34.15104389190674,-34.088382720947266,-34.119713306427,0.06266117095947266,0.001306750113144517,-0.0008579985005781054,0.013682113029062748,0.013959063217043877,0.0005886721191927791,-0.0014617610722780228,0.013505015522241592,0.014325451105833054,821.8497295767355,35877.06288444266,0.001279640942811966,768.1039089149549,35871.542099161044,0.0013007629895582795,0.01924026384949684,0.0029300290625542402,30986.27087502781,17964.465614722543
0.008242476543788957,-0.24211009432507558,-0.8250680601772289,0.1867302790436802,0.6280535042396089,0.5681724418329843,-0.040074403044325996,0.05752519429565457,-99.77580725432989,-56.139090487938574,-77.95744887113423,43.63671676639132,-33.97878408432007,-34.01676893234253,-33.9977765083313,-0.03798484802246094,-0.00097901641856879,-0.0012118711601942778,0.014294656924903393,0.013902965933084488,0.001271487562917173,-0.0009545525535941124,0.013846686109900475,0.014223729260265827,682.6863667787226,35838.69210329957,0.0011683320626616478,792.2505156743314,35879.98251543255,0.001284214435145259,0.01972992718219757,0.0032179385889321566,30954.416122526527,18604.12475325273
-0.14226334782642025,-0.16816437036208454,0.14556257068287748,0.49919793710465005,0.18700510525641323,-0.17404687335452707,-0.05652945345270055,0.0037637827874317242,-91.13718194121299,-63.077114235229715,-77.10714808822135,28.060067705983272,-34.0970778465271,-34.146907329559326,-34.12199258804321,-0.04982948303222656,0.0013591365423053503,-0.0007895944290794432,0.013809305615723133,0.01400497741997242,-0.0006074724369682372,-0.001430828357115388,0.013827783986926079,0.013829024508595467,875.7617134129212,35866.633978796555,0.0012528563383966684,805.8191479474299,35881.97671483883,0.0011919904500246048,0.019287295639514923,0.0027954778634011745,30985.530828914245,18320.549877435118
0.9591081358200271,0.9096576199483262,0.6341054819351452,0.22990275284927636,0.048306700167059125,-0.18834894676049968,-0.5087051248616808,-1.0,-98.67471123864107,-54.94892811961765,-76.81181967912936,43.72578311902342,-34.07609939575195,-33.99051904678345,-34.0333092212677,0.08558034896850586,-6.413293158402666e-05,0.0015613293508067727,0.013627097010612488,0.014249647036194801,-0.001474397024139762,-0.0006163291400298476,0.014485154300928116,0.01366029679775238,867.8233022071882,35873.36868545722,0.0011864553671330214,874.2230027306032,35868.13508062746,0.0012942480389028788,0.01970980316400528,0.002961725927889347,30475.695517829674,19272.01706302825
-0.00241602037390865,0.0157638940976542,-0.18079386322402338,-0.2544848583873529,-0.24430542550072132,-0.34881228286386645,-0.7295992235418197,0.0,-93.0894256765207,-56.938998135633874,-75.01421190607729,36.15042754088683,-33.90126705169678,-33.966805934906006,-33.93403649330139,-0.06553888320922852,-0.00039328719140030444,0.0015471689403057098,0.013820338062942028,0.014618869870901108,0.00038527193828485906,-0.0013463448267430067,0.013812369666993618,0.014436722733080387,852.292066139999,35867.22699913489,0.0011905624996870756,809.5552235718703,35783.66160394109,0.001349537749774754,0.020285123959183693,0.002366115339100361,30726.296193099588,18265.285832329027
0.616279682468052,0.8418505297126868,0.9265556001997939,0.41268965010920683,-0.08345492205079547,-0.15357685053384434,-0.3931460142274556,-1.0,-93.90386176130147,-53.62089908089217,-73.76238042109682,40.2829626804093,-34.06286001205444,-34.21765327453613,-34.14025664329529,-0.15479326248168945,0.0013240547850728035,0.0008617035928182304,0.014334622770547867,0.013579738326370716,0.0012185063678771257,0.0009519581799395382,0.014052187092602253,0.013371319510042667,632.4479465053316,35839.618571014944,0.0012829616898670793,685.7796519955493,35915.52900710895,0.0013060910860076547,0.01956772617995739,0.002956765005365014,30945.6919501187,18888.22561524598
0.061143594457820055,-0.04284920261124084,-0.12226494234970112,0.12784755818935695,0.18491297664696466,-0.05490588920767914,-0.10559697797927192,0.0,-100.3843600227251,-63.36453592136854,-81.87444797204682,37.01982410135656,-34.29224252700806,-34.20521020889282,-34.24872636795044,0.08703231811523438,0.0005864780396223068,-0.0013932606671005487,0.013213075697422028,0.013976016081869602,0.0015427961479872465,0.00013996158668305725,0.014067914336919785,0.013395056128501892,810.6915620024274,35869.51790106143,0.0011967570753768086,782.2492242482075,35824.25091232814,0.0011493641650304198,0.019121941179037094,0.002407351043075323,30725.65010590776,18296.245482261307
-0.24670777141473993,0.0014081284247942638,0.5842921710334179,0.2020196874849485,-0.2828114612290695,-0.07340587486348005,0.20753347686873458,-0.2670934355971518,-92.0550182959268,-59.72909731398306,-75.89205780495493,32.32592098194374,-34.26760911941528,-34.275264739990234,-34.27143692970276,-0.007655620574951172,0.0015370406908914447,-0.00011620643635978922,0.013887067325413227,0.013382450677454472,-5.900873293285258e-05,0.0015478994464501739,0.013310302048921585,0.013931753113865852,816.610562108485,35864.97028792885,0.0012673884630203247,746.8133343244677,35865.550023340336,0.0012935453560203314,0.018897267058491707,0.003004640806466341,31010.99585045974,17733.971738401688
0.8348701960171386,0.7266425223987677,-0.027423361825113738,-0.05820094789523343,0.7216520045932906,0.9132279501400971,0.15814289950114957,-0.5461101574552039,-93.42935185154563,-60.119995668447245,-76.77467375999643,33.30935618309839,-34.35147285461426,-34.375736713409424,-34.36360478401184,-0.024263858795166016,-0.0005842801183462143,0.0012376696104183793,0.013222044333815575,0.01380080170929432,0.0015124815981835127,0.00017685451894067228,0.01380705926567316,0.013120915740728378,751.1404056678547,35757.747045049415,0.0012648161500692368,749.8355032248708,35876.81669722872,0.001207599532790482,0.019184038043022156,0.002259656088426709,30727.29700386742,19000.941608711935
-0.3473859138537366,-0.34608602345299266,0.14344072710303568,0.5336188541150989,0.1540442024637457,-0.23844810090623791,-0.020721192528266097,0.06392059827375574,-90.25085569395384,-60.63267267413397,-75.4417641840439,29.618183019819867,-34.250524044036865,-34.34318542480469,-34.296854734420776,-0.09266138076782227,0.0009464850299991667,0.0012242760276421905,0.01385524682700634,0.013469577766954899,0.0010377771686762571,0.0011170090874657035,0.013771044090390205,0.013262457214295864,820.6873100132415,35867.80316910736,0.0012587376404553652,836.1424772642162,35885.620527701096,0.001195277669467032,0.01910398155450821,0.00294791953638196,30712.66812454753,18624.37667545151
0.9534552266077609,0.8451065424401099,0.41345212318992125,0.11873829729346036,0.105532393539162,-0.17622632944632005,-0.6240728263934568,-1.0,-98.81564394653054,-53.924717079592824,-76.37018051306168,44.89092686693772,-34.43695783615112,-34.38119411468506,-34.40907597541809,0.05576372146606445,0.0012644962407648563,0.0007767262286506593,0.013726175762712955,0.013015037402510643,-0.0014212954556569457,0.000568031391594559,0.013478397391736507,0.01344037614762783,884.6404535552019,35880.199229919795,0.0012103093322366476,913.1167255821599,35890.40700544899,0.001299798721447587,0.018569082021713257,0.002782928291708231,30708.433671864375,19503.744756135402
0.050874676127111634,0.038205738660569005,-0.15040007170545433,-0.12644557041123916,-0.1464566454014883,-0.3323735911148659,-0.7808625547343873,0.0,-95.33864315094493,-57.70740893100573,-76.52302604097534,37.6312342199392,-34.63489532470703,-34.621522426605225,-34.62820887565613,0.01337289810180664,0.00012799876276403666,-0.001466890680603683,0.012751338072121143,0.013386454433202744,-9.011418296722695e-05,-0.0012790205655619502,0.012858523987233639,0.01334305852651596,878.409991038286,35895.8751559616,0.0013225259026512504,849.4290390384643,35799.864613331076,0.0013870972907170653,0.01855928637087345,0.002444220008328557,30723.5727772872,18585.9377520113
0.7777812875400797,0.9424287927814133,0.9159090858145105,0.3612458845115946,-0.09264684640838933,-0.16307635739568116,-0.426808852932759,-1.0,-94.7078444368318,-50.95219706174885,-72.83002074929033,43.75564737508296,-34.273622035980225,-34.37286138534546,-34.32324171066284,-0.09923934936523438,0.0007211116026155651,0.0013640813995152712,0.013689884915947914,0.013564844615757465,-0.0013745265314355493,0.0006554166320711374,0.013437330722808838,0.013508263975381851,661.0722671133217,35849.60372167081,0.0013059318298473954,680.2584473129134,35922.7013745511,0.0013216719962656498,0.01924578845500946,0.00301241222769022,30714.13284923392,18665.392562349625
0.03808413172071459,-0.055302513169398305,-0.1517569334757702,0.1251924961553032,0.22153828034185463,0.013293674106160114,-0.09257447724198031,0.0,-98.64172863315684,-65.21217166769625,-81.92695015042655,33.42955696546059,-34.192492961883545,-34.101576805114746,-34.147034883499146,0.09091615676879883,0.0015220956411212683,0.00016586549463681877,0.014080950058996677,0.013424967415630817,-0.0013887120876461267,0.0007080332143232226,0.01384854968637228,0.013953198678791523,782.5677156580022,35864.82075374923,0.0011928548337891698,771.0277356743901,35829.143465935646,0.0011704307980835438,0.018919875845313072,0.0028918145690113306,31014.92514940771,17713.65400938995
0.18340042496563969,0.6251291802690595,1.0,0.17315980598652622,-0.4072710879215661,-0.0938717674463233,0.0294931187936871,-0.8803253378869237,-92.51340523791157,-57.87539750622517,-75.19440137206837,34.6380077316864,-34.51176881790161,-34.530577659606934,-34.52117323875427,-0.018808841705322266,-0.0008440312230959535,-0.0012362073175609112,0.013403252698481083,0.013113554567098618,0.0014618251007050276,-0.00033749931026250124,0.013360686600208282,0.013098292984068394,847.9212022747859,35891.694851595894,0.0013107853010296822,796.2779887965005,35860.565085389375,0.001309018349274993,0.018587402999401093,0.002919537480920553,30715.11325514142,18574.065288284517
0.25477783988181296,0.13101268453404952,-0.036808696351694634,0.2667067239093133,0.5973586719005781,0.6136225690378689,0.4531731215747966,0.0,-92.10714879160115,-60.82648625688648,-76.46681752424382,31.280662534714665,-34.556570053100586,-34.62035417556763,-34.588462114334106,-0.06378412246704102,0.0013386558275669813,8.543744479538873e-05,0.013474375940859318,0.012917568907141685,0.0014720703475177288,-0.00017091876361519098,0.013307339511811733,0.01287765707820654,671.011735958288,35785.91339720695,0.0013763033784925938,868.6821809631938,35854.244866091496,0.0011791175929829478,0.01829952746629715,0.0030333029571920633,30746.861314332178,18396.572390520367
-0.7152370095728614,-0.7411540496809287,-0.03501389124885257,0.5627750004533724,0.20003910855865184,-0.3028324594747219,-0.006268063991267225,0.14582382386776882,-89.50647745552223,-60.302868133519496,-74.90467279452086,29.203609322002734,-34.421398639678955,-34.44606065750122,-34.43372964859009,-0.024662017822265625,8.713201532373205e-05,0.0015075335977599025,0.013135385699570179,0.013655578717589378,0.0014914051862433553,-0.00023480932577513158,0.013544425368309021,0.013172573409974575,837.5659953301082,35866.866503179204,0.0012639961205422878,819.9329655373834,35875.266726983435,0.0011910024331882596,0.018877029418945312,0.002504967153072357,30723.075013765407,18732.574686450185
0.03847112175948564,-0.20374113939488703,-0.74593300383333,-0.7232517601589715,-0.31853847158118886,-0.6492579281834241,0.0,-0.16639555013301033,-95.2355818496714,-55.470232834932006,-75.3529073423017,39.7653490147394,-34.26203966140747,-34.20732498168945,-34.23468232154846,0.05471467971801758,-0.001211848109960556,-0.0006681048544123769,0.013928057625889778,0.013375025242567062,-0.0006692899623885751,0.0014110857155174017,0.013324049301445484,0.014127255417406559,852.9249037976007,35769.637475938805,0.0012448190245777369,892.2308292683477,35897.38859974581,0.0012967362999916077,0.0189801137894392,0.003186228219419718,30768.115777701187,17733.721874859657
-0.30461427000064145,-0.47608794431758406,-0.08908486829507617,0.46333562174151327,0.3108223472934973,-0.036383660113999405,-0.13324364579067505,0.0,-90.99743375386623,-64.3186914553527,-77.65806260460947,26.678742298513527,-34.339637756347656,-34.4443416595459,-34.39198970794678,-0.10470390319824219,-0.0013439822942018509,0.0007266342872753739,0.01345585472881794,0.013592843897640705,0.0005528339534066617,-0.0014008316211402416,0.012966273352503777,0.013747644610702991,818.6078813441695,35920.41647269409,0.0013281652936711907,755.0372667722737,35819.05746792995,0.0012159718899056315,0.01888352259993553,0.0028121585492044687,30987.09703599269,19391.47714671052
0.943932659762588,0.9397036599872972,0.6535575653090677,0.25262201388621364,0.04973578422050573,-0.0891939921630584,-0.5206580672164652,-1.0,-99.59378753635937,-57.09832246394427,-78.34605500015182,42.4954650724151,-34.442551136016846,-34.524638652801514,-34.48359489440918,-0.08208751678466797,0.0014742061030119658,-0.0002522130380384624,0.013543658889830112,0.013185998424887657,-0.00036097271367907524,-0.0014544774312525988,0.013114257715642452,0.013363257050514221,783.4243013405267,35831.688454463496,0.0012005611788481474,655.6721799285025,35852.48396013102,0.0013195358915254474,0.018723702058196068,0.0029015124309808016,30994.574133479553,18284.73756801803
0.0,-0.007151937233669891,-0.15120668960317563,-0.22435128135958088,-0.2633747170450327,-0.4441433368087035,-0.7120729687895968,0.0,-96.73681548284577,-60.873510648689816,-78.8051630657678,35.863304834155954,-34.259605407714844,-34.18874740600586,-34.22417640686035,0.07085800170898438,0.001362738898023963,0.0006884956965222955,0.01402967981994152,0.013260620646178722,-0.0005153823876753449,-0.0012819895055145025,0.013673537410795689,0.013867263682186604,785.7868598421057,35874.8696721117,0.0012976478319615126,602.1493996412174,35831.47548472323,0.00134954578243196,0.0187655221670866,0.0030523259192705154,30709.908283126028,19402.952404557924
0.7247405141951787,0.8644717480394497,0.8150095200313101,0.17927913922318167,-0.19586738933306025,-0.09919979956899416,-0.32716935372321193,-1.0,-96.03222176141128,-55.31613061471063,-75.67417618806095,40.71609114670065,-34.172019958496094,-34.14637088775635,-34.15919542312622,0.025649070739746094,-2.2202082618605345e-05,-0.00155362777877599,0.01350317057222128,0.014067580923438072,0.0013025670778006315,-0.0008700541220605373,0.01368040032684803,0.013975204899907112,766.6419898163933,35894.64032387743,0.0012749404413625598,772.315748162472,35883.4927452194,0.0012867903569713235,0.019469255581498146,0.0028081065975129604,30476.497416581078,19158.843458271862
0.9629489075063372,0.9188883630519458,0.7557972617089528,0.6586997092828211,0.5985836988202631,0.43653407677919376,0.20253770249627245,-1.0,-100.91780046899149,-63.93498900611422,-82.42639473755285,36.982811462877265,-34.28492784500122,-34.377925395965576,-34.3314266204834,-0.09299755096435547,0.0014778673648834229,-0.0002884071145672351,0.013768752105534077,0.013452921062707901,-0.0013448705431073904,-0.00014855110202915967,0.013762101531028748,0.01317960862070322,718.9357828500671,35874.39839756771,0.0012012259103357792,751.861531100542,35753.35738380562,0.0012294718762859702,0.019097324460744858,0.0027977831196039915,30992.571468600887,18589.099771775214
0.10181635968307112,0.4072507305300118,0.8118522480599192,0.476684504032026,0.023781780598276236,-0.24709467795551787,-0.25727629210325237,-1.0,-91.17199640459211,-55.878576010401844,-73.52528620749698,35.293420394190264,-34.533772468566895,-34.606263637542725,-34.57001805305481,-0.07249116897583008,0.0007670089835301042,-0.0012878698762506247,0.01284843310713768,0.013591751456260681,0.0004979229997843504,-0.001397030777297914,0.012723871506750584,0.013495951890945435,878.1036971630889,35889.94254636464,0.0013444561045616865,806.9831698977204,35868.262482605416,0.0013252333737909794,0.01858045905828476,0.002311839023604989,30973.852442398686,18417.618665249996
0.3899724189974516,0.34950369160095907,-0.0339615866387073,0.19012675343491292,0.7452918657962028,0.5672499891287573,0.47439326869952575,0.0,-92.86606715592585,-57.35109099170816,-75.108579073817,35.514976164217686,-34.272024631500244,-34.257495403289795,-34.26476001739502,0.014529228210449219,0.0011135407257825136,-0.0008185038459487259,0.013563829474151134,0.013713087886571884,-0.00010455151641508564,-0.0015467558987438679,0.013394339941442013,0.013906026259064674,772.7210868315226,35769.690165808635,0.0013648299500346184,809.2133936083395,35852.774891291265,0.0011913145426660776,0.018968742340803146,0.002670471090823412,30976.911633830092,18596.695969645938
-0.8340508580653755,-0.978031165259711,-0.15319287224147776,0.4823926808198378,0.24288780504748064,-0.07161634325054417,0.20857145894589024,0.4947367754997841,-86.40388240282618,-59.53512201587165,-72.96950220934892,26.868760386954534,-34.21992778778076,-34.214110374450684,-34.21701908111572,0.005817413330078125,0.00023900950327515602,-0.0015350475441664457,0.013343396596610546,0.014070860110223293,0.0005816404009237885,-0.0014350998681038618,0.013314176350831985,0.014117044396698475,677.237686262469,35881.708103879886,0.001302046817727387,842.1971343650164,35871.56283675342,0.0012112028198316693,0.019459599629044533,0.0023305946961045265,30725.801154374283,18271.69513572471
0.9599252867784273,0.8227009146392936,0.05519152112550735,-0.15720359815103352,0.3582648211284765,0.13515359118809933,-0.6452312880986808,-1.0,-102.29192223505385,-57.007137938348905,-79.64953008670138,45.28478429670494,-34.00529623031616,-34.09398317337036,-34.04963970184326,-0.08868694305419922,-0.0005514497752301395,-0.0014390250435099006,0.01402620691806078,0.014089453034102917,0.0005519823171198368,0.0014764803927391768,0.013870330527424812,0.013953989371657372,767.2407422867404,35899.84843410717,0.0011801430955529213,719.7244492395215,35852.8606342853,0.001277264324016869,0.01980597712099552,0.0032069203443825245,30714.303583342356,18511.21225112583
0.03667431890061584,-0.11335875871843001,-0.10661368146375047,0.003094036126629389,-0.2371386233509762,-0.6573151941997949,-0.979552858136209,0.0031098831450909747,-93.64141293980788,-56.84557029770782,-75.24349161875784,36.795842642100055,-34.191579818725586,-34.17297124862671,-34.18227553367615,0.018608570098876953,0.0008796955225989223,-0.0012778770178556442,0.013390916399657726,0.01411395613104105,-5.7799996284302324e-05,0.0013605218846350908,0.013499440625309944,0.014088070951402187,841.079793327486,35900.87360772869,0.0013379608280956745,562.3909012906695,35788.932044448644,0.0013709701597690582,0.01931893453001976,0.0022254898212850094,30973.13121964454,18657.105499855163
0.9825278317888433,0.9583386397013692,0.7324601701137405,0.31181913803713457,0.03557397565620718,-0.0982472371257474,-0.48759901753359,-1.0,-93.79667811862737,-50.6884142979718,-72.24254620829959,43.108263820655566,-34.38472270965576,-34.413487911224365,-34.39910531044006,-0.028765201568603516,-0.0005422573303803802,-0.0014040813548490405,0.013419665396213531,0.013490905053913593,-0.0008815540932118893,0.0012351018376648426,0.013052325695753098,0.013758135959506035,741.3306364213707,35855.31815242892,0.0011863702675327659,838.144309632472,35882.50847552601,0.0013123620301485062,0.01887117326259613,0.0029307531658560038,30717.103656806194,18297.35000485429
0.0,-0.042450970031586786,-0.18958209701821016,-0.27579341813923725,-0.3511184722910275,-0.48005064921689405,-0.7389261841644518,0.0,-94.1452064284382,-55.91705583795486,-75.03113113319654,38.22815059048334,-34.08743858337402,-34.15965557098389,-34.123547077178955,-0.07221698760986328,0.0007003099890425801,0.0013966565020382404,0.013971073552966118,0.01387588120996952,0.0012993315467610955,-0.000442326971096918,0.013952028937637806,0.013681909069418907,727.5092786690981,35815.69765618503,0.001182372448965907,856.8622849362284,35725.59428344143,0.0012379264226183295,0.01974969357252121,0.003279400523751974,30715.989996206168,18527.167293844348
0.7140911924347582,0.9198366776584819,0.8040566140188246,0.296253178117185,0.0009875438969105255,-0.10347152927400227,-0.39074703444231146,-1.0,-95.76160812122222,-52.57649173764378,-74.169049929433,43.185116383578446,-34.42956209182739,-34.75663185119629,-34.59309697151184,-0.3270697593688965,0.0006300142267718911,-0.0013612729962915182,0.012999332509934902,0.013761625625193119,-0.0014544480945914984,2.681965270312503e-06,0.01316004153341055,0.01261555403470993,676.0191823123031,35889.15260466468,0.0013049301924183965,728.9521220320086,35890.893862259225,0.0013130481820553541,0.018876980990171432,0.002515649888664484,30726.867548396618,18234.791456143146
0.010609824348104202,0.012533022863055798,0.015220149668705774,0.009114386231416471,0.006600826207596611,0.0027845140644155997,-1.0,0.35117895180009384,-89.63824252321187,-58.05540363164661,-73.84682307742924,31.58283889156526,-39.540162086486816,-40.82249164581299,-40.1813268661499,-1.2823295593261719,-0.0007471876451745629,4.530567821348086e-05,0.007573301903903484,0.007297517731785774,-0.0005959663540124893,0.00021446749451570213,0.006470062769949436,0.006362693849951029,743.3067634145254,36041.24782791377,0.0017891660099849105,493.9082061952591,36126.848203277754,0.0018846578896045685,0.010349724441766739,0.0017058580415323377,30989.10982580147,17822.992151579634
0.15366564204898853,0.406531828216355,-0.16839995356129633,-0.2162420709514702,0.08822782544886576,0.41179949777708014,0.33695174373968617,0.0,-121.54505621249146,-86.27677536264201,-103.91091578756674,35.26828084984945,-51.61410331726074,-53.05429458618164,-52.33419895172119,-1.4401912689208984,0.00011501678091008216,0.00012509434600360692,0.0018740686355158687,0.0018316298956051469,0.00012997453450225294,-6.251686136238277e-05,0.001568527426570654,0.0015711542218923569,-221.6642789063207,38686.35595851596,0.008581360802054405,-274.71878404069935,39640.146602996734,0.009993873536586761,0.002617797115817666,0.0009682386880740523,31010.226678046198,20384.08081932725
0.10275353662652442,0.06860743846879047,-0.7145731589411625,-0.6694224215438906,-0.004496048597709024,-0.0925405750370204,0.0,-0.23724243453500887,-102.4239889070157,-42.0575502346141,-72.2407695708149,60.3664386724016,-52.74735927581787,-52.620301246643066,-52.68383026123047,0.1270580291748047,-0.00016790025983937085,-7.364369594142772e-06,0.0016532904701307416,0.0015970154199749231,-6.10286915616598e-05,0.00015418353723362088,0.0016133717726916075,0.0016850270330905914,5623.348508991604,38711.53307181055,0.009668943472206593,4401.47241922214,38734.60005738765,0.009493663907051086,0.0020649610087275505,0.0004188898310530931,30990.217711922247,20006.91908040804
0.155673888187703,0.13840471814291144,0.6012912274990013,0.8649956149922361,0.7357517322953752,0.7468013908538179,0.0,-0.9384531172792293,-67.31858806864577,-86.76973707881399,-77.04416257372988,-19.451149010168223,-47.00198173522949,-48.60048294067383,-47.80123233795166,-1.598501205444336,0.0001738785649649799,0.00019799401343334466,0.003165091387927532,0.003139470238238573,-0.0002310675336048007,-0.00011225250636925921,0.0026591059286147356,0.0025817574933171272,3164.5823686468093,36635.10708633811,0.0037650337908416986,3199.8983190120125,37001.79737491333,0.004456684459000826,0.004350604489445686,0.0007197344093583524,30715.0732103962,20714.030270910345
1.0,0.8557886242988848,0.4159597606036999,0.3131109618264611,0.43543458677748187,0.43485196398727766,-0.3792222108304045,-1.0,-91.67326698465448,-57.863626022287946,-74.76844650347121,33.80964096236653,-39.072265625,-37.19533681869507,-38.133801221847534,1.8769288063049316,0.0002003425033763051,-0.0007533692405559123,0.007671319413930178,0.008022356778383255,0.0007585000130347908,-0.0008017292129807174,0.009525335393846035,0.009939853101968765,686.1241228914101,36028.64631229323,0.0016624977579340339,1078.186424622746,35945.950301878496,0.0014792818110436201,0.01092606969177723,0.0014087215531617403,30725.537917306978,18411.787642400075
0.05596509604131216,0.03881505698841423,-0.13737045335432246,-0.23370321698434915,-0.2887619550422644,-0.5160777815440124,-0.8291938259910865,0.0,-98.71997583996006,-56.59566504670075,-77.65782044333041,42.124310793259305,-34.07261610031128,-34.30009365081787,-34.186354875564575,-0.2274775505065918,0.000795455533079803,-0.0013414401328191161,0.013567931950092316,0.01431729644536972,0.000777510809712112,0.0010898213367909193,0.013627801090478897,0.013565322384238243,870.2610376456777,35892.13479628208,0.0013112954329699278,836.8102357737727,35803.43619136414,0.0013878996251150966,0.019932523369789124,0.0022846092469990253,30725.793747918724,18314.248398615877
0.6966375798653393,0.7592730741623669,0.84993100416366,0.4171554950357793,-0.24885688774693415,-0.35392974323894527,-0.4309726922557884,-1.0,-92.59554202391507,-47.447392765657355,-70.02146739478621,45.14814925825772,-34.150919914245605,-34.19206380844116,-34.171491861343384,-0.04114389419555664,-0.001114152604714036,0.0010926749091595411,0.013550817035138607,0.014087243936955929,0.0008866037242114544,0.0012608804972842336,0.013908261433243752,0.01360400952398777,1007.4180766855691,35907.08236650938,0.0013315360993146896,830.8533376383755,35852.39570658828,0.0013046164531260729,0.019330091774463654,0.002723550423979759,30976.45091885204,17913.187327603704
0.0544901326848883,-0.022760027949781894,-0.1173351028972814,0.09825207678951492,0.25330984050897076,0.061817313828551046,-0.07388661609983982,0.0,-96.64881193774312,-64.97601406528366,-80.81241300151339,31.672797872459455,-34.56876516342163,-34.574899673461914,-34.57183241844177,-0.006134510040283203,-0.0008006084244698286,0.001228353357873857,0.012834195978939533,0.01350456289947033,0.001311069237999618,0.0006595731247216463,0.013529941439628601,0.012788016349077225,1019.1291466759975,35880.65466540216,0.0012611274141818285,1030.314494701519,35864.93260391105,0.0012515845010057092,0.01866503618657589,0.002016504295170307,30728.116515898328,18219.554904556888
-0.5128289121987549,-0.078694617496322,0.7069114101004171,0.2451199397021285,-0.4164449810251738,-0.3427253570053085,0.017968125439350446,-0.4445949670145273,-87.39793567483801,-57.3912394331993,-72.39458755401866,30.006696241638707,-35.06455183029175,-35.06373167037964,-35.06414175033569,0.000820159912109375,-0.0009092303225770593,0.0010746867628768086,0.01214798353612423,0.012728201225399971,0.0012895853724330664,-0.0005641710595227778,0.012438448145985603,0.012446875683963299,895.2938582493251,35886.64293620437,0.0013472286518663168,937.6733867637333,35890.28139637334,0.0013188965385779738,0.017542771995067596,0.002302072010934353,30979.346268876,17861.746625828953
-0.5797958529879492,-0.5905794436788343,-0.9591212787520726,-0.7442748696476742,-0.03783013878787633,0.027710523922814367,-0.38948220226618424,0.8707679726260732,-94.96199532599363,-62.40530158489199,-78.6836484554428,32.55669374110164,-34.91909742355347,-34.98325824737549,-34.95117783546448,-0.06416082382202148,-0.0012379065155982971,-0.00033862885902635753,0.01294595655053854,0.012366442941129208,0.001058996538631618,0.0009407554171048105,0.012842735275626183,0.012268121354281902,783.8757896146537,35769.43008431735,0.00138153787702322,786.9587603210144,35845.59826968691,0.0012303793337196112,0.017593948170542717,0.0028763480950146914,30752.449505543995,17827.379802182197
-0.42438444121905516,-0.49875220342704,0.06434987383813551,0.6112468998872648,-0.010741242503698456,-0.330831319344528,-0.058375589579625076,0.08743876987037869,-90.08840991340412,-61.57682635718021,-75.83261813529217,28.51158355622391,-35.29023885726929,-35.146095752716064,-35.218167304992676,0.14414310455322266,3.4088770917151123e-06,-0.0013690984342247248,0.011860058642923832,0.012379399500787258,0.0008404988329857588,-0.0011118077673017979,0.012010153383016586,0.0126325199380517,934.9715422455209,35898.483902245454,0.0013773128157481551,995.3820982477935,35882.430701463,0.0012388606555759907,0.017149705439805984,0.002250318881124258,30723.555077182045,18698.76154150113
0.055057369719722415,-0.06638714794817857,-0.4761749520681305,-0.6198304186600652,-0.4923013707392855,-0.6366017368589394,-0.9582065467935926,0.0,-100.55461121263357,-52.80328452187942,-76.6789478672565,47.751326690754155,-35.143423080444336,-35.14511585235596,-35.14426946640015,-0.0016927719116210938,-0.0011520788539201021,-0.0007391314720734954,0.012642533518373966,0.012010321952402592,0.0005991000216454268,-0.0012541960459202528,0.011963224969804287,0.012680107727646828,900.4409722841791,35881.56100521603,0.0012487268541008234,1012.3701285437759,35918.08598875283,0.0013637010706588626,0.017185894772410393,0.002582560759037733,30728.332545964513,18889.64211110141
-0.002306644567909708,-0.027202312632147452,0.0930940052049739,0.43024671036719453,0.4941259565889783,0.24199994465985236,-0.08829833675002374,0.0,-87.93872792966633,-63.21206607685434,-75.57539700326033,24.726661852811986,-34.92112398147583,-35.00521898269653,-34.96317148208618,-0.08409500122070312,0.0013866473454982042,-0.00028930476401001215,0.012796645984053612,0.012500517070293427,-0.0008619485888630152,0.001112455502152443,0.012219110503792763,0.01282812375575304,902.2899396973095,35941.97993330892,0.0013357189018279314,909.1420131260192,35868.73935137924,0.0012701337691396475,0.01761614717543125,0.0026151579804718494,31003.043257439967,17766.609564901508
0.8524330423576574,0.9229136916842335,0.7968717294605439,0.3800731770647632,-0.08920185769266259,-0.2834517379692927,-0.3987086873302266,-1.0,-96.36303772570977,-51.216163772339655,-73.78960074902471,45.14687395337012,-35.04448890686035,-34.97309446334839,-35.00879168510437,0.07139444351196289,0.0013202360132709146,-0.00047956465277820826,0.012514290399849415,0.012426760047674179,0.0009018587879836559,0.0011012253817170858,0.012769038788974285,0.012374108657240868,1005.5951316165924,35935.86626020848,0.001387236756272614,795.1093020488269,35853.91743979506,0.0013096327893435955,0.017288150265812874,0.0027154642157256603,30742.930985435105,20867.388196090313
0.0,-0.0533424571852207,-0.1989536659100679,-0.29417740785596896,-0.304433626369441,-0.4638755106975786,-0.7197607201427183,0.0,-99.7449622674398,-60.533256170200964,-80.13910921882038,39.21170609723884,-35.05364418029785,-35.000834465026855,-35.02723932266235,0.052809715270996094,0.000520014320500195,0.0012841678690165281,0.012441533617675304,0.012475352734327316,0.0008311714045703411,-0.0009389993501827121,0.012378078885376453,0.012703446671366692,953.0927558470513,35833.26656140276,0.0012281505623832345,941.3645844414053,35772.59328297022,0.001289321924559772,0.017473643645644188,0.0029356987215578556,30716.047528221457,18416.214880897554
0.26272273287151005,0.538628677343536,0.874477588154564,0.5134459851601222,-0.13974344210101014,-0.2947859373012332,-0.2874832108911184,-1.0,-87.9705498657828,-51.512505402166596,-69.7415276339747,36.458044463616204,-35.003838539123535,-35.07336378097534,-35.03860116004944,-0.06952524185180664,-0.0014071804471313953,-0.0001509992143837735,0.012844011187553406,0.012205603532493114,-0.00020603949087671936,-0.0013893251307308674,0.012250848114490509,0.012604554183781147,796.0283354183314,35872.750692785914,0.0013334666145965457,931.4438843327421,35901.98028723522,0.0013401764445006847,0.017502054572105408,0.002822465728968382,30792.9442460897,18123.09582079356
-0.8334720622528023,-0.8955533765417679,-0.967525561120434,-0.6491660635514465,-0.2863639937473875,-0.2459360452015411,-0.30353394035112624,1.0,-91.59081020715352,-62.74740003753692,-77.16910512234523,28.843410169616604,-34.979236125946045,-35.02265214920044,-35.00094413757324,-0.04341602325439453,-0.0010206593433395028,0.0007458919426426291,0.012510821223258972,0.012634262442588806,0.0010323687456548214,-0.0009755528881214559,0.012264410965144634,0.012733791023492813,810.3219893604053,35801.2235130419,0.001355129643343389,918.000418595166,35849.00376141754,0.0012153054121881723,0.017390158027410507,0.002509106183424592,30977.367967663115,18996.24517194278
-0.9178784773584475,-0.9398565554855827,-0.07215185705688332,0.5450810020186333,0.26289225823203116,-0.15822248628530944,0.3854101755516357,0.7340808900385174,-88.02841344182866,-61.38105417597018,-74.70473380889942,26.647359265858483,-35.11416435241699,-35.07225751876831,-35.09321093559265,0.04190683364868164,-0.0005685184150934219,0.0012794455979019403,0.012001242488622665,0.01272923219949007,0.000931446673348546,0.0010556692723184824,0.012644519098103046,0.012212450616061687,1100.7406251576253,35887.61993990916,0.0013738279230892658,973.9318437861829,35865.61371293319,0.0012503406032919884,0.017452558502554893,0.0021448354236781597,30972.68437637696,18773.451724748997
0.9471821114902238,0.7482193216401807,0.02760563443043547,-0.16561586901313355,0.23137075978825794,0.13516760957963014,-0.6753357958878847,-0.7420396432164917,-101.079181529072,-56.99693890545507,-79.03806021726353,44.082242623616935,-35.27892589569092,-35.260751247406006,-35.26983857154846,0.01817464828491211,0.0007603841368108988,-0.0011157691478729248,0.011836525984108448,0.01243503112345934,-0.0004292511730454862,0.0013063556980341673,0.011802960187196732,0.012513966299593449,899.5485247667989,35866.52793991777,0.0012722238898277283,941.629610067562,35964.67056698509,0.0013817863073199987,0.017312409356236458,0.00215168041177094,30727.641653930965,18220.14390057997
0.0,-0.05381788618946447,0.15083587528127423,0.4423774963034723,0.33508448698405935,0.05151248211813242,-0.0007240688391401129,0.0,-93.14178687314416,-64.01382460408644,-78.5778057386153,29.12796226905772,-34.93519067764282,-35.00007629394531,-34.96763348579407,-0.06488561630249023,0.0009316619834862649,-0.0010735058458521962,0.012340220622718334,0.012910488992929459,0.000586477923206985,-0.0012766094878315926,0.012169763445854187,0.012889738194644451,738.4576630633809,35914.65562597926,0.0013383114710450172,831.2080229072747,35894.60884116756,0.0012455469695851207,0.0178452730178833,0.0021381392143666744,30975.776232735905,18054.7070986338
0.9408731153532033,0.9041064899628126,0.7874879621269979,0.2851985871820742,-0.023489644884701066,-0.18801153706819207,-0.486274778327746,-1.0,-97.1266773223422,-50.7917537134677,-73.95921551790495,46.334923608874504,-34.92985248565674,-34.85801696777344,-34.89393472671509,0.07183551788330078,0.001326909987255931,0.0004970820154994726,0.012995820492506027,0.012266942299902439,0.0003786529414355755,0.0013863074127584696,0.012643078342080116,0.01283839251846075,818.1981700857491,35879.7378775497,0.001221395912580192,911.8046382023415,35869.25524943306,0.001302145654335618,0.01746262051165104,0.002599151339381933,30777.42916575267,18156.117927335592
0.9666216458015444,0.9396426583750951,0.724420922836698,0.6471185770329827,0.6811657117980268,0.5078831022659738,0.18976339852294055,-1.0,-94.52526952904572,-57.87058442644063,-76.19792697774318,36.654685102605086,-35.0927209854126,-35.09210824966431,-35.09241461753845,0.0006127357482910156,-0.0012420294806361198,0.0006207117694430053,0.012361987493932247,0.012441915459930897,-0.0011414275504648685,-0.00047903769882395864,0.012671848759055138,0.012144277803599834,976.1769115173835,35862.954594057635,0.0012253863969817758,972.6483168799857,35744.987167029794,0.0012712834868580103,0.017246995121240616,0.0023640315048396587,30985.609324543984,18060.32986485323
-0.9913396574439636,-0.9829069805757966,0.02459900910603685,0.00291120364895725,-0.01613340166664201,-0.022575584231594115,-0.024242319236311927,0.9537101730061652,-92.13482635536371,-52.48268959457101,-72.30875797496736,39.6521367607927,-35.043957233428955,-35.154619216918945,-35.09928822517395,-0.11066198348999023,-0.0010491935536265373,-0.0009344731224700809,0.012754974886775017,0.012181123718619347,-0.0010653185890987515,-0.0008960358682088554,0.012600823305547237,0.01201868336647749,913.0406182728533,35903.870468643436,0.001338471774943173,999.552697509784,35899.25116597609,0.0013624954735860229,0.01758681610226631,0.0027335835620760918,30955.227626700667,18973.780256334725
0.966131266494052,0.9545341800169875,0.9474241227396958,0.9721960504848998,0.9975404863585877,0.9507581072079178,0.9119977838297957,-1.0,-89.71036873849063,-64.07778756738543,-76.89407815293802,25.6325811711052,-34.97194528579712,-34.980337619781494,-34.97614145278931,-0.008392333984375,-0.00011230167001485825,-0.0012482127640396357,0.012362740002572536,0.01280114334076643,-0.0010841467883437872,-0.0009181293426081538,0.012857611291110516,0.012260759249329567,897.7133404032343,35838.99813604744,0.0014181259321048856,928.5974698271941,35837.04068690008,0.0012409298215061426,0.01781696267426014,0.0022636789362877607,30720.41356417563,18547.811263007505
-1.0,-0.9429769633354518,-0.2353964988970697,0.4612857046493822,0.30431286438160643,-0.028487697418559166,0.4602918511653106,0.5449850107014056,-88.18093668353995,-58.58402270028063,-73.38247969191029,29.596913983259327,-35.10228872299194,-35.05608797073364,-35.07918834686279,0.04620075225830078,0.0007007136009633541,-0.0012093354016542435,0.012032642029225826,0.012732980772852898,0.0007271939539350569,0.0012067859061062336,0.012555290013551712,0.012351094745099545,893.5021628723406,35944.6681173156,0.0013696257956326008,960.1883271026816,35892.16857314028,0.0013610199093818665,0.017405882477760315,0.0022672992199659348,30976.36767787428,18120.83045096696
0.9670179131319591,0.8100102939177384,-0.0018655143943803465,-0.35231303480226117,0.3414013019694355,0.12119912332314953,-0.7227889912666673,-0.7572658433888559,-101.9356784211268,-57.94335855799585,-79.93951848956132,43.992319863130945,-35.09129047393799,-35.13587951660156,-35.113584995269775,-0.04458904266357422,0.0005443570553325117,0.001246582018211484,0.012406854890286922,0.01240441482514143,-0.0013849384849891067,-0.00020383023365866393,0.012660844251513481,0.01200959738343954,865.0055970947017,35895.655975849,0.0012673836899921298,883.7054770999223,35900.69860846993,0.0013480758061632514,0.01744578778743744,0.0029324146453291178,30713.733833694816,18667.20934505053
-0.920052485297264,-0.9061848144295422,-0.8995662940341524,-0.9553396872042796,-0.9910087300426581,-0.973973806583718,-0.9792492482142843,1.0,-88.54909168092209,-55.52569655846462,-72.03739411969335,33.02339512245747,-34.97480630874634,-35.0365424156189,-35.00567436218262,-0.061736106872558594,-0.0010308152996003628,0.0006866166368126869,0.012568903155624866,0.012591909617185593,-2.5296409148722887e-05,0.0012215105816721916,0.012229460291564465,0.012748559936881065,985.6170891790913,35774.276037591335,0.0013858535094186664,764.4257718163647,35801.90857667533,0.0014284017961472273,0.01746121048927307,0.0028014343697577715,30979.103526213945,18447.949994733575
0.9703726267945617,0.9461710341625676,0.7069094394128048,0.30917293658565437,0.05530991658010648,-0.15039391859372736,-0.4968534025797554,-1.0,-98.41495530944172,-51.69959165989181,-75.05727348466677,46.715363649549914,-35.02342224121094,-34.9623966217041,-34.99290943145752,0.06102561950683594,-0.0013461256166920066,-0.000359289173502475,0.012840918265283108,0.01215304620563984,0.0003501902683638036,-0.0013767029158771038,0.012231951579451561,0.01293596439063549,1024.495967934044,35889.05692358344,0.0012562096817418933,991.7092459143561,35862.59335282498,0.0013253374490886927,0.01737014390528202,0.0026537012308835983,31020.2972155861,17730.841304026122
0.017129130667406928,0.0005520622207106675,-0.25300052686258967,-0.28473097332702385,-0.23317632291618096,-0.3508745188966155,-0.7488595332648759,0.0,-92.88621857172694,-56.92087832496882,-74.90354844834788,35.965340246758124,-35.091166496276855,-35.0927472114563,-35.09195685386658,-0.0015807151794433594,-0.0006956537254154682,-0.0012100564781576395,0.012483777478337288,0.012323388829827309,2.0462131942622364e-05,-0.001238635741174221,0.012154117226600647,0.012660522013902664,1028.3508976320386,35877.55430821,0.0012590130791068077,1027.4418071387852,35773.0275254408,0.0013615782372653484,0.017538730055093765,0.002853162121027708,30715.404075475308,18436.351904057614
0.47530485025145575,0.8105185166317368,0.8449208787482205,0.33257336306974017,-0.14297607622711733,-0.13088650001012525,-0.16294171913635846,-1.0,-93.40625355532472,-52.28925288913962,-72.84775322223217,41.117000666185106,-34.983863830566406,-35.081725120544434,-35.03279447555542,-0.09786128997802734,-0.00138453533872962,0.0003097161534242332,0.012693994678556919,0.012419922277331352,-0.000863567809574306,0.001114304643124342,0.012103397399187088,0.012722148559987545,931.6426270434551,35906.70837134741,0.0013491701101884246,834.4291951830436,35886.982465400484,0.0013740133726969361,0.01754745841026306,0.002729755360633135,30996.35242095322,17988.026728495493
-0.03204252955252607,-0.03029837187131712,-0.019770208600978112,0.001185436319732558,0.002336854412037681,-0.00627377560272524,0.0,0.0,-87.93776601862106,-64.14411279232996,-76.04093940547551,23.7936532262911,-35.00370264053345,-34.93853569030762,-34.97111916542053,0.06516695022583008,-0.001156773418188095,0.0005039613461121917,0.012607060372829437,0.012467085383832455,-0.0009082338074222207,0.0008932583150453866,0.012489628046751022,0.012771899811923504,946.9066681381528,35862.01522356324,0.0014591055223718286,816.4699456840971,35736.0361355741,0.0013039326295256615,0.017206089571118355,0.002605664310976863,30981.72981227103,17825.12459336648
-1.0,-0.7997455176920334,-0.07943057508536377,0.3790692241098159,-0.07953109354650992,-0.1575971847820692,0.25524317205534286,0.19256556970925864,-90.15045677757857,-61.6684298139557,-75.90944329576713,28.48202696362287,-35.06800889968872,-35.0219464302063,-35.04497766494751,0.046062469482421875,0.0012583744246512651,-0.0006334577337838709,0.01239313930273056,0.012479569762945175,-0.0012999792816117406,0.0005617740098387003,0.01250082440674305,0.012504304759204388,899.381600592071,35880.294359789346,0.0013196544023230672,991.2534425187895,35861.15446557155,0.0013409988023340702,0.01725589856505394,0.0026669236831367016,30745.667679297458,19716.574662589745
1.0,0.8073961822026858,-0.0437329499039706,-0.02753235692672086,0.8097419762238024,0.5911768147692331,-0.12520330770863985,-0.968476917960155,-93.03872031571885,-55.98977010884934,-74.5142452122841,37.048950206869506,-34.970054626464844,-35.055198669433594,-35.01262664794922,-0.08514404296875,0.0012200839119032025,0.0003794697404373437,0.012865979224443436,0.01229836605489254,-0.0006101664621382952,0.0012713377363979816,0.012085780501365662,0.012813245877623558,860.6787184675708,35752.807340230225,0.001282415585592389,925.822539421318,35883.24050964807,0.0013515291502699256,0.017631083726882935,0.0029691506642848253,30759.828683605054,17803.481268447173
-0.05407547368281616,-0.002556416032450992,0.4729662978357714,0.5322533515819852,0.3034345701635005,0.415483843176896,0.8736970243780922,0.0,-87.87232836511065,-60.07525938696972,-73.97379387604019,27.797068978140928,-34.92107629776001,-34.94611978530884,-34.933598041534424,-0.025043487548828125,0.001227151253260672,0.00016858392336871475,0.012922585010528564,0.012389495968818665,0.00028443356859497726,0.001401038491167128,0.012468178756535053,0.012754452414810658,1008.1448172252561,35769.89391854997,0.0013956658076494932,797.4262934162223,35832.32829169986,0.0012333366321399808,0.017471794039011,0.0025622984394431114,30753.921396006437,17805.626921285013
0.93913359957609,0.892551008344401,0.4755952973197829,0.130683735573336,0.0638809666226729,-0.06629632174350442,-0.5664019033724818,-1.0,-102.30114946107236,-54.95957815413141,-78.63036380760188,47.34157130694095,-35.100529193878174,-35.04176378250122,-35.0711464881897,0.058765411376953125,0.00045639125164598227,0.001304443459957838,0.012344062328338623,0.012438093312084675,-0.0014111166819930077,-0.00010908178228419274,0.012772031128406525,0.012168540619313717,953.0626025106939,35840.186345342605,0.0012600836344063282,921.865133351192,35880.59037713418,0.0013619870878756046,0.017289603129029274,0.0026649273931980133,30715.143643510437,18443.178852335837
0.01714738072920443,-0.010913026536197835,-0.1724618198149182,-0.24176663500125198,-0.29715639056603727,-0.5015244584689247,-0.8298325234680239,0.0,-94.3776346869837,-59.024424932310296,-76.701029809647,35.3532097546734,-35.19297122955322,-35.245277881622314,-35.21912455558777,-0.0523066520690918,0.0006350726471282542,-0.001220189267769456,0.011907010339200497,0.012602190487086773,0.0007501657819375396,0.0009421514114364982,0.012258457951247692,0.01213024277240038,873.4281456731057,35901.6678196077,0.0013752171071246266,752.237561118645,35795.127698749835,0.0014224057085812092,0.017464283853769302,0.0020110488403588533,30728.542733775208,18347.942210373345
0.7705031595701743,0.8479419412003162,0.8330900249600364,0.3893976011386533,-0.14223062439392797,-0.21723049394850913,-0.34752811058501554,-1.0,-96.88156956191915,-54.19467285165325,-75.5381212067862,42.6868967102659,-35.02118110656738,-35.0377082824707,-35.02944469451904,-0.016527175903320312,0.0013033067807555199,0.0005425888812169433,0.0128620071336627,0.012135276570916176,0.001295748632401228,0.0005552952643483877,0.012842223979532719,0.012107186019420624,860.4020640429295,35887.58859741822,0.0013115974143147469,825.6055656533607,35861.542748355256,0.0013376027345657349,0.017300419509410858,0.0025500732008367777,30773.338246961936,18118.080659858482
0.0,-0.014153279438823253,-0.14169476898573224,0.013403866280334853,0.23404001582849165,0.10729471504399635,-0.09168311894497694,0.0,-99.57369953734806,-63.069534789962674,-81.32161716365536,36.50416474738539,-34.90784406661987,-34.80654001235962,-34.857192039489746,0.1013040542602539,-0.001392560894601047,-0.0001814272691262886,0.012970267795026302,0.012361624278128147,-0.0013661483535543084,0.00044256984256207943,0.012893539853394032,0.012740769423544407,1026.8968683236897,35884.55145325833,0.0012483935570344329,895.1930452428613,35818.956184490584,0.001219879137352109,0.017561130225658417,0.0026671066880226135,31014.626553467355,17726.206652071258
-0.12769359684206483,0.13884604058978312,0.7347110172742369,0.3000446936474918,-0.15916676780150682,0.2644107012575927,0.44820426302254934,-0.14858700802708114,-87.71148366573863,-56.695159319413506,-72.20332149257607,31.01632434632512,-35.037384033203125,-35.09096145629883,-35.06417274475098,-0.053577423095703125,0.001299479859881103,0.0005599088035523891,0.01284197997301817,0.012107797898352146,-0.0011831781594082713,-0.0007651221822015941,0.012738168239593506,0.012059314176440239,984.9647691285207,35926.29975374774,0.00140124571043998,910.9442599094846,35867.471211978125,0.001384796341881156,0.017459217458963394,0.0027564417105168104,30728.260852864078,18834.42613505436
0.2100138656126383,0.1672907296155384,-0.14802732254044726,0.03499595081778534,0.44186681685490264,0.2906163206585579,0.0075189358737441925,0.0,-104.27840202196643,-62.62824312416248,-83.45332257306445,41.65015889780395,-35.13181924819946,-35.25337219238281,-35.19259572029114,-0.12155294418334961,0.000579546089284122,-0.0012141757179051638,0.012024407275021076,0.0126640098169446,-0.0012157578021287918,0.0006345619913190603,0.012121923267841339,0.012226392515003681,987.4737414519682,35903.94947270732,0.0012474091490730643,849.1586004817394,35853.20030261743,0.001249883440323174,0.01757592335343361,0.0022713344078511,30723.82825485254,18441.605650329777
-0.6946169848334455,-0.7565384388886418,0.025875627788532696,0.4787709996728936,0.26418482199562887,-0.31147112821856293,-0.1227556662055842,0.30355565249029426,-88.91054755991712,-59.982530141334166,-74.44653885062564,28.928017418582954,-35.09205102920532,-34.954936504364014,-35.02349376678467,0.1371145248413086,-0.0004976981435902417,0.001308015314862132,0.012032723054289818,0.012761291116476059,0.001405287766829133,-0.0002152395318262279,0.01277862023562193,0.01241820864379406,823.7066018715584,35931.75462354912,0.0013549766736105084,900.4197228237399,35851.71496284597,0.0012118903687223792,0.01745970919728279,0.002042493550106883,30728.622163969278,18494.350632518606
1.0,0.7316878300158133,-0.051032310088080214,0.027095349687267248,0.6041265359579296,0.5593160394649037,-0.05202660009913687,-0.7063013515392327,-98.29002468907986,-59.21083204538064,-78.75042836723026,39.079192643699216,-34.99636173248291,-35.013134479522705,-35.00474810600281,-0.016772747039794922,0.0012237450573593378,0.00037379551213234663,0.012827412225306034,0.012260223738849163,0.0010797664290294051,-0.000917964382097125,0.01230565831065178,0.012721444480121136,1003.9956966098115,35791.053591986296,0.001298281829804182,1033.4285186679922,35900.41888363684,0.0013496584724634886,0.017352662980556488,0.0029117821250110865,30754.16937025248,17879.548006405897
-0.023875980002245452,-0.08064243900503258,0.21110643604292223,0.5726407733648523,0.3498165121036706,-0.19566364089835742,-0.12935412850774686,0.04477547046701036,-94.36139712319567,-64.2956834470956,-79.32854028514564,30.065713676100074,-35.17050743103027,-35.32010793685913,-35.2453076839447,-0.14960050582885742,0.0006042724126018584,-0.001249725348316133,0.011932398192584515,0.012638985179364681,-0.0013486691750586033,-0.0002079195692203939,0.012397249229252338,0.011756004765629768,938.7502461141987,35891.48500233719,0.0013695671223104,998.7957347294544,35908.58634062847,0.0012662771623581648,0.017600148916244507,0.002014814643189311,30726.707721821713,18366.400348942156
0.8994763069298398,0.8584965780084196,0.7715438939880974,0.3299601036728066,-0.0639231971543941,-0.1840449394401294,-0.4960716515490264,-1.0,-96.71424653189348,-52.39144165893606,-74.55284409541477,44.32280487295742,-35.058627128601074,-34.97556209564209,-35.01709461212158,0.08306503295898438,-0.0013449457474052906,0.0003803041181527078,0.01254307571798563,0.01235740352421999,0.0006606339011341333,-0.0012552053667604923,0.012204580008983612,0.012924722395837307,962.2514918317538,35860.28983400668,0.0012394192162901163,898.6138843933122,35944.735896957936,0.0013498925836756825,0.017187174409627914,0.0026833319570869207,30992.22798264325,18710.889521150133
-0.9347945856952468,-0.9355937010585111,-0.9062709194884889,-0.9049285034961257,-0.9332174993353733,-0.939833981029806,-0.9238125156050193,1.0,-97.0227095416011,-57.9074044370388,-77.46505698931995,39.1153051045623,-34.9292516708374,-34.88340377807617,-34.90632772445679,0.04584789276123047,-0.0011622689198702574,-0.000790245714597404,0.01295400783419609,0.012314208783209324,0.000984861166216433,0.0007971585728228092,0.012893958017230034,0.012528888881206512,775.4608407700473,35854.10978612076,0.0012558067683130503,946.0442112075648,35789.07038784946,0.0012992136180400848,0.017470303922891617,0.0029150466434657574,30944.859711092537,18894.1183381466
0.412345736892722,0.6561144460509989,0.8675501244758984,0.37454750014145566,-0.18817234590726506,-0.22308971451510218,-0.30149649501618103,-1.0,-92.62923548598457,-54.12830299231973,-73.37876923915215,38.500932493664834,-35.02530574798584,-35.09861469268799,-35.061960220336914,-0.07330894470214844,1.5045250620460138e-05,-0.0014205481857061386,0.012219883501529694,0.01276897918432951,-0.0013205601135268807,0.00046926134382374585,0.012436696328222752,0.012348788790404797,750.1810287504469,35865.76126433311,0.0013336853589862585,963.4461369003317,35904.27071680808,0.0013498372863978148,0.01783059723675251,0.002457855036482215,30722.65138247524,18593.714105521154
-0.2615919119715405,-0.2609526116574342,-0.2655997105237772,-0.268735743210578,-0.2792816228009649,-0.2861419002826042,0.0,0.0,-89.36346238177556,-53.35881512312722,-71.3611387524514,36.00464725864834,-34.95619297027588,-35.03187894821167,-34.994035959243774,-0.07568597793579102,-0.0010978046339005232,0.0006430087378248572,0.012604217045009136,0.012607485987246037,-0.0002859818923752755,0.0011899536475539207,0.012212658300995827,0.01277764793485403,820.6527890122819,35808.37674897179,0.0013549404684454203,618.0566156354673,35802.36853970036,0.0012919111177325249,0.017409797757864,0.002576498780399561,30979.230941077967,18147.7731190291
0.01895575965157889,0.0,-0.33688474741703556,-0.4079505057182101,-0.8376355464482064,-0.629416960036473,-0.060068758752805596,0.018314150930533124,-86.08026665799872,-60.49892850193265,-73.28959757996569,25.581338156066067,-35.14829635620117,-35.06827354431152,-35.10828495025635,0.08002281188964844,-0.0010224932339042425,-0.0009522165637463331,0.012589262798428535,0.012048664502799511,0.0010616553481668234,0.0009189892443828285,0.01271833572536707,0.01214774139225483,1058.9976570199703,35936.91508156465,0.0013725670287385583,1026.5724514420433,35865.6726976412,0.0013602497056126595,0.01727386564016342,0.0026455542538315058,30713.62503885608,18705.620092815865
0.9714857910219068,0.8676213635556933,-0.13389780087700173,-0.2070128855683995,0.2606383586904677,0.16189465999535835,-0.6164246746595432,-0.8269572881347861,-105.64283852736915,-60.56581735587244,-83.1043279416208,45.07702117149671,-35.13184070587158,-35.122294425964355,-35.12706756591797,0.009546279907226562,0.00028411083621904254,-0.001328865997493267,0.012029975652694702,0.012657217681407928,-0.0005461740074679255,0.001289302483201027,0.011984460055828094,0.012722394429147243,866.0449506060916,35894.24643817072,0.0012520914897322655,891.7184795008209,35865.50866122169,0.0013610413298010826,0.01752868853509426,0.0025501654017716646,30478.100916113428,19909.778376837225
-0.07773734731471488,-0.1635127432188931,0.12807392072920099,0.46718682715880167,0.30114805061700445,-0.067710915049362,-0.093035195894409,0.0,-91.49693356280753,-64.15953271315112,-77.82823313797932,27.337400849656404,-34.89311218261719,-34.92111682891846,-34.90711450576782,-0.02800464630126953,-0.0008622228051535785,-0.001141966669820249,0.01286082062870264,0.012516348622739315,0.0007761707529425621,0.0011815542820841074,0.012776874005794525,0.01252105925232172,897.7176440091287,35890.868662944675,0.001311778207309544,813.2435548268065,35881.02867166693,0.0012249383144080639,0.017728064209222794,0.002856035018339753,30712.48000132505,18516.331325989144
0.9770886113470422,0.9059238166032378,0.5791532740409441,0.23164858778102332,-0.014872166486182226,-0.14921851205044934,-0.5314051391754455,-1.0,-97.56541718426243,-48.83490799413062,-73.20016258919652,48.73050919013181,-34.96576547622681,-34.95839834213257,-34.96208190917969,0.007367134094238281,0.0005403950926847756,0.0012920188019052148,0.012573282234370708,0.012596886605024338,-0.0013270771596580744,-0.0004942859522998333,0.012959065847098827,0.012220008298754692,975.0036142161714,35855.612304616145,0.0012349116150289774,930.5846869845644,35917.02343837228,0.0013470618287101388,0.017642982304096222,0.0027687090914696455,30715.08391249187,18435.622978285188
-0.013862587932586025,0.006105582657457049,-0.23358440020878726,-0.30816109905798583,-0.2803088659466478,-0.37440788700839145,-0.7455585172053598,0.0,-98.16723541579057,-62.32690017543558,-80.24706779561308,35.84033524035499,-35.238380432128906,-35.22403001785278,-35.231205224990845,0.014350414276123047,0.0013705403544008732,-1.0791482054628432e-05,0.012448630295693874,0.011936966329813004,0.0011949676554650068,-0.00017424093675799668,0.012419688515365124,0.012025881558656693,995.3840099523173,35839.36259885296,0.0012684953399002552,968.4329747404508,35807.39180358862,0.0014381747459992766,0.01700356975197792,0.002571237040683627,31011.750006547405,17757.706644443177
0.5614776929132171,0.814939627772771,0.8409124677618379,0.4119278612039682,-0.07006568773938959,-0.16434707016590977,-0.25169266008900704,-1.0,-92.2806821409605,-49.41804014356421,-70.84936114226235,42.86264199739628,-35.14727830886841,-35.279295444488525,-35.21328687667847,-0.1320171356201172,0.0006909065414220095,0.0012140953913331032,0.012399437837302685,0.012246886268258095,-0.00039836106589064,0.0013185315765440464,0.011780673637986183,0.012483983300626278,909.7093477772409,35866.507504064655,0.001334948232397437,810.064276625116,35900.80234903869,0.0013978551141917706,0.017336688935756683,0.002716667717322707,30714.51464031883,18409.134296574866
0.0,-0.03880159327892101,-0.16568776068607127,-0.2803438600052003,-0.32843570298419145,-0.44690285306848243,-0.6680043193143591,0.0,-102.81143856681456,-65.54562533303076,-84.17853194992266,37.2658132337838,-36.06266975402832,-36.01060628890991,-36.036638021469116,0.0520634651184082,-3.116500738542527e-05,0.0012222672812640667,0.010864301584661007,0.011316448450088501,0.0011066870065405965,-0.0001832100679166615,0.011329058557748795,0.010998640209436417,1105.7492783155335,35905.30531982616,0.0013062625657767057,1038.045585252735,35747.34696722529,0.0013139741495251656,0.01555443461984396,0.002445586957037449,30475.50747844617,18714.793613072725
-0.8625574707494489,-0.5279865386316137,0.20037071107954435,0.36610405839465915,-0.06493027072423398,0.21115885344733504,0.8126928041227474,0.6127442384489294,-88.44298051229299,-60.20802089661328,-74.32550070445313,28.234959615679713,-36.21000528335571,-36.21201276779175,-36.21100902557373,-0.0020074844360351562,0.0005553434602916241,-0.0011077937670052052,0.010580983944237232,0.011217772029340267,0.0009866792242974043,0.0007476453902199864,0.011175689287483692,0.010620363056659698,1040.0201811482318,35917.52614866852,0.001404164475388825,1165.7035339443198,35934.05935340729,0.0014211242087185383,0.015346702188253403,0.001843585749156773,30973.988515381745,18316.969603029487
1.0,0.9777410191026552,0.31368940734655815,0.17553377012863547,0.6346127712054761,0.46036325468358524,-0.1338348504882721,-1.0,-96.2166169223102,-57.77834017859476,-76.99747855045248,38.438276743715434,-36.14834547042847,-36.25354290008545,-36.20094418525696,-0.10519742965698242,0.0006126748630777001,0.0009339810931123793,0.011030172929167747,0.010947193950414658,-0.0010637156665325165,0.0006079664453864098,0.010776742361485958,0.010922671295702457,993.5959349450872,35749.37799655217,0.0013281592400744557,974.5704490993498,35940.21108507035,0.0014342209324240685,0.015629593282938004,0.0026718133594840765,30707.825064861034,18692.792490257907
-0.5633119223097356,-0.6506847300032159,-0.18053192763781617,0.4989739860664846,0.22141713257537635,-0.4437931048397371,-0.1673116703237767,0.21104630172305916,-91.54053534998849,-63.2963849503015,-77.418460150145,28.244150399686987,-35.998709201812744,-35.90118169784546,-35.9499454498291,0.09752750396728516,-0.0010538267670199275,-0.0006904061883687973,0.011472188867628574,0.010865768417716026,-0.001169724389910698,-0.00048797251656651497,0.011622334830462933,0.010967436246573925,1116.7274984175563,35912.36246103486,0.0014354820596054196,839.4772007371299,35887.90799921553,0.0012688670540228486,0.015447291545569897,0.002514245919883251,30714.890564409776,19525.555364265398
0.9637445378273016,0.8543538629818456,0.44149354889184833,0.027505379395334928,0.06427252810436723,-0.11739004363947186,-0.6074172204694129,-1.0,-99.20807255242187,-52.787674749724204,-75.99787365107304,46.420397802697664,-35.8636736869812,-35.79537391662598,-35.82952380180359,0.06829977035522461,0.0007771641248837113,-0.000993357039988041,0.011085154488682747,0.011607207357883453,0.001250396715477109,0.00036703801015391946,0.011761709116399288,0.01110275462269783,1019.9361471639654,35870.988805816494,0.001278411247767508,961.8520472867152,35906.182130366884,0.0013959078351035714,0.01596955582499504,0.0019746460020542145,30729.44569941485,18208.769812430484
0.039198200023679464,0.03863720622615063,0.035363750021838,0.026740432737917708,0.015229676802639758,0.005590262081159425,-0.002503093381445942,0.0,-95.98454492453277,-58.96655282050307,-77.47554887251792,37.0179921040297,-35.473647117614746,-35.596251487731934,-35.53494930267334,-0.1226043701171875,-0.0010753560345619917,-0.0007806053617969155,0.012163720093667507,0.011568574234843254,-0.0011551778297871351,-7.797486614435911e-05,0.01195580791682005,0.011462058871984482,867.9579572518617,35920.590313621215,0.001367385615594685,847.5947809643337,35793.71446406684,0.0014136617537587881,0.016640566289424896,0.002830758923664689,30714.758313161426,19376.01617277386
0.6371883022904067,0.7464424123244395,0.8344281216080537,0.34855619689752004,-0.19687590167015734,-0.31424182149828933,-0.39033721393827214,-1.0,-92.59055701529905,-45.974939356452694,-69.28274818587587,46.61561765884636,-35.277183055877686,-35.32363414764404,-35.300408601760864,-0.04645109176635742,-0.0008046458824537694,0.0011041201651096344,0.011829594150185585,0.012444661930203438,-0.001343974843621254,0.00013697906979359686,0.012270470149815083,0.01187980268150568,1011.1259620054151,35890.45823336915,0.0013689004117622972,888.4386047258499,35944.734509911585,0.001354539068415761,0.017079785466194153,0.0023616577964276075,30973.884040174664,18250.856631982093
0.0729427751263193,-0.021976156284420578,-0.0767403981020604,0.13145441760431137,0.2203506412091944,0.035997340700731684,-0.11049730599517948,0.0,-100.09885182896141,-66.67264527315973,-83.38574855106057,33.426206555801684,-35.511934757232666,-35.44264554977417,-35.47729015350342,0.0692892074584961,0.0013072493020445108,-0.0001883659278973937,0.01197840552777052,0.011654968373477459,0.0013354026013985276,1.8326078134123236e-05,0.012163953855633736,0.011655024252831936,951.7747226761286,35835.18580212268,0.0012740547535941005,1002.5871823861363,35871.3436672358,0.0012592264683917165,0.016388319432735443,0.002417404670268297,30995.461458484173,18131.02565740647
-0.4206459357152099,0.04238360720028478,0.9003002751361086,0.18883707451765303,-0.47204918140842106,-0.49028765489371834,-0.1705484517850746,-0.7923662116571063,-89.61383597921255,-55.678696703910305,-72.64626634156143,33.93513927530225,-35.47818660736084,-35.51931619644165,-35.498751401901245,-0.04112958908081055,-0.0006014155806042254,0.001196195837110281,0.011514026671648026,0.012202135287225246,0.0007742932066321373,-0.001088226679712534,0.01149138156324625,0.012114123441278934,889.5420159047618,35935.58478134527,0.0013783113099634647,898.5059345530569,35904.00897535837,0.0013549732975661755,0.0168656874448061,0.0019550621509552,30974.062765533756,18990.01678489719
0.12987008004720496,0.10453476929569955,-0.03980046473961868,0.2021063993766044,0.603081800645851,0.7294816596914508,0.594542176996034,0.0,-88.94175226564428,-60.779540750106406,-74.86064650787534,28.162211515537876,-35.232083797454834,-35.23129940032959,-35.23169159889221,0.0007843971252441406,0.0010528319980949163,-0.0006521829054690897,0.012189065106213093,0.012233776040375233,0.0009042603778652847,0.0010325927287340164,0.012409682385623455,0.011997601017355919,891.3408573287884,35807.797877977144,0.0014010370941832662,966.4528340527081,35876.89727819209,0.0012465470936149359,0.016851156949996948,0.0025182212702929974,31223.334849381965,17967.380355200086
-0.8790223007428939,-0.8661310257593285,-0.03598893568409167,0.5550690356469207,0.2634934734085327,-0.08880689803428199,0.4331851712668675,0.7674634709630284,-86.75231000784288,-60.61307522781067,-73.68269261782677,26.13923478003221,-35.23513078689575,-35.15920639038086,-35.197168588638306,0.07592439651489258,0.0013462855713441968,0.0003070735256187618,0.01253802515566349,0.0118512948974967,-0.0013303395826369524,-0.0004033564473502338,0.012661009095609188,0.011942005716264248,1112.0131713799908,35874.71397239456,0.0013570204610005021,1010.2648550156281,35871.148351347525,0.0012490515364333987,0.016966477036476135,0.002614862285554409,30761.257106645735,18192.93538455548
0.9172959969203637,0.8404541671286682,-0.017077740881541015,-0.15872418681947542,0.09182851232216954,-0.048142964339447314,-0.6834220884818942,-0.9147407854441753,-102.28182918462579,-57.452057687448416,-79.8669434360371,44.829771497177376,-35.34041166305542,-35.38048028945923,-35.360445976257324,-0.040068626403808594,0.0009935409761965275,-0.000882742868270725,0.01185871846973896,0.012247120961546898,4.586584327626042e-05,0.0013598770601674914,0.011754397302865982,0.012234588153660297,1018.1951441547361,35896.78310168642,0.0012829090701416135,814.047959503067,35864.247802805396,0.0013642101548612118,0.01713377982378006,0.0021500911097973585,30974.662118195305,19242.510037290147
0.0,-0.052397524165917725,0.08033444649153007,0.2932475389613538,0.2988285128326151,0.06772671709902323,-0.06573201542139073,0.0,-93.1647722477745,-64.56133157743619,-78.86305191260534,28.6034406703383,-35.08673906326294,-35.136168003082275,-35.11145353317261,-0.04942893981933594,0.00012321707617957145,-0.0013942301739007235,0.012102693319320679,0.012709851376712322,-0.0012249129358679056,0.0006471564993262291,0.012283945456147194,0.012395646423101425,959.1869763379813,35895.58484687675,0.001308620092459023,838.2016801002824,35876.17692149204,0.0012290432350710034,0.017580144107341766,0.0023170728236436844,30724.27289150141,18560.586737848313
0.9674019353742542,0.9216812161395547,0.7786966247195819,0.38090305434840954,-0.06270811527589204,-0.21322972222416636,-0.4642698444810206,-1.0,-98.94469877886507,-49.31509943879752,-74.1298991088313,49.62959934006756,-35.34646034240723,-35.319037437438965,-35.332748889923096,0.02742290496826172,0.0011734399013221264,0.0006643532542511821,0.012366456910967827,0.011714647524058819,0.000415619695559144,0.0012948568910360336,0.01201962772756815,0.012145335786044598,1040.0000038423532,35831.06501445249,0.0012706929119303823,1003.6593674569428,35897.85985200826,0.0013376589631661773,0.016693372279405594,0.0024480882566422224,30760.353611269074,18151.629036188297
0.9776312353978878,0.9362503588232193,0.671621671274645,0.6238474171132257,0.698171006287247,0.5742241809416546,0.17716733979749,-1.0,-98.02635986208597,-60.955049792649675,-79.49070482736782,37.071310069436294,-35.96979856491089,-35.958712100982666,-35.96425533294678,0.011086463928222656,0.0004427888779900968,-0.001179652288556099,0.01088333036750555,0.011528530158102512,-0.0011073477799072862,0.00018233330047223717,0.0114076416939497,0.011054154485464096,1142.3019395697193,35886.03383281338,0.0012891247170045972,1213.1977775115988,35730.315271093,0.0013231851626187563,0.015959259122610092,0.0018778856610879302,30726.782322532956,18219.335400341828
0.44344165768099814,0.7109348700068144,0.8373590213495876,0.4179556901209397,-0.03881971188041722,-0.07328503945137166,-0.10191008603456164,-1.0,-92.71229786964895,-54.01652179277443,-73.36440983121169,38.69577607687452,-35.80663204193115,-35.938215255737305,-35.87242364883423,-0.13158321380615234,0.00040101970080286264,0.0012246191035956144,0.011359049938619137,0.011486375704407692,0.0009603654034435749,0.000834817998111248,0.011509127914905548,0.01098673790693283,863.5799854129152,35976.9891899521,0.00139315752312541,901.5525924801162,35916.75614510339,0.0014111242489889264,0.016116544604301453,0.002511942759156227,30717.868523849826,18350.941098357333
0.09844641255884247,-0.008455841555326972,-0.021080055191622447,0.30423949330509403,0.6488913373287251,0.5938767097544184,0.5337514791169815,0.0,-90.26196709930757,-63.650097029509396,-76.95603206440848,26.611870069798172,-35.95017194747925,-35.8563232421875,-35.903247594833374,0.09384870529174805,0.0009560810867697,-0.0006006378680467606,0.011225723661482334,0.011260351166129112,-0.00016960142238531262,-0.0012692487798631191,0.011178595013916492,0.011534164659678936,930.9000208463672,35850.41079956634,0.0014933306956663728,1021.729384586435,35857.770247645916,0.0012183223152533174,0.015545468777418137,0.00233665038831532,30978.657538971216,18730.55725492218
-0.7824437219350449,-0.7227075725932434,0.21190739108247802,0.4947635006045355,-0.04533209614764402,-0.16534147362135135,0.7506962654151895,0.8898844765493074,-85.52314664511431,-59.087548337467126,-72.30534749129072,26.435598307647183,-35.99430799484253,-36.01024866104126,-36.002278327941895,-0.01594066619873047,0.0007427222444675863,0.0010179785313084722,0.011322706937789917,0.01103297434747219,-0.0010809662053361535,0.0006454901304095984,0.011071697808802128,0.011244060471653938,1020.3203712878019,35915.17191003572,0.001420077052898705,1217.9224246666586,35895.7944477904,0.0014157051919028163,0.015796618536114693,0.0024020292330533266,30716.01160174953,18405.71619153276
1.0,0.7989043819404122,0.3135469069615018,0.3109627170162614,0.6201471739781588,0.49464884233184064,-0.2002589389492344,-0.9365535622466415,-96.78146953819311,-57.56723063902041,-77.17435008860676,39.2142388991727,-35.853941440582275,-35.99987030029297,-35.92690587043762,-0.14592885971069336,0.0011516651138663292,-3.67170141544193e-05,0.01157001405954361,0.01116186287254095,0.00035187083994969726,-0.0012149804970249534,0.010844158940017223,0.011489142663776875,1047.507246945558,35820.67484004295,0.0013134746113792062,985.0429404312296,35932.270169880605,0.0014522913843393326,0.015881944447755814,0.002450300380587578,30986.338542202975,17679.67815546441
-0.07454729085520823,-0.26688892354097893,-0.1395030074839343,0.492902883615811,0.3885772611450664,-0.21781626231269424,-0.29243706885651155,0.034736779118404004,-93.00986245996273,-64.60760505233975,-78.80873375615124,28.402257407622983,-35.97249507904053,-35.866734981536865,-35.919615030288696,0.10576009750366211,-0.0012430627830326557,-0.00022242020349949598,0.01150431763380766,0.01090139802545309,-0.00018325253040529788,0.0012524051126092672,0.0110462112352252,0.011635934934020042,1020.2894984684863,35902.944087437914,0.0014263972407206893,927.3630194884091,35864.937307527805,0.0012559298193082213,0.015389996580779552,0.002502469113096595,31023.8059303039,17758.266504670122
0.9702315128165739,0.9469569379520376,0.6381580226832171,0.1930551677206779,-0.0416789906048981,-0.07783007654317237,-0.48394320244276995,-1.0,-96.90052137764332,-51.36573552923733,-74.13312845344032,45.53478584840599,-36.02745056152344,-35.97906827926636,-36.0032594203949,0.04838228225708008,-0.0004160364915151149,0.0011759931221604347,0.010816824622452259,0.011447541415691376,-0.00039745017420500517,0.0012036152184009552,0.010866792872548103,0.011519907973706722,946.4781600326861,35879.46128767071,0.001265389146283269,1079.5829253117479,35876.465187371556,0.0013832873664796352,0.015759941190481186,0.0020665947813540697,30724.962508937093,18290.303264152277
0.9840502049816289,0.9528374818565676,0.7503794310761532,0.6578948953843865,0.6728572290702878,0.4764316436131312,0.16490420367448233,-1.0,-97.37894784332786,-56.92224946558367,-77.15059865445576,40.456698377744196,-35.98609209060669,-36.15439414978027,-36.07024312019348,-0.16830205917358398,0.0010342522291466594,0.0006963786436244845,0.011472566984593868,0.010900454595685005,-0.0008481614640913904,0.000686644809320569,0.010922341607511044,0.011042064055800438,1072.1381565795896,35902.62359833054,0.0012817361857742071,1069.2935442824948,35764.64961221992,0.0013287303736433387,0.015745127573609352,0.002648480935022235,30948.355720889536,19155.34535963006
-0.059371165535704096,0.37098520949443137,0.8565583768455988,0.2605904006717315,-0.4340464737953547,-0.3017426784111794,-0.18363996580348607,-1.0,-91.16862611844357,-54.89145692810314,-73.03004152327335,36.27716919034043,-36.13794565200806,-36.0654878616333,-36.10171675682068,0.07245779037475586,0.0011625189799815416,-0.0004274772363714874,0.011036010459065437,0.010954804718494415,-0.0011270097456872463,-0.0005542857106775045,0.011402835138142109,0.010762308724224567,1097.4887990321427,35908.5382616701,0.0014340189518406987,1015.6690809620934,35973.60734300192,0.0014327906537801027,0.015170138329267502,0.002398423384875059,30991.508536318157,18224.87776632993
0.08483751725475733,-0.03699662997732118,-0.09138091267400564,0.0766498336507811,0.2116402161633028,0.0154784565104642,-0.09730528143102268,0.0,-106.65830254295832,-65.68320477768486,-86.1707536603216,40.97509776527346,-36.08488321304321,-35.92886447906494,-36.00687384605408,0.15601873397827148,-0.0011505139991641045,-0.00039793612086214125,0.01135236956179142,0.01076886709779501,0.0009270280716009438,0.0008622385794296861,0.011500171385705471,0.011021802201867104,930.5196043307293,35856.2446749123,0.0012951042735949159,978.8125121919628,35884.435200766784,0.0012787269661203027,0.015256362035870552,0.0022155335173010826,31019.573508606813,17699.69753245368
-0.6290087473528514,-0.5534754826290758,0.3142480804390295,0.85324192346037,-0.08868956701084886,-0.36859522563601743,0.18231004132169337,0.3682855470368291,-87.24203080567406,-57.77769389565512,-72.50986235066459,29.464336910018943,-35.562875270843506,-35.64462661743164,-35.60375094413757,-0.08175134658813477,0.0011639489093795419,0.0006548083620145917,0.012079218402504921,0.011405978351831436,-0.0012136066798120737,-0.0005135053070262074,0.011975880712270737,0.0112893246114254,878.751326465404,35921.61250862965,0.0013787116622552276,1035.1329045407779,35904.015174669854,0.001378590241074562,0.01655684784054756,0.002674589166417718,30955.145529747308,19137.934095734054
1.0,0.8565592700395165,0.27325324208938007,0.2237222503742563,0.5300292175206709,0.3112395900873657,-0.16891616963716968,-0.9502872626508564,-94.31910080066804,-55.90619625057127,-75.11264852561965,38.41290455009677,-35.49577713012695,-35.52319049835205,-35.5094838142395,-0.027413368225097656,0.0009799087420105934,0.0006962433108128607,0.012049064971506596,0.0116399135440588,-0.00019322341540828347,0.0013203041162341833,0.011488042771816254,0.012107089161872864,1074.326147879173,35743.77951301667,0.0012739099329337478,1073.9967258725212,35944.00770195392,0.0013767799828201532,0.016418660059571266,0.002855411497876048,30535.293775942264,18624.527500554468
-0.3975658956232873,-0.3767549024078324,-0.016726866576266264,0.5273647380172874,0.3273680476577934,-0.10405217478615825,-0.1554100640379087,0.12972207280205417,-92.86328898590534,-65.72575979144972,-79.29452438867753,27.137529194455624,-35.53311824798584,-35.43856143951416,-35.48583984375,0.09455680847167969,0.0011548760812729597,-0.0006773372879251838,0.011697541922330856,0.011877383105456829,-0.0012488469947129488,0.0004802802577614784,0.011942677199840546,0.011892684735357761,904.8173659449164,35885.39455653138,0.0014009542064741254,1001.963435120394,35888.995260117576,0.0012637897161766887,0.016417257487773895,0.002441429067403078,30985.05281588844,18048.250725517337
0.9747657739149552,0.9665172461504057,0.6999683424034171,0.2109829870760654,-0.02009087546789501,-0.16267756229157743,-0.5585521415817986,-1.0,-99.20451002873489,-54.76774264978803,-76.98612633926146,44.436767378946854,-35.44879913330078,-35.46266555786133,-35.455732345581055,-0.013866424560546875,-0.0013335237745195627,7.952447049319744e-06,0.012149170972406864,0.011653325520455837,0.0013305912725627422,-0.00023307741503231227,0.012035593390464783,0.011729931458830833,885.4165401595651,35863.546838687726,0.0012697171187028289,943.5087362415172,35894.98395339906,0.0013593388721346855,0.016645826399326324,0.002496622037142515,31006.353684768972,17848.93608089574
-0.9476105758797293,-0.9469415022825374,-0.9120064031456313,-0.9137318990975889,-0.9426028888787081,-0.943495102438208,-0.9181462211118563,1.0,-97.9958762352162,-60.93307891385129,-79.46447757453375,37.06279732136491,-34.961678981781006,-34.905288219451904,-34.933483600616455,0.05639076232910156,-0.0011431992752477527,-0.0008179163560271263,0.012903464026749134,0.012270094826817513,0.0003400749119464308,0.0012164758518338203,0.012530743144452572,0.012829067185521126,1000.9115693123226,35843.18267247931,0.0012075584381818771,903.2075046469411,35745.50885626203,0.0013346216874197125,0.017337756231427193,0.0028561106882989407,30951.46735517834,19175.34157856974
0.43843426866603813,0.6356835267171783,0.8375829511149259,0.3522325055136952,-0.22039932619026142,-0.3973928430735538,-0.37371092859331506,-1.0,-90.22523345504743,-47.65572369049437,-68.9404785727709,42.56950976455306,-34.442646503448486,-34.29102420806885,-34.36683535575867,0.15162229537963867,0.0006355271907523274,-0.0013687033206224442,0.012969202362000942,0.013749645091593266,-0.0009280004887841642,0.0012156001757830381,0.013257144019007683,0.013936036266386509,1048.5627516167701,35864.679465562345,0.0013055315939709544,1012.183221465937,35895.640145262216,0.0013119915965944529,0.018936380743980408,0.0024492619559168816,30727.655241830453,18374.413432061974
0.05294507629881761,-0.026376051791584643,-0.14040342881749507,0.013965542257715513,0.14410388188891815,-0.004947716029339966,-0.11935039608106357,0.0,-101.44088612168281,-65.26504243810894,-83.35296427989587,36.17584368357387,-34.295456409454346,-34.417481422424316,-34.35646891593933,-0.1220250129699707,0.000727397040463984,0.0013243748107925057,0.01366749033331871,0.013521860353648663,0.001393354614265263,0.0005628597573377192,0.013790484517812729,0.01300706434994936,919.0614556508326,35868.66086541645,0.0012557366862893105,792.3284872671244,35897.16348325309,0.0012421207502484322,0.019076962023973465,0.0031634254846721888,30713.515833022793,18899.935835325254
-0.9778076534413735,-0.9154649615163835,0.2389987573896012,0.6113593698694041,0.06769305816518656,0.030563574293529794,0.6711939373895981,0.7949482474322564,-87.03586106237333,-58.7852671917409,-72.91056412705711,28.25059387063243,-34.85599756240845,-34.99006986618042,-34.923033714294434,-0.13407230377197266,0.0012782772537320852,-0.000660221092402935,0.01268975343555212,0.012798018753528595,-0.0013839425519108772,-0.00031319697154685855,0.01289680227637291,0.01219059806317091,999.669336110869,35871.58064163281,0.0013089292915537953,818.6496676231386,35877.02418237179,0.001334799686446786,0.017703263089060783,0.0028405662160366774,30992.794846876986,18241.41525980653
0.07330515713385521,-0.06887830113833726,-0.7085893566906325,-0.6481735181195862,-0.34688229065212983,-0.3739715227238546,-1.0,0.04496297258860816,-94.47274798603152,-56.6391275342051,-75.55593776011831,37.83362045182642,-35.301170349121094,-35.27299404144287,-35.28708219528198,0.028176307678222656,-0.0012204647064208984,0.00013975176261737943,0.012304886244237423,0.011921501718461514,0.001188402296975255,-0.000688044005073607,0.012059003114700317,0.01223341841250658,1015.9223910295675,35784.41596827009,0.0013106262777000666,1074.1168413510134,35906.73959348831,0.0013866297667846084,0.01666206680238247,0.0025677804369479418,30985.568613665466,17705.147140182176
-0.7404536011109465,-0.8599859296690009,-0.36265012993731705,0.46359156033908333,0.22747801318691696,-0.33428222452970013,-0.16032789406550307,0.40620267806819854,-89.3502618530269,-63.42053181551063,-76.38539683426876,25.929730037516265,-35.54774284362793,-35.588648319244385,-35.56819558143616,-0.04090547561645508,0.0005679641617462039,0.0012093745172023773,0.0117938332259655,0.011742116883397102,-0.001104656606912613,0.0007163523114286363,0.011596709489822388,0.011829059571027756,1030.4841339481864,35893.44497068837,0.0013863249914720654,1035.9041860792254,35933.489736701194,0.001281878212466836,0.016676757484674454,0.002508307108655572,30716.951290443863,18378.875110190325
0.9109764544591988,0.9505151643100913,0.6470173108524363,0.23581758473352665,0.036496900475858296,-0.08258452357087309,-0.48968642818004926,-1.0,-100.90402711072329,-53.35607772117049,-77.13005241594689,47.5479493895528,-35.36166429519653,-35.43431997299194,-35.39799213409424,-0.07265567779541016,0.0007919369963929057,-0.0010911286808550358,0.011721968650817871,0.012318195775151253,-0.00129752978682518,0.00035055860644206405,0.012015662156045437,0.011830061674118042,984.0076253555806,35836.9108951324,0.0012794039212167263,881.2149298704969,35900.17916474358,0.0013866621302440763,0.017119858413934708,0.0023026519920676947,30727.45247503366,18237.07771032056
0.9983503988444322,0.9952955892155303,-0.19881791844321764,-0.3314914195338376,0.6950033287640913,0.5319448577303985,-0.845602811899713,-0.7667389830364479,-97.06920446288967,-59.83694963413033,-78.45307704851,37.232254828759345,-35.183167457580566,-35.09483814239502,-35.13900279998779,0.08832931518554688,0.0012417403049767017,0.0005905183497816324,0.012616007588803768,0.011921144090592861,-0.0009926073253154755,-0.0007381857139989734,0.01259390078485012,0.012217225506901741,1091.336615753312,35949.04585240365,0.0013371972599998116,845.0661969173457,35744.642334854405,0.001363596529699862,0.016934165731072426,0.002805227879434824,30774.25759276718,17945.46105406068
0.34238719030592324,0.611973908240597,0.8367370284332376,0.34326121714716124,-0.32919978075840284,-0.31202117083116215,-0.19734347508124794,-1.0,-87.91962197008826,-47.800313136276515,-67.85996755318239,40.11930883381174,-35.48077583312988,-35.49675226211548,-35.48876404762268,-0.015976428985595703,0.0012161671184003353,0.0005755079328082502,0.012201466597616673,0.011506631970405579,-0.00013439316535368562,0.001323530450463295,0.01154117938131094,0.012127678841352463,1057.9915416149124,35892.70069193102,0.0013585384003818035,1127.0809942643905,35911.34708915042,0.0013936174800619483,0.016468100249767303,0.002476230263710022,30945.45622333031,19129.66398802014
0.08266545431802803,-0.012332682337658812,0.060062571389009944,0.42316819188757054,0.6035434737243122,0.4190722339591621,0.5011926576954778,0.0,-88.75739410572285,-63.48202446948329,-76.11970928760307,25.27536963623956,-35.55647373199463,-35.7048773765564,-35.63067555427551,-0.14840364456176758,0.0002811354352161288,0.0011443707626312971,0.01162114180624485,0.011906200088560581,-0.0004668115871027112,0.0012163431383669376,0.011213557794690132,0.011891597881913185,923.652069309469,35811.81694287191,0.0014068791642785072,1004.8121305485531,35895.40499426989,0.0012879145797342062,0.016837965697050095,0.0023506926372647285,30474.68083451006,18911.5924309865
-0.6783299280722064,-0.18743486846989865,0.5085902804439506,0.5787243458987048,-0.1800365688729504,-0.24458598127766984,0.5966147912724769,0.39436729510661833,-87.51329671061933,-58.599618622695914,-73.05645766665762,28.913678087923415,-35.49478054046631,-35.39574861526489,-35.4452645778656,0.09903192520141602,-0.0011808864073827863,0.0006521507166326046,0.011767815798521042,0.011911171488463879,-0.0011677142465487123,0.0006881412700749934,0.011882934719324112,0.012068323791027069,1109.0160460660243,35923.11467931948,0.0014170788927003741,805.4880066740144,35875.252124728366,0.0013485229574143887,0.016320062801241875,0.002622543601319194,30989.179759833878,19200.977130990028
0.5191046628590876,0.4882888334257647,-0.05489875574723311,-0.06388242273316079,0.7643728247221896,0.9097646925642214,0.42223036239919115,-0.22996287778867175,-96.32745428907775,-62.61807357295618,-79.47276393101697,33.70938071612157,-35.5575156211853,-35.52953481674194,-35.54352521896362,0.027980804443359375,0.0011885010171681643,-1.3287772162584588e-05,0.011986137367784977,0.011534737423062325,-0.0013372085522860289,3.271562309237197e-05,0.012026909738779068,0.011553887277841568,1084.4134972216084,35811.80324155946,0.0013449563411995769,1004.7650058905225,35915.056106720614,0.0013768357457593083,0.016269294545054436,0.0025770266074687243,30987.27805143546,17649.06140443137
-0.4700677608204876,-0.5944354260004103,0.029677261849945236,0.6516481855406936,0.012855582845934965,-0.4277518221837275,-0.07975128344892612,0.2616829126850708,-88.2338967373662,-61.02063651800779,-74.62726662768699,27.213260219358403,-35.737242698669434,-36.10093593597412,-35.91908931732178,-0.3636932373046875,0.0006386712775565684,0.0011396186891943216,0.011580630205571651,0.01144716888666153,-0.00017340978956781328,-0.0012325621210038662,0.010878290981054306,0.011204084381461143,930.4520122141175,35906.08421027459,0.0014050527242943645,1107.6852259200452,35904.03882318951,0.001313935499638319,0.01639462262392044,0.002559053245931864,30716.86303453031,18423.963271695215
-0.9906108053146947,-0.9959573113616318,0.0,0.9854217036276209,0.9664014942558438,0.9605091322212677,0.9274430679744851,0.8870722511391587,-99.85087812737513,-47.19817681895364,-73.52452747316438,52.652701308421484,-37.678043842315674,-37.80709505081177,-37.74256944656372,-0.12905120849609375,-0.0005547340260818601,-0.0008584295283071697,0.009287847205996513,0.009131064638495445,-0.0008278859895654023,-0.0005996935069561005,0.009302832186222076,0.008837424218654633,1448.0944131221074,35895.25635370972,0.001376557513140142,1156.0011182648502,35944.31424210337,0.0015459131682291627,0.01274129468947649,0.0020321125630289316,30710.977170382,20426.364333316877
0.025405498301430716,0.05265610588176522,-0.23318750055894688,-0.143022632352457,-0.01985167675117101,-0.30929909192812316,-0.7303421594198831,0.0,-91.28278643507736,-53.768222682092585,-72.52550455858497,37.51456375298477,-38.08002233505249,-37.91370868682861,-37.99686551094055,0.16631364822387695,-0.0007944760727696121,-0.0005831714952364564,0.009012364782392979,0.00856748502701521,0.00017229191143997014,-0.0008709934772923589,0.008770572021603584,0.009162894450128078,1448.0686606772283,35978.70509922214,0.001593007706105709,1374.142411816566,35852.95525077462,0.0016106736147776246,0.012179083190858364,0.0020995978266000748,30952.429876556707,19536.161746410824
0.6880161130917467,0.7141805754940764,0.8730087733104284,0.32467908558387415,-0.32473494912324874,-0.43245607039921863,-0.4443744582476066,-1.0,-95.34495857989558,-46.46434420225262,-70.9046513910741,48.88061437764296,-37.947373390197754,-38.02414655685425,-37.985759973526,-0.07677316665649414,0.0008110021008178592,-0.0005987583426758647,0.008816240355372429,0.009037656709551811,-0.0009164190851151943,-0.00037485253415070474,0.0090893330052495,0.008603155612945557,1143.5815263544769,35980.70146191749,0.0015592747367918491,1311.0162551534258,35936.672955742826,0.0015444321325048804,0.012659694999456406,0.0018222120124846697,30979.159865416048,17858.43162087815
0.757936684226245,0.7498683440057311,0.5391993120596789,0.3488739109365483,0.32681168945636035,0.22130302750510444,0.23312670848270156,-1.0,-101.08972489228492,-48.72325093914794,-74.90648791571643,52.36647395313698,-37.79369831085205,-37.90750503540039,-37.85060167312622,-0.11380672454833984,-0.0006935434648767114,0.0007235663942992687,0.008911773562431335,0.009261500090360641,0.00016239131218753755,0.0008333022124134004,0.008840671740472317,0.009111680090427399,1388.5262631620847,35889.36533388062,0.0013508001575246453,1110.472247762203,35932.278335119496,0.001530059496872127,0.012773994356393814,0.0015164740616455674,30732.011680862935,18577.83652727913
-0.09094079975120517,0.12737714566631841,0.6717258615354489,0.5051829845549338,0.1312546142253039,0.23182078009221319,0.3952659762182748,-0.027428875171901772,-82.83009382508487,-50.70572513183254,-66.7679094784587,32.124368693252336,-37.88887977600098,-37.774975299835205,-37.83192753791809,0.11390447616577148,0.0010067287366837263,-0.00010003618081100285,0.009137958288192749,0.008835780434310436,-0.0003748146118596196,-0.0009571557748131454,0.00908786803483963,0.00912533514201641,1611.7360189056662,35974.370606807526,0.0015717633068561554,1423.166903576828,35933.76150864706,0.0015574307180941105,0.012445565313100815,0.0020519352983683348,30779.697987681626,18167.221597206135
0.3277336219449661,0.3064498777424756,-0.15486937686601623,-0.0018529721652236764,0.3222261956113487,0.2228062531286944,-0.04847692300459039,0.0,-107.51169802556822,-63.16562877936576,-85.33866340246699,44.34606924620246,-37.833404541015625,-37.85309076309204,-37.84324765205383,-0.019686222076416016,-0.0009008288034237921,0.0003693167236633599,0.009056718088686466,0.009039635770022869,0.0005419651279225945,-0.0008697881130501628,0.008769240230321884,0.009273209609091282,1222.6130941235065,35948.03117093015,0.0014252691762521863,1280.1749806261998,35884.894219140166,0.0014237238792702556,0.01276647299528122,0.00168470514472574,30979.283445153906,18011.291084574204
-0.003093949263097029,-0.0017945968837287385,0.034290100340252816,0.03448655473345763,4.229771237929114e-05,-0.006056111730603386,-0.9926604028831161,0.004030596330943347,-91.15301355850418,-60.88213353663133,-76.01757354756776,30.270880021872856,-37.6591157913208,-37.69770383834839,-37.678409814834595,-0.03858804702758789,-0.0008705321815796196,0.00030697189504280686,0.009313132613897324,0.00915664155036211,-0.000769869307987392,-0.0006920394953340292,0.00939076580107212,0.008980873972177505,1118.2821837990116,35848.765489232224,0.0015771210892125964,1147.821064936814,35905.84731756901,0.0014037551591172814,0.012926549650728703,0.0020858915522694588,30980.926045343553,17904.306323066176
0.021607467791458723,-0.12246435007393497,-0.6290213500440525,0.3456195584101133,0.5949118161794532,0.46721106921951994,0.01753146615926062,-0.3105098605683952,-98.09403868539113,-53.994305341409245,-76.04417201340019,44.09973334398188,-37.74324417114258,-37.652587890625,-37.69791603088379,0.09065628051757812,-0.0007306773331947625,-0.0005883853882551193,0.009293016977608204,0.008994529023766518,-0.0008226778591051698,0.0006323062116280198,0.009103729389607906,0.009366643615067005,1323.7301177658162,35793.90041539135,0.001443680957891047,1405.9294643328174,35926.38420645712,0.001529259025119245,0.012697448953986168,0.0022439458407461643,30779.52134537401,18099.941628995442
-1.0,0.012583288637513991,0.2992230227061998,-0.5399890708077182,-0.5560449319220536,-0.46547046424046523,-0.19970496337748278,0.015278667074441032,-87.43315567666656,-68.88925543730863,-78.1612055569876,18.543900239357924,-37.79496669769287,-37.831454277038574,-37.81321048736572,-0.036487579345703125,-0.0007440168410539627,-0.0006985321524553001,0.009278379380702972,0.0088893948122859,1.702353620203212e-05,0.0010136400815099478,0.008868146687746048,0.009224386885762215,1441.2042719182211,35973.6200800974,0.0015690474538132548,1325.0562819170962,35872.36001755278,0.001444371184334159,0.012848036363720894,0.0021212066058069468,30712.223198766857,18784.744294600725
0.03995418413718155,0.02458671544330604,-0.16789077320894097,-0.3999890087739294,-0.4931403376326606,-0.5353152520126784,-0.7151188860657747,0.0,-99.2127229323433,-46.50841679119475,-72.86056986176902,52.70430614114855,-37.55540132522583,-37.65301704406738,-37.604209184646606,-0.09761571884155273,-0.0008813774911686778,-0.0005557888653129339,0.009584416635334492,0.009089944884181023,1.1221149179618806e-05,0.0010277433320879936,0.009051651693880558,0.009417150169610977,1184.0421377158152,35982.022826534536,0.0014161462895572186,1202.970225451986,35969.08247780568,0.001537756179459393,0.01302800327539444,0.0019364168401807547,30728.807354242366,18897.909284740206
0.0,-0.031065316693887665,-0.22832314396055514,-0.28983076174306505,-0.26953464383056047,-0.4137589510868232,-0.713050226377394,0.0,-99.57522363509992,-61.85743903391706,-80.71633133450848,37.717784601182856,-37.56067752838135,-37.43720769882202,-37.498942613601685,0.12346982955932617,-0.00011994646047241986,-0.001029900973662734,0.009188424795866013,0.009479368105530739,0.00048401631647720933,-0.000824273913167417,0.009289553388953209,0.009654441848397255,1318.3234024972257,35908.65945572318,0.0013947929255664349,1371.4599688103217,35808.06358279257,0.0013854473363608122,0.013101005926728249,0.002107759937644005,30719.96749542774,18686.709110460146
-0.09126585692442346,0.13846037923234644,0.7817705908343342,0.4438855879374683,-0.0953206671240775,-0.09896103844706128,0.27606838379739906,-0.2858635768709927,-88.15162133680423,-49.94745610845803,-69.04953872263113,38.2041652283462,-37.60157108306885,-37.609288692474365,-37.605429887771606,-0.007717609405517578,-0.0008411490125581622,-0.0006189079722389579,0.009526651352643967,0.009048178791999817,0.0009532712865620852,0.0004283888847567141,0.00954347848892212,0.009013245813548565,1363.5247171434362,35922.81063728317,0.0015312773175537586,1520.4476830870026,35896.918031713416,0.0015179113252088428,0.01301528885960579,0.0019980936776846647,30954.993641539997,18822.33424526816
-0.7890880131734492,-0.9509302281362142,-0.8938313874892395,-0.48338053127722036,-0.2653049338526756,-0.3473910308362448,-0.38802033342384734,1.0,-91.99506255302532,-65.46748694585085,-78.73127474943809,26.52757560717447,-37.43759870529175,-37.59649991989136,-37.51704931259155,-0.15890121459960938,-0.0008978588739410043,-0.00031923502683639526,0.009679649956524372,0.009262711741030216,0.0006944945198483765,-0.0007884190417826176,0.009082692675292492,0.009503732435405254,1309.584587801019,35898.55382825445,0.0015689510619267821,1341.0237027573369,35908.27769140599,0.0014178360579535365,0.013307977467775345,0.002252866979688406,30758.491926338807,17790.768377599972
-1.0,-0.7876183171835892,0.02272869565345137,0.45928706127769076,-0.20407378714241747,-0.17090663951816018,0.7404156026568005,0.80322387949508,-81.4043199778954,-58.78053116148374,-70.09242556968957,22.62378881641166,-37.5331711769104,-37.41607904434204,-37.47462511062622,0.11709213256835938,0.0006697808275930583,-0.0008098175167106092,0.009138504043221474,0.009584269486367702,-0.0002476528170518577,-0.0010467899264767766,0.009394175373017788,0.009585925377905369,1381.2872530881639,35961.555336205376,0.0015424449229612947,1345.8955424435167,35914.899330180575,0.0014656492276117206,0.012940475717186928,0.0019390495726838708,30982.13910487017,17821.25669311852
0.8365812403769483,0.6996193381662582,-0.07063235244376413,-0.023965752846681482,0.8738552460899516,0.8885994101480296,0.002786453838080516,-0.5794473673991867,-95.0519769902434,-59.7191117080684,-77.38554434915591,35.33286528217501,-37.65981674194336,-37.60545253753662,-37.63263463973999,0.05436420440673828,0.0004360545426607132,-0.0008348348783329129,0.009036129340529442,0.009426785632967949,0.0002975527895614505,-0.0010038980981335044,0.009012371301651001,0.00955211278051138,1223.3234812430203,35795.420884041385,0.0015313518233597279,1244.2333083012343,35912.97356957701,0.0015081226592883468,0.013012157753109932,0.0014739494072273374,30727.41556490602,18397.216942709296
-0.22853232144002197,-0.3546515233827978,-0.030847805350016577,0.5425807156184331,0.3525269261371193,-0.23148143218545902,-0.10361034502406019,0.271526954154387,-92.24199521858247,-67.46408873989662,-79.85304197923955,24.77790647868585,-38.35908889770508,-38.73362064361572,-38.5463547706604,-0.37453174591064453,-7.946082769194618e-05,0.0009597111493349075,0.008303645998239517,0.00871975626796484,0.00041320998570881784,-0.0008153583039529622,0.007921583950519562,0.00838265847414732,1431.6732476749637,35960.745944483206,0.001646636868827045,1418.6625042000203,35882.77992934334,0.001510291127488017,0.01220879890024662,0.001606785343028605,30722.34761024363,18578.04688884439
0.9237213509570292,0.822801293986508,0.6626720883666938,0.2675702102421741,-0.041998129212709956,-0.0748867473059221,-0.4927902327427205,-1.0,-98.52031603337542,-49.35667914482707,-73.93849758910125,49.16363688854835,-38.96529197692871,-38.8753342628479,-38.920313119888306,0.08995771408081055,-0.00022171087039168924,0.000860365922562778,0.007714327424764633,0.008161031641066074,-0.0008979587582871318,0.0001223391736857593,0.008140098303556442,0.007904186844825745,1509.9310553202986,35962.25902143356,0.0015264642424881458,1333.5419699831884,35902.78803824844,0.0016432300908491015,0.01112301368266344,0.0016415825812146068,30723.295890869107,18433.82218969406
0.004020295926767615,-0.012507985988318492,-0.17999762492160837,-0.2718148009397277,-0.25032974168667,-0.387862558010073,-0.685424402426992,0.0,-95.28417481560285,-53.99399303764524,-74.63908392662404,41.29018177795761,-39.14154767990112,-38.73462677001953,-38.93808722496033,0.4069209098815918,-0.0008152675582095981,0.0002753045118879527,0.007811512798070908,0.007752119563519955,0.0008098435355350375,6.20433856965974e-05,0.008331671357154846,0.007984268479049206,1164.3342247393864,36024.12638865706,0.0016468362882733345,1201.117803403818,35932.983591075325,0.001768244430422783,0.01069692149758339,0.0016331649385392666,31235.70825072141,18039.358430082495
0.3594587072777915,0.5886918619039645,0.8478508303108505,0.1959564404753133,-0.37777725785031296,-0.3580055760845801,-0.2662801245322165,-1.0,-92.60338084941458,-50.697848976664886,-71.65061491303973,41.90553187274969,-38.611812591552734,-38.79176139831543,-38.70178699493408,-0.1799488067626953,0.0001257337862625718,0.0009290066664107144,0.008143744431436062,0.008394284173846245,0.0009030299261212349,-7.994686893653125e-05,0.008233962580561638,0.007965927012264729,858.973646939271,35960.784947776425,0.0016163564287126064,1267.0117013891922,35953.722616333594,0.0016248858300969005,0.011828972026705742,0.0017896504141390324,30476.072679042074,19053.531973304383
0.6860603044036399,0.6761761843269688,0.6674932383728837,0.7024653799120522,0.688593038600209,0.6462733883991105,0.9132086367448928,-1.0,-86.6599578017098,-49.407888511268496,-68.03392315648915,37.2520692904413,-38.777594566345215,-38.964641094207764,-38.87111783027649,-0.18704652786254883,0.0007573026814498007,0.00029938906664028764,0.008293748833239079,0.00794091634452343,-0.000545038899872452,0.0005336956819519401,0.007877543568611145,0.008017738349735737,1262.2703588260254,35918.69916094344,0.0016195096541196108,931.1181060414127,35940.514700763466,0.0016025691293179989,0.011160819791257381,0.0019672135822474957,30770.813591959988,17817.248202724182
-0.34430992825938567,-0.18245426246399454,0.4309828239634069,0.2159387863736943,-0.2424140809937135,-0.009395411939650988,0.3192531354388012,0.05666221876582685,-82.33355299451591,-56.25503965372462,-69.29429632412027,26.07851334079129,-39.307861328125,-39.21132564544678,-39.25959348678589,0.09653568267822266,-0.000612471776548773,0.0006002046284265816,0.007480569649487734,0.007783506531268358,0.0002810225123539567,-0.0008256217115558684,0.007489073555916548,0.00794143881648779,1690.8661544978306,36041.40256522377,0.0017326436936855316,1493.6950644995845,35964.46010629619,0.0017113011563196778,0.010617250576615334,0.0017589670605957508,30985.044491603647,17900.801558729858
0.7468170309545171,0.8189138006803005,-0.06869337654121026,0.13389906630433515,0.9012266233989996,0.9779572305352584,0.3192743562284178,-0.4175439104410138,-89.84634556269792,-60.69844191980778,-75.27239374125284,29.147903642890142,-39.53809976577759,-39.544291496276855,-39.54119563102722,-0.006191730499267578,0.0006701203528791666,0.00031037433655001223,0.007593581452965736,0.007281067315489054,-0.0005345676327124238,-0.0006546981167048216,0.007543453015387058,0.007310630287975073,1465.2198053051372,35900.57545283242,0.001633663079701364,1340.6571356177383,35903.39748941451,0.0016225564759224653,0.010461811907589436,0.001852758345194161,30774.39669664489,17935.90314009322
-0.7562917862960763,-0.8784937795480116,-0.19645770997745393,0.4642610170859718,0.3654416622478694,0.09590352156816062,0.48629145590226924,1.0,-84.89099015770239,-64.08626712818216,-74.48862864294227,20.804723029520233,-39.31711196899414,-39.376258850097656,-39.3466854095459,-0.059146881103515625,0.00022185790294315666,-0.0008330595446750522,0.007404106203466654,0.007839882746338844,-2.0615956600522622e-05,0.0008477697847411036,0.007414155639708042,0.0077301920391619205,1376.053098085143,35988.659260275504,0.0016584910918027163,1271.5302053418056,35972.33928488461,0.0015655789757147431,0.010696304962038994,0.0013575265184044838,30728.677255903232,18619.06571117903
0.9597107359732486,0.956491412415793,0.9583018868151895,0.9631496924603077,0.9624073598722075,-0.021598219650217246,-0.15378417899055846,-0.22266373870775658,-84.12252889747414,-52.30745367639449,-68.21499128693432,31.815075221079653,-39.28385019302368,-39.14034605026245,-39.212098121643066,0.14350414276123047,-0.0002904728753492236,-0.0006843340815976262,0.007609646301716566,0.00771155534312129,-0.0005410959711298347,0.00035099004162475467,0.007822073064744473,0.007764565292745829,1289.6642910337628,36003.45580926434,0.0017289734678342938,677.7957009322987,35863.1692416141,0.0016818356234580278,0.010722762905061245,0.0016307347686961293,30471.969161890152,18852.037418913693
-0.1913020943981676,-0.2663126764165813,-0.6036849395899606,-0.22869988370461292,0.0,-0.2784216612277881,-0.9478982003952956,0.14203746622233182,-91.99126543977613,-56.05395740653111,-74.02261142315362,35.93730803324502,-39.1704797744751,-39.158594608306885,-39.16453719139099,0.01188516616821289,-0.00010786423808895051,-0.0008683133637532592,0.007632043678313494,0.007876086980104446,-0.00011872887989738956,-0.0007543760584667325,0.007643820717930794,0.007897277362644672,1502.002400088793,35971.50996558739,0.0016860081814229488,1431.7789231966813,35934.49625139728,0.0017482355469837785,0.011068398132920265,0.0016206821892410517,30477.863722530183,19603.405231577795
0.7593314369915165,0.8371271497865244,0.8685017749076317,0.49576730873869557,-0.1063338511154221,-0.3210411451615892,-0.34936139041659614,-1.0,-96.45994968464541,-44.63971965979417,-70.54983467221979,51.82023002485124,-39.013497829437256,-39.15489435195923,-39.08419609069824,-0.14139652252197266,-0.0004880313645116985,-0.0007367624784819782,0.00797149445861578,0.007821519859135151,-0.00029395415913313627,0.0008136179530993104,0.007553839590400457,0.007979518733918667,1382.7621636104514,35962.72746364808,0.0015799045795574784,1254.5198838089095,35965.87319989947,0.0017058795783668756,0.011101672425866127,0.0018236631294712424,30710.672850947853,18734.073035876478
0.0,-0.04985322028830145,-0.22901489535749212,-0.32349659229702094,-0.3143162497955475,-0.44044466701094886,-0.7146391669252952,0.0,-99.62643304160156,-61.61929705220486,-80.6228650469032,38.0071359893967,-39.10634756088257,-38.951871395111084,-39.029109477996826,0.15447616577148438,-0.0008593578822910786,-5.7563887821743265e-05,0.007982629351317883,0.00764087587594986,0.0006877772393636405,0.00040856111445464194,0.00811130739748478,0.007801420520991087,1350.685462506416,35969.90476864572,0.0015306483255699277,1359.1117858647417,35770.98035857663,0.001542898011393845,0.010749579407274723,0.0017121783457696438,31012.74618869415,17814.489851029983
-0.18993555716076926,0.28070075981563425,0.7269287905408633,0.3287674369627024,-0.31358517163047017,-0.07550582307328202,0.24789319582477315,-0.5413317351310386,-87.10557024243934,-52.41046259343062,-69.75801641793498,34.69510764900872,-38.90175819396973,-38.26404333114624,-38.58290076255798,0.6377148628234863,0.00017114907677751034,-0.0008901715045794845,0.007775616366416216,0.008215286768972874,0.0008894589263945818,0.00038837463944219053,0.008854839950799942,0.008354063145816326,1367.0645113735045,35966.53762589906,0.0016432520933449268,1391.7378016876883,35958.48563596623,0.001621156232431531,0.01126309297978878,0.0014695408754050732,30726.556939421815,18291.80878821183
0.5457611842867895,0.3441655481409163,-0.02727591677259765,0.5136826760003348,0.9510041022256469,0.2025001052020744,0.1951851425880795,0.0,-89.82136468913124,-58.2854488285212,-74.05340675882621,31.535915860610046,-36.685988903045654,-36.89324617385864,-36.78961753845215,-0.20725727081298828,-1.3798693544231355e-05,0.0010443797800689936,0.010121664963662624,0.010533188469707966,0.0008887003641575575,0.0007040475029498339,0.010325274430215359,0.009828263893723488,835.9789650507987,35844.409737914306,0.0014913328923285007,1058.1598410830968,35927.32594954575,0.0013523346278816462,0.014833992347121239,0.0018609517719596624,30722.195987360457,18396.071806682718
-1.0,-0.8372185396550605,-0.01257181709800581,0.45522467385942594,0.1708357123412164,0.047237738638352955,0.6074298312031685,0.8799439615319746,-86.78197480176493,-59.269456777339826,-73.02571578955238,27.512518024425106,-36.37194871902466,-36.20774507522583,-36.289846897125244,0.16420364379882812,0.00024804347776807845,0.0011904318816959858,0.010578312911093235,0.010825518518686295,-0.0010343017056584358,-0.000662994512822479,0.011202091351151466,0.01060469914227724,1089.8999148796586,35904.25500390843,0.0014504286227747798,853.4244948525828,35967.89365303267,0.001399166532792151,0.014997851103544235,0.002161311451345682,30720.45119311214,19030.544355058806
0.9679676405085985,0.8135413017431191,-0.09747318054954952,-0.12453245616730177,0.5396206297268,0.42280251389282153,-0.42204408466686644,-0.5941104651046907,-104.71925545776162,-57.513941304970075,-81.11659838136585,47.205314152791544,-35.806336402893066,-35.77198505401611,-35.78916072845459,0.034351348876953125,0.00038765830686315894,0.0011866465210914612,0.011368840001523495,0.011481914669275284,-0.0012827619211748242,-0.0001718695421004668,0.01176363043487072,0.0111656179651618,896.2380377398116,35808.2273835338,0.0012589708203449845,871.703016215288,35901.71175253363,0.0013774168910458684,0.015950791537761688,0.0026496367063373327,30713.864599143424,18438.910654100186
-0.4565796575312062,-0.5648117236645147,-0.03609343524697184,0.6330621499241104,0.16266895122852593,-0.3654841004024022,-0.10758273296243648,0.21890772891054378,-92.47061821171945,-65.31770290747255,-78.894160559596,27.152915304246903,-35.87482452392578,-35.99360704421997,-35.934215784072876,-0.11878252029418945,0.0010017354506999254,-0.0007954516331665218,0.011165025644004345,0.011499561369419098,-0.0004236082313582301,-0.0011855429038405418,0.011139370501041412,0.011219984851777554,852.6019768593374,35894.61720593755,0.0013840195024386048,1060.8945616011058,35877.255987018085,0.001258887816220522,0.01602672040462494,0.0023137840908020735,30982.11232903144,17881.510981237294
0.9356127371740778,0.9332532510500149,0.6073420189635411,0.21128820266338405,0.06702321450771237,-0.13100892818489868,-0.5532681620647047,-1.0,-99.18440844858782,-50.89508306002938,-75.0397457543086,48.28932538855844,-35.761070251464844,-35.73370695114136,-35.7473886013031,0.027363300323486328,0.0012620084453374147,-0.0002179767470806837,0.01163534726947546,0.011330206878483295,-0.0010150441667065024,0.0008115957607515156,0.011345814913511276,0.011689999140799046,997.61296622613,35884.953367134636,0.0012844745069742203,1130.1366909250764,35886.27289972841,0.0013994205510243773,0.015876194462180138,0.002514264779165387,30994.969233831416,18536.043611617453
-0.008863655451392893,-0.0066053345302781175,0.9977432397525949,0.9886081810946625,0.9780886831904706,0.9675580759125415,0.957101959372092,-0.03936133704302307,-96.72637446303048,-57.80002281769423,-77.26319864036236,38.926351645336254,-35.980308055877686,-35.92545032501221,-35.952879190444946,0.054857730865478516,-0.0008058769744820893,-0.0009590557892806828,0.011375077068805695,0.01101673860102892,-0.00100306561216712,0.0004682383732870221,0.011342072859406471,0.011210250668227673,1017.6966647568614,35969.7010977853,0.0014072353951632977,1090.6054016061023,35810.56217326036,0.0014529479667544365,0.015608269721269608,0.002539521548897028,30713.85765756737,19305.77444406143
0.910283620917786,0.9954186205015212,-0.18982295857654852,0.4773010978447963,0.3535103722103142,0.4478191421130861,0.33165732571382706,-0.031048573388093716,-90.81709117093334,-48.0070580182213,-69.41207459457732,42.81003315271204,-36.27855062484741,-36.341097354888916,-36.309823989868164,-0.0625467300415039,-0.0007678732508793473,-0.000954214483499527,0.010978339239954948,0.010656427592039108,0.0011371022555977106,0.00042593927355483174,0.011047033593058586,0.010426103137433529,830.7588602323772,35936.45857757865,0.0014411311130970716,1102.7817139351632,35932.37909785798,0.0014299334725365043,0.015270460397005081,0.0023906510323286057,30711.57389797155,18696.16764309796
-0.052871529733645374,-0.052037490434333866,0.011266673146320537,0.09663034392464234,0.08601304205822374,0.05353126165082752,0.08025493599281447,0.0,-88.89122992543231,-66.07726533048407,-77.48424762795818,22.813964594948246,-37.02839136123657,-37.15579271316528,-37.09209203720093,-0.12740135192871094,0.0004120907688047737,-0.0008743115467950702,0.009740465320646763,0.010120037943124771,0.0007245258893817663,0.0006647305563092232,0.009913642890751362,0.009656524285674095,874.8978499628647,35834.54993489487,0.001461846404708922,996.4682302222328,35836.28367738969,0.0014092159690335393,0.013992518186569214,0.0019080996280536056,30972.381726089792,18095.675059665547
-0.08442972650839287,0.21383476747141916,0.829797604555238,0.5273118282969347,-0.2918733364486144,-0.43920996635537757,-0.1840586115611728,-0.9629800655875971,-89.15995069228723,-54.42954988757816,-71.7947502899327,34.73040080470906,-37.49892473220825,-37.13610649108887,-37.31751561164856,0.36281824111938477,-0.0010304164607077837,-0.0002789694699458778,0.009667822159826756,0.009125000797212124,0.0003768256865441799,-0.001045704004354775,0.009508704766631126,0.010085591115057468,1316.0425704889503,35914.19551534683,0.001518120407126844,1122.4789721907885,35886.89570594016,0.0014612778322771192,0.013040730729699135,0.00206923158839345,30774.616779077878,18048.327444858412
0.42407496265651984,0.2399936614033428,-0.14147606600982673,-0.10678293626150975,0.30064470491189266,0.2559909777217545,-0.11530674550778508,0.0,-105.81797516129396,-63.85271730795915,-84.83534623462656,41.965257853334805,-35.32175064086914,-35.265235900878906,-35.29349327087402,0.056514739990234375,0.0002536553074605763,-0.0012997653102502227,0.011777658015489578,0.012376576662063599,0.0013747501652687788,-0.0001254384551430121,0.012360257096588612,0.011950364336371422,1002.946271635659,35881.72646847734,0.001266201725229621,902.8505843997419,35848.76517270211,0.0012671775184571743,0.017143305391073227,0.0025310921482741833,30478.118581949064,18737.416844818443
-0.9927680048535088,-0.9555409118576793,-0.18956989972165605,0.5762699230439378,0.2885836664592144,-0.06297244215004394,0.5257520806406839,0.8254475570707939,-87.37931930346178,-62.498454336801956,-74.93888682013187,24.88086496665983,-34.67032194137573,-34.74167585372925,-34.70599889755249,-0.07135391235351562,0.0012892383383587003,-0.0007023207726888359,0.012949410825967789,0.013089116662740707,-0.0010299625573679805,0.0010251798667013645,0.012645985931158066,0.013174795545637608,934.9297851104899,35906.95217268557,0.0013139917282387614,919.8135377798724,35867.03733793749,0.0012466316111385822,0.018200289458036423,0.002884168876335025,30991.518939093683,18170.07022066453
0.9632885337895509,0.8054796767416359,0.01804674108004825,-0.34437117429047376,0.3053694138579509,0.18425983945224877,-0.6994320949614972,-0.9069423301298817,-107.2229356726599,-58.93120731213253,-83.07707149239621,48.29172836052737,-34.77123498916626,-34.74841117858887,-34.75982308387756,0.022823810577392578,0.0010690330527722836,0.0009168456308543682,0.013129004277288914,0.01260862872004509,-0.0002026359288720414,-0.0014451293973252177,0.012706034816801548,0.013096380978822708,977.9916367378803,35885.89565768073,0.0012591758277267218,876.162429824799,35862.7924784204,0.0012855124659836292,0.01776433177292347,0.0027020606212317944,30744.6621954097,18466.4090092661
-0.17658792056221384,-0.29221587441432295,-0.3663732116307864,0.018588046027298383,0.0,-0.6035477861887802,-0.9758716394574466,0.0742763639917764,-90.72071023424769,-52.9552551890463,-71.83798271164699,37.76545504520139,-36.06534242630005,-36.143505573272705,-36.10442399978638,-0.07816314697265625,-0.00021758310322184116,0.0012396881356835365,0.01078217476606369,0.011384119279682636,0.00047162064583972096,-0.0009596464224159718,0.010782205499708652,0.011208250187337399,1067.4469595187466,35891.62745806017,0.0013783177128061652,1072.2961357983515,35849.42083189611,0.0014430402079597116,0.015759287402033806,0.0019141568336635828,30724.615135064403,18336.26134073557
0.9557190055653343,0.9405028714753053,0.7505342929599469,0.34558227113536155,0.007553970062339432,-0.2520382965253308,-0.5199438698535779,-1.0,-98.11874427080022,-47.345550337448,-72.73214730412411,50.77319393335222,-36.3786506652832,-36.639158725738525,-36.508904695510864,-0.26050806045532227,-0.0010839366586878896,0.0005081433919258416,0.010678854770958424,0.010711894370615482,-0.001059611327946186,0.0004674256779253483,0.010370311327278614,0.010388827882707119,1060.9791122626282,35860.467779995786,0.0013208737364038825,1093.0282603909347,35967.155032226285,0.0014922989066690207,0.01512352004647255,0.0023605315946042538,30983.51659991283,17858.24920520535
0.0486048837541813,0.0378401836314486,-0.1539128215702622,-0.24488981175700084,-0.24701022100977657,-0.3993188213380166,-0.7264876265821573,0.0,-95.72425278471707,-57.11230255602757,-76.41827767037232,38.611950228689494,-36.51792049407959,-36.40251159667969,-36.46021604537964,0.11540889739990234,0.0011794422753155231,6.899575964780524e-06,0.010748177766799927,0.010297366417944431,8.984193846117705e-05,0.0010521155782043934,0.010477353818714619,0.010865742340683937,1072.8445201352997,35863.893100783374,0.0013416878646239638,901.1153744654728,35860.82576046144,0.0013867082307115197,0.014409512281417847,0.002188920509070158,31013.753683889794,17743.49099186232
0.5461766745552561,0.6807381819061814,0.839607791901819,0.33669692737890844,-0.1653306921935357,-0.21698000022794717,-0.292828841681036,-1.0,-95.8565850995515,-52.3855335043242,-74.12105930193785,43.471051595227294,-36.05491399765015,-35.96336126327515,-36.00913763046265,0.091552734375,0.0012541497126221657,7.160905806813389e-05,0.011360358446836472,0.010834978893399239,-0.0012523082550615072,0.0002084584120893851,0.011367371305823326,0.011067423969507217,872.2562775749078,35873.98310531329,0.0014007912250235677,931.3662546970094,35929.19147811362,0.0014063866110518575,0.015396884642541409,0.0023855192121118307,31011.659644427353,17729.6598862796
0.0,-0.02833701315804326,-0.16478529669231218,-0.2599520687554962,-0.30425811268787006,-0.4383575017163609,-0.631381867363835,0.0,-103.05431477491032,-66.39203292848028,-84.7231738516953,36.66228184643005,-35.7448410987854,-35.88783502578735,-35.81633806228638,-0.14299392700195312,0.00124877761118114,-0.0001981561945285648,0.011652212589979172,0.011358523741364479,0.001128366100601852,0.00013821947504766285,0.011565901339054108,0.01107692252844572,894.4544236591707,35876.18633640195,0.0012686029076576233,1079.3838355040032,35786.55468247356,0.001297810929827392,0.016149554401636124,0.0023827769327908754,31236.576526722416,19882.849113850705
-0.18474156059011548,0.07575905569533958,0.5521096134357732,0.39785798206544504,0.07415357740332576,0.10537486216520714,0.40067729773447275,0.0,-84.15873505123494,-53.49126433368497,-68.82499969245995,30.667470717549975,-36.00664138793945,-36.19387149810791,-36.10025644302368,-0.18723011016845703,0.0005778654012829065,0.0011252729455009103,0.011206131428480148,0.01111877802759409,0.0007928698323667049,-0.0009510837844572961,0.010658737272024155,0.011183925904333591,1139.5570253063506,35903.36247881337,0.0014195526018738747,1141.637319156746,35878.51481574251,0.0014224228216335177,0.015664590522646904,0.0023805692326277494,30718.70354264835,18433.54912594013
