0.0377443990841025,0.06134853654160789,-0.0685250632610761,-0.023617725144755353,0.20491681608483947,0.10286348332882544,0.11060652832679085,0.0,-39.49905179221577,2.386595413025958,-18.556228189594904,41.885647205241725,-27.79477596282959,-27.5514817237854,-27.673128843307495,0.24329423904418945,0.0008627623901702464,0.0030829026363790035,0.02850574068725109,0.028961319476366043,0.0011285627260804176,-0.003114809049293399,0.028672153130173683,0.030401581898331642,272.5163433795973,35831.00944528764,0.0010956523474305868,317.13602668542256,35859.30888495954,0.0010854137362912297,0.04143163189291954,0.00429889652878046,30729.527641070712,18661.13693637396
-0.047233693766567685,-0.09246119573384412,0.359927879178013,0.4824890425636797,0.2028394861748731,0.038430282233061164,0.10195337707920227,0.0,-35.92524265479028,-0.812055137586583,-18.368648896188432,35.1131875172037,-26.821024417877197,-26.822288036346436,-26.821656227111816,-0.0012636184692382812,0.0005264804349280894,0.003573476104065776,0.03165639564394951,0.03261950612068176,-0.0034200907684862614,0.001161500927992165,0.03230052813887596,0.03197234869003296,287.661961140292,35840.18966341925,0.0010659918189048767,300.8239304534798,35864.70309804296,0.0010788710787892342,0.045781947672367096,0.004206743557006121,30977.200326607566,18404.433413991268
0.9935563264110548,0.9555404954315819,0.5989922153564605,0.19398707496432577,0.0974065454723495,-0.022097109558576022,-0.5097433725856672,-1.0,-39.66237751548499,6.184092638114123,-16.739142438685434,45.846470153599114,-27.119524478912354,-27.098588943481445,-27.1090567111969,0.020935535430908203,-0.0025205672718584538,0.0023281974717974663,0.03052421659231186,0.031584762036800385,0.003204301232472062,0.001427271869033575,0.032031718641519547,0.03020169958472252,289.03700908945564,35865.45418747873,0.0010801330208778381,391.7919308993558,35835.448672972234,0.0010796714341267943,0.04262678325176239,0.0055720191448926926,31250.191320266043,17265.81336212504
0.007184726501396652,0.0,0.043894637823204366,0.1608016740580346,0.3088802126163725,0.07381459498617099,-0.06416151956075977,0.0,-33.098860996947224,3.9483576223413763,-14.575251687302924,37.0472186192886,-27.254486083984375,-27.22935914993286,-27.241922616958618,0.025126934051513672,0.002861435990780592,0.0018852478824555874,0.03136897087097168,0.029764920473098755,0.00252894195728004,-0.002342254389077425,0.030106784775853157,0.031214138492941856,411.0325133859277,35862.79696924184,0.0011065243743360043,433.1493800342813,35837.7520981691,0.001099834917113185,0.04385607689619064,0.005560321267694235,30475.222203879155,18441.46615338673
0.9875817557874107,0.9633526545784179,0.7797430964611157,0.35930360727621735,-0.01084435792963323,-0.13216110289086264,-0.39813101045862453,-1.0,-42.02357031936347,3.769746843074472,-19.1269117381445,45.793317162437944,-27.02883243560791,-27.080118656158447,-27.05447554588318,-0.05128622055053711,0.003457237733528018,-0.0005696169100701809,0.03181244060397148,0.030947551131248474,0.003395968582481146,0.0008936241501942277,0.03207697346806526,0.030290720984339714,335.3661409096528,35861.35638802674,0.0010880775516852736,293.56495664919254,35858.114356757585,0.00110328767914325,0.042942825704813004,0.00820932537317276,30921.980963302653,18495.015342674636
-0.00987178921080329,0.0,0.010973742065750858,0.10497836237256805,0.18088836717837953,0.055755223793642006,0.004719842903876281,0.0,-39.54777085025549,-2.4275947740591732,-20.98768281215733,37.120176076196316,-27.260513305664062,-27.193892002105713,-27.227202653884888,0.06662130355834961,0.0029140952974557877,0.0017627088818699121,0.03136277571320534,0.029729977250099182,0.002931184135377407,-0.0018330367747694254,0.030535519123077393,0.03104468621313572,231.59841061562608,35867.877298492196,0.001103547983802855,290.7529280639716,35828.686788346764,0.0010897343745455146,0.043474771082401276,0.0060578505508601665,30472.344252462186,18544.42786158842
0.5031090652641008,0.36434401764408886,0.9737364269021918,0.42847403675753076,-0.22549845080653363,-0.013629402418280867,0.22194044689837178,-0.21748037219949612,-39.7976048465718,0.7208739360706033,-19.5383654552506,40.518478782642404,-27.230520248413086,-27.216062545776367,-27.223291397094727,0.01445770263671875,-0.001198377227410674,0.003221212886273861,0.029766269028186798,0.031532108783721924,0.003092600964009762,-0.0015606691595166922,0.030614351853728294,0.03080889768898487,329.2296902358786,35858.713970002966,0.0010765169281512499,360.8450073409279,35811.62543317908,0.0010788057697936893,0.04269400238990784,0.003607492195442319,31230.05467713771,17622.282703460616
-0.35910013898634197,-0.37821594476337694,0.03960968283687896,-0.013051792234531422,0.7958641808975254,0.9648553522005965,0.5970249528315789,0.8156159891152923,-43.04570407566885,2.8948495239586123,-20.07542727585512,45.940553599627464,-27.255184650421143,-27.217938899993896,-27.23656177520752,0.037245750427246094,-0.0019233401399105787,-0.0027757049538195133,0.030885394662618637,0.03026699274778366,0.0033095311373472214,0.0010147409047931433,0.031594909727573395,0.029789019376039505,310.44312148352435,35866.743778954355,0.00107876758556813,330.3891833808434,35816.90045619395,0.0010897067841142416,0.04427950084209442,0.005228632595390081,30478.95653912086,18346.528490141376
-0.10702700098758491,-0.0793154620333088,0.13565056041058593,0.3554298052217329,0.32061224256823034,-0.005611322885882231,-0.03421073804687025,0.0,-32.54958153145975,3.1278901251167213,-14.710845703171515,35.67747165657647,-27.095513343811035,-27.085790634155273,-27.090651988983154,0.009722709655761719,-0.0014782880898565054,0.0031778542324900627,0.03022366762161255,0.03203289210796356,-0.0029605701565742493,0.001880423165857792,0.030897829681634903,0.03145246207714081,423.1219359637634,35845.85138780314,0.001091770944185555,314.02416629056137,35815.66671784171,0.0010824856581166387,0.04284399747848511,0.004232677165418863,31236.71380008124,17392.579563443993
1.0,0.9864957554177937,0.49500353094751526,-0.01601226845015649,0.013443948866794841,0.09979884104803172,-0.31910693961951603,-1.0,-41.201463476767,2.776568999569861,-19.21244723859857,43.978032476336864,-27.13068723678589,-27.157058715820312,-27.1438729763031,-0.026371479034423828,-0.0010299846762791276,-0.0032977010123431683,0.030821947380900383,0.0312119759619236,-0.0018242821097373962,-0.0029652961529791355,0.03116360306739807,0.030677413567900658,423.46250205371445,35858.84348613903,0.001097385655157268,321.10134077695614,35844.46092504357,0.0010963790118694305,0.04481735825538635,0.004786055069416761,30728.265741973337,18853.145220449263
-0.0018601440161039838,0.0,0.02506730499908985,0.16811846304045308,0.2373135416317237,0.10714683907996186,0.0015981989906170835,0.0,-35.78193040620249,-0.14883713169103885,-17.965383768946765,35.63309327451145,-27.2304368019104,-27.232532501220703,-27.23148465156555,-0.0020956993103027344,-0.0023409519344568253,0.00250188447535038,0.03002201020717621,0.031290460377931595,-0.0026796571910381317,0.002164122648537159,0.030195944011211395,0.031105970963835716,278.8046080226317,35862.541768716146,0.001095403335057199,280.5966652135222,35820.154140040046,0.0010882116621360183,0.041973475366830826,0.005696955136954784,31250.502632178082,17245.503819059388
0.9506572549553625,0.9166287085872062,1.0,0.3038230119776214,-0.14391675881000107,-0.021197225800439867,-0.2862705767170653,-1.0,-36.529859874951285,5.683980772361394,-15.422939551294945,42.21384064731268,-27.222845554351807,-27.27930784225464,-27.251076698303223,-0.05646228790283203,-0.0022382072638720274,0.0026084869168698788,0.029998740181326866,0.03136439993977547,-0.002118755364790559,0.0027028359472751617,0.029730692505836487,0.03122933954000473,341.3637477265899,35849.363684217795,0.0010867895325645804,309.2056249624563,35823.317836383096,0.00108672387432307,0.041957397013902664,0.005328522529453039,31245.051026861704,17282.437064065056
0.12256524333538911,0.06793016633200188,-0.14079664597736707,-0.022822183752130493,0.2693784171883398,0.15671135012328818,-0.13079878116424049,0.0,-39.60526587792424,1.4825960667973277,-19.061334905563456,41.08786194472157,-27.200586795806885,-27.22886562347412,-27.214726209640503,-0.028278827667236328,0.0029169649351388216,0.0017522963462397456,0.031564339995384216,0.02995523437857628,-0.0025640451349318027,-0.00232651736587286,0.03133593872189522,0.0299818217754364,358.47690936013726,35861.84456117986,0.0010765991173684597,365.8079689366068,35824.91902917801,0.0010915232123807073,0.04392693191766739,0.00625991215929389,30471.73036572372,18570.332512894758
-0.04865708874327873,-0.17600814779614365,0.45459063577378966,0.35340090574949035,-0.020969803065151532,-0.44085231860872054,-0.06968539726270984,0.0,-34.611691814123645,1.458152765714999,-16.576769524204323,36.069844579838644,-27.341742515563965,-27.36725091934204,-27.354496717453003,-0.025508403778076172,-0.00031209393637254834,0.0033888909965753555,0.029504988342523575,0.031018532812595367,0.0033706065732985735,-0.00047508429270237684,0.030649028718471527,0.02970731630921364,413.70793620016246,35847.127558927816,0.0010777347488328815,363.1273254551033,35806.8380865932,0.001083267037756741,0.04249310493469238,0.0033982896711677313,31226.748490185273,17921.219484340912
0.6477846384708968,0.5496483405025995,-0.07204255896014557,-0.14868024174193215,0.4071070596305133,0.47439305257748854,-0.07171752701909029,-0.1696495395729759,-40.19756038771337,4.7423148655103375,-17.727622761101514,44.939875253223704,-27.39657163619995,-27.4360990524292,-27.416335344314575,-0.03952741622924805,-0.00036416418151929975,0.003312168177217245,0.02934514731168747,0.03080417774617672,0.00245660450309515,-0.002309388481080532,0.02938457764685154,0.03049289435148239,356.46492890862993,35856.739696158074,0.001076549175195396,295.6830131256215,35848.81974732273,0.001099486486054957,0.04284435510635376,0.003723517758771777,30980.19990005095,19021.337426919123
-0.010449337845794729,0.0,0.08558656687894074,0.22427422031159347,0.1689740697787535,-0.022035614966199824,-0.009037051305070598,0.0,-37.4935712008093,-1.2148547173047177,-19.35421295905701,36.27871648350458,-27.502965927124023,-27.467901706695557,-27.48543381690979,0.0350642204284668,0.0026251585222780704,-0.0020481173414736986,0.029307276010513306,0.030117487534880638,0.002141190692782402,0.00258873519487679,0.030291223898530006,0.029370512813329697,258.4433178970247,35875.67068317159,0.0011207835050299764,286.28917422409063,35828.073268559914,0.0010911235585808754,0.04028615355491638,0.006493719760328531,31263.60229878904,17214.244335636497
0.9504819180244517,0.867198407315409,0.9808499343773047,0.10083859295725262,-0.26946907485753335,0.007525523723093119,-0.1721523612353537,-1.0,-41.294786352734434,3.426442994254842,-18.934171679239796,44.721229346989276,-27.55732774734497,-27.56606101989746,-27.561694383621216,-0.008733272552490234,-0.003042498603463173,-0.0012650631833821535,0.03035547584295273,0.028681833297014236,-0.0016038757748901844,-0.0029166778549551964,0.02965119667351246,0.0293455608189106,310.4842963388409,35861.655481754635,0.0010800057789310813,399.83310392215066,35833.52149583052,0.0010897184256464243,0.041415780782699585,0.0066189952194690704,30468.288377359564,18693.292935202982
-0.0031443556744782733,0.0,-0.05140337470968444,0.09991532708367262,0.18989334124605678,0.04619447893441708,-0.0792251926206251,0.0,-39.52290580984692,-1.0561562887113212,-20.28953104927912,38.4667495211356,-26.91619873046875,-27.908382415771484,-27.412290573120117,-0.9921836853027344,0.0030128005892038345,-0.0018613458378240466,0.031542424112558365,0.032041702419519424,0.0029990803450345993,0.00109357968904078,0.029180513694882393,0.027513444423675537,283.63772890845337,35870.4995254878,0.0010958400089293718,353.0269479673029,35816.29904973364,0.0010929617565125227,0.04337649419903755,0.0073150708340108395,31274.166847378758,17238.583035062336
0.9882730109644133,0.9085655608675233,0.9177029570607551,0.14372224423574004,-0.08837925220466267,-0.27475975877645087,-0.3744241924801161,-1.0,-36.9954576258865,3.1607692770658673,-16.917344174410317,40.15622690295237,-28.018743991851807,-28.11668634414673,-28.067715167999268,-0.09794235229492188,0.0015985481441020966,0.002693027723580599,0.028191732242703438,0.027811624109745026,-0.0018336329376325011,-0.002525125630199909,0.028027361258864403,0.027342382818460464,396.621812449999,35850.143292869514,0.001082668430171907,373.63157127303595,35835.98488325527,0.0010857401648536325,0.040216684341430664,0.004439732059836388,30482.244047463002,18477.86455269202
0.1662097188150031,0.142147469914398,-0.08875480117539536,-0.016668153215925186,0.32698578990207766,0.26154650395578094,-0.011984655852548598,0.0,-40.79879544351837,0.5557954163969043,-20.121500013560734,41.35459085991528,-28.125877380371094,-28.04473876953125,-28.085308074951172,0.08113861083984375,-0.0009970935061573982,0.0028983931988477707,0.026875846087932587,0.028423750773072243,0.0030539550352841616,-0.0006975426804274321,0.028223656117916107,0.02760910429060459,361.62287964138244,35880.900431260096,0.0011067946907132864,272.24294271021193,35877.43807931608,0.0011307328240945935,0.038877762854099274,0.003180157858878374,31228.251080398284,17728.96066397489
-0.20607319429210405,-0.2188091432165468,0.19371829805106655,0.3932444808578826,0.11420709525862,-0.16405255267226526,0.13736814006602294,0.0,-37.18286421030399,-1.7031201533121987,-19.442992181808094,35.47974405699179,-28.11006784439087,-28.081634044647217,-28.095850944519043,0.028433799743652344,0.000387314212275669,-0.0030869501642882824,0.0269810538738966,0.02841784432530403,0.0015572946285828948,-0.0027037723921239376,0.027012310922145844,0.028565362095832825,243.89023264477117,35843.21603350129,0.0010957784252241254,319.45215032764753,35848.96162510239,0.0010706752073019743,0.03907179459929466,0.0032050046138465405,31226.859123631402,17948.933178420542
0.29986366366224837,0.13006878715945244,0.10099634200320544,-0.21965871900895328,0.2007752428564814,0.48684289865897745,0.2158069233979606,-0.07397590339554505,-42.41882489266487,3.162296036215821,-19.628264428224526,45.581120928880694,-28.070449829101562,-28.10159206390381,-28.086020946502686,-0.031142234802246094,0.003085528267547488,-0.00018618431931827217,0.028339141979813576,0.027326349169015884,0.002615449484437704,0.0017030411399900913,0.028472455218434334,0.026978272944688797,326.78785213386516,35837.20907168429,0.0010803284822031856,311.84755306931453,35873.582891758415,0.0010914865415543318,0.037882424890995026,0.007419661618769169,30930.690953022917,18523.375633467625
0.0558032772927053,0.0,0.15435699111618212,0.3412495997864454,0.3269434544740051,0.09627428249901365,0.008327892988932217,0.0,-37.49359910133825,0.6194341648393333,-18.437082468249457,38.11303326617758,-28.091108798980713,-28.093984127044678,-28.092546463012695,-0.0028753280639648438,-0.0026787007227540016,-0.001576769631356001,0.02852214314043522,0.026996605098247528,0.00033855796209536493,0.0031060948967933655,0.027288924902677536,0.02822260372340679,284.1737186876916,35822.10333758704,0.001067242119461298,395.08456445297986,35855.50743781245,0.0011032001348212361,0.039778515696525574,0.005431066267192364,30473.06093251861,18517.419752113834
0.9969635398909374,0.9959149719664699,0.8054871578950235,0.297522405053151,0.08698890415540389,-0.1206014139309472,-0.4492289667947843,-1.0,-40.04812937622222,5.534888853780387,-17.256620261220917,45.58301823000261,-28.09537649154663,-28.09391736984253,-28.09464693069458,0.0014591217041015625,0.0028333996888250113,-0.0012635490857064724,0.027753595262765884,0.027759315446019173,0.0004541529924608767,-0.003077393863350153,0.02701648510992527,0.02848544344305992,403.9288048710133,35848.32763094241,0.0011096291709691286,329.9972495634014,35879.76517092536,0.0010806098580360413,0.037576429545879364,0.006877964828163385,31059.877885174294,17592.658915487213
0.05493659709985722,0.0,-0.058485466207186705,0.11744350001308307,0.23784528958619844,0.034045923683738155,-0.0767824536104672,0.0,-38.32494741980372,1.5164326546205302,-18.404257382591595,39.84138007442425,-28.074698448181152,-28.128867149353027,-28.10178279876709,-0.054168701171875,-0.002355644479393959,0.002021655673161149,0.02738223224878311,0.028256747871637344,-0.0004682876169681549,-0.0030722497031092644,0.02723938226699829,0.028051985427737236,333.3388173100383,35831.456432404855,0.0010841678595170379,231.35214847037443,35854.92287513027,0.0011065901489928365,0.03788532316684723,0.005476534366607666,31256.132190921988,17229.43754123781
0.9038338610207908,0.8257267648044606,0.9768646322229476,0.4956762328534683,-0.23366499863809745,-0.4507220605120068,-0.16871239224452572,-0.6664846156712907,-36.54429210386712,1.415946011260587,-17.564173046303267,37.96023811512771,-28.100321292877197,-28.069682121276855,-28.085001707077026,0.030639171600341797,0.0029015049804002047,0.00113309093285352,0.02854125201702118,0.02691461704671383,0.0006176683236844838,0.0030632775742560625,0.0274940375238657,0.028177643194794655,348.8747443801148,35802.129651194664,0.0010812832042574883,274.3871102931783,35837.429017105766,0.001068227575160563,0.03926744684576988,0.005896955728530884,30470.27737111021,18618.19046212862
0.0,0.015752705313081695,-0.07231840435358572,-0.09472591038618047,0.14026077400109493,0.2153182177861962,0.08105406819231964,0.0,-39.99532571591985,3.6904037536822614,-18.152460981118793,43.68572946960211,-28.1256365776062,-28.114407062530518,-28.12002182006836,0.011229515075683594,0.0018228015396744013,-0.0024635002482682467,0.026989329606294632,0.028317585587501526,-0.0029547931626439095,0.0010000865440815687,0.02783471904695034,0.02755330502986908,345.37663021059114,35809.91443289548,0.0010866326047107577,252.4526372705072,35844.8293445523,0.0010889237746596336,0.03799950331449509,0.003756909631192684,31239.44825964715,17393.639043156818
0.0028727802082136183,-0.03645363878363537,0.482776853989122,0.4745537242702224,0.1046276357334478,-0.10364372693593082,0.06598410873274341,0.0,-36.864148025068175,0.07867309295011182,-18.39273746605903,36.94282111801829,-28.104639053344727,-28.143198490142822,-28.123918771743774,-0.0385594367980957,-0.0027596992440521717,0.0014484924031421542,0.027614425867795944,0.027836885303258896,-0.0009637365583330393,-0.002954373601824045,0.027439957484602928,0.027764705941081047,385.28409456975845,35812.344000960635,0.0010668081231415272,369.81072473876515,35850.54864876698,0.0011085832957178354,0.03773488476872444,0.006999223958700895,31060.87283611551,17584.352730180064
0.9970314941209905,0.97479554264774,0.4741083617265852,-0.15713547065283667,0.03418559974916591,0.05669960126724016,-0.5505026808253555,-1.0,-42.8009347911439,2.8820801550495503,-19.959427318047176,45.68301494619345,-28.146851062774658,-28.09772491455078,-28.12228798866272,0.04912614822387695,-0.00031927917734719813,0.0030524986796081066,0.026917601004242897,0.02825280651450157,0.00021559157175943255,0.0031242037657648325,0.027220051735639572,0.028264641761779785,409.3421110134815,35850.98735591007,0.0010946049587801099,288.2553359338167,35829.86574053675,0.0010896569583564997,0.03904661536216736,0.0035092283505946398,30978.764547774244,18395.00564205079
-0.015209677750215957,0.0,-0.0037276210382346103,0.2060667197679449,0.2786355634031733,0.009709907090834247,-0.0971414076758782,0.0,-34.79417533136365,3.2911057398587786,-15.751534795752434,38.085281071222425,-28.143916130065918,-28.13934326171875,-28.141629695892334,0.004572868347167969,-0.0028721140697598457,0.0011255231220275164,0.02767155133187771,0.027531860396265984,0.0019174912013113499,0.002447213279083371,0.02800406701862812,0.027220504358410835,415.557455759522,35840.17943325315,0.0010805565398186445,324.7385809007963,35804.83504991948,0.0010948338313028216,0.037306059151887894,0.007369374390691519,31121.9921426061,18180.84756985092
0.9458768827688746,0.9531380142180105,0.7699153100917006,0.2570715997068325,-0.15233019892388722,-0.18894764932100683,-0.4919422080303296,-1.0,-39.55817940619872,3.3522844473179134,-18.102947479440402,42.91046385351663,-28.161542415618896,-28.14340353012085,-28.152472972869873,0.018138885498046875,-0.0014941480476409197,-0.0026931194588541985,0.027688534930348396,0.027402253821492195,-0.0031148178968578577,5.700486508430913e-05,0.02816985361278057,0.027021633461117744,306.2641683618723,35864.52002263584,0.0010883042123168707,329.39527150886653,35813.56270277088,0.0010821674950420856,0.03983532637357712,0.004416417330503464,30482.00804031171,18446.517700017634
0.009294292212291576,-0.008689518640049224,-0.06085988121288034,0.15021916063449234,0.22349585270581201,0.1152000719561907,0.02910998755841787,0.0,-39.16267208320062,-1.0126516119922258,-20.087661847596422,38.15002047120839,-28.125159740447998,-28.182079792022705,-28.15361976623535,-0.05692005157470703,0.001989638665691018,-0.002363174455240369,0.027030466124415398,0.02827862836420536,-0.0022537207696586847,0.002108368556946516,0.026972275227308273,0.027978410944342613,373.50786492643635,35860.2446513683,0.0010774376569315791,366.14462760085115,35844.74423955544,0.0010867909295484424,0.03777924180030823,0.004472545813769102,31244.634214438433,17309.694830635675
0.6862010348593608,0.5183498880808981,1.0,0.6934695814830266,-0.24470803689995366,-0.32543973022059636,-0.18421906886020611,-0.8568417278523197,-35.18211397870553,4.890867889426147,-15.145623044639692,40.07298186813168,-28.169498443603516,-28.164284229278564,-28.16689133644104,0.005214214324951172,0.001013313070870936,-0.002905466128140688,0.026714524254202843,0.028303608298301697,0.0005604393081739545,0.003048498649150133,0.027171090245246887,0.02789594791829586,309.13918783894684,35860.23717035822,0.0010674099903553724,342.15867506603524,35849.70616415147,0.0010876812739297748,0.038503244519233704,0.003252318361774087,31232.58799456642,17551.991360858945
0.14367616871131128,0.15968450305318582,-0.0948024580510402,-0.13057021504220118,0.12423989677444897,0.4678629889386866,0.07624482776795383,0.0,-43.10718878175123,1.6434718723380115,-20.73185845470661,44.750660654089245,-28.22373628616333,-28.207004070281982,-28.215370178222656,0.016732215881347656,0.0018645836971700191,-0.0023839883506298065,0.026714520528912544,0.02797294408082962,0.002889692783355713,-0.0010499635245651007,0.027508508414030075,0.027293795719742775,371.4389301390455,35838.84510550935,0.0011031251633539796,326.70188518205015,35869.65340715792,0.0010817920556291938,0.037753500044345856,0.0037629788275808096,31237.955771043205,17411.118399206778
-0.00392485783795245,0.10581543103595266,0.4278578896290909,0.49390301724157865,0.1110420828104643,-0.04043316857989204,0.0018355142065894503,0.0,-33.61254903992776,3.3630074397295857,-15.124770800099085,36.97555647965734,-28.145854473114014,-28.129558563232422,-28.137706518173218,0.016295909881591797,0.002862298861145973,0.0011873508337885141,0.02838868461549282,0.02677740342915058,0.003100720699876547,-0.0002152226079488173,0.028163038194179535,0.027119992300868034,316.1628424803748,35825.173863701864,0.001072662533260882,224.61274801645314,35848.94188056699,0.0010947271948680282,0.03917025029659271,0.005552959628403187,30471.320391949474,18575.297536315145
0.9954885331768146,1.0,0.5929503672051281,0.1305899308369749,-0.0497975977621275,-0.172717218345177,-0.6401400092077633,-1.0,-42.540430512661544,3.8104896382059508,-19.364970437227797,46.350920150867495,-28.093855381011963,-28.063781261444092,-28.078818321228027,0.030074119567871094,-0.0027090373914688826,0.0014806665712967515,0.02763393148779869,0.027889853343367577,0.0021018842235207558,-0.0023260903544723988,0.02723792940378189,0.02846144139766693,384.7568344642671,35805.99143064819,0.0010817331494763494,307.56651812300777,35841.10917386414,0.001082449103705585,0.03771117329597473,0.006277146749198437,31273.797272625237,17315.59198217715
-0.00862926129345671,0.0,0.013058881976016762,0.19945265381370228,0.28091921031988554,0.07614293852986026,-0.056693270386762196,0.0,-34.52256045699846,1.3080092111154045,-16.60727562294153,35.83056966811387,-28.122599124908447,-28.124468326568604,-28.123533725738525,-0.00186920166015625,0.001767907291650772,-0.0025564455427229404,0.026942726224660873,0.028376173228025436,-0.0025463467463850975,0.001801794394850731,0.027338240295648575,0.027982238680124283,418.860997940222,35813.387508510306,0.0010871714912354946,312.5411330783236,35816.75338942512,0.0010982004459947348,0.03781065344810486,0.004297775682061911,31242.133132540264,17313.595434325
1.0,0.9764371520317474,0.7403840418079075,0.42939182127439596,0.19632328553289058,0.30523010085175023,0.12161192875407592,-1.0,-38.70733267891625,6.309905023564312,-16.19871382767597,45.017237702480564,-28.102223873138428,-28.169188499450684,-28.135706186294556,-0.06696462631225586,0.002574366284534335,-0.0010733753442764282,0.02789297327399254,0.027608443051576614,-0.0027333730831742287,-0.0014801030047237873,0.028294797986745834,0.026722276583313942,392.7277692688906,35762.0217148582,0.0011319187469780445,306.8718137725119,35845.981988333435,0.0010972415329888463,0.03791556879878044,0.00741572817787528,30762.108126323696,17919.723958139875
-0.004040963890286804,0.0,-0.053864664751512734,0.03862832536043287,0.13002209613516463,0.009492955670011127,-0.00466046527349917,0.0,-39.30211323069179,1.082834192144901,-19.109639519273443,40.38494742283669,-28.161725997924805,-28.128395080566406,-28.145060539245605,0.03333091735839844,-0.0018867693142965436,0.002413703128695488,0.02689039520919323,0.02818651683628559,-0.002764028962701559,0.0014318202156573534,0.027542274445295334,0.02775709331035614,257.0839259762649,35860.604512718426,0.0011176185216754675,339.7082232138929,35844.66495551571,0.0010974514298141003,0.03776782006025314,0.004155843984335661,31242.644926305675,17344.835819319003
0.1480814129906001,-0.004310986427360282,0.6895635800208281,0.38423466125937994,-0.14382903469318936,-0.15591169091931373,0.20956896384785584,-0.08727628144144384,-38.33885498148993,1.3158986958365233,-18.511478142826704,39.654753677326454,-28.14535140991211,-28.13687562942505,-28.14111351966858,0.008475780487060547,0.0024796780198812485,0.0018389130709692836,0.02827298268675804,0.026904180645942688,-0.002877447521314025,0.0011667727958410978,0.027675461024045944,0.027570802718400955,272.6920175648113,35856.59545305617,0.0010739852441474795,305.0520172162535,35867.83821999384,0.0010932624572888017,0.03939719870686531,0.005106824915856123,30474.87685643173,18454.974305595548
0.8126031470367233,0.7280614941765653,0.14486657519081014,-0.27088277901162167,0.3845522410814912,0.46509989799758966,-0.15609821558649273,-0.3560881093430933,-44.03171722786004,2.605534954564689,-20.713091136647677,46.63725218242473,-28.18711519241333,-28.224387168884277,-28.205751180648804,-0.037271976470947266,-0.00033200441976077855,0.0030259056948125362,0.026801668107509613,0.0281151682138443,-0.0003252170281484723,0.003058023750782013,0.026634670794010162,0.02803966961801052,303.82208720878765,35813.878247186716,0.0010816832073032856,407.0363556990056,35866.47812835401,0.001121311797760427,0.03928249701857567,0.0035722022876143456,30978.553612073723,18547.08803057285
0.006122641245030229,0.0,0.1596471229793463,0.28108832175679727,0.240657933039347,0.06517706596879724,0.0008668259408163292,0.0,-35.20521977683762,2.4930062768819994,-16.356106749977812,37.69822605371962,-28.219451904296875,-28.22218656539917,-28.220819234848022,-0.002734661102294922,0.0029947790317237377,-0.0006558978348039091,0.027672991156578064,0.027048174291849136,1.2446755135897547e-05,0.0030717942863702774,0.02675669640302658,0.027937285602092743,395.2103298793087,35839.07401902517,0.0010702145518735051,274.8875448098631,35844.554742076085,0.001095850602723658,0.03723205626010895,0.0073167309165000916,30929.151484479262,18638.564405014644
0.9582816964033786,0.9795431967930095,0.6650503933758427,0.2336451456254285,0.08706185158417307,-0.0899607583604114,-0.4557796626734812,-1.0,-38.47236249229178,5.162005680058002,-16.65517840611689,43.63436817234978,-28.240573406219482,-28.272042274475098,-28.25630784034729,-0.031468868255615234,0.002864970825612545,0.0010129339061677456,0.028060268610715866,0.026511775329709053,0.0026611515786498785,0.0015436115209013224,0.02795262262225151,0.02641679160296917,470.4275000754836,35861.44357309583,0.0010925779351964593,329.07521076269,35808.06908430853,0.001096306019462645,0.03836577758193016,0.006149400025606155,30466.81748724146,18700.362512913467
0.0,-0.012921527206343826,-0.02394602538284296,0.1461392185675161,0.23947617095088686,0.06550948722171945,-0.07565180424959184,0.0,-37.45040716963791,-0.4868152682569189,-18.968611218947416,36.963591901380994,-28.335015773773193,-28.07311773300171,-28.20406675338745,0.2618980407714844,-0.0025556529872119427,0.0015915491385385394,0.026786936447024345,0.02721445821225643,-0.0026539466343820095,0.0016694973455742002,0.027584755793213844,0.028065703809261322,239.67006237733133,35852.14118240508,0.0010932683944702148,315.1085473669213,35821.853601188035,0.0010863490169867873,0.03666919842362404,0.006445775274187326,31277.480238094253,17389.125226526994
0.9459445810403792,0.8917561590347056,0.6944474296743975,0.3730212818165526,-0.16817219255490112,-0.2487750273374092,-0.32744926844632394,-1.0,-34.85334323226732,6.081484913111126,-14.385929159578097,40.93482814537845,-27.987287044525146,-28.2193660736084,-28.103326559066772,-0.23207902908325195,-0.0030657239258289337,-0.0007122012320905924,0.02887483686208725,0.02731076255440712,0.00270492653362453,-0.0014799528289586306,0.027223918586969376,0.027498701587319374,310.8821254325533,35862.15066663843,0.0010660772677510977,305.2736585928042,35869.31427007662,0.001084637944586575,0.039439670741558075,0.006396550685167313,30466.071237369695,18742.5147269517
-0.9613386690200634,-0.9636298817505444,-0.9212634123508238,-0.6431234729291804,-0.38326129423367783,-0.29723552056773384,0.7560218291205564,0.9792541042761737,-38.69185065124543,0.7536271869115581,-18.969111732166937,39.44547783815699,-29.68637466430664,-29.591104984283447,-29.638739824295044,0.09526968002319336,-0.0020514721982181072,-0.0015618330799043179,0.023660684004426003,0.02254796214401722,-0.0026264553889632225,-1.3807803043164313e-06,0.02386406995356083,0.022854633629322052,351.7778272548596,35808.49906247594,0.0011121066054329276,379.6996213020237,35853.45884312733,0.0011280160397291183,0.03324902057647705,0.004391804337501526,30473.752831695827,18481.540301423698
0.02250226575636633,-0.03473258207157783,0.3963782761041759,0.4182247812487134,0.09017034032960203,0.04412056125037711,0.20445600751895088,0.0,-39.923410180595,-1.533408229931041,-20.72840920526302,38.39000195066396,-27.82017707824707,-27.587690353393555,-27.703933715820312,0.23248672485351562,0.002879976062104106,0.001437982078641653,0.029465435072779655,0.027808645740151405,0.0028759422712028027,0.0016400932800024748,0.030249768868088722,0.0285783838480711,355.62098192757776,35851.70398305751,0.0011036117793992162,252.09576631673318,35832.352498097905,0.001070202561095357,0.04067693650722504,0.005881665274500847,30470.448618326573,18580.762309740137
0.25856687292172414,0.16261047302549864,0.06324347808091417,-0.2267755484908759,0.194982850046778,0.49506327463226196,-0.043474709145010615,-0.22030080624483517,-38.47009714687795,6.0787923104934976,-16.195652418192225,44.548889457371445,-27.614154815673828,-27.67735004425049,-27.645752429962158,-0.06319522857666016,0.0023983893916010857,0.0022084759548306465,0.029932860285043716,0.028732210397720337,0.0032615046948194504,-0.000376643321942538,0.0296027734875679,0.028635995462536812,345.62457973729096,35846.56944495024,0.0010781482560560107,328.3518023171102,35831.945170614934,0.0010856703156605363,0.04207973554730415,0.005277367774397135,30475.787967093485,18424.359266649313
0.09835782807776254,0.0,0.19071100763625118,0.37389102958248566,0.26764972446597296,0.005499570164780365,-0.038873437579292736,0.0,-35.81320769606015,2.2121084487646954,-16.800549623647726,38.02531614482484,-27.687811851501465,-27.676830291748047,-27.682321071624756,0.010981559753417969,0.0021929158829152584,-0.00240463693626225,0.028464380651712418,0.029701923951506615,0.00040307120070792735,0.0032577095553278923,0.028650833293795586,0.029591942206025124,309.0267414446554,35863.254906656126,0.0010748542845249176,408.247980272541,35848.5226095783,0.0010971007868647575,0.03978835046291351,0.005387970712035894,31250.245388118514,17251.042215928715
0.9710037305512869,1.0,0.7983741662278931,0.2206167257545632,0.062377179084232126,-0.06584095735443013,-0.4378003996790124,-1.0,-38.08224133195091,6.238509836732533,-15.92186574760919,44.320751168683444,-27.582542896270752,-27.6037859916687,-27.593164443969727,-0.02124309539794922,-0.002861737972125411,0.0016123573295772076,0.02928440272808075,0.02960463985800743,0.00321915908716619,0.0007304090540856123,0.030186772346496582,0.028533287346363068,220.93889637227502,35904.39043058065,0.001142356893979013,301.7825276451024,35874.07485730166,0.0010938550112769008,0.039941705763339996,0.0071296244859695435,31036.18139053325,17708.53555557617
0.02572297936239844,-0.009301703832875971,0.03825894330214115,0.3517316150413237,0.5408104443645807,0.49849260946351853,0.5994307746302282,0.0,-33.34961523379043,-1.0966538100703929,-17.22313452193041,32.25296142372004,-27.644271850585938,-27.66164541244507,-27.652958631515503,-0.01737356185913086,0.002837801817804575,-0.0005774464225396514,0.029671689495444298,0.028833655640482903,0.0014272014377638698,-0.002959977835416794,0.0283161923289299,0.030011717230081558,390.3444548021198,35718.56231512873,0.0011340966448187828,258.1843683277488,35826.026898886805,0.0011141886934638023,0.04064175486564636,0.007534060161560774,30521.597270059927,18081.939419493185
0.9463874377974606,0.9366406326864927,0.9555954041695942,0.36468016254451835,-0.23157551661196543,-0.4017670061044706,-0.4976559492851783,-0.9146605894695944,-35.70090325419301,5.303482079424327,-15.19871058738434,41.004385333617336,-27.705166339874268,-27.662932872772217,-27.684049606323242,0.04223346710205078,-0.003098553977906704,-0.0009567500092089176,0.029854604974389076,0.028185296803712845,-0.0023249599616974592,0.002327871974557638,0.0285787470638752,0.029752837494015694,359.77121587775093,35870.96562651154,0.0010730072390288115,332.16940492541255,35821.337886079324,0.0010672503849491477,0.040938034653663635,0.006398499943315983,30467.82650629559,18681.74502349332
0.25987553516965484,0.2768264396361165,-0.06591935294524752,0.1171139999116953,0.3046238398896151,0.24488746109949233,-0.00526311207199659,0.0,-38.51786996456167,4.364850801204625,-17.076509581678522,42.882720765766294,-27.737233638763428,-27.665090560913086,-27.701162099838257,0.0721430778503418,-0.0005869056913070381,0.003156626131385565,0.028154456987977028,0.02967766858637333,0.0030140061862766743,0.0012865976896137,0.03000863827764988,0.028296498581767082,324.3743740602559,35865.63591600645,0.00108158600050956,377.2026037831084,35878.77411619687,0.0010925441747531295,0.040609851479530334,0.003267551539465785,31226.25480092134,17966.5131087664
-0.03379636568244814,-0.04628168538427757,0.24850965835400332,0.44402311799098276,0.1934583262946689,0.012534573740886124,0.07108797248382903,0.0,-34.784847552899066,2.644728017324155,-16.070059767787455,37.42957557022322,-27.70514726638794,-27.715275287628174,-27.710211277008057,-0.010128021240234375,0.0029389397241175175,0.001424300717189908,0.02985643967986107,0.02818082831799984,0.001768493908457458,0.002740824595093727,0.029262352734804153,0.02872900851070881,305.8062028686934,35815.857063370764,0.001073808060027659,312.38271841648935,35845.421921411646,0.0010950786527246237,0.04154378920793533,0.0057487147860229015,30472.50650094808,18529.771163777128
0.9865861134886761,0.9836891815563925,0.3649746782117569,-0.2101156143367622,0.009334856871070829,0.23653875623156806,-0.08337408453828965,-0.6922713478774201,-42.380043292999346,2.374915319182435,-20.002563986908456,44.75495861218178,-27.75606870651245,-27.69291400909424,-27.724491357803345,0.06315469741821289,0.0018621118506416678,0.0026149407494813204,0.02917703054845333,0.028545675799250603,0.002574597019702196,-0.0020198107231408358,0.028658702969551086,0.029478587210178375,362.95565078967803,35854.49467327488,0.0010920456843450665,254.08930746741808,35827.953788568,0.0010777692077681422,0.04141263663768768,0.0048897708766162395,30478.3379377703,18365.25096940725
0.03948019442162447,0.0,0.12240130644005774,0.22977609804743876,0.2539307136730122,0.131843457236542,0.04017898138298892,0.0,-40.055130335294905,-1.9048685602573414,-20.979999447776123,38.15026177503756,-27.790703773498535,-27.733612060546875,-27.762157917022705,0.057091712951660156,-0.002626527566462755,0.0018303646938875318,0.02844064310193062,0.029052086174488068,0.0003171982243657112,-0.0032268697395920753,0.02820134535431862,0.029653359204530716,338.00105074392513,35861.35539936328,0.001073281280696392,403.2617895011364,35846.63946293156,0.0011024175910279155,0.038846179842948914,0.006315545178949833,31266.476659494267,17229.07007131828
0.9968690667750676,0.9792187747979224,0.848743415208623,0.39582733455322694,0.05024104655598505,-0.1339574466060658,-0.4333700323607471,-1.0,-38.33304843985667,6.138371809766738,-16.097338315044965,44.47142024962341,-27.753565311431885,-27.74919033050537,-27.751377820968628,0.004374980926513672,0.0006260334048420191,0.0031641037203371525,0.028514955192804337,0.029221907258033752,0.0031837138812988997,-0.0006498374277725816,0.029229329898953438,0.02853427827358246,269.62014492854104,35830.80555863509,0.0010812561959028244,397.4141869684346,35861.28205177546,0.0011152006918564439,0.0415438748896122,0.004100280348211527,30731.015481426915,18742.388949808792
0.0003309997829552243,0.0,-0.06742383302583449,0.03224773356803218,0.18545408564172572,0.1162272060413021,-0.06192383837156634,0.0,-41.669817294054155,-1.7607082558934906,-21.715262774973823,39.909109038160665,-27.781555652618408,-27.739226818084717,-27.760391235351562,0.042328834533691406,-0.001874782145023346,0.00260141515173018,0.028060410171747208,0.029478495940566063,0.0005003637634217739,0.003205904271453619,0.028492826968431473,0.029336053878068924,402.35953025791594,35840.14128874464,0.001092062913812697,274.25884384192165,35844.40413360941,0.00108101696241647,0.039520177990198135,0.004017784725874662,31239.482865785958,17397.313744903193
0.9415511044082038,0.9982985290776004,0.9776546517591294,0.4424571355047469,-0.18476559998992753,-0.42835642543924085,-0.4209104714061399,-0.9433787297983254,-36.27779085867809,5.194990693385648,-15.54140008264622,41.472781552063736,-27.848682403564453,-27.824292182922363,-27.836487293243408,0.024390220642089844,0.002213595435023308,0.0023159654811024666,0.029084505513310432,0.028016347438097,0.0011481230612844229,-0.003022990422323346,0.027774041518568993,0.029469912871718407,404.18664256590444,35848.437625980085,0.0010700831189751625,353.39497712867444,35820.411413072296,0.0010949404677376151,0.041057053953409195,0.004879772197455168,30477.96081983363,18375.09472835693
0.3990313603284089,0.47236834133660466,-0.09796297263652654,-0.18891574242242531,0.26253887733572073,0.3089463043116568,-0.2565935834835371,0.0,-42.604146919430036,0.8918508652978971,-20.85614802706607,43.49599778472793,-27.87238597869873,-27.89003610610962,-27.881211042404175,-0.017650127410888672,-0.0013418846065178514,-0.0028574327006936073,0.02851763926446438,0.028441764414310455,0.002185339806601405,0.002328417496755719,0.028940271586179733,0.02788904495537281,259.6053808964486,35854.00228342402,0.0010944047244265676,361.28018785030736,35859.47803629854,0.0010882198112085462,0.041246987879276276,0.004600221291184425,30481.625473110664,18377.949391295075
-0.9458979569012673,-0.9680775030778104,-0.7798346064812396,-0.5518470134815407,-0.5630088019101499,-0.5381031694990155,-0.245425776107699,1.0,-34.368856218229304,0.603450124950939,-16.882703046639183,34.97230634318024,-28.057005405426025,-28.125755786895752,-28.09138059616089,-0.06875038146972656,-0.0022974018938839436,0.0015489945653825998,0.02783895656466484,0.027956053614616394,-0.0009647929109632969,0.002951223636046052,0.026839641854166985,0.028454376384615898,365.0472109687004,35721.840675152336,0.001116642146371305,253.0823382676652,35856.7372070838,0.0010894383303821087,0.037788525223731995,0.007164306007325649,31003.936003059658,17605.44665483575
0.9933719704877279,0.9828278823323958,0.6409759016140688,0.22116131739260914,0.03028241856578462,0.052639434014152386,-0.38257719918189903,-1.0,-40.326566468576516,3.872920179810251,-18.226823144383133,44.19948664838677,-28.765573501586914,-28.998141288757324,-28.88185739517212,-0.23256778717041016,0.002182998927310109,-0.0018698531202971935,0.025287354364991188,0.026096664369106293,-0.0005481853149831295,-0.0027621896006166935,0.02470439486205578,0.02532246708869934,504.62787737739575,35812.74083398327,0.0010954515310004354,318.5124723402855,35842.58228738574,0.0010993817122653127,0.03524727374315262,0.005015935283154249,31254.48156044715,17251.816319267084
-0.010426393678941718,0.0,0.013410423660069726,0.15967843791437883,0.24840640945073816,0.07845278122393062,0.015859990516097877,0.0,-39.89281636754714,-4.332642264454762,-22.11272931600095,35.56017410309238,-29.695956707000732,-29.687883853912354,-29.691920280456543,0.008072853088378906,-0.0025407602079212666,0.0004135016642976552,0.02340591885149479,0.022760789841413498,0.0007016235031187534,0.0024955887347459793,0.022921165451407433,0.02328975312411785,269.57561883689476,35872.22593266895,0.0011274656280875206,364.54706356878813,35843.73816943242,0.0011140616843476892,0.03156645968556404,0.0061811539344489574,30913.23483229475,18358.906571682364
0.89485331055461,0.8236851399320235,1.0,0.42459555713929364,-0.17000095434667906,-0.11569815488209945,-0.2703310456874362,-1.0,-36.9632812701264,4.330019036187764,-16.31663111696932,41.293300306314165,-29.414005279541016,-29.18342113494873,-29.298713207244873,0.23058414459228516,-0.001313438406214118,-0.0023313581477850676,0.02398156188428402,0.023710360750555992,-0.0024244668893516064,0.0012943749316036701,0.02437896654009819,0.02459624595940113,346.0928061963773,35830.34674237122,0.001085313269868493,273.4421164545007,35872.549337364304,0.0010968984570354223,0.03420235216617584,0.0037657979410141706,30481.881762101522,18503.47994831527
-0.005981889923229767,0.0031090055960484174,0.02333412813896306,0.050861643590696615,0.24794861045905664,0.17385215727234887,-0.01721958219368025,0.0,-40.63868505265941,1.1369526637979561,-19.750866194430728,41.77563771645737,-28.36188316345215,-28.41958999633789,-28.39073657989502,-0.05770683288574219,-0.0015665767714381218,-0.0025495043955743313,0.02712220326066017,0.026713551953434944,0.0029384237714111805,0.0006211944855749607,0.027477195486426353,0.0259791798889637,419.59095826286875,35812.854617752244,0.0010789674706757069,372.11018063162214,35841.96026926024,0.0011051150504499674,0.03899949789047241,0.004495431203395128,30480.66922502975,18327.38661310924
0.1040361530661891,0.0,0.4876766980795403,0.5153098023056133,-0.06279179684173541,-0.028136901373179535,0.10539682489354252,0.0,-36.55887802115416,1.073663670295332,-17.742607175429413,37.63254169144949,-28.56022357940674,-28.53306770324707,-28.546645641326904,0.02715587615966797,-0.0028965743258595467,-0.0005525531596504152,0.027017278596758842,0.025582337751984596,-0.002975769806653261,6.608086550841108e-05,0.026936642825603485,0.025833716616034508,372.93215067471493,35851.15563881299,0.001085675205104053,348.4853983249195,35809.54385149012,0.0010782130993902683,0.03680506721138954,0.006195809226483107,30463.699856187675,18791.244429391758
0.8298727689981775,1.0,0.3395292399397389,-0.14799453030294185,0.1109482488286127,0.09484410341643967,-0.6598492086638211,-1.0,-40.52033240220379,5.52683180878401,-17.49675029670989,46.0471642109878,-28.500280380249023,-28.54015588760376,-28.52021813392639,-0.03987550735473633,-5.1578652346506715e-05,0.0029340628534555435,0.025924822315573692,0.027050670236349106,0.002613891614601016,0.0013943066587671638,0.02711314707994461,0.025605425238609314,314.0659674501707,35857.8197243097,0.001101009314879775,271.6559380178026,35868.82739876019,0.0010938397608697414,0.03771819919347763,0.0034655912313610315,30978.131936254693,18503.175879312475
0.18806571438710387,0.1912584172287094,0.07134805328213702,0.06447568144516869,-0.018164188318165186,0.12388966412295066,0.21663540809574178,-1.0,-36.15190588241768,-0.03318513589115257,-18.092545509154416,36.11872074652653,-28.54774236679077,-28.606233596801758,-28.576987981796265,-0.05849123001098633,0.002790529979392886,-0.0010022766655310988,0.02645285241305828,0.02624022588133812,0.002320629544556141,-1.3218639651313424e-05,0.026640649884939194,0.02575450763106346,341.9641452938034,35795.15746652053,0.0010870451806113124,266.77216606018493,35752.855932303464,0.0010646277805790305,0.035815879702568054,0.007061666809022427,31123.772002313817,18390.917754550585
0.9806447069904476,0.9804995196367767,0.8068739464925508,0.31141904885240723,0.013991270602884354,-0.14605891631219908,-0.4598145271971894,-1.0,-38.21703140756637,5.271819704049761,-16.472605851758303,43.48885111161613,-28.599905967712402,-28.643906116485596,-28.621906042099,-0.04400014877319336,0.0027234663721174,0.0010726673062890768,0.026935696601867676,0.0254227165132761,0.00023239322763402015,-0.002927212044596672,0.02540566399693489,0.026691356673836708,417.1493566629473,35823.29281027735,0.0010910799028351903,328.3403431330061,35800.89350491433,0.0010880192276090384,0.03684239089488983,0.0056838602758944035,30469.58513241962,18653.442368612097
-0.9171373435878314,-0.9534036503039011,-0.8832410933765499,-0.614023249195327,-0.43420988946910777,-0.42436860036967505,-0.2944935182192632,1.0,-38.05456530671364,0.7428127746711652,-18.655876266021238,38.79737808138481,-28.56309413909912,-28.665390014648438,-28.61424207687378,-0.1022958755493164,-0.0024156556464731693,-0.0016638857778161764,0.02696315385401249,0.025623219087719917,-0.002788823563605547,-0.0008836177294142544,0.026734380051493645,0.02522836998105049,350.5655930438812,35866.738169113785,0.0010936486069113016,286.321056061801,35869.61719450524,0.0011225769994780421,0.037753038108348846,0.005011023487895727,30473.51249963971,18490.91642641683
0.8975026909938913,0.7832709431154328,0.9706676198434764,0.4160979744814214,-0.2559712962047857,-0.5359604840593188,0.023784995198898318,-0.6736840198859831,-33.36682955366388,5.284000686158549,-14.041414433752664,38.650830239822426,-28.597664833068848,-28.621017932891846,-28.609341382980347,-0.023353099822998047,-0.0016197963850572705,0.0024598960299044847,0.025485597550868988,0.026887470856308937,-0.0011800234206020832,-0.0026857121847569942,0.026128889992833138,0.026122698560357094,262.15956684005437,35816.220032244695,0.0010913724545389414,279.6051665312044,35857.132180480796,0.001080149901099503,0.03591175377368927,0.004199217073619366,31243.489084592467,17317.413093361996
0.10961829071979051,0.13779777116901626,-0.08353020232943467,-0.05332339091550217,0.16611339594517077,0.24318838516612906,0.051114465675870746,0.0,-42.474580407325845,2.5683778841144544,-19.953101261605696,45.0429582914403,-28.532233238220215,-28.611152172088623,-28.57169270515442,-0.0789189338684082,0.0012095628771930933,-0.002667668741196394,0.025656674057245255,0.027115454897284508,-0.0008904075366444886,-0.002811173442751169,0.025989415124058723,0.026319168508052826,342.6687332203948,35804.16237955819,0.001082158531062305,244.76547194163436,35825.276039863704,0.001082893111743033,0.03674931079149246,0.003007012652233243,31230.25648581303,17652.393098806344
-0.0012114915492719494,-0.022823810202634378,0.3305520748305436,0.4127405111469516,0.14513979771619656,-0.04102613015176115,0.02442521247121443,0.0,-37.331054101159054,1.0499726887137513,-18.14054070622265,38.381026789872806,-28.528766632080078,-28.63353729248047,-28.581151962280273,-0.10477066040039062,-8.000235538929701e-06,0.0029541240073740482,0.02582573890686035,0.026972517371177673,0.0008041609544306993,0.002826209645718336,0.025874750688672066,0.02629883401095867,347.91959128415095,35853.82108277724,0.0010694718221202493,351.4922790331915,35847.664364575954,0.0010994693730026484,0.03764931112527847,0.0032714286353439093,30979.655414873167,19166.727386932274
0.9803350978343097,1.0,0.44560975168681305,-0.18866446970305925,-0.330518945528775,0.2004432757656346,-0.28785628270936453,-1.0,-43.177207777311764,3.961179165369458,-19.608014305971153,47.13838694268122,-28.58689546585083,-28.640925884246826,-28.613910675048828,-0.054030418395996094,-0.0029110428877174854,0.00017665853374637663,0.026706285774707794,0.02574537880718708,0.000511992140673101,0.0028817937709391117,0.02571059763431549,0.026416579261422157,368.40211344490234,35845.20025060223,0.0010943859815597534,327.81158291592544,35849.29527225074,0.0010739673161879182,0.03567427769303322,0.006960663944482803,30923.65970599123,18427.487788138485
-0.016506227576403205,0.034252971624355706,0.023904679757765473,0.14404838248346064,0.20894040095803634,0.11480717874585838,-0.05453976041983344,0.0,-38.955948740819736,-1.144117148510503,-20.05003294466512,37.81183159230923,-28.611125946044922,-28.679816722869873,-28.645471334457397,-0.06869077682495117,0.0015900332946330309,-0.00245709833689034,0.025458242744207382,0.026835886761546135,0.0007299940916709602,0.0028100782074034214,0.025708092376589775,0.026189900934696198,276.4739891751168,35817.61449438047,0.0010654859943315387,220.76993804712018,35856.56995506944,0.001105319825001061,0.036012500524520874,0.003626116318628192,31237.574675721964,17396.755432027767
0.9776262538081519,0.982237998449492,0.7682255921987375,0.32903088835058625,-0.04895814945779298,-0.25502280591596094,-0.5283897095483419,-1.0,-37.692387892136196,4.994339764956351,-16.349024063589923,42.68672765709255,-28.56788396835327,-28.596904277801514,-28.582394123077393,-0.029020309448242188,-0.002510335296392441,0.0015353781636804342,0.026088370010256767,0.02648334577679634,0.002542020520195365,-0.0015001851134002209,0.02601359225809574,0.026380842551589012,388.27891330959386,35841.805203041586,0.0010920099448412657,281.8827701270588,35818.57853572088,0.001089778495952487,0.03581546992063522,0.006290812976658344,31032.55967897993,19151.502487096266
-0.0195310008106038,0.005093022847965074,-0.0991705482674879,-0.05773325050430783,0.2221802496322255,0.12011708752877803,-0.07431262433499386,0.0,-41.84599817014947,-2.3367863289757054,-22.09139224956259,39.509211841173766,-28.596277236938477,-28.650455474853516,-28.623366355895996,-0.05417823791503906,0.00015802416601218283,0.002914167009294033,0.025702131912112236,0.02669178508222103,-0.0018931578379124403,-0.0022301061544567347,0.02645350620150566,0.02561434730887413,426.36630404637236,35854.49496941554,0.0011055670911446214,374.7174115152032,35833.67687985168,0.0011011789320036769,0.037281058728694916,0.0035703671164810658,30976.57494334236,18843.86083497725
0.2375839870024473,-0.12162999921588448,0.3412515899980758,0.39974138632139716,-0.08641686744309596,-0.35703067827891377,0.17488391806253167,0.0,-35.59400694435047,3.9159272693503056,-15.839039837500081,39.509934213700774,-28.611421585083008,-28.632102012634277,-28.621761798858643,-0.02068042755126953,0.0003452239034231752,-0.0029103613924235106,0.025475235655903816,0.02681756764650345,0.0007358331349678338,0.0028422544710338116,0.025848133489489555,0.026333866640925407,277.1028364430253,35853.41559418667,0.0010826317593455315,218.9845179802217,35873.36089950221,0.00112904014531523,0.036859363317489624,0.0030292768497020006,31226.58635326462,17910.34066402246
0.4584437418924474,0.3944563499144199,-0.06461665993560446,-0.1334613023987351,0.2474136249686848,0.30414897279692277,0.1932743098211639,0.0,-40.111026428433235,1.6172755946759594,-19.246875416878638,41.728302023109194,-28.657901287078857,-28.667113780975342,-28.6625075340271,-0.009212493896484375,-0.002293727360665798,0.0017660100711509585,0.025676792487502098,0.026351947337388992,0.0003492440446279943,0.002904316410422325,0.025559958070516586,0.026407340541481972,335.4418878634482,35814.91420952795,0.0010931923752650619,259.3229107182495,35844.96983122197,0.0010813226690515876,0.035528164356946945,0.005291282664984465,31259.631896414256,17230.343804791097
0.9969401482010984,0.9827400910653062,0.9405635444068321,-0.06469560197539319,-0.1437943230966681,-0.4020764289397718,-0.6742039896368155,-0.9881609123287627,-36.15074964447939,0.8992385802952754,-17.625755532092057,37.049988224774665,-28.488070964813232,-28.53013277053833,-28.50910186767578,-0.042061805725097656,0.0029454967007040977,0.00044080187217332423,0.027217190712690353,0.025822026655077934,-0.0020913684275001287,-0.0021112547256052494,0.02691488340497017,0.02587525174021721,389.60025693104893,35843.96005576659,0.001071948790922761,323.31954766321905,35825.508619355154,0.001098637469112873,0.03694697842001915,0.006378743797540665,30462.688473985025,18861.857088221193
0.9937166798680276,0.9925652509877142,0.8220079335685742,0.36115210879853865,0.022565031505473898,0.004791801640417259,-0.32995648754652734,-1.0,-40.73503312177314,2.9034436332506175,-18.915794744261262,43.63847675502376,-28.56106996536255,-28.59563112258911,-28.57835054397583,-0.0345611572265625,0.0008502912241965532,-0.0028069321997463703,0.02555752359330654,0.027037477120757103,0.002940230304375291,-0.00019582416280172765,0.026689812541007996,0.025704938918352127,301.5679809646984,35878.15527091715,0.0010987566784024239,352.93722665794434,35855.11358540697,0.0010889905970543623,0.03712831437587738,0.0031061519403010607,31228.257519942374,17792.08289288636
0.004109567858153096,0.0,0.009508078106797435,0.11517794640892948,0.1915960337015184,0.14325534294907621,-0.0011286650364168427,0.0,-36.56332351553769,-0.9833323022966738,-18.77332790891718,35.579991213241016,-28.666353225708008,-28.681483268737793,-28.6739182472229,-0.015130043029785156,0.0009647119441069663,0.002727681305259466,0.025873800739645958,0.026108039543032646,-0.0015476418193429708,-0.002454941626638174,0.026161933317780495,0.025726595893502235,323.49717397513143,35842.26901365779,0.0011091309133917093,283.4205066920429,35873.50944789606,0.0010953248711302876,0.03746577352285385,0.003944420255720615,30729.420650940872,19171.29572126945
0.7514590198421282,0.7443740744010623,1.0,0.2824347505690744,-0.2654888031307884,-0.06936449255301796,-0.2870129928654287,-0.8907472428903294,-36.50438436960533,4.985370912495284,-15.759506728555024,41.48975528210062,-28.6250638961792,-28.705201148986816,-28.665132522583008,-0.08013725280761719,-0.0028853504918515682,-0.00048445380525663495,0.02680695243179798,0.0254021268337965,-0.0016671768389642239,-0.002401283709332347,0.026162317022681236,0.025579985231161118,310.8178902530874,35829.657550729644,0.0010882908245548606,270.04879698904205,35813.14309886131,0.0010890710400417447,0.03642835095524788,0.006321778055280447,30463.44878149774,18863.08037649372
0.9771366309678846,0.892969002649826,-0.1244275459112985,-0.27461138720346545,0.4965843661378745,0.4598768016941829,-0.4442971831657899,-0.45738771782952625,-43.600006218884744,2.108659250602784,-20.74567348414098,45.70866546948753,-28.66219997406006,-28.680779933929443,-28.67148995399475,-0.018579959869384766,-0.0008110102498903871,-0.002761318814009428,0.025821352377533913,0.026186449453234673,-0.002815957646816969,0.0007833207491785288,0.026164626702666283,0.025725767016410828,358.7205297966132,35881.95334320568,0.0010923987720161676,383.331955745405,35827.79947508357,0.0010948270792141557,0.03761624917387962,0.004017484840005636,30483.5029687277,18954.88064138111
-0.1659387159276132,-0.18771377572807435,0.2009008349909228,0.3293977602934101,0.2946855506437669,-0.08824532440838107,-0.010027306951470027,0.0,-32.24603417867348,3.1825226804519957,-14.531755749110744,35.42855685912548,-28.67659091949463,-28.67842674255371,-28.67750883102417,-0.0018358230590820312,0.0022094163578003645,0.0019023404456675053,0.026541152969002724,0.02536376193165779,0.0019959616474807262,0.002114384202286601,0.026432475075125694,0.02546665072441101,382.0717421398481,35854.84347892201,0.001111548044718802,378.12853962399333,35882.718313262056,0.0011061799013987184,0.03737596422433853,0.004460294730961323,30478.348611340592,18361.98127066365
1.0,0.9233396016650778,0.43134282948547187,0.05964748895657951,0.09333742009828433,-0.1399632210594559,-0.5849275053466622,-1.0,-42.83719611168431,3.618626217496285,-19.60928494709401,46.45582232918059,-28.50001811981201,-28.619379997253418,-28.559699058532715,-0.11936187744140625,-0.0009753587655723095,0.0027767440769821405,0.02573932521045208,0.02722788043320179,-0.0029394403100013733,0.00017897345242090523,0.026629198342561722,0.025621308013796806,301.22130874052147,35819.15466107756,0.0010780943557620049,208.69492612272668,35834.79360946497,0.0011030975729227066,0.037277013063430786,0.003089575795456767,31228.897300684173,17798.92323079987
0.0022558946551248567,-0.03744228890842877,0.010249781256516391,0.19839826716093048,0.24217515045572585,0.04145199612466349,-0.04669505143447139,0.0,-38.725162644659065,-2.9989730695052117,-20.86206785708214,35.72618957515385,-28.593335151672363,-28.573617935180664,-28.583476543426514,0.01971721649169922,0.0020067859441041946,-0.0021485593169927597,0.025655455887317657,0.026751792058348656,-0.0007685253513045609,0.0028620571829378605,0.02550438977777958,0.027009988203644753,415.3419393628567,35854.729869821116,0.0010957651538774371,327.04511516024434,35823.37224304203,0.0010930871358141303,0.0357985645532608,0.004798117093741894,31248.179205689892,17265.02094918752
0.9597755593708176,0.9390534125510083,0.7221738991647337,0.37876320675710956,-0.044939126094353465,-0.18451238930964597,-0.4086654101709959,-1.0,-37.1608840589106,7.81859792943402,-14.671143064738288,44.97948198834462,-28.61551284790039,-28.658478260040283,-28.636995553970337,-0.04296541213989258,0.002660865429788828,0.0011955052614212036,0.02687663584947586,0.025388961657881737,-0.0018814457580447197,-0.002252104226499796,0.02642071060836315,0.025597969070076942,358.4532713563344,35869.7301782536,0.0010800070594996214,409.00421284985856,35839.80450323706,0.0010889510158449411,0.0369100496172905,0.005464378744363785,30469.556583275215,18613.348746429092
0.01769347451279285,0.0,0.006493967184514379,0.12020482390773396,0.17766522336623736,0.1272091959659778,0.0020891305493654366,0.0,-40.32226917460554,-2.7344200347845913,-21.528344604695064,37.587849139820946,-28.59086275100708,-28.656437397003174,-28.623650074005127,-0.06557464599609375,0.0005910086911171675,0.0028578853234648705,0.025906970724463463,0.026525523513555527,-0.0017666099593043327,0.0023243906907737255,0.025365421548485756,0.026657717302441597,265.2881805066947,35839.47468275135,0.0010842846240848303,337.6996609833905,35854.955917843385,0.0011062647681683302,0.03783056139945984,0.003870871150866151,30730.653161487753,18480.330281128365
-0.41955165076082124,-0.5859982249401945,-0.16252070473135327,-0.4312013528510694,-0.9802806993804631,-0.48204612761285437,0.0,0.7310259545596998,-38.056495527715185,2.768292501165888,-17.64410151327465,40.82478802888107,-28.66389036178589,-28.671774864196777,-28.667832612991333,-0.007884502410888672,-0.002300739288330078,-0.0017930131871253252,0.026615560054779053,0.02536393329501152,0.0006150115514174104,0.0028604043181985617,0.025669123977422714,0.0262734554708004,366.4159774018856,35850.16476040151,0.0011070840992033482,274.14470277430917,35849.1712880472,0.0010860399343073368,0.03718840330839157,0.0047270385548472404,30475.161032638858,18442.088627310357
0.07962414476673102,0.08125505659598219,-0.08706503866536705,-0.2391738494827211,0.1875327645237595,0.40053086986097897,0.06475802720649648,0.0,-42.74537863451377,2.5369481200833377,-20.104215257215216,45.28232675459711,-28.703527450561523,-28.727622032165527,-28.715574741363525,-0.024094581604003906,0.0027881013229489326,-0.0006592973950318992,0.026142587885260582,0.02561688981950283,0.002813763450831175,-0.0007618110976181924,0.026027578860521317,0.025582773610949516,358.7431616262091,35837.886438632944,0.0010932011064141989,337.2181828027144,35804.24752277025,0.0011011630995199084,0.03498252108693123,0.00670973677188158,31123.217123962728,17943.640138219005
0.0503757787162821,0.0,0.21951675689370476,0.32542774564935484,0.1171091473165207,-0.12754286777734003,0.0012348430271158506,0.0,-37.87014471641325,0.44990648196124994,-18.710119117226,38.3200511983745,-28.700332641601562,-28.730802536010742,-28.715567588806152,-0.030469894409179688,-0.002610392402857542,0.0012530649546533823,0.02584262005984783,0.025935189798474312,-0.0023075337521731853,0.0017683150945231318,0.025444114580750465,0.026145264506340027,288.503913805992,35866.31101118056,0.0010691435309126973,401.84909267142376,35824.9465719535,0.0010973953176289797,0.0352993980050087,0.006633650977164507,31058.509665191472,17596.127040625102
0.9889875742000459,0.997065994725425,0.6921957091120641,0.06714529591484339,0.012386088913265259,-0.03858763425016354,-0.4487629952997963,-1.0,-40.375705339061994,2.6613571137222323,-18.85717411266988,43.03706245278423,-28.729052543640137,-28.49820613861084,-28.61362934112549,0.23084640502929688,0.001499141100794077,0.0024568247608840466,0.02599569410085678,0.02561073563992977,0.0012844735756516457,0.002690075896680355,0.026541126891970634,0.026453789323568344,389.1226114904594,35852.30349540678,0.0011178909335285425,334.89955796107637,35868.867976691414,0.0010879043256863952,0.03709562122821808,0.004213366657495499,30481.018157887407,18354.092192113592
0.052968208786878475,0.0,-0.04425149857899137,0.15326189726583916,0.2603472358946111,0.0881325206097695,-0.03845968431257729,0.0,-39.998319983932106,-2.3766076609630318,-21.18746382244757,37.621712322969074,-28.496840000152588,-28.48531484603882,-28.491077423095703,0.011525154113769531,-0.0008137298282235861,-0.0028507206588983536,0.026293594390153885,0.026709988713264465,-0.0002573705278337002,-0.002973321359604597,0.02605973556637764,0.027005651965737343,299.07007651954854,35805.30635045025,0.001065899501554668,225.92976841599037,35844.739367372604,0.0011205810587853193,0.03809700906276703,0.003974858671426773,30729.447253588492,18643.964369614772
0.9493943112527959,0.9006471797023113,0.8538678748876024,0.2659456240956672,-0.292022272635386,-0.12454177168168284,-0.028256207528070676,-0.7674860471704968,-36.16143329430599,4.52558765195181,-15.817922821177092,40.6870209462578,-28.508188724517822,-28.477001190185547,-28.492594957351685,0.03118753433227539,-0.0012621465139091015,0.0026925369165837765,0.02569270133972168,0.027219820767641068,0.0014108233153820038,0.0026502886321395636,0.02668065018951893,0.026441754773259163,364.727735374962,35849.8473245025,0.0010996185010299087,275.09692504425016,35814.69187824777,0.0010802462929859757,0.036787230521440506,0.0034481314942240715,31235.224132736523,17458.402169447152
0.07087768733659025,0.08540219902174796,-0.08066714483688343,0.08964438619466561,0.24035253401000345,0.18014708439605098,0.04659910549968116,0.0,-41.371177345534164,-0.19861742288705386,-20.78489738421061,41.17255992264711,-28.463165760040283,-28.497262001037598,-28.48021388053894,-0.03409624099731445,0.0020681931637227535,0.0021259936038404703,0.027089063078165054,0.02611425146460533,-0.0022945343516767025,0.0019062559586018324,0.02608511596918106,0.02690904401242733,387.42544236573207,35857.07401175014,0.0010844239732250571,350.03318395466823,35830.849368880285,0.0010866005904972553,0.03805403783917427,0.004727556370198727,30476.89257276392,18402.54559449385
-0.021699991331980924,-0.05267679884753327,0.4519095484764884,0.6210752988452086,0.21007573339574226,-0.01607222442186157,0.14505666411700624,0.0,-35.06847185463823,1.4885527317681522,-16.78995956143504,36.557024586406385,-29.24732208251953,-29.56820011138916,-29.407761096954346,-0.3208780288696289,0.00047062477096915245,0.0026920465752482414,0.023979030549526215,0.024632755666971207,-0.0007139475783333182,-0.002534511499106884,0.023233886808156967,0.023617569357156754,306.84439653578124,35875.09111209323,0.0010894511360675097,351.1925762440298,35854.2675958274,0.0011019808007404208,0.034910380840301514,0.0032711410894989967,30976.73070364574,18422.541643857225
0.4750163716642806,0.4302571779273837,0.0012973473485489162,-0.2731138603032643,-0.03168903495070674,0.4445837374201532,-0.1751067335300548,-0.5294896473481362,-43.12758971406009,3.0269403616475756,-20.05032467620626,46.15453007570767,-30.589261054992676,-30.616796016693115,-30.603028535842896,-0.027534961700439453,-0.0022895026486366987,-0.00020008403225801885,0.02130410633981228,0.020346328616142273,-0.0019531717989593744,0.001281211618334055,0.02055916003882885,0.02096344530582428,361.38569014503724,35828.34016565108,0.0011230448726564646,336.6848878917575,35886.14478548901,0.0011050495086237788,0.028623659163713455,0.005611785221844912,30698.119016083554,18965.635515394642
-0.018079226833429843,0.010795257797270856,0.10546500500993201,0.23078254823903105,0.2718586628824068,0.1395636418937506,-0.035180228664417834,0.0,-38.24895771215151,-2.9234702466185354,-20.586213979385022,35.32548746553297,-28.787808418273926,-28.431694507598877,-28.6097514629364,0.35611391067504883,-0.002274842467159033,0.0017557579558342695,0.025282781571149826,0.025970865041017532,-0.0009261207887902856,-0.00285538868047297,0.02654188871383667,0.02685975469648838,313.2567668831552,35819.63232308328,0.0010798834264278412,237.35818536936506,35829.90042019473,0.0010983534157276154,0.03469602391123772,0.005584993865340948,31265.07415493954,17229.16290457546
0.9877868358168186,0.9807229085361958,0.7861357765905723,0.3857405847700671,0.02753154100625077,-0.20327261045518324,-0.5179370105123287,-1.0,-35.72433165265895,10.037609598740943,-12.843361026959002,45.76194125139989,-28.530828952789307,-28.505995273590088,-28.518412113189697,0.02483367919921875,0.002908428432419896,0.00044046129914931953,0.02707361802458763,0.025708213448524475,0.002656698925420642,0.0013584939297288656,0.027223996818065643,0.025700965896248817,423.86102255705043,35845.83970315171,0.0011032333131879568,331.29626706807375,35824.536610304,0.0010835016146302223,0.036887411028146744,0.006559048779308796,30462.93814862941,18939.2548144887
0.006351309739733087,0.0,-0.028818384443998604,0.08506762922802077,0.2475881830207226,0.07302838610947904,-0.0695696676460198,0.0,-40.39329170531437,-3.0532232465554614,-21.723257475934915,37.34006845875891,-28.4128999710083,-28.418805599212646,-28.415852785110474,-0.005905628204345703,0.0007224787259474397,-0.0029005580581724644,0.026006564497947693,0.027493201196193695,-0.002444616984575987,-0.0017505326541140676,0.027417676523327827,0.02604658156633377,452.26220897681327,35852.653276495555,0.0011105691082775593,390.2140094154366,35813.09607502579,0.0010922282235696912,0.03751573711633682,0.003035552566871047,31227.62449805526,17845.74960709691
0.9905440641385814,0.8680370525479163,0.8007907158411081,0.4382641598469552,-0.25553186788744275,-0.48142455689776326,-0.4707343919548384,-1.0,-35.791222381458056,6.5230211248754415,-14.634100628291307,42.3142435063335,-28.41719150543213,-28.42437744140625,-28.42078447341919,-0.007185935974121094,0.0027858437970280647,-0.0010757511481642723,0.026823170483112335,0.026670753955841064,-0.0030053730588406324,0.00012091991084162146,0.02725065127015114,0.026185953989624977,339.58193102552286,35867.59427550277,0.0010845414362847805,299.67752659941226,35860.454609240354,0.00110815919470042,0.03640517592430115,0.007084292359650135,30875.81563406755,18375.595048668867
0.2814893382010931,0.2953087618823494,-0.07081857020175,-0.08017828560412041,0.25526928676850785,0.20052524540598682,0.10770205668456412,0.0,-40.868532284857565,0.708760910337503,-20.07988568726003,41.57729319519507,-28.434925079345703,-28.348872661590576,-28.39189887046814,0.08605241775512695,0.0028418940491974354,0.0008550442289561033,0.027426715940237045,0.025938965380191803,0.0029836678877472878,-0.0005696368752978742,0.02729537896811962,0.026613762602210045,244.16445296728278,35832.5156729392,0.0011036378564313054,320.09772618646645,35859.26448340593,0.0010957209160551429,0.037278760224580765,0.006411851849406958,30464.180367197536,18797.911424507565
-0.9737619371694524,-0.9997075401992791,-0.591879045888261,-0.5463072274702883,0.32196696493157567,0.4671998697992467,0.8485898752889116,0.9709243551107467,-36.4799617896677,0.858665963266219,-17.81064791320074,37.33862775293392,-28.411719799041748,-28.39831829071045,-28.4050190448761,0.013401508331298828,-0.0019856086000800133,-0.0022604516707360744,0.027208274230360985,0.026309728622436523,-0.0012819620314985514,0.002726632636040449,0.02601262554526329,0.02757290005683899,274.4883357329571,35827.950481561864,0.0010854160645976663,270.06537041975554,35869.59920445483,0.001096293330192566,0.03845313936471939,0.004481327719986439,30479.11384935846,18352.74670065271
1.0,0.979378550321305,0.7321592732749477,0.09837477388649185,-0.02287137834519365,-0.009114094865856459,-0.4616545807480178,-1.0,-41.6622048572944,2.914474850809029,-19.373865003242685,44.57667970810343,-28.439927101135254,-28.444418907165527,-28.44217300415039,-0.0044918060302734375,0.0009771930053830147,0.0028023645281791687,0.026562027633190155,0.026792963966727257,-0.0007034300360828638,-0.0029246616177260876,0.02638547122478485,0.026934914290905,343.49423763660724,35815.585602338026,0.0010886816307902336,387.9182139149246,35857.21482836804,0.0011012719478458166,0.03867214173078537,0.004179072566330433,30483.38628665363,19513.35556203717
0.00990654925427997,0.0,-0.0016415132071803396,0.1348275419204297,0.2296291527828278,0.07888595879899468,-0.04225188512240796,0.0,-38.12604310520891,1.1752299572195284,-18.47540657399469,39.301273062428436,-28.491618633270264,-28.374059200286865,-28.432838916778564,0.11755943298339844,0.0025635669007897377,0.0014866804704070091,0.027232129126787186,0.02578556537628174,0.0006157126626931131,-0.002961082849651575,0.0261253472417593,0.02761192061007023,410.4341024063474,35846.60269666881,0.0010833708802238107,310.5299830821573,35838.8234798378,0.0011023246916010976,0.037651993334293365,0.0051956335082650185,30471.61595885448,18540.475764080402
0.9125605469884635,0.9972043843392602,0.7987645039769983,0.37444412317513126,0.061550697447603664,-0.17030765896668054,-0.46344003327505784,-1.0,-39.68687434878166,6.152480159647496,-16.76719709456708,45.83935450842915,-26.39124870300293,-26.042423248291016,-26.216835975646973,0.34882545471191406,0.0021996377035975456,0.003088638884946704,0.03416474536061287,0.0333748459815979,0.0028963149525225163,0.0027055805549025536,0.03590397536754608,0.03438989818096161,184.6816016770839,35774.82720935867,0.0010651868069544435,324.240535136715,35805.23735785386,0.0010815339628607035,0.04870638996362686,0.005770508199930191,30479.453340498872,18359.458651470526
0.0,-0.01086722900828175,-0.05077973636788079,0.03794743995139935,0.17405388367815872,0.08802686497292755,-0.04040545612528834,0.0,-40.064553342659565,-0.5650536884734265,-20.314803515566496,39.49949965418614,-25.946009159088135,-25.776760578155518,-25.861384868621826,0.1692485809326172,0.0020855460315942764,0.0033821365796029568,0.035819344222545624,0.03527739271521568,-0.0030285529792308807,0.002733437344431877,0.035606686025857925,0.03687683492898941,358.0980139397955,35857.62238620632,0.0010821513133123517,301.45365407170533,35824.25715166366,0.0010879433248192072,0.05147484689950943,0.005881867837160826,30480.603236037106,18349.13795504478
0.3474764109826827,0.1822220977978479,0.5885273435823903,0.7862158091585013,-0.14777362582500295,-0.36383240318302756,0.3129079458080508,-0.04522021768270079,-34.87758293935627,3.6422812766093386,-15.617650831373467,38.51986421596561,-25.75427532196045,-25.543646812438965,-25.648961067199707,0.21062850952148438,0.0010037841275334358,0.003953868523240089,0.03599339723587036,0.03668707236647606,-0.00044239440467208624,0.004171759821474552,0.036277011036872864,0.03816516697406769,381.0239311537813,35854.36752623554,0.001059707603417337,348.5162685268245,35834.66283186124,0.0010686214081943035,0.0517830029129982,0.005025315098464489,30730.946431867775,19634.14502748447
0.33144041741217817,0.2694819861164757,-0.07669320744947021,0.05063054498721414,0.3875125050407256,0.494954486026309,0.007195603327539879,-0.021643694205193187,-41.14339601182638,2.674225386007265,-19.23458531290956,43.81762139783365,-25.576484203338623,-25.40304183959961,-25.489763021469116,0.17344236373901367,0.0040959566831588745,-0.00036935496609658003,0.037714164704084396,0.03646794706583023,-0.002251299563795328,0.0036124917678534985,0.036784686148166656,0.038868751376867294,338.04113710860497,35869.10442238122,0.001076518907211721,384.44041949470903,35858.989538523005,0.00107858597766608,0.0507378913462162,0.010011536069214344,30922.441052778195,18438.069768463753
0.0021115409911514962,0.0,0.13719570691305027,0.26043540963699063,0.09025353884448556,0.05774791569916937,0.0155130023058615,0.0,-38.24422277920604,0.978239268330924,-18.63299175543756,39.222462047536965,-25.509026050567627,-25.374481678009033,-25.44175386428833,0.13454437255859375,0.003079730086028576,-0.0028519872575998306,0.0367160402238369,0.03803742676973343,0.003904032986611128,-0.001701102708466351,0.03798053413629532,0.037952229380607605,355.25403190471496,35835.86340383848,0.0010629902826622128,349.362330749767,35852.00408709772,0.0010752617381513119,0.05088791251182556,0.007410145364701748,31255.42905880991,17233.046580314884
0.0,-0.002771606385643068,0.9830569547932916,0.9514288779324712,0.9251159498616567,0.8982518170534232,0.8543927205154654,-0.010963469146609839,-36.1532439720096,6.170039961530733,-14.991602005239432,42.32328393354033,-25.33794403076172,-25.699429512023926,-25.518686771392822,-0.36148548126220703,-0.0008573580416850746,-0.0037508299574255943,0.037675000727176666,0.03861770033836365,-0.00299738347530365,-0.0028648613952100277,0.037332095205783844,0.035791218280792236,574.0072856494477,35672.5964339029,0.0010838076705113053,395.0099295177168,35838.811693804506,0.0011080775875598192,0.05535435676574707,0.00547722727060318,30974.04034419374,18643.209537790823
0.0,-0.01824550306063313,-0.03855376810660144,0.12130668715636134,0.1959374174022534,-0.021875525504814086,-0.1589411946708057,0.0,-41.20784123661565,-1.3689672935191197,-21.288404265067385,39.83887394309653,-25.780222415924072,-25.582966804504395,-25.681594610214233,0.19725561141967773,0.003811392467468977,0.0013330163201317191,0.03725777938961983,0.035182785242795944,0.0013823604676872492,0.003937677945941687,0.03689314052462578,0.03723616153001785,444.13326096932724,35799.43667200197,0.0010588051518425345,497.3088235261783,35866.78604350348,0.0010812749387696385,0.05043845996260643,0.00825211126357317,30465.54698994819,18744.705720148722
0.9667838555362609,0.9324024979868496,0.758984571695299,0.47681942636021374,-0.0646572985136048,-0.2608074940072053,-0.4919512191290215,-1.0,-38.17222717524788,3.4454211272281157,-17.363403024009884,41.617648302476,-24.414312839508057,-24.275641441345215,-24.344977140426636,0.1386713981628418,-0.004186403006315231,0.0022754555102437735,0.04219311103224754,0.042613063007593155,0.0017318009631708264,-0.00452236644923687,0.04180004820227623,0.04433457925915718,325.2320496737837,35828.23088820128,0.001045911223627627,294.2319607480406,35868.44132580308,0.001061216345988214,0.05724363029003143,0.010328778997063637,31046.80086553133,17586.680458408046
-0.9623319003452379,-0.9661918236051266,-0.9234330610237683,-0.7045671631288517,-0.4799520018698936,-0.36374719844916414,0.7258403406838551,0.9810250907608972,-38.21826340668787,1.6997214130272482,-18.25927099683031,39.917984819715116,-24.339447021484375,-24.359076023101807,-24.34926152229309,-0.01962900161743164,-0.0036955801770091057,-0.0030067036859691143,0.04374098777770996,0.04178261384367943,-0.004728293977677822,-0.0008475003996863961,0.04382111877202988,0.0414944551885128,280.95409501237305,35825.35876301995,0.0010712078073993325,321.17731058324057,35848.73428635814,0.001094232895411551,0.061664652079343796,0.007897320203483105,30475.560498084116,18439.23000476359
0.06232014688750142,0.0,0.4063394613606324,0.3791820306517259,-0.20185329895273066,-0.08783696061778135,0.14655830491907973,0.0,-37.20218227965586,0.74425228638205,-18.228964996636904,37.94643456603791,-24.50307607650757,-24.64371919631958,-24.573397636413574,-0.14064311981201172,0.001993817975744605,-0.004274990409612656,0.04074127972126007,0.04316850006580353,0.0011449723970144987,0.004496525973081589,0.04089999571442604,0.041692912578582764,337.4828717044913,35836.001217055105,0.001082632807083428,290.3783204167284,35852.766891785825,0.001073365332558751,0.058080386370420456,0.005286506377160549,31234.570419625066,17474.139558534294
0.6999628799389787,0.9925900391452004,0.19200604803298263,-0.2383258090531397,0.21900584286593916,0.44828615251006754,-0.19955779076340752,-0.4864722480210968,-42.13313040143311,1.7772652186174014,-20.177932591407853,43.91039562005051,-24.568002223968506,-24.622516632080078,-24.595259428024292,-0.054514408111572266,0.0010408882517367601,-0.004516760818660259,0.04053161293268204,0.04276345297694206,-0.0029187544714659452,-0.0036253801081329584,0.04200335964560509,0.04078594222664833,262.01689266240373,35834.927470281706,0.0010745642939582467,245.7165863351184,35867.01467170627,0.0010766014456748962,0.05871236324310303,0.004874724894762039,31225.956372475484,18164.543889270728
-0.9753083840982226,-0.979630681224191,-0.8731638063283642,-0.6790071786559595,-0.5870502974213636,-0.5363780728188422,-0.367231375633452,1.0,-32.19402746795025,1.391410441348654,-15.401308513300798,33.5854379092989,-24.533424377441406,-24.53662872314453,-24.53502655029297,-0.003204345703125,-0.004122890532016754,-0.0005136535037308931,0.04274260252714157,0.040948014706373215,-0.004691562615334988,-9.312709153164178e-05,0.04274940490722656,0.04085100069642067,271.10224166028206,35722.14698911517,0.0011258196318522096,309.8557529248278,35866.652638938,0.0010749590583145618,0.05948146432638168,0.009068935178220272,30275.703593262904,18316.329315969455
0.8276435252781665,0.8216234855482979,0.594131478320274,0.32413692711791314,-0.23278344678175272,-0.6301547540365194,0.27883969607376985,-0.018433108717653978,-31.912532550285047,2.6947420570472502,-14.608895246618898,34.6072746073323,-24.724183082580566,-24.516661167144775,-24.62042212486267,0.20752191543579102,0.0023877816274762154,-0.0024795159697532654,0.04088175669312477,0.041066501289606094,0.002472503110766411,0.004012253135442734,0.0422469824552536,0.04156355932354927,310.29903399908113,35729.175495034884,0.0010652394266799092,291.8258245980508,35858.790176235256,0.001064474694430828,0.056242309510707855,0.011236603371798992,30764.248251793277,17822.461501762165
0.025524393381574684,-0.020872908660566396,-0.006806453883844155,0.15748706443654012,0.21983140300756904,0.11481426431438874,-0.007962524578345787,0.0,-37.16215651757696,-2.1458833895799216,-19.65401995357844,35.01627312799704,-24.746320247650146,-24.642364978790283,-24.694342613220215,0.10395526885986328,0.003154229838401079,-0.003288703039288521,0.03998320549726486,0.04163019359111786,-0.0012897261185571551,-0.004454173147678375,0.040986593812704086,0.041620977222919464,507.42507871817276,35827.87103660379,0.001062398194335401,348.09949311271924,35852.908594883236,0.00109473813790828,0.05513171851634979,0.007432153914123774,31252.57576652035,17259.340891099284
0.9738463055156753,0.9346134014281132,0.9386566494652726,0.43701092697402344,-0.2889880778302439,0.030915741316580703,-0.1985328247231356,-0.7663868296778542,-38.31178874149094,4.152427944272517,-17.079680398609213,42.46421668576346,-24.72329616546631,-24.706852436065674,-24.71507430076599,0.016443729400634766,0.00018408936739433557,0.004573987331241369,0.04010334238409996,0.041726261377334595,0.004609484225511551,-2.065923581540119e-06,0.04189031198620796,0.040088068693876266,386.0506776741909,35851.55364035007,0.0010675020748749375,315.49618802258846,35858.72481213024,0.0010557969799265265,0.05791093409061432,0.005418167449533939,30977.8732488157,18345.370634906496
0.4361436303567369,0.6923481536445435,-0.08810709785411334,-0.15139627172088077,0.4278693035458685,0.45670629499931814,-0.09287994794387022,-0.11611616484383425,-41.247823266091984,2.6679055383422963,-19.289958863874844,43.91572880443428,-25.18501043319702,-24.755711555480957,-24.97036099433899,0.42929887771606445,0.003339415416121483,0.0027167797088623047,0.03967653587460518,0.037916138768196106,2.2689961042487994e-05,0.004581613466143608,0.03987985476851463,0.041639622300863266,274.70794357257,35864.64016969603,0.001075674663297832,178.29247030248862,35852.21349027665,0.001083160750567913,0.05557739734649658,0.007346351630985737,30473.81989086934,18480.426070085825
-0.07320908091919302,-0.08564287417325187,0.2720205312759774,0.37754672763668745,-0.029929151620768812,-0.30815780036775636,-0.23426228910532043,0.0,-36.2291664041399,0.04263532067568576,-18.09326554173211,36.27180172481559,-24.658820629119873,-24.467391967773438,-24.563106298446655,0.19142866134643555,0.0008371237199753523,0.004583466798067093,0.04067695140838623,0.04176601395010948,-0.004569458309561014,0.0012866300530731678,0.042483795434236526,0.041802700608968735,281.5529897610453,35877.09466209445,0.0010843913769349456,369.7137992931539,35842.05922721331,0.0010715537937358022,0.05947079509496689,0.005556841380894184,30976.544594436527,18532.29372484765
1.0,0.954115256284375,0.17808988735109316,0.024087092162725254,-0.13465697720083397,-0.07510129479274208,-0.5624148137079742,-1.0,-37.67909405133889,7.400358303181349,-15.139367874078772,45.07945235452024,-24.75794553756714,-24.613845348358154,-24.685895442962646,0.14410018920898438,-0.0009040592703968287,-0.004449282772839069,0.04026481509208679,0.04125121608376503,-0.00398383941501379,0.002445065416395664,0.0411062091588974,0.041770342737436295,359.58983253599973,35863.809455649425,0.0010740652214735746,404.39643783661944,35836.12922860447,0.001066284952685237,0.058168403804302216,0.005794878583401442,30730.91176844524,18540.421735255874
-0.01354346942302196,0.1029341861504093,0.13287908584645985,0.16057154259478962,0.18332889676833275,0.003730050545717567,-0.3463747142052644,0.0,-39.03139630939967,-0.6952175226334703,-19.86330691601657,38.3361787867662,-28.64473819732666,-26.061339378356934,-27.353038787841797,2.5833988189697266,0.002262774156406522,0.0018314351327717304,0.026655718684196472,0.025440827012062073,0.003950076177716255,0.0005709308315999806,0.03601773455739021,0.034109413623809814,415.8083694498156,35871.71952773836,0.0010810743551701307,986.3216590469902,35565.29392779177,0.0010625999420881271,0.03742029517889023,0.0047768899239599705,30475.242895634092,18439.679020545667
0.9877171556079265,0.9765271202606631,0.7912981476824467,0.2801349182504074,-0.08667897175015266,-0.29281354926979763,-0.46111433189361,-1.0,-39.21009637304536,5.976715242226987,-16.616690565409186,45.18681161527235,-28.405721187591553,-27.484731674194336,-27.945226430892944,0.9209895133972168,-0.0028158966451883316,0.0010258457623422146,0.0268858615309,0.0266778115183115,0.0027605441864579916,0.0019323030719533563,0.030552595853805542,0.02897803485393524,437.4114049609628,35854.89223789714,0.001098007895052433,672.9382824200313,35802.05605106242,0.0011430028825998306,0.03607087582349777,0.006834400352090597,31109.01627626204,17823.227986929604
0.019135937547044877,0.0,-0.09275200362457688,0.06224432385218301,0.23334089026011468,0.06877505951067886,-0.05555818169804527,0.0,-42.5132242458173,-0.9643104644502785,-21.73876735513379,41.54891378136702,-28.60481023788452,-28.10277223587036,-28.35379123687744,0.5020380020141602,-0.0026467011775821447,-0.001224038191139698,0.026901397854089737,0.025429658591747284,0.003112955018877983,-0.00022361474111676216,0.02824941836297512,0.027204005047678947,385.31560352350294,35814.400226424856,0.0010755849070847034,277.4895245863598,35814.6692855698,0.0011038879165425897,0.03688883036375046,0.00574389286339283,30467.7845047814,18662.873673809616
0.5235327627986974,0.375655714638228,0.7225716987681954,0.4660219892613367,-0.20919848523463752,-0.35850852624251406,0.2533108700845277,-0.2919438690387661,-33.66858355614352,4.151042421723616,-14.75877056720995,37.81962597786713,-28.85716199874878,-28.104655742645264,-28.48090887069702,0.7525062561035156,0.002457711147144437,-0.001472156960517168,0.025242170318961143,0.02560555562376976,-0.0025341748259961605,0.001816864125430584,0.027399182319641113,0.02804851531982422,321.268504868898,35816.21136974662,0.0010888163233175874,252.56481555792908,35857.447120244964,0.0010745828039944172,0.03455871716141701,0.0064981007017195225,31050.140099719785,17600.462937509987
0.04662104748684505,0.0,-0.015418746079063822,-0.10915553622256846,0.16644980247643748,0.3138050539944699,0.10801945285847636,0.0,-43.369096634659456,0.4934183285313338,-21.43783915306406,43.86251496319079,-29.204235076904297,-29.08432960510254,-29.144282341003418,0.11990547180175781,0.00269313994795084,-0.00031684909481555223,0.024812178686261177,0.024043604731559753,0.002663876861333847,0.0008019082015380263,0.02547931857407093,0.0240370724350214,326.7943634364539,35830.82262518885,0.0010847654193639755,303.8016117731173,35878.59741418778,0.0011103777214884758,0.03313470631837845,0.0064590140245854855,30924.16048686053,18631.434306344847
0.11560845637541593,0.0,0.6525525372737973,0.693543723470499,0.0956659958161012,-0.24514854528366584,0.19659145936795797,-0.001172814242754061,-34.632107847694954,3.971544986792537,-15.330281430451208,38.60365283448749,-29.218356609344482,-29.207615852355957,-29.21298623085022,0.01074075698852539,0.0026490387972444296,0.0006656173500232399,0.0250654648989439,0.02369505912065506,-0.002530080731958151,0.0010801958851516247,0.024436384439468384,0.02440190501511097,282.16180002894964,35868.591602838256,0.0010827307123690844,419.3409029700836,35835.398673035714,0.0010993664618581533,0.03448150306940079,0.005491082556545734,30466.502892836335,18704.546911324676
0.002812619066095645,-0.10050746443820702,-0.1760163289445258,0.37742397139528355,0.3355614847098012,0.3662074611145689,-0.03273744119372075,0.221770792001141,-37.92056692674734,4.620936488165512,-16.649815219290915,42.54150341491285,-29.17168140411377,-25.793092250823975,-27.482386827468872,3.378589153289795,-0.0016991808079183102,-0.002143077552318573,0.02485528588294983,0.024183964356780052,-0.0030570542439818382,-0.0026355478912591934,0.036987897008657455,0.035356175154447556,447.5579793031805,35848.15781346565,0.0011002849787473679,479.7724422796288,35726.799875665965,0.0011603414313867688,0.035242266952991486,0.0041181244887411594,30479.380209381154,18347.726566161975
0.009895898072363386,0.0,0.01794039823654707,0.20762149650785433,0.22452767790900935,0.09238866165386206,-0.002971925377387663,0.0,-38.92728725038671,-3.1159877980470583,-21.021637524216885,35.811299452339654,-26.664040088653564,-26.58942699432373,-26.626733541488647,0.07461309432983398,0.0036033212672919035,-0.0006269342848099768,0.03316488489508629,0.03228700906038284,-0.0010239311959594488,-0.003560121636837721,0.032751113176345825,0.03326764330267906,393.1379507115543,35817.41723238391,0.0010622291592881083,311.04821598410064,35839.04339096891,0.0010936730541288853,0.044747114181518555,0.008790300227701664,30927.120015977125,18629.218194901532
0.9907320589045324,0.9691480766006625,0.8392805060239309,0.38049940123482145,-0.3487384412173943,0.438156597931746,-0.24798624109581358,-0.840196071959127,-38.40659289324671,5.464699156691381,-16.470946868277665,43.87129204993809,-26.64567232131958,-26.1814284324646,-26.41355037689209,0.46424388885498047,0.002015085192397237,0.003059898968786001,0.03309982642531395,0.032493893057107925,-0.0036498839035630226,-0.0012574547436088324,0.03558724373579025,0.033582113683223724,363.9837330459474,35833.96025581831,0.0010711649665609002,233.87509890653567,36115.14238610101,0.0010689772898331285,0.0471264086663723,0.005354961846023798,30480.738789184317,18358.559424614916
-0.007386064379310945,0.11784361454719787,-0.03929046289108467,0.001193581012149142,0.21500740382649663,0.14226602015727607,-0.051531249136381185,0.0,-42.07628626394688,0.2943335934727429,-20.89097633523707,42.370619857419626,-26.3830304145813,-26.30833625793457,-26.345683336257935,0.07469415664672852,0.003407480427995324,0.0015637811738997698,0.03473297506570816,0.03285423666238785,-0.0014673606492578983,0.003530586138367653,0.03307991102337837,0.03508324921131134,305.59421332042444,35863.12883931934,0.001065603457391262,357.06529741006926,35863.29259700917,0.0010921760695055127,0.04752999171614647,0.00742041040211916,30468.18133735743,18668.11664438388
-0.011111381340444051,-0.12104647315513796,0.23234907038946087,0.3019413875985468,-0.03616086300450082,-0.23632812644127726,0.05902382465169931,0.0,-36.81289331416292,1.5490934201657751,-17.631899946998573,38.361986734328696,-26.420435905456543,-26.371068954467773,-26.395752429962158,0.04936695098876953,-3.751961776288226e-05,-0.0037755602970719337,0.03293529897928238,0.03436746448278427,-0.0018456804100424051,-0.003338505979627371,0.03402937576174736,0.03366941213607788,340.49298365528705,35866.70339030306,0.0010827109217643738,303.9095444603032,35814.197014718244,0.001074944157153368,0.04787331819534302,0.004072557669132948,30979.040409444,18696.37606695001
0.38266956284040665,0.2904948902016315,-0.06317822011406247,-0.23623065945597008,0.23096097986895903,0.4789361844994541,0.08295612649650896,-0.187410789877265,-42.24641099868296,1.189337997913185,-20.528536500384888,43.435748996596146,-26.41167640686035,-26.40404224395752,-26.407859325408936,0.007634162902832031,-0.0011303009232506156,0.003563729114830494,0.03275251388549805,0.03461231663823128,-0.003324511693790555,0.0018361874390393496,0.033542267978191376,0.033900268375873566,352.2832455950425,35818.549026783505,0.0010587425203993917,257.02687712672827,35851.61145309427,0.001074093859642744,0.04729406163096428,0.00383330718614161,31227.470857917953,17878.760223769157
0.10940377282577765,0.0,0.2508623302710054,0.4009481964603122,0.2679314870961979,0.02307571007092818,0.002027852668057273,0.0,-34.95548606682277,5.092238441109089,-14.931623812856841,40.04772450793186,-26.492793560028076,-26.44843816757202,-26.47061586380005,0.04435539245605469,0.001116171246394515,-0.003572926390916109,0.032411620020866394,0.03432074934244156,-0.0003080841270275414,-0.003771186340600252,0.032927606254816055,0.034160129725933075,266.744296484883,35849.59878804171,0.0010631367331370711,419.9326908129018,35842.11472555606,0.001087740296497941,0.04680516570806503,0.0037459740415215492,31231.542017426847,17576.574557689226
1.0,0.9971088186414739,0.8103350564508259,0.28926233579021077,0.019404743363383548,-0.13647100738991158,-0.4481443311689729,-1.0,-39.63206749149742,5.357075361968782,-17.13749606476432,44.989142853466205,-26.53219699859619,-26.516594886779785,-26.52439594268799,0.01560211181640625,-0.00018673803424462676,0.003707921365275979,0.03244854509830475,0.03399255871772766,0.0017580169951543212,-0.0033253689762204885,0.03231460601091385,0.03423156589269638,406.0916524156785,35835.21385789073,0.0010877810418605804,311.1380607242231,35813.00685123007,0.0010834021959453821,0.047037214040756226,0.004087656270712614,30979.588631141396,18683.322412490183
0.010500515223793947,0.0,0.031947042550183685,0.1737729624087576,0.21551154021108182,0.11458632782694156,-0.003666901539491896,0.0,-38.22476446815256,-3.0927510723372507,-20.658757770244904,35.13201339581531,-26.5425705909729,-26.556339263916016,-26.549454927444458,-0.013768672943115234,-0.0021930180955678225,0.0029945119749754667,0.032357923686504364,0.03400107100605965,-0.0013561896048486233,-0.003456189762800932,0.03305439651012421,0.03321881219744682,293.51165531950534,35813.047269250565,0.0010702909203246236,333.2782727157795,35850.87925345424,0.0011007401626557112,0.04590246081352234,0.005018273368477821,31242.51098517597,17348.106844903414
0.9940250441429967,0.9430885125253701,0.8735479085930433,0.25520750460641395,-0.3237250660406159,-0.1036025416692351,-0.32047216428775077,-0.9685312193675751,-37.757128744856345,6.2100733145580875,-15.773527715149129,43.96720205941443,-26.574809551239014,-26.522178649902344,-26.54849410057068,0.05263090133666992,0.003181499894708395,0.0018772517796605825,0.03395870327949524,0.032150402665138245,-0.0034673763439059258,0.0014207717031240463,0.03331276401877403,0.03321951627731323,355.89952325055015,35850.13747198472,0.0010853934800252318,346.73962025199,35833.71490463,0.001073729363270104,0.04703432694077492,0.00646715285256505,30472.365556657085,18525.950084354325
0.16438520962981348,0.16697925058302396,-0.09074128157780462,-0.01891239511749715,0.32266148993439475,0.25418290041664926,-0.016169479888336724,0.0,-40.86197311793529,0.6929177601694789,-20.084527678882907,41.55489087810477,-26.583118438720703,-26.56442403793335,-26.573771238327026,0.018694400787353516,0.002259033266454935,-0.0028981571085751057,0.03225364908576012,0.03380061686038971,0.0012673652963712811,0.0035172435455024242,0.032972779124975204,0.03323514387011528,383.59317429793765,35828.211956287676,0.0010845402721315622,271.7307431845795,35812.32928414184,0.0011000792728736997,0.04553912207484245,0.004746463615447283,31238.873104959435,17375.432182180964
-0.16493657442661863,-0.22242312020444102,0.18981847329746762,0.39924451075204626,0.09915217162881079,-0.1508584662086802,0.15699905889942578,0.0,-36.328397865565535,0.6266696028870911,-17.850864131339222,36.955067468452626,-26.63304328918457,-26.600253582000732,-26.61664843559265,0.03278970718383789,-0.0033390140160918236,0.001596035435795784,0.03278829902410507,0.03290000185370445,0.000912907940801233,0.003593047149479389,0.03264893591403961,0.03328569233417511,265.4930436293534,35820.41504196856,0.0010858488967642188,312.38716449764826,35864.136956291,0.0010832831030711532,0.04474613815546036,0.008522354997694492,31091.817896693043,17759.345655561316
0.3281664746310931,0.20744652371604258,0.08018902107519675,-0.2347225463947173,0.17661660463793077,0.47867063943123955,-0.07425356955477536,-0.2851798644604223,-42.47877610304482,0.583822289467264,-20.94747690678878,43.062598392512086,-26.60634994506836,-26.62510633468628,-26.61572813987732,-0.018756389617919922,0.00364978751167655,-3.522823681123555e-05,0.033611830323934555,0.032272081822156906,0.0036616469733417034,-0.0005471345502883196,0.033367935568094254,0.032373201102018356,310.7565948874516,35846.29927844087,0.0010774234542623162,340.42789410349405,35832.30661102972,0.001083618146367371,0.04503406956791878,0.008818799629807472,30935.69837517471,18631.52475939136
0.023144244872224513,0.0,-0.0004885418617243675,0.18045060304494415,0.11458778413618764,-0.11609776308546793,-0.18002623340245494,0.0,-38.893003034843844,-0.08405459143170901,-19.488528813137776,38.808948443412135,-26.655895709991455,-26.61808967590332,-26.636992692947388,0.037806034088134766,-0.002690474269911647,0.0025120435748249292,0.03216914087533951,0.03333739563822746,0.0024782365653663874,0.0027432553470134735,0.03347215801477432,0.03232051059603691,394.1226604562172,35824.50576316011,0.001081721973605454,311.84592165592903,35837.33325410783,0.0010783860925585032,0.044805582612752914,0.0063697644509375095,31253.85428489992,17240.32982210739
0.9849104886858587,0.9803894428929653,0.6419054567863618,0.3155692651496989,-0.13786161711750222,-0.16633226334194878,-0.43607087508510706,-1.0,-39.73753392541505,6.411364590448329,-16.66308466748336,46.14889851586338,-26.671113967895508,-26.656410694122314,-26.66376233100891,0.01470327377319336,0.0017421651864424348,0.003219171427190304,0.03285260125994682,0.03255055472254753,0.003030403982847929,0.0020873062312602997,0.033607643097639084,0.031882818788290024,281.7264471793864,35847.44863326875,0.0010756122646853328,342.0390335999561,35873.64394415658,0.001074675703421235,0.046982161700725555,0.005226782988756895,30481.81089688269,18458.02427814251
-0.9618249808517307,-0.9851451740162543,-0.8476285314083136,-0.6208395986984234,0.5215337893329409,0.5678872852605217,0.7119799040032498,0.9588817435544686,-40.982609985643535,-3.8021522211535057,-22.39238110339852,37.18045776449003,-26.71931266784668,-26.770029067993164,-26.744670867919922,-0.050716400146484375,-0.0024470421485602856,-0.002664774190634489,0.03307415544986725,0.03196071833372116,-0.002052140422165394,-0.002995559945702553,0.03267296031117439,0.031985267996788025,326.73304246316235,35868.558907099265,0.0010874473955482244,361.8419934881041,35850.371219538276,0.0010990477167069912,0.04707716405391693,0.005723579786717892,30477.41268274322,18383.522244678512
0.9977376225895727,0.9377661998972903,0.854231255938558,0.29358334589935053,-0.12735682651147864,-0.22482613865589934,-0.4468650322576464,-1.0,-37.661852986143316,3.904600679593301,-16.878626153275007,41.56645366573662,-27.123920917510986,-27.170605659484863,-27.147263288497925,-0.04668474197387695,-0.0008928012102842331,-0.003365329932421446,0.030760470777750015,0.0313178114593029,-0.0003227269626222551,0.003463731613010168,0.030093910172581673,0.031633149832487106,371.6550070679776,35838.57393611268,0.0010796012356877327,285.2884749616549,35846.75517374404,0.0010925073875114322,0.04442637786269188,0.004454319830983877,30730.494150737817,18648.07134020796
0.32254223200933557,0.24718650900409064,-0.08956232136965588,-0.024183567627868746,0.42195999600125955,0.38795277570278497,0.03228583363211146,0.0,-39.942888252504076,2.1648917034893316,-18.888998274507372,42.10777995599341,-28.153226375579834,-28.315904140472412,-28.234565258026123,-0.16267776489257812,-0.0030040410347282887,0.0006098144222050905,0.027889428660273552,0.02725314348936081,-0.000650369212962687,-0.0029761670157313347,0.026749474927783012,0.0273657888174057,301.9839079502139,35860.54598553298,0.0011033851187676191,263.1584220514945,35884.68909121958,0.0011437921784818172,0.03753161057829857,0.007388915400952101,30902.859922258955,18416.06231021308
-0.2367800652865499,-0.23173896522190499,0.21067247078791929,0.4087759951020054,0.13151753164423718,-0.11505425281487297,0.14043579014260876,0.0,-34.95904129679752,-0.3049294693189495,-17.631985383058236,34.65411182747857,-27.869207859039307,-27.372136116027832,-27.62067198753357,0.4970717430114746,-0.00014008342986926436,0.0031961691565811634,0.02781791426241398,0.02914237417280674,0.0029376312159001827,-0.0017076293006539345,0.02996891923248768,0.03036002814769745,251.90276364094416,35868.35230911499,0.001114625483751297,313.36333767747584,35818.24583562748,0.0010870301630347967,0.04027742147445679,0.0032774191349744797,31225.605979868837,18024.602526945135
0.8834919994522231,1.0,0.36356796186670565,-0.21776646304830996,0.058193100601429404,0.28555981318897417,-0.4472667731858346,-0.8583540570494766,-39.52908386465435,3.8141983433208964,-17.85744276066673,43.34328220797525,-25.81453800201416,-25.896599292755127,-25.855568647384644,-0.0820612907409668,0.003781305393204093,-0.0013530802680179477,0.036235883831977844,0.03594871610403061,-0.0037027117796242237,0.0015822506975382566,0.03577274829149246,0.03572821989655495,314.4901331549648,35816.88750223117,0.0010593233164399862,245.72836316228995,35826.99593569645,0.0010816245339810848,0.04884988069534302,0.009217390790581703,31061.958562909145,17566.956959620406
0.0,-0.012688953202051864,0.025850407518861293,0.24089775256178278,0.2033876440999716,-0.023242419352737687,-0.16762701078116216,0.0,-35.779151867017504,2.2815822406547284,-16.748784813181388,38.06073410767223,-26.75088405609131,-26.640524864196777,-26.695704460144043,0.11035919189453125,0.002659344347193837,-0.0024743457324802876,0.03181321918964386,0.03298155963420868,-0.002717207884415984,0.002500418107956648,0.032216623425483704,0.03340503200888634,294.4435663746979,35816.30348886562,0.0010867827804759145,357.9297889568162,35857.1353234774,0.0010750287910923362,0.04424084722995758,0.006547247059643269,31255.860719886656,17218.642510631184
0.9707067852060873,0.951364085651222,0.7429768791424863,0.4190508621871612,-0.006001432713636956,-0.1659649428012988,-0.40205680563303603,-1.0,-38.976021178194344,5.563544151502128,-16.706238513346108,44.53956532969647,-26.288588047027588,-26.18880271911621,-26.2386953830719,0.09978532791137695,-0.0037923394702374935,-0.00038401043275371194,0.0350085012614727,0.033320751041173935,0.003116002306342125,0.0023430995643138885,0.035426001995801926,0.03368716314435005,348.25399412349816,35862.90551449815,0.0010650098556652665,400.52927428617284,35830.657187080426,0.001081517431885004,0.047167010605335236,0.008697597309947014,30700.95605145371,18606.255008566633
0.003888624582431244,0.0,0.020910720628583748,0.06527253194785393,0.17882853234937723,0.08907244717364055,-0.028458759127007904,0.0,-40.19165603908118,-0.2666739686138726,-20.229165003847527,39.92498207046731,-26.17218255996704,-26.233375072479248,-26.202778816223145,-0.06119251251220703,0.0032136403024196625,-0.0021389969624578953,0.03430436924099922,0.034965045750141144,-0.0015104138292372227,-0.003559467848390341,0.03435913100838661,0.03442336246371269,352.1548646917168,35834.53129267214,0.0010613496415317059,350.21440154978586,35846.65863569327,0.001094528124667704,0.04730452597141266,0.0076541234739124775,31268.753179306932,17223.79757541055
0.816052560725349,0.5508482061739951,0.971994807587824,0.16048540529661412,-0.2003791210142788,-0.35402592146006484,0.0867159440328199,-0.2808069810927938,-37.36183179012937,2.3756598498948733,-17.49308597011725,39.737491640024245,-26.06130361557007,-26.02759599685669,-26.04444980621338,0.033707618713378906,-0.0037995316088199615,0.0010310239158570766,0.03538615629076958,0.034770667552948,0.0039583658799529076,-0.000136265778564848,0.03592377528548241,0.034493058919906616,375.945651541088,35838.45839164616,0.0010812121909111738,308.0596337156459,35863.844459256834,0.001077077118679881,0.047606684267520905,0.009320354089140892,30910.408782472896,18415.64566504178
0.3222374699691122,0.2693763789659599,-0.0855487198284533,-0.07021646089239486,0.34271195231071977,0.34412684401839855,0.07540861937809595,0.0,-43.74295244724087,0.5075622891479838,-21.61769507904644,44.25051473638885,-26.169393062591553,-26.136834621429443,-26.153113842010498,0.032558441162109375,-0.003793305717408657,0.0005471717449836433,0.03514667972922325,0.034144118428230286,0.003720673266798258,-0.001224422361701727,0.03497631847858429,0.03457299619913101,324.49514964330314,35875.72693643794,0.0010989236179739237,278.0373763903219,35869.680520616144,0.0011266620131209493,0.04725133627653122,0.009151671081781387,30920.31472853052,18641.839414772483
0.00225438952160191,0.0,0.18790033059519795,0.3223514701116765,0.21037391328272745,0.06964770925895686,0.0809304701874286,0.0,-34.71707913856767,2.4863435255786612,-16.115367806494504,37.20342266414633,-26.16021156311035,-26.128628253936768,-26.14441990852356,0.031583309173583984,-0.002424808219075203,0.0030354298651218414,0.03384409844875336,0.03550204262137413,-0.0031077107414603233,0.00239208759739995,0.03432692959904671,0.03528260812163353,284.53421472839705,35862.29911905773,0.00109008583240211,268.69777983331807,35826.69712804906,0.0010829938109964132,0.04755285009741783,0.006077047903090715,31246.747978609306,17271.4294023942
0.8839442578107004,0.9975478379269946,0.7255870468072119,0.14547199199503763,-0.01821376391376306,0.023561388252704707,-0.4313154152420725,-1.0,-42.56195218977598,2.688577352060605,-19.936687418857687,45.250529541836585,-26.122288703918457,-26.12516164779663,-26.123725175857544,-0.002872943878173828,0.0035817231982946396,0.0015256769256666303,0.03581147640943527,0.03383082523941994,0.0038811075501143932,0.0005076071247458458,0.03572271391749382,0.03389829769730568,294.1068468912693,35825.74538995721,0.0010762644233182073,222.9176870024621,35843.46123098073,0.001073822844773531,0.049015454947948456,0.00786085706204176,30467.559239545466,18687.865312822043
0.997592658468113,0.9758194453406438,0.8745553458920934,-0.20226725362578324,-0.281545669188416,-0.48583973860211555,-0.7574425832319146,-0.983324195232539,-39.56981899295113,-2.4244809628523853,-20.997149977901756,37.14533803009874,-26.208577156066895,-26.168701648712158,-26.188639402389526,0.03987550735473633,0.0036744591780006886,-0.0011675411369651556,0.03471039980649948,0.03426986560225487,-0.00270582502707839,-0.0027992152608931065,0.03530461713671684,0.033979546278715134,251.01256388516632,35838.57866539341,0.0010844715870916843,368.43683255867893,35851.75628278992,0.0010717323748394847,0.04691159725189209,0.009101234376430511,31120.431882415673,18035.781681097014
0.9815752695439903,0.9431503526955894,0.7673140213065867,0.3708448260128386,-0.11674618583913146,-0.23149901374213155,-0.35055625025694154,-1.0,-34.73278431287392,9.172501428029022,-12.780141442422448,43.90528574090294,-26.250951290130615,-26.241655349731445,-26.24630331993103,0.009295940399169922,0.0023177668917924166,0.003056012326851487,0.03476088494062424,0.03387954831123352,0.0018263299716636539,-0.003414879087358713,0.03335659205913544,0.03533093258738518,348.6959849848959,35847.051825928895,0.0010578717337921262,351.54649365480003,35811.987259543464,0.0010712177027016878,0.049372121691703796,0.005620178766548634,30480.54248964733,18357.62317061428
-0.009061525907085134,0.0,-0.05180469066834952,-0.021749570819561637,0.1728603199270901,0.17826696576520584,-0.012940523507132373,0.0,-41.273249803579006,-0.4568585358914561,-20.86505416973523,40.81639126768755,-26.26187562942505,-26.26561164855957,-26.26374363899231,-0.0037360191345214844,0.00046864739852026105,0.0037938342429697514,0.033739760518074036,0.0348125584423542,0.003820330835878849,0.0005659816088154912,0.035163890570402145,0.03333841636776924,354.380290314159,35828.678909727096,0.0010797419818118215,382.08132316365555,35856.84318876983,0.0011065378785133362,0.04939327389001846,0.0048834895715117455,30731.41982552046,18609.854837100684
0.11454191405409812,-0.01563673938871874,0.5344832802120538,0.20105117625723753,-0.0912843188051844,-0.2654898717182512,-0.009452405072605807,0.0,-36.019455093876445,3.082618743744547,-16.46841817506595,39.10207383762099,-26.273939609527588,-26.239478588104248,-26.256709098815918,0.034461021423339844,-0.002518668305128813,0.0029103299602866173,0.03344838321208954,0.034996148198843,0.000473019783385098,-0.0038414595182985067,0.033465802669525146,0.0352446548640728,374.4536485899996,35836.954839671016,0.001064192270860076,318.35609407535634,35858.17854493413,0.001066646771505475,0.046635642647743225,0.006302304565906525,31250.803631028757,17256.96685823159
0.6803935138236086,0.5543410666762895,-0.07566449592823762,-0.1549499692005996,0.5099807569462385,0.4749869861712299,-0.20397338696316836,-0.37041687550424485,-41.49511217724796,2.2889427942939733,-19.603084691476994,43.784054971541934,-26.295435428619385,-26.27265214920044,-26.284043788909912,0.022783279418945312,0.0037788189947605133,-0.0002450468600727618,0.03476131334900856,0.03352619707584381,-0.0019786623306572437,0.003301581833511591,0.03326646611094475,0.0351790189743042,353.2606957297059,35878.02063707582,0.0010955872712656856,306.59020953961084,35852.82374354131,0.001090184086933732,0.046763837337493896,0.009173929691314697,30928.18088695796,18451.324942761283
0.029736032459724688,-0.0013550682327765175,0.1859630198135447,0.36733953868454045,0.4038297812826319,0.4987447915102109,0.7168488808449834,0.0,-32.82708038141432,2.0511302960472335,-15.387975042683543,34.87821067746155,-26.304690837860107,-26.27643346786499,-26.29056215286255,0.028257369995117188,-0.0014362792717292905,0.0030815114732831717,0.03344571217894554,0.034806959331035614,-0.0019523499067872763,0.0033201195765286684,0.033249713480472565,0.035165414214134216,369.2748160404913,35748.73784592665,0.0011380247306078672,249.12322720031787,35830.62705729276,0.0010928281117230654,0.046793967485427856,0.005514578428119421,31237.536508837882,17314.099583865882
0.8873461337699324,0.9958439031551793,0.7692422153650252,0.11573061067741094,-0.09614541557845202,-0.041696338062974236,-0.43587646309129374,-1.0,-41.40636044175886,3.4619455131820303,-18.972207464288417,44.868305954940894,-26.25802755355835,-26.269726753234863,-26.263877153396606,-0.011699199676513672,0.003160957247018814,0.002167356666177511,0.035155970603227615,0.03341203182935715,0.0018599542090669274,0.0033756070770323277,0.034428663551807404,0.034065231680870056,267.1973623981495,35823.26958186967,0.0010736020049080253,239.38501871598655,35853.95597642949,0.001078988891094923,0.04887375980615616,0.0067848749458789825,30473.41639483429,18523.077991899012
0.0,-0.011125109089894357,-0.027003764936735827,0.12597170563456334,0.18620530192799056,0.028789858257436518,-0.11792763378152693,0.0,-40.6618351212216,-2.5014101259479844,-21.581622623584792,38.160424995273615,-26.25119686126709,-26.223628520965576,-26.237412691116333,0.027568340301513672,0.0036074323579669,0.0012652650475502014,0.035288311541080475,0.033329274505376816,0.001055999891832471,0.0037200378719717264,0.034153103828430176,0.03470488637685776,256.07564626654397,35850.66920319639,0.0010933228768408298,377.0696711985642,35851.85866792811,0.001077326131053269,0.04836300387978554,0.007842207327485085,30466.572050549268,18708.112179463078
0.9836704704542782,0.9061481430738472,0.785120489634026,0.4745505684058536,-0.19882433058401383,-0.2654070965900734,-0.3369511065033178,-1.0,-36.15934045117612,5.09858934627141,-15.530375552452355,41.25792979744753,-26.283023357391357,-26.271345615386963,-26.27718448638916,0.011677742004394531,-0.002839867025613785,0.0025579328648746014,0.03361336514353752,0.034769874066114426,0.003855189774185419,-0.0002309184055775404,0.03489178791642189,0.033576689660549164,359.1394425765439,35852.91261426422,0.0010790580417960882,347.2253735900682,35808.302497132405,0.0010783118195831776,0.04639866203069687,0.007073038723319769,31258.22774256251,17224.277701862688
0.010919551386863,0.03913213769716545,-0.08600312004579966,-0.0960083779106925,0.19075026376675075,0.15710111111123604,-0.04291789929071321,0.0,-39.50449370271798,3.255437684132289,-18.124528009292845,42.75993138685027,-26.28549575805664,-26.291263103485107,-26.288379430770874,-0.005767345428466797,0.0011926728766411543,0.003612961620092392,0.03399654105305672,0.03437775373458862,0.0019281958229839802,0.0033164802007377148,0.03438355401158333,0.033941175788640976,319.5087289816433,35816.72997671693,0.0010782103054225445,356.96002053537126,35853.67594242325,0.0011031610192731023,0.04950597509741783,0.005269764922559261,30728.82038986402,19508.607282833058
-0.8775230084191754,-0.9663878628094532,-0.5151613849651082,-0.7113880614616432,-0.7572789182772818,-0.7050548695248556,-0.1815975792305401,1.0,-34.34484862001451,2.659223995743673,-15.842812312135418,37.00407261575818,-26.275207996368408,-26.27142906188965,-26.27331852912903,0.0037789344787597656,-0.0032518869265913963,0.0010201481636613607,0.03458758071064949,0.03390771895647049,0.0024943856988102198,0.002934063319116831,0.03478613495826721,0.03368672728538513,345.47335101356936,35735.74811668322,0.0011296502780169249,339.8295427820054,35864.06465425075,0.001090771984308958,0.04680759459733963,0.009122006595134735,30520.923753597843,18499.152941884102
0.4909112749028987,0.3865418043032251,-0.016155067724330292,0.06136193171531136,0.7553047168315816,0.9192995363963724,0.6795980185462447,-0.09545860332227585,-37.35911019423936,-0.4731050482977821,-18.916107621268573,36.88600514594158,-26.339900493621826,-26.339476108551025,-26.339688301086426,0.00042438507080078125,-0.0010890885023400187,-0.0032125026918947697,0.03370751813054085,0.03427954390645027,0.0018079389119520783,-0.003369140438735485,0.03298293054103851,0.03493598848581314,380.6795592349553,35770.099142980755,0.0011277843732386827,324.9569934352241,35851.60835159283,0.0010895486921072006,0.048834048211574554,0.004879335407167673,30728.742667253246,19662.799589731276
-0.004163443098018166,0.0,0.09989561728527531,0.21178729245076564,0.23557111831483407,0.08571672698085381,0.07496121742555328,0.0,-38.34390572776573,-1.704484987624511,-20.02419535769512,36.63942074014122,-26.39286756515503,-26.356403827667236,-26.374635696411133,0.03646373748779297,0.003769906237721443,0.00021292056771926582,0.03454849496483803,0.032966312021017075,0.0037465067580342293,0.0006817636312916875,0.034824565052986145,0.03296557068824768,312.5066705973769,35852.34717568907,0.0010773021494969726,243.82997903939196,35841.62815319971,0.0010741911828517914,0.046836428344249725,0.008646924048662186,30698.504212111853,18619.07503537314
0.8998022858119081,0.9984012528807861,0.7654957059893615,0.24821131180927553,-0.021416719891452052,-0.08871500041623143,-0.47040703570671977,-1.0,-41.116625554074744,4.7969271855860995,-18.159849184244322,45.913552739660844,-26.349306106567383,-26.35655641555786,-26.352931261062622,-0.007250308990478516,0.0007152808830142021,0.003712213598191738,0.0335090309381485,0.034360114485025406,0.0034932908602058887,-0.0015312100294977427,0.03390571102499962,0.033908020704984665,284.0026116626248,35838.73876144453,0.0010796271963045,249.76762351697704,35862.05622494666,0.0010800112504512072,0.048688098788261414,0.004896093159914017,30730.34097215386,18441.275079449988
0.0,-0.011011894881688356,-0.007724092436422386,0.12845184899629283,0.18927300062991315,0.030340364915844797,-0.11210618993739008,0.0,-38.50836239478946,-1.7694323395454603,-20.13889736716746,36.738930055244,-26.388022899627686,-26.340930461883545,-26.364476680755615,0.047092437744140625,-0.003534597810357809,0.0012911409139633179,0.033920831978321075,0.033651310950517654,-0.003371855244040489,-0.0017836272018030286,0.03492216393351555,0.03298681974411011,258.1362330165921,35863.45086146583,0.0010835857829079032,356.17805455445375,35835.25765072486,0.0010696420213207603,0.045893922448158264,0.008859979920089245,31114.576346350317,17851.319653635772
0.9488201782116347,0.8841486595108212,1.0,0.5572662789211779,-0.2630698728571435,-0.10518660095244392,0.14307546289134399,-0.6712441515390053,-34.41729086246269,8.73685917703125,-12.840215842715722,43.15415003949394,-27.502288818359375,-27.72005796432495,-27.611173391342163,-0.21776914596557617,0.00043398526031523943,-0.003303841222077608,0.028941163793206215,0.030473722144961357,-0.002030979609116912,0.0025515914894640446,0.028264349326491356,0.029680123552680016,315.63880827729406,35816.99169136603,0.0010575137566775084,218.7020000478167,35802.24762419584,0.0010791918030008674,0.04173202067613602,0.0032673922833055258,31226.98215330509,17900.898360252424
0.058568224525007345,0.07487504182650782,-0.0876186979976239,-0.19231426623166825,0.26501893508714697,0.3952384551386783,0.07807648269972012,0.0,-42.617138703137755,0.014500461922949626,-21.301319120607403,42.631639165060704,-28.50203514099121,-28.50628137588501,-28.50415825843811,-0.004246234893798828,0.002790529513731599,-0.0009446909534744918,0.026611875742673874,0.02636292763054371,0.0026404871605336666,0.0013794050319120288,0.027225608006119728,0.025698009878396988,286.1291161076542,35807.71706700237,0.0010796282440423965,434.0918843555038,35869.006612683064,0.001134202815592289,0.03623965010046959,0.00665346859022975,31069.647859107263,17592.085500215082
-0.11580219188030676,-0.1433373306964763,0.1744248757340075,0.13772565761003377,0.2279774293141388,-0.10562532620953435,-0.03514426560674211,0.0,-34.46420887480815,2.142474941792841,-16.160866966507655,36.60668381660099,-28.47815752029419,-28.424088954925537,-28.451123237609863,0.054068565368652344,-0.002647487912327051,-0.0013811970129609108,0.02730662375688553,0.025789368897676468,-0.0004487335681915283,-0.0029773020651191473,0.026322755962610245,0.027119943872094154,438.5033749458518,35857.917427968925,0.0011149258352816105,403.7278995511367,35844.47467037079,0.001093444530852139,0.03770556300878525,0.00506980437785387,30473.378272750877,18498.232614089637
0.8316923738083233,0.7347895523652492,0.03622692940293662,-0.17570902089642637,0.3713800766347378,0.46874771340515464,-0.22957154695222803,-0.6167008738294364,-40.297819862133736,5.055979861197329,-17.620920000468203,45.353799723331065,-27.630794048309326,-27.420098781585693,-27.52544641494751,0.2106952667236328,-0.0007800637977197766,-0.003162861568853259,0.02900451235473156,0.029557552188634872,-0.003318661591038108,-0.0006480065057985485,0.030820531770586967,0.029154082760214806,445.10759989551315,35856.91410863305,0.0010807807557284832,308.376057895664,35842.84993629625,0.0010943765519186854,0.04235411435365677,0.0044571757316589355,30729.488704743897,18515.42006131595
0.011686281813083548,0.0,0.049632491753670266,0.1945873615952642,0.16907738645090814,0.13574183179089772,-0.0012220525406269056,0.0,-35.875163467338155,2.2587397949536125,-16.80821183619227,38.13390326229177,-26.518752574920654,-26.4281964302063,-26.473474502563477,0.09055614471435547,-0.0019387779757380486,-0.003178785089403391,0.033528342843055725,0.03303123265504837,-0.0023658513091504574,-0.002941792830824852,0.03412595018744469,0.033124178647994995,336.7674768563718,35841.29722508558,0.0010792796965688467,285.52820378683367,35862.39175123424,0.0010822499170899391,0.048089995980262756,0.005348487291485071,30481.594579730223,18402.624096720476
-0.006580757006161786,0.0672363463755391,-0.14516117234353954,-0.5145494033491782,-0.5937542198185639,-0.5496054445361942,-0.7258723412995282,0.0,-39.38824897681722,5.352134729374313,-17.018057123721455,44.74038370619154,-26.348769664764404,-26.383259296417236,-26.36601448059082,-0.03448963165283203,-0.0032540273386985064,-0.0010044985683634877,0.03468761593103409,0.033214788883924484,0.0033628884702920914,-0.001767428475432098,0.033668722957372665,0.03393670544028282,334.1951841844065,35756.03413025818,0.001135436468757689,278.23258056527254,35859.30479469441,0.001070542843081057,0.04828401282429695,0.007214770652353764,30272.492302806975,18342.414530338723
0.0,-0.012892836825980393,-0.04672708464604669,0.08885656250718679,0.15911814212661118,0.03138619552691724,-0.07877434117976434,0.0,-39.88228744589753,-1.470840289047544,-20.676563867472538,38.41144715684999,-26.456148624420166,-26.405282020568848,-26.430715322494507,0.05086660385131836,0.002555064857006073,-0.0027226496022194624,0.03283555433154106,0.03419540077447891,-0.002533332211896777,0.002821433823555708,0.032960694283246994,0.03445717692375183,317.6699222718096,35872.29331213358,0.0010842125630006194,343.8502094887589,35825.852029316535,0.001077135093510151,0.04598598927259445,0.0057877167128026485,31248.585379685894,17287.33663411877
0.7417927260819944,0.6257759331786973,0.9832299283041821,0.4589265781232614,-0.2483925891248722,-0.27811247990246935,0.012527789062184547,-0.514685635035683,-37.66045330460622,5.226328594531196,-16.217062355037513,42.88678189913742,-26.469876766204834,-26.448612213134766,-26.4592444896698,0.02126455307006836,-0.002266534138470888,-0.0029911717865616083,0.033892497420310974,0.03303811326622963,-0.0031693591736257076,-0.0020712160039693117,0.03444146364927292,0.03263155370950699,341.6953806832691,35813.664440658846,0.0010599324014037848,260.460031633087,35837.1923847033,0.0010800822637975216,0.048122525215148926,0.0055361962877213955,30479.550704068162,18371.170124800847
0.4789664327285587,0.481779120132639,-0.040384665335536016,-0.26276540706609164,0.32727112845138173,0.4779815727290899,-0.11956738782186027,-0.21886917015408547,-39.88654774656226,3.94482153189648,-17.97086310733289,43.83136927845874,-26.481611728668213,-26.469802856445312,-26.475707292556763,0.01180887222290039,0.0035354432184249163,0.0011539815459400415,0.034334585070610046,0.03248884156346321,-0.0037391965743154287,-0.00046937057049944997,0.03432346507906914,0.03258894383907318,282.5049018266828,35827.296823405435,0.0010780368465930223,397.59999803490024,35853.09730677584,0.0010974848410114646,0.04711725190281868,0.007863953709602356,30463.456420952738,18761.96960579561
-0.9456210702218291,-0.9817894957367311,-0.7043084223665607,-0.6645428645924457,-0.6221821799292288,-0.5826190255386704,-0.24973326060697665,1.0,-35.69025483816188,-1.0544230507242673,-18.372338944443072,34.63583178743761,-26.498420238494873,-26.46144151687622,-26.479930877685547,0.036978721618652344,-0.002850220538675785,-0.002437977120280266,0.034113749861717224,0.032584045082330704,0.001700701774097979,-0.0033788704313337803,0.032514043152332306,0.03445596247911453,414.2678872489081,35857.0722010255,0.001097083673812449,364.86618890920033,35833.01697867211,0.0010913866572082043,0.04782180115580559,0.0058161355555057526,30476.887049986053,18390.31096932627
0.7190659129597154,0.6885792659767531,0.18364465629249305,-0.17051088972563203,0.13084053453526306,0.4591768098966461,0.08669754566163257,-0.4655635200631898,-41.57104662572101,2.277092907681464,-19.646976859019773,43.848139533402474,-26.53667688369751,-26.524879932403564,-26.530778408050537,0.011796951293945312,0.0017902592662721872,0.00324006425216794,0.03338256850838661,0.03304233029484749,-0.0035707675851881504,0.0011236041318625212,0.03347018361091614,0.03304038196802139,429.9912064779391,35837.24162944491,0.0010895777959376574,323.21561769349404,35842.61668943848,0.0011040879180654883,0.04815462604165077,0.005477168597280979,30480.614342594294,18382.142435048958
-0.9641474737362186,-0.9829869636961214,-0.8360365894579016,-0.60725411799332,-0.504776673454139,0.6343899883373312,0.7550117818926487,0.9707433511206871,-40.14619417855101,-2.407143550835059,-21.276668864693036,37.739050627715955,-26.550822257995605,-26.507906913757324,-26.529364585876465,0.04291534423828125,-0.002646172419190407,-0.0025942488573491573,0.03380059823393822,0.03250328078866005,0.0020401019137352705,-0.003132232930511236,0.032416507601737976,0.03420301526784897,324.3909319134788,35837.8012433077,0.0010781041346490383,284.6620958892927,35869.29713254119,0.0010781754972413182,0.0477503165602684,0.005900315009057522,30476.31311377693,18408.50632084119
0.936747105877132,1.0,0.8079175916526434,0.35757696919601073,0.03924767502918852,-0.1586370206516972,-0.4674185138128182,-1.0,-40.213536246517975,4.661605184882546,-17.775965530817714,44.87514143140052,-26.500391960144043,-26.501801013946533,-26.501096487045288,-0.0014090538024902344,0.003719174303114414,-0.00013961388322059065,0.03400322422385216,0.032687123864889145,-0.0004186570877209306,-0.0037284905556589365,0.03278475999832153,0.03389505669474602,283.87716222220087,35845.87951821666,0.0010535962646827102,318.1624163715394,35859.2297875827,0.0010812662076205015,0.0457763597369194,0.008791638538241386,30694.33575403267,19123.39728422093
0.0,0.0034744391767886455,-0.04577261202662883,0.044415021549497696,0.14823714836986568,0.059780204788471125,-0.04922252941519767,0.0,-41.00485157907576,-1.3415251671836472,-21.173188373129705,39.663326411892115,-26.534278392791748,-26.48507595062256,-26.509677171707153,0.04920244216918945,0.0026155652012676,0.0026212765369564295,0.03384667634963989,0.03258543834090233,0.003656077664345503,-0.0008659462910145521,0.033760085701942444,0.03305399417877197,351.7982564053689,35866.786135071685,0.0010933453449979424,322.23109201828953,35822.9666519994,0.0010782560566440225,0.0478135347366333,0.005941243376582861,30476.935969775353,18398.17283721723
0.41904663839710343,0.2919357456470318,0.8185554742590535,0.5217252131486126,-0.20013319330663634,-0.1968309233207195,0.23958833879477592,-0.09522993307294436,-38.92134891105178,1.1877106813644218,-18.86681911484368,40.1090595924162,-26.529784202575684,-26.502389907836914,-26.5160870552063,0.02739429473876953,0.0037230756133794785,-3.3231452107429504e-05,0.03393708914518356,0.03252432122826576,-0.0006614507874473929,0.0036877088714390993,0.032418835908174515,0.03424137458205223,293.8970733129083,35817.51421792448,0.001067139906808734,251.67888794641894,35851.58969132302,0.0010764660546556115,0.04563672095537186,0.008614643476903439,30696.917391194955,18687.573437731735
0.9945806443868709,0.8921149193403044,0.15221178212338435,-0.2655384184896226,0.3623562901290506,0.44143716236646036,-0.316342426705279,-0.6290983447302176,-41.29388774606423,3.784571767256921,-18.754657989403654,45.07845951332115,-26.521179676055908,-26.51270866394043,-26.51694416999817,0.008471012115478516,0.0026949006132781506,0.0025299452245235443,0.033926911652088165,0.032605692744255066,0.003696207422763109,-0.0006558253662660718,0.03375070169568062,0.03284778818488121,264.43113423164687,35837.93477071481,0.0010728029301390052,424.09606731658386,35854.49733030508,0.0011088509345427155,0.04800920933485031,0.0061447047628462315,30475.041726665913,18442.601546053265
-0.0021898048747149707,0.0,0.1267249333735795,0.2823466778695175,0.24680874817644952,-0.0548221783593803,-0.07439843743088514,0.0,-33.60184915561814,2.6520988638398535,-15.474875145889143,36.253948019457994,-26.51205062866211,-26.486010551452637,-26.499030590057373,0.026040077209472656,0.0017571018543094397,-0.0033020004630088806,0.03234667330980301,0.03423769026994705,0.003729268442839384,0.0005374462925828993,0.03428049013018608,0.03250531479716301,413.61360527303924,35849.18176549355,0.0010755999246612191,326.6278037010958,35820.91251795595,0.0010770686203613877,0.045709893107414246,0.004687565844506025,31238.700566365314,17370.209584669636
1.0,0.9749115093711437,0.65792204568256,0.15832287806012224,-0.04373774441121692,0.05390727515101179,-0.2910938031147996,-1.0,-42.541226533803496,1.0849100480817242,-20.728158242860886,43.62613658188522,-26.549808979034424,-26.533596515655518,-26.54170274734497,0.01621246337890625,0.00035604950971901417,-0.0036955007817596197,0.03234375640749931,0.033960115164518356,0.003158660139888525,-0.002012515440583229,0.032923486083745956,0.03351844847202301,379.9635989942662,35809.87473308631,0.0010618994710966945,340.2139920158524,35842.10178067615,0.001090386649593711,0.04733224958181381,0.004286465235054493,30979.671121162155,18468.11220269114
-0.002882014612417492,0.0,0.014628096431345133,0.13977674089207726,0.18478654507526954,0.12941463401847964,-0.020735410273591715,0.0,-41.8535137549996,-4.41843721983733,-23.135975487418463,37.43507653516227,-26.576073169708252,-26.536221504211426,-26.55614733695984,0.03985166549682617,0.0007750543300062418,-0.0036083245649933815,0.032147932797670364,0.03395199403166771,0.001129179960116744,-0.003538071643561125,0.032239142805337906,0.03416097164154053,325.32875747230594,35837.334949321805,0.0010826586512848735,300.38119659308484,35865.897449137046,0.0010763442842289805,0.04670410603284836,0.0038782525807619095,31225.48940932658,18018.261727531648
0.9342983509833888,1.0,0.795796793272322,0.367440072035834,-0.002404346206370034,-0.19352616293933927,-0.477054793511903,-1.0,-37.828707677055576,7.70060341546386,-15.064052130795858,45.529311092519436,-26.554863452911377,-26.56327247619629,-26.559067964553833,-0.00840902328491211,-0.00020144451991654932,-0.003699850756675005,0.03250030800700188,0.0337730348110199,0.0010694025550037622,-0.0035701896995306015,0.03213333338499069,0.03405732288956642,303.94193679831335,35855.63915564413,0.0010673027718439698,319.4371662648617,35849.2798851533,0.0010806978680193424,0.047215335071086884,0.004277890082448721,30977.737942684365,18346.988695853724
0.009213417050169426,0.04077006487790528,-0.09777668382513044,-0.03264480015386359,0.12290767146056442,0.09885172236924811,-0.03465234219390578,0.0,-42.52242343492014,-2.295225473870744,-22.408824454395443,40.2271979610494,-26.583991050720215,-26.52801752090454,-26.556004285812378,0.05597352981567383,0.0003652402083389461,-0.0036551179364323616,0.03221866860985756,0.03382757678627968,-3.569007822079584e-05,0.0037387656047940254,0.03249955549836159,0.033972397446632385,358.8246903674834,35865.23328867194,0.001086388248950243,328.4902516920742,35824.143230524685,0.001074893749319017,0.04695023596286774,0.0041184495203197,30979.364336541057,18417.40075925525
0.05116814724512807,-0.037772081128699675,0.5972771568131426,0.5444268805529001,0.027957838735382462,-0.11571403436785643,0.20368055468380863,0.0,-34.46189104541935,3.8316275489775364,-15.315131748220907,38.293518594396886,-26.570286750793457,-26.546037197113037,-26.558161973953247,0.024249553680419922,-0.0034572770819067955,-0.0013827299699187279,0.03403150290250778,0.03210565075278282,0.0037296207156032324,-6.502294854726642e-05,0.033869143575429916,0.03246663510799408,290.43141219902293,35812.69361816553,0.0010613425401970744,251.07560748965912,35854.75678962117,0.0010771523229777813,0.046846017241477966,0.006781772244721651,30471.110607603285,18588.913710817684
0.017344080639114634,-0.04081577891295718,-0.537341927317027,-0.9626625266703267,0.5009529062778164,0.6764830755533164,0.2067746327042058,-0.044925043615116636,-39.5146841744525,5.693123968734653,-16.910780102858922,45.20780814318715,-26.57729148864746,-26.558125019073486,-26.567708253860474,0.01916646957397461,-0.0025319582782685757,-0.002662122482433915,0.03364284336566925,0.03246370702981949,0.0008656540885567665,0.0036229733377695084,0.03278341516852379,0.03347133845090866,257.2864909070328,35835.45162577444,0.0010747709311544895,397.42976200769783,35849.04000831186,0.0010931553551927209,0.047853462398052216,0.005881909281015396,30476.94465601966,18393.08535867282
-0.005183437551284052,0.0,0.03320682662676473,0.1781427441879771,0.2676853063784479,0.060814720021482915,-0.050456253954066055,0.0,-40.18620937492665,-3.3866115535519725,-21.78641046423931,36.799597821374675,-26.54026985168457,-26.566901206970215,-26.553585529327393,-0.02663135528564453,-0.002596264937892556,0.002669926965609193,0.03252234682440758,0.03385980427265167,-0.0031434574630111456,-0.0020009884610772133,0.03398249298334122,0.03218391165137291,418.34680254649766,35855.32193295678,0.0010887844255194068,342.3858916557724,35825.12179693527,0.001085883704945445,0.04519147053360939,0.006124004255980253,31248.284294810124,17264.220510778334
0.9935954296096787,0.9812183026147044,0.7567826722202854,0.30615224959604803,-0.04173927041169728,-0.03858350557334622,-0.32564557536494304,-1.0,-38.577525980387406,5.715763586612439,-16.430881196887483,44.293289566999846,-26.64778232574463,-26.626145839691162,-26.636964082717896,0.021636486053466797,0.0032393804285675287,0.0017199210124090314,0.03369538486003876,0.03185894712805748,-0.001944942632690072,0.0031517785973846912,0.031950097531080246,0.03376545011997223,406.3843143039498,35825.86406521967,0.0010868896497413516,326.022744817273,35837.257797160695,0.0010832714615389705,0.04686920344829559,0.006717412266880274,30472.30487556037,18568.126692634094
0.0038653654454140892,0.0,0.005131327490128276,0.09578773949327699,0.15886135121432554,0.16054051345201886,0.015122801924114526,0.0,-44.13780781463487,-5.5332155682124835,-24.835511691423676,38.604592246422385,-26.68861150741577,-26.634819507598877,-26.661715507507324,0.05379199981689453,0.0033197139855474234,-0.001482771011069417,0.032637499272823334,0.03263663873076439,-0.002381314057856798,0.0028139776550233364,0.03207774832844734,0.033581554889678955,319.05491110743475,35843.810896600575,0.001094405073672533,287.74329377983526,35869.27035096042,0.0010805444326251745,0.04433925077319145,0.007807289250195026,31044.7018385133,17614.85403146396
0.7396736683393818,0.9417981226589488,0.9730864470416495,0.4514081370297789,-0.2340823529127244,-0.25553443954729066,-0.3140006454769726,-0.6840355124128654,-38.86968447551129,1.9675896343778163,-18.451047420566738,40.83727410988911,-26.619808673858643,-26.612021923065186,-26.615915298461914,0.007786750793457031,0.0036615533754229546,0.0003970951365772635,0.033713944256305695,0.032056376338005066,0.0035953656770288944,-0.000902419036719948,0.033239953219890594,0.0326048843562603,282.4004317880356,35844.12828609138,0.001062370021827519,305.6641093318579,35871.46562585418,0.0010914186714217067,0.045655183494091034,0.008269548416137695,30703.080367743692,18617.306147326144
0.4133105064705032,0.5033915921285066,-0.0946317116986251,-0.17006797274492924,0.33386818872877794,0.38225652637104435,-0.1801904467667974,0.0,-41.036984014148715,2.5803390769222574,-19.22832246861323,43.61732309107097,-26.671934127807617,-26.604256629943848,-26.638095378875732,0.06767749786376953,0.001606324571184814,-0.003242194652557373,0.03179260343313217,0.03358513489365578,-0.003666253760457039,-0.0005455067148432136,0.033822327852249146,0.032061345875263214,294.03982355891463,35876.168839963255,0.001089409226551652,351.2670261174679,35831.007167032265,0.0010789576917886734,0.04566648229956627,0.0038340850733220577,31232.693249766824,17569.366402806376
-0.9655873478709885,-0.9729364030228108,-0.7213042078698593,-0.562990253048266,-0.6936915805763137,-0.5881911460049012,-0.20647416954941977,1.0,-37.840176605178044,0.9325775864157322,-18.453799509381156,38.772754191593776,-26.669507026672363,-26.655051708221436,-26.6622793674469,0.014455318450927734,-0.0028797979466617107,-0.0022824013140052557,0.03348326310515404,0.03191230073571205,0.0008147732587531209,-0.0035954834893345833,0.031822122633457184,0.03367440029978752,379.85031543841205,35831.300533604175,0.0010700803250074387,291.28815821587693,35806.858311913806,0.0010784167097881436,0.046781495213508606,0.005928393453359604,30475.056530083748,18439.022275776475
0.988384519305162,0.9971391366021799,0.7398636846497141,0.1485537069373035,-0.044096583793634736,-0.06713263838016043,-0.4459998359785161,-1.0,-38.738681121819184,6.238172863809069,-16.250254129005057,44.97685398562825,-26.66292428970337,-26.660568714141846,-26.661746501922607,0.0023555755615234375,0.0036211349070072174,0.00048463523853570223,0.03355131670832634,0.031894415616989136,-0.0035500109661370516,-0.0009822255233302712,0.033673565834760666,0.03178026154637337,337.8601198316054,35817.40644312913,0.0010749655775725842,385.784964667634,35852.12895566533,0.0010943375527858734,0.04564705118536949,0.008410850539803505,30702.091399572386,18951.363545680244
0.012546815560699434,0.0,-0.016222020131215903,0.08914571154398115,0.2616194450773271,0.09299551794209465,-0.05187513628542606,0.0,-38.15019538283906,-1.7274649541693066,-19.938830168504182,36.42273042866975,-26.674866676330566,-26.627912521362305,-26.651389598846436,0.04695415496826172,0.002316315658390522,-0.002826203126460314,0.03192470222711563,0.033433981239795685,-0.0005397633649408817,0.0036571072414517403,0.03199029341340065,0.03371499106287956,398.55494332412627,35844.2232347906,0.0010763037716969848,347.33484009127784,35866.46864363481,0.0010853242129087448,0.04467036947607994,0.005351296626031399,31243.017947890312,17300.567001545023
0.9866895615497522,0.8990300519323436,0.7041885653842591,0.23999507294552974,-0.11375097734315809,-0.14650320393580002,-0.34150333577579045,-1.0,-39.54322328008169,3.4424308875844645,-18.050396196248613,42.985654167666155,-26.69053554534912,-26.661198139190674,-26.675866842269897,0.029337406158447266,0.0013344369363039732,0.003379880916327238,0.03255403786897659,0.03270560875535011,-0.0027401165571063757,0.0024635500740259886,0.032159242779016495,0.03330698981881142,346.74579869829984,35875.97586671201,0.0010785218328237534,291.18145280557843,35866.701895092,0.0011074322974309325,0.047118593007326126,0.005030887667089701,30483.17508766472,19856.54598908654
-0.010385849597335416,0.0,-0.051889189088246135,0.033602203702192385,0.1605573554231327,0.13386412373337658,0.022528354534832373,0.0,-37.26391967097467,3.1619581887746904,-17.05098074109999,40.42587785974936,-26.693274974822998,-26.648600101470947,-26.670937538146973,0.04467487335205078,-0.0007172771729528904,0.003558220574632287,0.03174072131514549,0.03347575664520264,0.00014014478074386716,-0.0036917878314852715,0.03202173113822937,0.03353171795606613,265.8253847801748,35862.730186895504,0.0010916887549683452,277.91496473010056,35821.79578990434,0.001090525183826685,0.04605444520711899,0.003579932963475585,31227.734189432784,17870.20539276222
0.1049248275047574,0.10921258305348132,0.6657559440748703,0.4409085223714637,-0.18581048498238778,-0.046059731139294735,0.15879383258219615,0.0,-36.43242936924224,2.918660691591299,-16.756884338825472,39.35109006083354,-26.681265830993652,-26.682298183441162,-26.681782007217407,-0.0010323524475097656,0.0035289907827973366,0.0009927160572260618,0.033583637326955795,0.0317159928381443,0.0036809248849749565,-0.00011730899859685451,0.03331836313009262,0.03198465704917908,312.0706984664261,35820.77637892773,0.0010622686240822077,256.85140921269345,35827.689281806364,0.001082531874999404,0.045936428010463715,0.00731521425768733,30467.112144352486,18708.49839979871
1.0,0.9946851726950956,0.09500926442896294,-0.24829835749102874,0.2464482387721555,0.1942012439869334,-0.6777001512055826,-0.41908971606286716,-44.93759376397736,2.1712538280074227,-21.38316996798497,47.108847591984784,-26.713061332702637,-26.650021076202393,-26.681541204452515,0.06304025650024414,0.0030992506071925163,0.0018583923811092973,0.03338358551263809,0.03168625384569168,-0.0036868404131382704,-7.4800118454732e-05,0.03351392224431038,0.03203009068965912,326.59727744373004,35808.96683721292,0.001094962004572153,326.6118642369735,35858.96737091466,0.001074250671081245,0.04617304727435112,0.007040956988930702,30469.28432505234,18624.15799071703
0.013664593667593199,-0.0030298263772643415,0.16358275858722462,0.43895776536215625,0.3705771182507653,0.3862254080244092,0.6449846503789338,0.0,-36.792567852437884,0.29893591811423903,-18.246815967161822,37.09150377055212,-26.710031032562256,-26.686320304870605,-26.69817566871643,0.02371072769165039,0.0032325717620551586,0.0002719897893257439,0.03324476256966591,0.03189500793814659,0.003311149775981903,0.0015544414054602385,0.03357745334506035,0.03168409317731857,284.5270115912206,35750.967715388164,0.0011303483042865992,337.82919951676877,35870.32530563897,0.001087408745661378,0.04559961333870888,0.007608016021549702,30276.968534420947,18360.20648337574
1.0,0.9888018295777923,0.7228837511146036,-0.17066598443092668,-0.3713964059099347,0.0951624888149365,-0.25299145378234084,-0.9362819812398894,-41.108913314021436,1.9941730577648968,-19.55737012812827,43.10308637178633,-26.70468807220459,-26.70159101486206,-26.703139543533325,0.003097057342529297,0.001314561814069748,0.0033860735129565,0.03249536454677582,0.03265751898288727,-0.0005435539642348886,0.003632259089499712,0.031708721071481705,0.03344020992517471,299.1568482623142,35863.94388226267,0.001074457773938775,351.24749940474345,35847.71600545065,0.0010839002206921577,0.04723209887742996,0.005081112962216139,30483.35426277083,18773.264335751246
-0.00233699434399871,0.0,0.0010595147447162168,0.12287374401720233,0.20530133676834733,0.11039898197654596,-0.038432305121272714,0.0,-36.88730169637398,0.34901465963218925,-18.269143518370896,37.23631635600617,-26.745152473449707,-26.66862726211548,-26.706889867782593,0.07652521133422852,-0.0004916915786452591,0.003584052436053753,0.031584564596414566,0.033244214951992035,-0.0036735734902322292,-4.512810846790671e-06,0.03341592103242874,0.03198974207043648,378.1520599611874,35851.82315052291,0.001090926700271666,310.8675624947282,35822.48547182802,0.0010774580296128988,0.045628733932971954,0.003679206594824791,31225.3806856603,17959.60614148743
0.9967584593354254,0.9672428521066012,0.7523314764479361,0.35431930809356604,0.015445769841273771,-0.1896754392677238,-0.4801077822061725,-1.0,-40.25584454497118,4.687772556356094,-17.784035994307544,44.94361710132728,-26.753830909729004,-26.702940464019775,-26.72838568687439,0.050890445709228516,0.003067241981625557,-0.0019340856233611703,0.03212514892220497,0.03265657275915146,0.00047334504779428244,0.0036432130727916956,0.03205859288573265,0.03309478983283043,351.9713379266329,35816.10766785725,0.0010615779319778085,260.01471563252346,35811.503867424384,0.0010835384018719196,0.04399601370096207,0.007418380584567785,31273.35382170993,17797.33415164216
0.0014056016078878544,0.0,-0.05543716400946029,0.024999667270505926,0.16492593095225933,0.11123408953559977,0.07094968074421348,0.0,-38.3720832627634,0.8948538809905813,-18.738614690886408,39.26693714375398,-26.76795244216919,-26.70551300048828,-26.736732721328735,0.0624394416809082,-0.0033659925684332848,0.001304111909121275,0.03242522478103638,0.03225437551736832,-0.0015409791376441717,0.003316448535770178,0.0316087007522583,0.03350770100951195,299.1944322579904,35820.30656926154,0.001094906940124929,249.52209848107572,35854.95444289336,0.0010756406700238585,0.043986886739730835,0.008359922096133232,31069.908578689232,17589.385583444626
0.12102915370911005,-0.034676602060365797,0.6729801371425208,0.632883741945686,0.020134778425280858,-0.05263546866716645,0.22222675524656044,-0.03192916341937779,-33.616918229734495,3.5313869857371003,-15.042765621998697,37.148305215471595,-26.71938419342041,-26.70907735824585,-26.71423077583313,0.010306835174560547,-0.0021580480970442295,-0.0029418854974210262,0.03291101008653641,0.03212467208504677,0.001624372904188931,0.0032691960223019123,0.03264683485031128,0.03247084468603134,291.33824678794883,35827.15877874887,0.0010573032777756453,282.7375676919289,35867.035738213206,0.0010814140550792217,0.04684877395629883,0.0052476320415735245,30481.331628352644,18403.806852415164
0.9948834813323446,0.8650965538346984,0.31071490114305533,-0.10118326359771726,0.16455114178657643,0.056605064186264875,-0.6152980493661426,-1.0,-41.621094437679176,3.139330952350633,-19.24088174266427,44.76042539002981,-26.75100803375244,-26.69891119003296,-26.7249596118927,0.05209684371948242,0.0031200884841382504,-0.001765969442203641,0.032227303832769394,0.0325813814997673,-0.0016501123318448663,0.0032814524602144957,0.03164030984044075,0.033524587750434875,277.8800440276616,35861.77909304943,0.001077155815437436,391.21950683099885,35834.96658461998,0.0010745106264948845,0.044177573174238205,0.007353105116635561,31270.651187998174,17275.20483094972
0.023749698490597725,0.0,0.11532183236316841,0.264239062568736,0.2926667587485231,0.02767550783251177,-0.0714964682977195,0.0,-37.62591257087132,-0.31906991074987445,-18.972491240810598,37.30684266012145,-26.769144535064697,-26.71935796737671,-26.744251251220703,0.04978656768798828,-0.0023085749708116055,0.002800558228045702,0.03157512843608856,0.03307614102959633,-0.000847137242089957,0.0035630594938993454,0.031579650938510895,0.03343300148844719,423.8902213877651,35840.73527218536,0.0010852868435904384,380.55628795200755,35809.58627285635,0.0010884287767112255,0.04414014518260956,0.005609831307083368,31246.35655430665,17288.346913689453
1.0,0.9658367561913811,0.7044171795745837,0.18276734558326163,-0.2096840024463476,-0.11126863073446658,-0.3592550140581649,-1.0,-40.0066048060969,2.900462290047244,-18.55307125802483,42.90706709614415,-26.782431602478027,-26.78804874420166,-26.785240173339844,-0.0056171417236328125,0.0030800411477684975,-0.001871974323876202,0.03204132989048958,0.03252885490655899,-0.002477631438523531,0.0026669823564589024,0.03155777230858803,0.03295312449336052,387.22598526899066,35843.415415580486,0.0010935242753475904,327.06590224577326,35842.46655965763,0.001094297505915165,0.04405965283513069,0.00744748255237937,31275.01356235355,17336.58037149627
0.0002719470229884842,0.0,0.005539766831347312,0.1337621383618568,0.17926855897949223,0.11509443903665811,0.005609487682564196,0.0,-38.97576692899858,-2.6497731368701807,-20.81277003293438,36.3259937921284,-26.82910680770874,-26.75220012664795,-26.790653467178345,0.07690668106079102,-0.003539864206686616,0.0005653826519846916,0.032566044479608536,0.03165347874164581,-0.0020288557279855013,-0.003017557319253683,0.03272165358066559,0.032070089131593704,332.2453735869926,35843.467672238105,0.0010849604150280356,276.1129018012744,35848.42416370838,0.0010888128308579326,0.043676383793354034,0.008636287413537502,30928.89353602704,18609.832601976148
0.7937948289162463,1.0,0.7942779087217475,0.1704645882609141,-0.2235950451818935,-0.11497471966783412,-0.3512332344125362,-1.0,-38.747260542203776,4.839188700187776,-16.954035921008,43.58644924239155,-26.802995204925537,-26.700103282928467,-26.751549243927002,0.10289192199707031,0.0014368717093020678,0.0033116007689386606,0.032195668667554855,0.03222210332751274,0.0031131815630942583,0.001939832349307835,0.03347517549991608,0.03168388828635216,247.63558891053705,35825.16332666174,0.001065709046088159,265.08181632580096,35863.813086102506,0.001088746590539813,0.04627830535173416,0.004958561155945063,30483.536383753155,19380.194473095566
0.07479799596147013,0.12137245349521794,-0.10382515479413079,-0.07090906902519675,0.11224967474300523,0.11177849172544252,-0.15278235626990033,0.0,-39.900890089373945,2.556739358870658,-18.672075365251644,42.4576294482446,-26.497576236724854,-26.44801616668701,-26.472796201705933,0.0495600700378418,-0.0007305421750061214,-0.003646512981504202,0.03296903520822525,0.033751778304576874,0.0007733093807473779,0.003690732643008232,0.03315398842096329,0.03394513204693794,252.78856863849444,35831.93472454499,0.0010783866746351123,331.69589970551715,35856.47911411816,0.0010724265594035387,0.048118360340595245,0.004858911037445068,30730.30748790908,18603.33172005938
-0.21292804847386143,-0.2640656954883092,0.10950844268146812,0.5472986030773255,0.02722301955292032,-0.2826639459628042,0.10208975439810042,0.0,-35.66911665267327,0.23523382452003716,-17.716941414076615,35.904350477193304,-27.092173099517822,-27.110795974731445,-27.101484537124634,-0.018622875213623047,-0.0023368410766124725,0.0026162825524806976,0.03045421652495861,0.03183702751994133,4.809927486348897e-05,0.003498763544484973,0.03042658232152462,0.03173300251364708,313.2773500709753,35855.07600060227,0.001073959399946034,341.1811575108074,35853.13543352721,0.001072118291631341,0.04233945906162262,0.00606836611405015,31252.78615916969,17240.676707565024
0.5586113471879866,0.4856455953731335,-0.021330028318984964,-0.24605824974132137,0.2806898612332499,0.4956504883838636,-0.1862856617893598,-0.5153827066107008,-41.74648653390483,1.1681018837560089,-20.28919232507441,42.91458841766084,-27.734076976776123,-27.664005756378174,-27.69904136657715,0.07007122039794922,-0.003137940540909767,-0.0006984820356592536,0.029700536280870438,0.028151633217930794,0.001209197100251913,-0.0030490963254123926,0.02829645574092865,0.03001547046005726,365.6210567833817,35876.50744158284,0.0010885350639000535,383.0603751428049,35847.36289246964,0.001083324197679758,0.04045502096414566,0.007310363929718733,30459.057893639263,19133.78068601711
-0.9666065201653851,-0.9877701735173671,-0.8174531026609144,-0.6025517027303908,-0.5024887366192639,0.5753022654739735,0.7209186997066237,0.9746565469659217,-34.74669196332076,2.974388442946804,-15.886151760186976,37.72108040626756,-26.765525341033936,-26.57752752304077,-26.671526432037354,0.18799781799316406,-0.0026125337462872267,-0.002499870490282774,0.03299711272120476,0.031686946749687195,0.0013680777046829462,0.00346320029348135,0.03298789635300636,0.03312166407704353,334.5458044393285,35847.31514014268,0.0010773593094199896,292.6400169575211,35814.84688483135,0.001072851475328207,0.046622373163700104,0.005557490978389978,30478.02778847222,18365.932991947684
1.0,0.9961339847068952,0.7977089331126025,0.37797818664520394,0.07573851442274337,-0.17143402564843507,-0.4662311752031756,-1.0,-38.23255718284253,5.673856015879267,-16.27935058348163,43.90641319872179,-26.78539276123047,-26.840190887451172,-26.81279182434082,-0.054798126220703125,-0.002906389534473419,0.0021463511511683464,0.0318787507712841,0.032665371894836426,0.003608069848269224,0.00033553625689819455,0.03286134824156761,0.03125782310962677,341.09416618417384,35832.14077770982,0.0010759206488728523,278.8569801140749,35818.22873917832,0.001085349009372294,0.043931275606155396,0.00702800415456295,31265.827704684965,17225.522536781067
0.0,-0.016251907437115888,-0.022511553801142642,0.09365866453260738,0.16673952633998468,0.041256623298684014,-0.029298420919234958,0.0,-39.693269227082226,-1.1012466298581955,-20.39725792847021,38.59202259722403,-26.99098825454712,-26.865453720092773,-26.928220987319946,0.1255345344543457,-0.0020575039088726044,-0.0028658907394856215,0.03187841176986694,0.031156498938798904,-0.003297615796327591,0.0014354123268276453,0.03198574110865593,0.03196907415986061,401.94450299765015,35828.44402229034,0.0010977942729368806,294.33704329343453,35830.754763433455,0.0010653960052877665,0.04549393057823181,0.005279871169477701,30479.552457689657,18351.869161319588
0.6870717575987144,0.5866356327958488,0.9808272004989204,0.5228901455379861,-0.24800707526939275,-0.2407431964046381,-0.029310975396621974,-0.5864933398805678,-35.847773766554724,3.9693383786681977,-15.939217693943263,39.81711214522292,-27.0070219039917,-26.930291652679443,-26.96865677833557,0.07673025131225586,0.00020492629846557975,-0.0035287397913634777,0.030714036896824837,0.03218993917107582,-0.0006154817529022694,0.003523333929479122,0.030864013358950615,0.032590895891189575,310.53793460969763,35811.59374636398,0.0010611462639644742,251.20281769564878,35839.826367456146,0.001075036241672933,0.04435981065034866,0.0036497123073786497,31224.927417331255,18541.702954793145
0.3077182730113476,0.3361068789529669,-0.06552935349723,-0.26175048219596053,0.35052261059318374,0.48196998367754984,0.03802793196469556,-0.006434295593655381,-43.73579293216221,-0.6508412436810715,-22.193317087921642,43.08495168848114,-27.0031476020813,-26.976943016052246,-26.990045309066772,0.026204586029052734,0.003321776632219553,0.0010994994081556797,0.032342564314603806,0.030586468055844307,-0.0026356454472988844,0.002382132690399885,0.031008588150143623,0.03212054446339607,303.0737198586893,35820.443925289655,0.0010891754645854235,385.84699910591013,35855.45548883908,0.0010998613433912396,0.0442572683095932,0.007668681442737579,30463.390832563524,18810.772755308368
0.0012207673737090804,0.0,0.2606484213336209,0.33550906444205963,0.24201042104037948,-0.017382716375522578,-0.012934943999955095,0.0,-34.511178109982836,3.5038167459860574,-15.50368068199839,38.014994855968894,-27.049720287322998,-26.967880725860596,-27.008800506591797,0.08183956146240234,-0.003514365991577506,-0.00014151584764476866,0.03202332556247711,0.03057262860238552,0.003515820950269699,0.0004589214513543993,0.03241792321205139,0.030766550451517105,382.60297335943795,35835.9434260668,0.0010708910413086414,319.0446281308949,35866.98409087415,0.0010836254805326462,0.04334191977977753,0.007841055281460285,30459.98441962472,19866.829566336222
1.0,0.9022525686256138,0.4270380067727983,0.025646029127931014,0.08790401140001058,0.021573653660561076,-0.4816088752634783,-1.0,-37.90912103065506,5.437048930744936,-16.23603604995506,43.346169961399994,-27.088797092437744,-27.034716606140137,-27.06175684928894,0.05408048629760742,-0.002293912461027503,0.0025971378199756145,0.03049008920788765,0.031831249594688416,0.001507058972492814,0.0031840598676353693,0.03141183406114578,0.03130915388464928,282.1893708082626,35841.24344368499,0.0010729909408837557,223.46721154134778,35868.70485782915,0.0011064896825700998,0.04278057813644409,0.005163736641407013,31246.7925470568,17297.11124787352
-0.005449542139544378,0.0,0.05411138533470469,0.1976448815377676,0.24485181317122393,0.08248778374501897,0.04306380600381232,0.0,-38.48028137321137,-2.5128424293019975,-20.496561901256683,35.96743894390937,-27.092316150665283,-27.042176723480225,-27.067246437072754,0.050139427185058594,-0.0027713333256542683,0.0021381014958024025,0.030727475881576538,0.03157321363687515,0.0014250463573262095,0.0032207570038735867,0.031343840062618256,0.0313231386244297,254.9275580758506,35831.66606780312,0.0010889405384659767,322.09093447725184,35860.31189096974,0.00108789571095258,0.042460180819034576,0.006796651054173708,31262.990467503932,17218.44168816476
0.9815750417305882,0.9447063836699406,0.8925356554702154,0.34313684684605794,-0.05436553780737374,-0.08696434662305069,-0.3687824954026797,-1.0,-39.79098521689832,3.568824427775837,-18.11108039456124,43.35980964467416,-27.005679607391357,-26.963684558868408,-26.984682083129883,0.04199504852294922,-0.001501387683674693,-0.0031823492608964443,0.031515225768089294,0.031417571008205414,-0.00338280969299376,0.0010890724370256066,0.03180939704179764,0.031425297260284424,308.38762980685743,35843.822393562325,0.0010679318802431226,302.5521608604206,35856.56763399741,0.0010719073470681906,0.045278314501047134,0.0049431584775447845,30482.171727235655,18611.401972203952
0.035344502709744006,0.0,-0.008793322458122088,0.13137433426767536,0.2575038600027652,0.12222288024500749,-0.02991464469681382,0.0,-41.65977738565124,-0.9554624156589284,-21.307619900655084,40.70431496999231,-27.03057289123535,-26.994152069091797,-27.012362480163574,0.03642082214355469,0.003353060455992818,-0.000936808530241251,0.03163186460733414,0.031121855601668358,0.003378777764737606,-0.0010727669578045607,0.031702689826488495,0.03131010755896568,278.76798248335285,35861.300950865385,0.0010844701901078224,413.99472785243927,35846.520846335945,0.0010987941641360521,0.042796745896339417,0.008256759494543076,31120.097017929445,17931.43189739996
0.8818938017740459,0.595430957036788,0.9661795875876639,0.20588282350623108,-0.011757937153531628,-0.5016323003308586,-0.2794396839562359,-0.6198824026129637,-33.6704450276531,6.772255302646045,-13.449094862503529,40.44270033029915,-27.067091464996338,-27.033655643463135,-27.050373554229736,0.033435821533203125,-0.0020195171236991882,-0.0028620974626392126,0.03159329295158386,0.03089124523103237,-0.0033973101526498795,0.0009867096086964011,0.03160037845373154,0.03112492524087429,414.78741898778406,35861.05873199866,0.0011069595348089933,419.6581553779608,35852.76633553019,0.0010929814307019114,0.04500407725572586,0.005014398135244846,30481.384447934848,18410.740393884455
-0.7070441642666058,-0.7451791757379967,-0.9659757192080355,-0.7783573548626482,-0.3041538855805095,-0.15859310446351926,0.7425986566029316,0.9788819637573448,-42.405839310895345,0.13966953686053785,-21.133084887017404,42.54550884775588,-27.049365043640137,-27.063663005828857,-27.056514024734497,-0.014297962188720703,-0.0026919154915958643,-0.002176097594201565,0.03201373666524887,0.030591674149036407,0.0030997637659311295,-0.00166424794588238,0.031112613156437874,0.03139832243323326,310.17556971190686,35862.531517093965,0.0010833821725100279,276.56604931583564,35866.35641382908,0.0011198262218385935,0.04492264986038208,0.006029854994267225,30474.210355118714,18489.385626502288
-0.05361685675242891,-0.02070212455206549,0.25819107364595645,0.38981551482499593,0.16786753925888936,-0.07109977251682703,0.10470186676510951,0.0,-33.88621454507745,0.8846811758663762,-16.500766684605537,34.77089572094383,-27.08822250366211,-27.028796672821045,-27.058509588241577,0.05942583084106445,0.002517144428566098,0.0024325428530573845,0.03179817274212837,0.030524786561727524,-0.00024247280089184642,0.003520734142512083,0.030612066388130188,0.03213289752602577,240.46060481619705,35855.87623989397,0.0010890690609812737,323.06794854158466,35841.01929148415,0.001086450065486133,0.044882915914058685,0.005290829576551914,30478.00342880377,18362.65275959082
0.934972843913705,0.7975797891995976,0.7354914849409542,-0.1910294030729182,0.005095627721048268,0.4712434824440167,0.14344484369611754,-0.46465652005737534,-39.536237045415504,4.399318678305718,-17.568459183554893,43.93555572372122,-27.10986852645874,-27.067956924438477,-27.08891272544861,0.04191160202026367,-0.003120061242952943,0.0014748058747500181,0.031042424961924553,0.031142842024564743,0.001935221953317523,-0.0029338772874325514,0.030388647690415382,0.03206964582204819,279.47617760607744,35855.966233233434,0.001069952268153429,373.95314661824335,35852.60409931076,0.001075573032721877,0.042028140276670456,0.007520901504904032,31042.40247502763,17630.49320561405
0.03939726010087492,0.0,0.018766104819565893,0.18341134708531956,0.2500092194202033,0.07367461948480247,-0.048108689702098806,0.0,-37.16880154282478,0.6623816517922592,-18.25320994551626,37.83118319461704,-27.106246948242188,-27.087833881378174,-27.09704041481018,0.018413066864013672,-0.003465046640485525,-0.0001410226832376793,0.031809620559215546,0.03038361482322216,3.849516360787675e-05,-0.003506552428007126,0.030475907027721405,0.03184707462787628,252.4908589401671,35851.77049488037,0.0010751188965514302,415.1533511946796,35838.253568330496,0.0010922441724687815,0.04328528419137001,0.008115098811686039,30702.7709906095,18773.262089218453
0.9879032430079833,0.9836739088014632,0.8313878605329275,0.34202341227012156,0.0861464056582682,-0.12319047808077827,-0.43056734555872034,-1.0,-37.59328969661331,4.73230733143518,-16.430491182589066,42.32559702804849,-27.131638526916504,-27.09041118621826,-27.111024856567383,0.04122734069824219,-0.003221360966563225,-0.0012887809425592422,0.031896378844976425,0.0301043838262558,0.0032985624857246876,0.0011870397720485926,0.0320616215467453,0.030231069773435593,396.4884855148985,35847.48094879843,0.0010743223829194903,364.30536662899925,35842.72008526298,0.0010739389108493924,0.04372549057006836,0.0066033354960381985,30469.225758070836,18635.70739686825
0.027223123047720166,0.0,-0.0680631503465455,0.06009754011662577,0.20121438870450908,0.1219467187525286,-0.011867230682171659,0.0,-41.66603863430501,-1.6384455483780869,-21.65224209134155,40.027593085926924,-27.178921699523926,-27.144267559051514,-27.16159462928772,0.03465414047241211,-0.001571532106027007,0.0030446830205619335,0.029984019696712494,0.03168517351150513,0.0034674392081797123,0.00019548056297935545,0.031690940260887146,0.03022737428545952,309.3561527966408,35868.66755694747,0.0010855910368263721,278.01315560058424,35870.589306988135,0.00110726582352072,0.043020207434892654,0.003770689945667982,31233.359012532164,17530.36996417005
0.08907576672996417,-0.06310265918312843,0.34921584600585104,0.3045770683705089,-0.10385795100407223,-0.3679768421204146,0.25887745471908175,-0.017076305117648127,-33.252815246694524,4.001350806741016,-14.625732219976754,37.25416605343554,-27.177350521087646,-27.141122817993164,-27.159236669540405,0.03622770309448242,0.001802768325433135,-0.002963009290397167,0.029992299154400826,0.03168369457125664,0.0003833206428680569,0.0034711488988250494,0.030453955754637718,0.03149333596229553,245.01417289049485,35841.556402732975,0.0010884531075134873,339.7186987051929,35852.669250196464,0.0010778181022033095,0.04249975085258484,0.004719902295619249,31240.9955580629,17332.643357808367
0.15963801186683432,0.003751731741982472,-0.08164210220901753,-0.22191586199331936,0.22190949924256098,0.4405534856148323,0.09215063057389639,0.0,-41.27412119603116,1.832001930957972,-19.721059632536594,43.10612312698913,-27.14273452758789,-27.132718563079834,-27.137726545333862,0.01001596450805664,0.0031749671325087547,0.001290318788960576,0.031824223697185516,0.030103590339422226,0.002601169515401125,-0.0023205052129924297,0.03046458587050438,0.03154311701655388,304.6792691157942,35843.71477537788,0.0010734255192801356,312.5520906230768,35870.705831992214,0.0010950344149023294,0.04345761239528656,0.007044496946036816,30467.348386863352,18723.634774370563
0.06132487392397187,0.0,0.3754056240476694,0.48480851167606726,0.23420658492407756,-0.027758875690019946,0.056572282309943045,0.0,-35.769109350886595,2.5855008234005936,-16.591804263743,38.35461017428719,-27.158172130584717,-27.117161750793457,-27.137666940689087,0.041010379791259766,-0.0028016874566674232,0.0020511483307927847,0.030545419082045555,0.03128613159060478,0.0009804593864828348,-0.0033461072016507387,0.030150989070534706,0.03195176646113396,276.45866072781683,35827.85618771468,0.0010761597659438848,404.99538643598487,35854.29079245844,0.0010979286162182689,0.04211989790201187,0.00725822476670146,31272.86209559531,17263.96645384803
0.9879711877704015,0.996917156492713,0.6773998152776017,0.052808286194301224,0.13188515463619654,0.004357687010899891,-0.4996138159425877,-1.0,-41.096002858747255,3.6555397093550255,-18.720231574696115,44.75154256810228,-27.173049449920654,-27.140345573425293,-27.156697511672974,0.03270387649536133,0.0027861245907843113,0.0020181499421596527,0.03162086009979248,0.03009331226348877,0.0030196267180144787,0.0017330556875094771,0.031838130205869675,0.030100269243121147,378.6119309528344,35845.59827213373,0.0010916122701019049,327.84980699515205,35876.738881601064,0.0010826396755874157,0.044034216552972794,0.006002706941217184,30473.728718366852,18501.910586664453
0.038997820629408056,0.0,-0.04146978120325309,0.14516038722625071,0.2514199650531676,0.021682132652099895,-0.07920348412986433,0.0,-39.234336942406856,-1.2969773891857699,-20.265657165796313,37.937359553221086,-27.167274951934814,-27.172977924346924,-27.17012643814087,-0.005702972412109375,-0.0034308009780943394,0.00040764317964203656,0.03137988597154617,0.030384855344891548,-0.003267332212999463,-0.0011482841800898314,0.031756386160850525,0.029948150739073753,313.0061103043613,35824.123254614984,0.0010738916462287307,217.72709433792562,35844.50340047805,0.0011124705197289586,0.04229512810707092,0.008295033127069473,30926.454252897292,18593.416607912073
0.9511530625485194,0.9345162728257189,0.748002890626335,0.36590037056487773,-0.06456307245824872,-0.26040759716686024,-0.4048799238172854,-1.0,-37.15929455681652,5.2779959426312075,-15.940649307092656,42.43729049944773,-27.214674949645996,-27.157607078552246,-27.18614101409912,0.05706787109375,0.0022538350895047188,-0.002611019881442189,0.030020590871572495,0.031399037688970566,0.002481066854670644,-0.002445697318762541,0.03030630573630333,0.031520504504442215,372.2390231960108,35814.22314195531,0.001091399579308927,296.34451475891007,35838.478791597685,0.001070881960913539,0.042028579860925674,0.005419421009719372,31246.617257251644,17283.548681394244
0.9938404586176148,0.9936986797764423,0.9047571596276515,0.7788400561993538,-0.3448155519209803,-0.4971417014212407,-0.7173777070875498,-0.9898757553983407,-38.3837640603399,2.738291183119287,-17.822736438610306,41.12205524345919,-27.24172353744507,-27.207064628601074,-27.22439408302307,0.03465890884399414,-0.0018596283625811338,-0.0028648399747908115,0.03089536540210247,0.03034886345267296,-0.0024227933026850224,-0.0024807206355035305,0.031331248581409454,0.030144527554512024,357.059664551862,35816.72781416146,0.0010785199701786041,276.5928713833711,35817.58082333557,0.0010942904045805335,0.04406789690256119,0.005025099962949753,30480.417311922174,18337.690376854112
0.41819230380046957,0.2682006940938138,0.9474316873057272,0.6078489754770664,-0.19308906965010927,-0.2170262622587799,0.21903079721224405,0.0,-37.64782507343881,1.0837585057302306,-18.28203328385429,38.73158357916904,-27.20963478088379,-27.220871448516846,-27.215253114700317,-0.01123666763305664,-0.002181821037083864,0.002673177048563957,0.03000292181968689,0.03145085275173187,0.0030774555634707212,0.001556500094011426,0.03156716004014015,0.02979843132197857,355.93134242505806,35850.2999778891,0.001066075055859983,350.41416316991376,35841.99987065007,0.0010830380488187075,0.04237055033445358,0.005357951391488314,31245.836488884375,17292.876045398512
0.41288646347538244,0.39056749137916724,-0.08993682130953677,-0.21936121193195507,0.15598317181667753,0.46746209601527244,-0.1192415524207906,-0.19660106008756228,-41.90159015029684,2.0205955457208233,-19.94049730228801,43.922185696017664,-27.237119674682617,-27.1751070022583,-27.20611333847046,0.062012672424316406,-0.0033883247524499893,9.251722076442093e-05,0.031239481642842293,0.030030809342861176,-0.002123058307915926,-0.0027497634291648865,0.0312793105840683,0.030429430305957794,351.21196623486696,35847.5209476287,0.0010927276453003287,327.70521542925553,35820.39667620682,0.0010622924892231822,0.04175499826669693,0.008215239271521568,30938.109875309052,18668.465615029098
-0.009586505227659805,0.13608746009097233,0.20463488498897908,0.292973748558192,0.1532228765184417,0.005214283560695976,-0.002482190931748951,0.0,-38.715517149065306,1.2728789862014764,-18.721319081431915,39.98839613526678,-27.263076305389404,-27.212507724761963,-27.237792015075684,0.050568580627441406,0.0016541741788387299,-0.0029975795187056065,0.029686173424124718,0.031384628266096115,-0.0013745971955358982,-0.003166434820741415,0.03071713261306286,0.03073308616876602,303.7697306256807,35861.92117064853,0.0010698175756260753,360.44601310410155,35869.89664220545,0.0010978623759001493,0.0422288179397583,0.004099899437278509,31236.76650895895,17431.89935709702
0.8907726265498099,0.9749488914424855,0.49701043574211085,-0.12035432521362721,-0.30445991995730715,-0.21728662598654397,-0.7241786105501006,-1.0,-39.025037037330264,5.997890743870329,-16.513573146729968,45.02292778120059,-27.25564956665039,-27.228481769561768,-27.24206566810608,0.027167797088623047,-0.0011655609123408794,0.0032039349898695946,0.029691915959119797,0.03143194317817688,0.003321670927107334,0.0009264290565624833,0.03154030442237854,0.029771169647574425,257.1186189394857,35839.00406175695,0.0010996542405337095,349.04434787964334,35863.08884536945,0.0010747896740213037,0.042969025671482086,0.0034337628167122602,31229.931275531995,17650.426514115596
0.18704281439444945,0.2076062849822506,0.08398096545552523,0.025469341475797547,-0.024357876182762972,0.19355801440244946,0.2855218513354917,-1.0,-38.09140456355061,3.3657411777614614,-17.362831692894574,41.457145741312075,-27.248024940490723,-27.262990474700928,-27.255507707595825,-0.014965534210205078,-0.003041372634470463,0.0015933848917484283,0.03048807941377163,0.030711473897099495,0.0022392929531633854,-0.0014509580796584487,0.030660144984722137,0.030509984120726585,334.4309111837896,35820.308916843685,0.0010616080835461617,222.96025160338866,35752.051392364134,0.0010799923911690712,0.041296571493148804,0.007571178022772074,31052.825016197574,17586.430885816164
0.9878289723673108,0.9275046254465684,0.7694604879312247,0.38151544120725556,-0.08659531666819156,-0.1059762560859206,-0.334908505455625,-1.0,-39.24914391476972,3.9463226621870717,-17.651410626291323,43.19546657695679,-27.30938196182251,-27.291922569274902,-27.300652265548706,0.017459392547607422,0.00015335011994466186,-0.0034082187339663506,0.029676247388124466,0.031076515093445778,0.00010950873547699302,-0.003431423334404826,0.029737412929534912,0.031136052682995796,373.6829547743191,35806.34279499364,0.0010721515864133835,348.1088717208895,35842.45890525656,0.0010941848158836365,0.043343380093574524,0.0038699752185493708,30979.11386000691,18513.580778969244
-0.006941350823391155,0.0,-0.06482336340704453,-0.014719653627076418,0.17166606887732694,0.20399855248718773,0.05789323803441415,0.0,-41.35873395293589,-1.6678374406019998,-21.513285696768946,39.69089651233389,-27.345359325408936,-27.29602336883545,-27.320691347122192,0.04933595657348633,-0.002445101970806718,0.0023061144165694714,0.02971828356385231,0.030793946236371994,0.0005142715526744723,0.003391460981220007,0.029982123523950577,0.030872298404574394,305.3739861768826,35860.06680666148,0.0011088213650509715,277.2046977400499,35825.806039694806,0.0010933486046269536,0.041461341083049774,0.005439387168735266,31249.61494706953,17272.24192673548
0.04268145469543582,-0.01576899003943994,0.4228226452887879,0.40279421642871693,0.11937675421832633,0.05056478441630774,0.08791535514142956,0.0,-36.88044004957305,0.8843941286199595,-17.998022960476547,37.76483417819301,-27.308874130249023,-27.29816436767578,-27.303519248962402,0.010709762573242188,-0.0033558583818376064,-0.0005976655520498753,0.03119250200688839,0.02955833077430725,-0.003055058652535081,-0.001558729913085699,0.031292837113142014,0.029527438804507256,349.30734460734925,35848.180150892105,0.001070454833097756,330.47261064631425,35825.8861576492,0.0010728331981226802,0.04243256151676178,0.007243284024298191,30461.769445355014,18835.177728862294
0.9971554931520537,0.8719794362668288,0.4542161034241464,-0.0029192933884803762,0.20655889188006854,0.06120528629354527,-0.5410589701199799,-1.0,-42.30219907499867,2.4518222657394517,-19.92518840462961,44.75402134073812,-27.34572410583496,-27.299094200134277,-27.32240915298462,0.046629905700683594,0.003336490597575903,-0.0003455764672253281,0.03075048327445984,0.029761413112282753,-0.003425551112741232,-2.3706847059656866e-05,0.031082527711987495,0.02974250726401806,271.99483348643224,35862.12165898834,0.001086045172996819,427.05911850352567,35846.20702353679,0.0010848327074199915,0.04141925275325775,0.008122596889734268,30928.71602998918,18619.761778548593
0.015410476952873217,0.0,0.09682830302526567,0.23882534752984996,0.34970709212673706,0.10585086430397278,-0.021589918042422496,0.0,-35.0697790116825,2.004556703420917,-16.53261115413079,37.074335715103416,-27.37527847290039,-27.335572242736816,-27.355425357818604,0.03970623016357422,-0.0005756826139986515,0.0033302484080195427,0.029331056401133537,0.03095732443034649,2.12074737646617e-05,-0.0034024782944470644,0.02962048351764679,0.030950723215937614,383.76791491185793,35847.783281220705,0.0010982889216393232,332.1183601547075,35881.91187836969,0.0010885101510211825,0.04231862723827362,0.0032782163470983505,31227.854608475107,17757.059482678993
0.009386660819162507,-0.006708626450406929,-0.23686632439692157,-0.5448637805511525,0.4036109374483279,0.3833233237300387,0.23975647937224773,-0.03805237108077353,-41.129106713697325,3.9013813148535803,-18.613862699421873,45.030488028550906,-27.331037521362305,-27.339231967926025,-27.335134744644165,-0.008194446563720703,-0.0022440054453909397,-0.0025275233201682568,0.030805466696619987,0.029806487262248993,-0.00016301710275001824,-0.0034026720095425844,0.029678428545594215,0.030869537964463234,316.85964945710697,35819.07841551742,0.0010711353970691562,235.94963418774694,35832.454173087426,0.0010877823224291205,0.04369527846574783,0.005332001950591803,30477.639969715725,18380.58328662018
0.0,-0.017197978313118013,-0.00923527036668384,0.1276657454272583,0.19508183830614834,0.053501238363143355,-0.059269283888597424,0.0,-36.71372028122636,0.49357429979701806,-18.11007299071467,37.207294581023376,-27.345705032348633,-27.281246185302734,-27.313475608825684,0.06445884704589844,0.0021883146837353706,0.00256977416574955,0.03072482906281948,0.029785657301545143,-0.00034556695027276874,-0.003415455110371113,0.029950862750411034,0.03100494295358658,395.3752346080844,35860.22425938036,0.0011071611661463976,320.54080710347125,35818.15249755656,0.0010708137415349483,0.04367336258292198,0.005106083583086729,30479.205538372426,18340.602826867256
0.976049458817473,0.8816931525533661,0.7358671872409731,0.5254434463175637,-0.24387486122553823,-0.39185847494075643,-0.33558183237353745,-0.952486652374929,-38.12499931014156,3.9511308792166915,-17.086934215462435,42.07613018935825,-27.367398738861084,-27.33046054840088,-27.34892964363098,0.03693819046020508,-0.002233339473605156,0.0025345967151224613,0.02951751835644245,0.03083368018269539,-0.002702603815123439,0.002087539527565241,0.02988661639392376,0.030727844685316086,360.42454995186904,35865.46807229269,0.001074032741598785,407.6724539972427,35837.87460141757,0.0010741822188720107,0.04116416722536087,0.005360579118132591,31246.628518920206,17283.246681575434
0.035903460782834,0.04559925614272478,-0.08145211112475587,-0.024596816663092297,0.1555488930007468,0.20708025076360737,0.0043796732390981585,0.0,-42.34762570201184,-0.6006740014279899,-21.474149851719915,41.74695170058385,-27.358217239379883,-27.379310131072998,-27.36876368522644,-0.021092891693115234,0.0031631789170205593,0.0011128387413918972,0.03104928508400917,0.029359664767980576,0.00088863744167611,0.003273132024332881,0.029877349734306335,0.030401170253753662,276.19585225952403,35847.47425964258,0.001080794376321137,344.7219609362241,35855.7072697367,0.0011044619604945183,0.0425846241414547,0.007172602694481611,30463.9477776888,18768.87085293987
-0.00035036282985883085,-0.0034180749542020764,0.3564613115432104,0.43636577400487797,0.011951021408618978,-0.0017675212830686737,0.13231845671773035,0.0,-35.604916915295604,2.106910459905748,-16.749003227694928,37.71182737520135,-27.402539253234863,-27.328486442565918,-27.36551284790039,0.07405281066894531,-0.0032180435955524445,-0.0010262371506541967,0.03091907873749733,0.02917599305510521,-0.0033401651307940483,-0.0006429691566154361,0.031141802668571472,0.02947085164487362,341.36643863980146,35834.359412545244,0.001079471199773252,266.93720069800827,35853.77964080849,0.001077798311598599,0.04237614944577217,0.006488954182714224,30469.026617280088,18657.85200869672
0.765987260405598,0.8759036697310182,0.39135361047052686,-0.2194093363510132,0.1303647658617666,0.47247298572966834,-0.15999053015127673,-0.5901675868731622,-39.487884860833134,3.9148408278037152,-17.78652201651471,43.40272568863685,-27.387540340423584,-27.357425689697266,-27.372483015060425,0.03011465072631836,0.001438739476725459,-0.0030183764174580574,0.02926628850400448,0.03093918040394783,-0.003255358897149563,0.001012759399600327,0.03041437454521656,0.030016163364052773,320.69077958120283,35816.10039960851,0.0010747123742476106,289.76648583954096,35806.15261070176,0.0010795885464176536,0.041852936148643494,0.0034632158931344748,31233.320238241547,17557.280330609756
0.034948213719004306,0.0,0.020187423894824114,0.15950786603522127,0.13713595287874625,-0.05906684744917612,-0.10010652432888933,0.0,-38.48832462223842,-0.06958723132390787,-19.278955926781165,38.418737390914515,-27.383220195770264,-27.368075847625732,-27.375648021697998,0.01514434814453125,-0.002861668821424246,0.0017693077679723501,0.029894549399614334,0.030360203236341476,-0.0025582327507436275,-0.002242928370833397,0.030850578099489212,0.029492255300283432,300.8702748644781,35867.532730221465,0.0010836431756615639,363.9655941050312,35817.31707127864,0.00109068991150707,0.041071586310863495,0.0071899909526109695,31031.80424972939,18920.95784804713
0.9940027855684275,1.0,0.7790064314196596,0.17669493203779557,-0.019373707764547943,-0.10499700199252399,-0.49017998047217654,-1.0,-39.41568654353546,4.159512125755242,-17.628087208890108,43.5751986692907,-27.404208183288574,-27.362685203552246,-27.38344669342041,0.041522979736328125,0.0015048711793497205,0.00300108315423131,0.030138343572616577,0.02997244894504547,0.0017881374806165695,-0.002887035021558404,0.029355458915233612,0.031018178910017014,409.81154194735916,35854.01106953783,0.0011090727057307959,348.38609667881286,35859.56845584135,0.001075751380994916,0.04316408187150955,0.004760304465889931,30482.27638641764,18523.56469362661
0.03656571965219021,0.0,-0.07114833219795193,0.10430924869186839,0.2301199387417917,0.08879164778495519,-0.03971458378653281,0.0,-39.08669240422671,0.09585845509715796,-19.495416974564776,39.18255085932387,-27.431960105895996,-27.399420738220215,-27.415690422058105,0.03253936767578125,0.00280177453532815,0.0018357089720666409,0.030728083103895187,0.029170602560043335,-0.0033000647090375423,-0.0007156349020078778,0.03089900128543377,0.0292197335511446,296.66234753181124,35818.93760309667,0.0010890299454331398,222.13199462435347,35840.43294584056,0.0011072767665609717,0.04283679276704788,0.005795832257717848,30473.54325175818,18505.557640198735
-0.03219939555978102,-0.07490888739215462,-0.010744640046799647,-0.5082455211138736,-1.0,0.44308453588480107,0.9936839732557876,0.693608089123596,-32.26742497691589,6.304108575284545,-12.981658200815673,38.571533552200435,-27.441084384918213,-27.402982711791992,-27.422033548355103,0.0381016731262207,-0.0023334473371505737,-0.002417480805888772,0.030488939955830574,0.029354780912399292,-0.001264752121642232,-0.0031460546888411045,0.029998375102877617,0.030117304995656013,363.06621217232197,35852.44312754085,0.0010845487704500556,269.94463173343627,35814.47624401508,0.0010684991721063852,0.04336542263627052,0.005020952317863703,30479.29418049741,18347.502916340272
-0.7977238119476041,-0.7771563489285457,-0.9587928792868917,-0.6656726914946937,-0.3365864726771495,-0.24281262525161507,-0.23098145847759954,1.0,-38.93800448540617,2.327955477805574,-18.305024503800297,41.26595996321174,-27.35828399658203,-27.411584854125977,-27.384934425354004,-0.05330085754394531,-0.0028688334859907627,-0.0017452517058700323,0.031006863340735435,0.0294034481048584,0.002057399833574891,-0.002681375714018941,0.02927270345389843,0.030765874311327934,411.6757720142839,35858.9158457917,0.0010683387517929077,365.0168264289969,35843.714647467896,0.0010933082085102797,0.04271261394023895,0.005949710495769978,30472.16148724334,18539.479361520065
0.010192775979604836,0.0,0.3356706281416591,0.4892517089258663,0.25198116568317985,0.035668843481371115,0.10561829872890194,0.0,-35.45669839596252,1.810751278728162,-16.82297355861718,37.26744967469068,-27.427356243133545,-27.442901134490967,-27.435128688812256,-0.015544891357421875,0.0018789437599480152,-0.0027866866439580917,0.02917742170393467,0.030751535668969154,-0.0013762452872470021,-0.0030651134438812733,0.029933128505945206,0.029908733442425728,263.4407183478659,35836.49868955778,0.0010781976161524653,329.2107182177656,35851.85505671386,0.0010915807215496898,0.041391342878341675,0.004819534253329039,31242.596241617088,17322.46864209446
0.5830322263645866,0.5323372753990325,0.05925174233923933,-0.2286498077372122,-0.015630448692305732,0.4652415473764925,-0.14294560903584985,-0.5305699026820136,-43.610975808340385,1.1111457677117187,-21.249915020314333,44.7221215760521,-27.513017654418945,-27.45788335800171,-27.485450506210327,0.05513429641723633,0.0020184963941574097,-0.0025997585617005825,0.028985651209950447,0.030363723635673523,-0.001236725365743041,0.0031232594046741724,0.028972268104553223,0.03073975443840027,336.8421515793924,35843.64832025607,0.0010911546414718032,265.37490278187147,35849.42670145744,0.0010822220938280225,0.04108189791440964,0.004183599259704351,31238.574934986867,17417.62288371196
0.010808872907856648,0.0,0.11629981677177195,0.23367999595366148,0.23272900705899147,0.13425726996628568,-0.007029464826635468,0.0,-39.24023115466608,-1.8048617307334212,-20.52254644269975,37.435369423932656,-27.458970546722412,-27.457034587860107,-27.45800256729126,0.0019359588623046875,0.0006881597801111639,-0.0032721231691539288,0.029040003195405006,0.030670132488012314,0.0030030813068151474,-0.0015040318248793483,0.029782671481370926,0.029961159452795982,337.32561203914184,35834.897560862664,0.0010603403206914663,326.2284270521105,35825.66711142528,0.0010918451007455587,0.04200150445103645,0.0034048373345285654,31227.104695711707,17852.40141054517
0.9948952293569786,0.9794832581555049,0.8246433957953578,0.4038271583383737,0.06666617115352597,-0.1406157522714478,-0.44340170782929067,-1.0,-35.9781141794879,9.079067890873432,-13.449523144307236,45.057182070361335,-27.497057914733887,-27.450740337371826,-27.473899126052856,0.04631757736206055,0.0031509825494140387,0.0010274127125740051,0.030565300956368446,0.02888360805809498,0.001564879436045885,-0.002978823846206069,0.02902192808687687,0.03074035979807377,282.00096354807346,35868.516136003374,0.0010793604888021946,420.774403922181,35842.164424302115,0.0010830870596691966,0.04210392013192177,0.006666842848062515,30467.85007969643,18698.197064123386
-0.002943087058001021,0.0,-0.012423953831913165,0.0941882812095998,0.25801949383194067,0.10431530941610595,-0.06570260225271585,0.0,-40.667392401084726,-2.8125928971092264,-21.739992649096976,37.8547995039755,-27.53514051437378,-27.488210201263428,-27.511675357818604,0.04693031311035156,0.0023851641453802586,0.002283035544678569,0.03018849529325962,0.029012108221650124,0.00321932858787477,-0.0008720539626665413,0.030022617429494858,0.029506459832191467,384.9311428796682,35850.802370674384,0.0011221339227631688,298.240774337502,35874.63113669613,0.0010955613106489182,0.042496632784605026,0.005308069288730621,30476.269670457445,18411.586781587826
1.0,0.9510528216082462,0.7673937031446116,0.4127451956869557,0.022054083718104744,-0.3013618313246542,-0.5432378563652082,-1.0,-34.520031995597094,8.356802377121369,-13.081614809237863,42.87683437271846,-27.433321475982666,-27.43581771850586,-27.434569597244263,-0.0024962425231933594,-7.537812780356035e-05,0.0033549463842064142,0.029283298179507256,0.030610769987106323,-0.002265889197587967,0.002517972607165575,0.02927211858332157,0.03060104325413704,331.83612081573256,35816.28720518148,0.0010586315765976906,284.4470654933702,35823.042999358404,0.0010944386012852192,0.04247870296239853,0.0035490733571350574,31224.651628637846,18668.451365536457
-0.869069959094519,-0.7833563977913318,-0.9700753787054204,-0.8215495907248972,-0.4262704829322824,-0.27823625975975264,0.608936105929841,0.9815466881871076,-38.50410836245388,3.110411270771749,-17.696848545841064,41.614519633225626,-27.470507621765137,-27.409613132476807,-27.44006037712097,0.06089448928833008,-0.0025994982570409775,-0.0020427987910807133,0.030511122196912766,0.029129669070243835,-0.0033597915899008512,-0.0003782872809097171,0.030799416825175285,0.02925136685371399,303.38890684842875,35876.2039703105,0.0010851945262402296,367.96998358745134,35827.448008733256,0.0010753946844488382,0.042787183076143265,0.005561714991927147,30475.00913191428,18460.024374076595
-0.13432595735709646,-0.16444931539207666,0.18577893491499248,0.573307635894956,0.019615616843648917,-0.3133458796681413,0.006726817247069805,0.0,-33.8243627614774,3.24722215961296,-15.288570300932221,37.07158492109036,-27.463998794555664,-27.438640594482422,-27.451319694519043,0.025358200073242188,0.003186057787388563,0.0010475825984030962,0.030704015865921974,0.028967177495360374,0.0026142140850424767,-0.002118143253028393,0.029482293874025345,0.030381841585040092,282.3286477720672,35851.28364092703,0.0010657128877937794,322.06233229345753,35877.45095648439,0.0010775983100757003,0.04217816889286041,0.006261678412556648,30469.444252563608,18621.172598198886
0.3649118837540401,0.33202204255750073,-0.062364002087855225,-0.17485769566473172,0.11650484104603404,0.4276091609742422,0.12943462388131832,0.0,-42.397770244807646,1.9061621400483375,-20.245804052379654,44.30393238485598,-27.4566650390625,-27.48368501663208,-27.47017502784729,-0.027019977569580078,0.0026472541503608227,-0.0020093489438295364,0.029492417350411415,0.030253339558839798,-0.0032685778569430113,-0.0007188855670392513,0.030606677755713463,0.02893100492656231,337.17916373639514,35813.96986251755,0.001067792996764183,308.3222031412267,35837.841309392075,0.0010847203666344285,0.0409582145512104,0.005902145989239216,31253.94829958268,17243.65064333627
0.016074525204884737,0.0,0.03842086864481248,0.18965692584594623,0.18012828296556926,0.027373242118453545,-0.005952886751266928,0.0,-39.679490219548796,-0.7506823502932889,-20.215086284921043,38.92880786925551,-27.52694606781006,-27.45386838912964,-27.49040722846985,0.07307767868041992,0.0024033712688833475,-0.0022854080889374018,0.029095390811562538,0.030161885544657707,0.0009049307554960251,0.0032359929755330086,0.02963647060096264,0.030127374455332756,287.44814247843044,35868.192712098986,0.0011145718162879348,291.59263087147554,35827.92874210243,0.0010859220055863261,0.04034702479839325,0.005596076138317585,31252.4981672224,17251.095687753743
0.9896143255399508,0.8803889145716123,0.9812239175541903,0.20109439634589318,-0.22457452776259546,-0.06794878248266761,-0.28060729811400287,-1.0,-41.02500128076565,2.69734581359063,-19.16382773358751,43.72234709435628,-27.54523754119873,-27.521045207977295,-27.533141374588013,0.024192333221435547,-0.00192170194350183,0.0026830723509192467,0.02882186323404312,0.03030281513929367,0.0015536316204816103,0.002957278164103627,0.029770387336611748,0.02953384630382061,302.43544762367384,35873.394019729676,0.0010931160068139434,403.9516290381546,35860.81177491392,0.0010880292393267155,0.04068249464035034,0.004272885154932737,31238.19298288297,17397.367668871357
0.01273510753191155,0.0,0.01017952893459384,0.09671506717658532,0.21465197803296154,0.09259511363447576,-0.021010046124331216,0.0,-39.89784571108112,-0.9732920388964033,-20.43556887498876,38.924553672184715,-27.552881240844727,-27.546255588531494,-27.54956841468811,0.006625652313232422,-0.00015659697237424552,-0.0032899887301027775,0.028972851112484932,0.03010786511003971,-0.00042035512160509825,0.0032929335720837116,0.02879013493657112,0.030324047431349754,270.0151156798638,35826.30398018195,0.001086480333469808,408.1646685592332,35862.162707381525,0.0011076433584094048,0.04242628067731857,0.003952458035200834,30977.680090324717,18646.87523285102
0.9972303449277555,0.8758844477185068,0.927275279424052,0.372457402959844,-0.08429071997150911,-0.26333190161293263,-0.4594410100659814,-1.0,-36.25983315984928,4.4862993602914685,-15.886766899778905,40.74613252014075,-27.59793758392334,-27.54202365875244,-27.56998062133789,0.05591392517089844,0.00042144497274421155,-0.0032685520127415657,0.028625670820474625,0.030138622969388962,0.002439347095787525,-0.0022780231665819883,0.02903071790933609,0.030120305716991425,390.16075069665106,35841.81048162596,0.0010749861830845475,288.61858362641163,35842.68790466035,0.0010870328405871987,0.04129582643508911,0.003353141713887453,31226.26385715209,17947.45387425898
0.38836071633853075,0.5300139798190001,-0.09100999416869013,-0.10161479916463581,0.4262171131735881,0.4637213534894723,-0.10599457730188655,-0.1059113956036073,-40.864892306254916,4.721527903662718,-18.0716822012961,45.586420209917634,-27.60920763015747,-27.574946880340576,-27.592077255249023,0.03426074981689453,0.0018343778792768717,-0.0026863592211157084,0.02861628122627735,0.03007735311985016,-0.0017286436632275581,-0.002840077970176935,0.029699336737394333,0.02923610620200634,377.58403227944035,35841.47224608139,0.0010770175140351057,341.488289097328,35815.35298244652,0.001095938845537603,0.040604159235954285,0.0038859585765749216,31238.29204905255,17425.35179175207
-0.0735588407790825,-0.07690221941438674,0.22494944660322264,0.3502932428649655,0.0444473630158235,-0.207662212691268,-0.11297292835255546,0.0,-34.88097676437505,0.650927936057144,-17.115024414158952,35.53190470043219,-27.626960277557373,-27.586421966552734,-27.606691122055054,0.04053831100463867,-0.0030437391251325607,-0.0012392220087349415,0.03013233095407486,0.028430426493287086,0.0030547846108675003,0.001273167785257101,0.030283920466899872,0.02855125442147255,258.53131389532757,35855.955261223244,0.0010783574543893337,371.0203093265535,35839.93912953171,0.0010833494598045945,0.04182799905538559,0.006037910468876362,30470.964668168057,18581.357329790117
-0.0232793006113855,-0.05312935821382414,-0.9727566639790942,-0.8106372609775848,-0.23724456239994085,0.0,0.6509909823482662,0.7490448679293106,-40.7302816720844,0.8618876954604389,-19.93419698831198,41.59216936754484,-27.583208084106445,-27.556099891662598,-27.56965398788452,0.027108192443847656,-0.0024817679077386856,-0.0021516201086342335,0.030078111216425896,0.028793253004550934,-0.0006812730571255088,0.003245970467105508,0.028691058978438377,0.030352581292390823,332.2068391721559,35842.46309085842,0.0010858828900381923,281.2057942776666,35859.82654394867,0.0010649318573996425,0.04204053431749344,0.005398583132773638,30474.99819675165,18449.093746669332
0.004099623412276168,0.0,0.07383399226212804,0.27977759265430224,0.26199194744145937,0.11867303685587882,0.03264691438484313,0.0,-33.63390674324512,0.6528486779257321,-16.490529032659694,34.28675542117085,-27.62336254119873,-27.60786771774292,-27.615615129470825,0.015494823455810547,-0.00031769389170221984,0.0032806340605020523,0.02857114002108574,0.030021725222468376,0.003282565390691161,0.0002843707916326821,0.030078120529651642,0.028620027005672455,357.4550809905261,35797.47580210034,0.001068578683771193,331.4549967335327,35841.40418806719,0.0010955141624435782,0.041567906737327576,0.003361938986927271,31226.261847417107,17895.7930939147
0.9841742213370014,0.9714606503827511,0.8134675058586198,0.2552606579912467,-0.07316914632444149,-0.058189795761699914,-0.283858202426068,-1.0,-39.0729145930942,4.098309716961353,-17.487302438066422,43.17122431005555,-27.670700550079346,-27.630386352539062,-27.650543451309204,0.0403141975402832,0.0032381739001721144,-0.0002897843951359391,0.029649212956428528,0.028637278825044632,-0.0031528878025710583,0.0009833701187744737,0.029468921944499016,0.029092250391840935,292.52117074758155,35861.865309296154,0.0011001982493326068,266.4858409824251,35817.36062776833,0.0010712582152336836,0.03999219462275505,0.007790861185640097,30936.95972856949,18637.448255879695
0.024616522607506082,0.0,0.06804630076380881,0.16252969282134,0.21940081045382664,0.14730547875228078,-0.022822911929635037,0.0,-37.55333751184946,0.7880296966916376,-18.382653907578913,38.3413672085411,-27.648155689239502,-27.64498472213745,-27.646570205688477,0.0031709671020507812,-0.0014867157442495227,-0.002902011387050152,0.029313096776604652,0.02913328818976879,0.002777137327939272,-0.0017607102636247873,0.02897634170949459,0.029486479237675667,327.55935042772614,35855.36549440652,0.0010871487902477384,359.32072884067173,35844.40898690821,0.0010940871434286237,0.04210005700588226,0.004635487217456102,30482.520945547167,18475.907505281488
1.0,0.9012536212152198,0.9334636611717886,0.5366971383854393,0.060815488648342325,-0.23021269901787444,-0.4563255959655288,-1.0,-37.55031767372725,4.4546989240931225,-16.547809374817064,42.00501659782037,-27.696402072906494,-27.650718688964844,-27.67356038093567,0.04568338394165039,-0.003048788057640195,-0.0011410953011363745,0.029887894168496132,0.02820935845375061,-0.001770851667970419,-0.002772240899503231,0.029472805559635162,0.02895093895494938,267.628709594279,35852.49454509434,0.00108348426874727,419.4853898344614,35850.661520799054,0.0010866922093555331,0.041264552623033524,0.006361141800880432,30468.158806491152,18650.75002771568
0.1205819682845061,0.13848606722192555,-0.10140343651437514,-0.13265699675811166,0.3853095237051001,0.30769545236650453,-0.03861147066638304,0.0,-42.83056662801698,0.20559396349727876,-21.31248633225985,43.03616059151426,-27.708323001861572,-27.6658034324646,-27.687063217163086,0.042519569396972656,-0.0015901379520073533,0.00280279410071671,0.02823600172996521,0.029788192361593246,0.0032058204524219036,-0.0006877449341118336,0.029499337077140808,0.028822001069784164,374.70977489366135,35844.780062242164,0.001110794604755938,316.445191056695,35874.927736677404,0.00109049619641155,0.04033946245908737,0.0035006057005375624,31233.394531401213,17531.84258168899
0.02878844781648232,-0.056857203288362045,0.36388611107152835,0.46478326990185065,0.07547493593342933,-0.3129969670124644,-0.0046107358859472924,0.0,-33.297200587877626,3.944994682863239,-14.676102952507193,37.242195270740865,-27.65113353729248,-27.627503871917725,-27.639318704605103,0.02362966537475586,-0.00039808411384001374,-0.003258913289755583,0.02873687632381916,0.02967950701713562,-0.001539219869300723,0.0029240287840366364,0.02843574807047844,0.030121738091111183,332.5048204281164,35822.84930582288,0.0010713138617575169,255.9964013153736,35824.42521776923,0.001094958046451211,0.04164813458919525,0.0037024717312306166,30978.467528394427,18692.356124478494
0.8613149934839882,0.96032552221776,0.3372964386143491,-0.20505371370207998,0.04021787517915276,0.22259479668317106,-0.3122422553578345,-0.5603260758387245,-41.48634320530971,2.092073574744205,-19.69713481528275,43.578416780053914,-27.669520378112793,-27.61347770690918,-27.641499042510986,0.05604267120361328,0.0029511465691030025,-0.0013286031316965818,0.029140200465917587,0.02916468121111393,-0.00028496491722762585,0.0032955058850347996,0.028602218255400658,0.030056403949856758,375.50917865932604,35873.14960975302,0.00109091866761446,329.3876126761567,35819.63913155205,0.001067480305209756,0.03955991566181183,0.007120498921722174,31051.907702383953,17602.84865738961
0.04033433160385585,0.0,-0.0066102920245214025,0.28037520428894724,0.2772820464631659,0.050096283231206906,-0.0032224303894667905,0.0,-39.05409860036929,-2.0880663304727136,-20.571082465421,36.96603226989657,-27.68887758255005,-27.663567066192627,-27.676222324371338,0.025310516357421875,-0.00012351824261713773,-0.003254765411838889,0.028500428423285484,0.029659999534487724,0.0032577153760939837,-0.0004387384979054332,0.029620938003063202,0.028711417689919472,346.7265940357515,35867.038767880134,0.0010693009244278073,415.17788101270173,35848.3618003588,0.0010915386956185102,0.04125185310840607,0.0037430243100970984,30977.49609185749,18358.440584724107
0.9911067061813091,0.9667106546369859,0.8441704956507639,0.3146920359801248,-0.11350177976055581,-0.10075865840903747,-0.3519875571257382,-1.0,-38.71758487275994,4.008111702251568,-17.354736585254187,42.72569657501151,-27.686374187469482,-27.701830863952637,-27.69410252571106,-0.015456676483154297,-0.0019230492180213332,-0.0026258998550474644,0.029442496597766876,0.028742415830492973,0.002660322468727827,-0.0019012079574167728,0.028699930757284164,0.029379412531852722,251.50910392620818,35836.01005878228,0.0010670445626601577,325.3683812392379,35848.36066847081,0.0010886628879234195,0.04221723601222038,0.004880979657173157,30480.263106610873,18350.334056586205
0.003376131306636169,0.0,-0.018096157560254608,0.07133346894468756,0.13646084858876423,0.14566809662318725,0.015355706502651167,0.0,-39.8944860992176,-0.6397685351880114,-20.267127317202807,39.25471756402959,-27.725250720977783,-27.660388946533203,-27.692819833755493,0.06486177444458008,0.0031614145264029503,0.0006116697913967073,0.029718488454818726,0.028192924335598946,0.0011843196116387844,0.0030441139824688435,0.029104089364409447,0.029258957132697105,358.7563197818622,35841.435764270755,0.0010952686425298452,292.76232727674,35860.485958763486,0.0010902655776590109,0.040124207735061646,0.007221424952149391,30460.18191030221,19025.581358656676
0.7223233698589269,0.7480275757457719,0.9921733070786349,0.3968040831536509,-0.24106746754126257,-0.01546622576641582,0.07671656278656402,-0.4754663105621153,-40.55837828726658,0.20430946189497945,-20.1770344126858,40.76268774916156,-27.74977684020996,-27.71113872528076,-27.73045778274536,0.03863811492919922,-0.0018305692356079817,0.002669926732778549,0.028125319629907608,0.02962055429816246,0.0029728792142122984,-0.0013815737329423428,0.028973927721381187,0.029045790433883667,308.9904833439337,35814.12084065235,0.0010584295960143209,281.2042369835474,35812.31041836461,0.0010871540289372206,0.039724405854940414,0.0042873588390648365,31239.752760054645,17385.98313966787
0.7375317165318056,0.7332741565794005,-0.03697152844631833,-0.26222043926013183,0.38556014515571496,0.46718372951916465,-0.1354605536986554,-0.023221198987191993,-41.60621099283486,3.2708916978480715,-19.167659647493394,44.87710269068293,-27.7447772026062,-27.72944688796997,-27.737112045288086,0.015330314636230469,-0.00036932656075805426,0.0031787632033228874,0.028189705684781075,0.02959599904716015,-0.00092026696074754,0.0031397249549627304,0.028091952204704285,0.029780948534607887,344.0580715571371,35859.458750798905,0.0010822113836184144,338.42295831923076,35815.17144111476,0.0010948190465569496,0.04126981645822525,0.0035854827146977186,30979.239259634996,18627.534481176728
0.031657307500576284,0.0,0.29979772593873305,0.28695531683352005,0.3568021747047758,0.3945061193189112,0.2505011283600773,0.0,-34.14453035850446,3.3338243938885057,-15.405352982307978,37.47835475239297,-27.711482048034668,-27.701141834259033,-27.70631194114685,0.010340213775634766,0.0008630409720353782,-0.002712998539209366,0.02842305414378643,0.029627423733472824,9.87635794444941e-05,-0.0032648718915879726,0.028373513370752335,0.02969968691468239,375.38471690693655,35729.93766269887,0.001039081602357328,387.90903735782354,35845.975981893534,0.001101697445847094,0.04010787233710289,0.003423165762796998,31233.63473251353,17461.62154907783
1.0,0.7884448570492774,0.22062337394572334,-0.18828470877620054,0.15537591351345575,0.24246814200943423,-0.20083708215166496,-0.7027265215232446,-38.539594430117404,4.544586511865248,-16.997503959126078,43.08418094198265,-27.793993949890137,-27.75829315185547,-27.776143550872803,0.03570079803466797,-0.0012426661560311913,-0.00293361721560359,0.028707411140203476,0.02876834198832512,-0.0017115987138822675,0.0027631798293441534,0.028046097606420517,0.029638703912496567,299.28883044146687,35862.81833163914,0.0010937782935798168,246.69528559834097,35874.073587996114,0.0011081121629104018,0.041515953838825226,0.004505019634962082,30483.444310473566,18681.774681842577
0.02915061151080045,0.0,0.04510495381063616,0.19262270259102804,0.26455990663628803,0.09161504471121656,0.07085407827907608,0.0,-36.95129392805438,-2.244415557549587,-19.597854742801985,34.706878370504796,-27.79158592224121,-27.752230167388916,-27.771908044815063,0.03935575485229492,-0.002771651139482856,-0.001648041303269565,0.02952442690730095,0.027941282838582993,0.002085949294269085,0.002474828390404582,0.02932840585708618,0.028413210064172745,279.0182535920706,35820.56454841103,0.001093733124434948,290.57424110563414,35867.25256430327,0.0010864660143852234,0.04123049974441528,0.005565791856497526,30473.23851563087,18503.937775331826
0.9778002577157054,0.958362826363072,0.8512237002362603,0.41762498290561995,-0.011612389812510004,-0.12688845772241242,-0.35893582044237954,-1.0,-37.90671232028842,5.725886042336413,-16.090413138976004,43.63259836262483,-27.762999534606934,-27.747175693511963,-27.75508761405945,0.015823841094970703,-0.0027242046780884266,0.0017362681683152914,0.02858802303671837,0.029087385162711143,0.0013936597388237715,0.0029461411759257317,0.028939155861735344,0.028840936720371246,373.87948077800746,35822.53574365893,0.0010754145914688706,252.2863700274173,35822.444162359156,0.0010746903717517853,0.03901506960391998,0.006721807643771172,31273.865127994624,17582.600132454863
-0.006736160426548996,0.0,0.03228053110247901,0.10764540704025427,0.21497853426859242,0.13275520873745478,-0.0006438391155751955,0.0,-39.78243077416664,-0.14047873624596718,-19.961454755206304,39.641952037920674,-27.759370803833008,-27.737915515899658,-27.748643159866333,0.02145528793334961,0.0031920133624225855,0.0003883523168042302,0.029564550146460533,0.0281208623200655,-0.000558062398340553,-0.0032006828114390373,0.028521237894892693,0.02931664139032364,422.8348122089655,35841.89521815541,0.00108627718873322,377.13961864661877,35841.51435492374,0.0011006618151441216,0.04017956554889679,0.007444277405738831,30700.70492790714,18680.824409587138
0.6710409122054218,0.4523118389714677,0.8898036626422239,0.6484574017437222,-0.2283420391056543,0.08463387490318464,0.24513668247954912,-0.017396036740522702,-37.72523227447334,4.00857167765065,-16.858330298411346,41.73380395212399,-27.810587882995605,-27.76092290878296,-27.785755395889282,0.049664974212646484,-0.001978368731215596,0.0025302069261670113,0.02797950617969036,0.029366254806518555,0.0031784914899617434,0.0007300730794668198,0.029650911688804626,0.02801382914185524,350.21569359394954,35850.17157439408,0.0010846126824617386,355.34474797107794,35815.32743631421,0.0010760348523035645,0.03935171291232109,0.004710803739726543,31243.630824553733,17315.597328561882
0.532032006292632,0.7564851311201976,0.007640237561592281,-0.25774212485326903,0.3868862097292719,0.4464505439875087,-0.1932844759256116,-0.2897080092633917,-40.95981789463721,2.5798842842531826,-19.189966805192014,43.539702178890394,-27.788758277893066,-27.758045196533203,-27.773401737213135,0.03071308135986328,-0.0029223975725471973,-0.0012332280166447163,0.02953890524804592,0.027951395139098167,-0.002455527428537607,0.0021268196869641542,0.028369886800646782,0.02933075837790966,308.72834017878176,35861.774239989354,0.0010824649361893535,325.6000681117471,35866.94016194202,0.0011001367820426822,0.040476325899362564,0.006469520274549723,30467.861118233843,18704.51279619113
0.0,-0.011234303479097266,0.12987432097345486,0.28076331300967267,0.09371480935311502,-0.16389302084500867,-0.1984820061004261,0.0,-37.74696503522017,0.6852888076159616,-18.530838113802105,38.43225384283613,-27.798867225646973,-27.74381399154663,-27.7713406085968,0.0550532341003418,0.0016108577838167548,0.0027986830100417137,0.028892800211906433,0.028544677421450615,-0.001003040000796318,-0.003089426551014185,0.02873092144727707,0.029071997851133347,263.7218284576312,35838.48181482126,0.0010859017493203282,345.015785380931,35858.455885975585,0.0010812905384227633,0.041513118892908096,0.004600828047841787,30481.86972264686,18485.88147639377
0.9973959982077323,0.9927447465847881,0.6194840620640661,0.34929455839924173,-0.05070146929455799,-0.16605505064983866,-0.4894351434419121,-1.0,-36.17972551448287,6.963052687118875,-14.608336413681997,43.14277820160174,-27.82125949859619,-27.792930603027344,-27.807095050811768,0.028328895568847656,-0.001048628706485033,-0.003031315980479121,0.028509121388196945,0.02878236211836338,-0.003224997315555811,9.622365178074688e-05,0.029325641691684723,0.02814049832522869,288.84165109426556,35837.87244584078,0.0010965211549773812,286.22260734378835,35870.21229780947,0.0010770389344543219,0.04104161262512207,0.004242819733917713,30729.403603540977,18614.267901200023
0.013576182625655294,0.0,0.01689477558160965,0.19432087012905347,0.21799887156519548,0.10913926898400633,-0.009723630483026158,0.0,-39.38393271009258,-2.1043844769574207,-20.744158593525,37.27954823313516,-27.842822074890137,-27.864034175872803,-27.85342812538147,-0.021212100982666016,-0.0008864777628332376,-0.0030711740255355835,0.0283530130982399,0.028795704245567322,-0.0001169902752735652,-0.0032029040157794952,0.02793213166296482,0.029065798968076706,311.92371464751005,35811.30107106192,0.0010586325079202652,335.3794409014074,35848.31468949064,0.0011129040503874421,0.04129752889275551,0.0043180231004953384,30729.459983255685,18601.73853372809
0.9887387944445384,0.9614343624548708,0.8559094251091559,0.20803751857538522,-0.2745472108204018,-0.12566213147478017,-0.2480423884641062,-1.0,-39.39939372937195,3.643302058981135,-17.878045835195408,43.042695788353086,-27.875051498413086,-27.800586223602295,-27.83781886100769,0.07446527481079102,0.0024941549636423588,-0.001981239765882492,0.028070444241166115,0.028862737119197845,0.0001741452724672854,0.0032302101608365774,0.02814832329750061,0.02926722541451454,336.5676003431696,35851.26035787022,0.0011074867798015475,260.0531015979691,35830.347458812445,0.0010703580919653177,0.0386444553732872,0.0059569599106907845,31260.08299776235,17230.6317632866
-0.01665666362133185,0.018362506076258642,0.007665341363240971,-0.0074292149893007975,0.1445993407680543,0.19250377306793498,0.03392057674311555,0.0,-41.39773872625045,-1.752131287638349,-21.5749350069444,39.6456074386121,-27.869226932525635,-27.82228708267212,-27.845757007598877,0.046939849853515625,0.0031609684228897095,0.00012463553866837174,0.029114266857504845,0.027851294726133347,-0.0012012089136987925,-0.0030022715218365192,0.02858002297580242,0.028702231124043465,353.56147720277056,35829.98691902396,0.0010818791342899203,331.4789891676594,35807.660805474545,0.0010998232755810022,0.03903410583734512,0.007542449049651623,30694.32946382517,18775.73490021166
0.8587981206755982,0.6951277390689894,0.9313430811944472,0.6533863372458683,-0.13206908200908882,-0.5080835786657153,-0.3357893163762737,-0.5859495556669951,-34.93481672913208,4.249282680478814,-15.342767024326633,39.184099409610894,-27.84228801727295,-27.82963991165161,-27.83596396446228,0.01264810562133789,0.001494698692113161,0.002826340962201357,0.028693148866295815,0.028460267931222916,0.0022996552288532257,-0.0022704247385263443,0.028046106919646263,0.029176563024520874,326.6733761740443,35863.78284980093,0.0010832849657163024,344.890372953352,35813.0953495481,0.0010789147345349193,0.04143432155251503,0.0044450717978179455,30483.475258911196,19338.76200597364
0.7106635061191372,0.6541552178447022,0.07167623419339479,-0.23120121530101617,0.5230117611798198,0.48435597371362027,-0.17967276195775217,-0.21469517748432299,-43.13170628729122,0.5128169554188844,-21.30944466593617,43.64452324271011,-27.85956382751465,-27.825021743774414,-27.84229278564453,0.034542083740234375,-0.003164039459079504,0.0002769915445242077,0.02901173010468483,0.028021642938256264,0.0010503788944333792,-0.0030456813983619213,0.027774406597018242,0.029466168954968452,410.1403113902142,35854.20096911251,0.0010935526806861162,377.5338576772141,35826.61571135816,0.001084876712411642,0.038771964609622955,0.007533414289355278,30928.952999945555,18542.784111034573
0.06758331705317741,0.0,0.1113643518090406,0.29733836727801566,0.2698426478963044,0.0850828046914413,0.04312697105263141,0.0,-36.07625275504864,-0.01821883860895923,-18.0472357968288,36.05803391643968,-27.91029453277588,-27.878313064575195,-27.894303798675537,0.031981468200683594,0.0011861498933285475,0.0029450939036905766,0.02829420380294323,0.02841351553797722,-0.000395143055357039,0.003168470924720168,0.027713434770703316,0.0291838888078928,336.3231393893708,35872.269019853295,0.0010743667371571064,304.9562130004908,35875.82201986848,0.0011333879083395004,0.04090914502739906,0.004311318043619394,30728.70250993457,18870.864126176933
0.964623294277759,0.9398652883228066,0.7211748627001389,0.02698985353561556,-0.23445948737726205,-0.28207462361548324,-0.22842967292002941,-1.0,-39.392862232534014,4.434948112805955,-17.47895705986403,43.82781034533997,-27.91999101638794,-27.855546474456787,-27.887768745422363,0.06444454193115234,-0.001526755397208035,-0.0027670245617628098,0.02846107818186283,0.028184058144688606,-0.003038847353309393,-0.001044456847012043,0.029361089691519737,0.02767844684422016,234.5180716268261,35845.283190436734,0.0011085884179919958,342.64991843996887,35852.06977997923,0.001084596966393292,0.04094220697879791,0.004552539903670549,30481.838847743045,18444.300030967563
0.014690859751801327,0.0,0.06585832973269355,0.17677751751845788,0.21431091369086674,0.12380400285659082,-0.008378245609369506,0.0,-40.12734448926284,-2.5749138345330493,-21.351129161897944,37.55243065472979,-27.865967750549316,-27.803690433502197,-27.834829092025757,0.06227731704711914,-0.00318351574242115,2.955668605864048e-06,0.029093140736222267,0.02789306640625,0.0026395823806524277,-0.001845414750277996,0.028381159529089928,0.029022641479969025,301.7545361991444,35838.712640422804,0.0010763267055153847,293.0836420310699,35862.774334389025,0.0010845421347767115,0.0390852652490139,0.007523059844970703,30697.10303961839,18775.136518157986
0.9992286081359115,0.9617549684626017,0.9110972522729044,0.5075648720510648,0.0874323118027795,-0.15788381899653114,-0.4460480850518489,-1.0,-37.7171564764615,6.498739927293286,-15.609208274584105,44.21589640375478,-27.857367992401123,-27.799561023712158,-27.82846450805664,0.057806968688964844,0.0004590192693285644,0.003169165924191475,0.02809779718518257,0.028949417173862457,-0.0030814458150416613,-0.0009675419423729181,0.029538745060563087,0.027870872989296913,277.3863376693395,35828.24977492603,0.0010739609133452177,395.7884404044371,35848.977773937826,0.0010761762969195843,0.04097290337085724,0.003918593283742666,30976.390808119108,18665.14753141211
0.014622773490410067,0.03979277205441017,-0.10607149557651946,-0.09615356127120883,0.29321683236344653,0.201937801297706,-0.04541426899424883,0.0,-40.101075235694736,1.5881282063055835,-19.256473514694576,41.68920344200032,-27.897968292236328,-27.84637212753296,-27.872170209884644,0.05159616470336914,0.0031072571873664856,0.0005735076847486198,0.02912716194987297,0.027644043788313866,0.0006590041448362172,0.003136912826448679,0.028222719207406044,0.028899209573864937,378.8651783946602,35841.626925066754,0.0010934955207630992,337.8055676102054,35880.482017308605,0.0010986797278746963,0.0393662266433239,0.007148236967623234,30459.791891273562,19135.754518997448
-0.04281529147849322,-0.042763586692740926,-0.037639761730229815,0.0057874822550225994,-0.17198683558195188,-0.515209658344507,-0.7587957609671696,0.0,-35.14998593827249,5.348949091849151,-14.900518423211672,40.49893503012164,-27.84621238708496,-27.844691276550293,-27.845451831817627,0.0015211105346679688,0.0019155357731506228,0.0025705117732286453,0.02892063744366169,0.028201792389154434,0.0024177799932658672,-0.0013504419475793839,0.028685463592410088,0.02849685773253441,294.76550610270266,35827.50838828733,0.001082451082766056,345.5459819158693,35751.38028618572,0.0011379038915038109,0.041297852993011475,0.004666468128561974,30480.946447589642,18382.36189128307
0.7531189256321176,0.728873745192407,0.1158542654035507,-0.20569157631207846,0.33127335206768677,0.39553376035280574,0.2593332445480314,0.0,-37.792069777430555,4.29570140387986,-16.748184186775347,42.087771181310416,-27.867701053619385,-27.79343605041504,-27.830568552017212,0.0742650032043457,-0.003163855755701661,-0.0002128021151293069,0.029151568189263344,0.027821699157357216,0.0032312925904989243,9.157652675639838e-05,0.029383866116404533,0.02807554230093956,314.1502840059578,35807.57374105886,0.001103644142858684,281.1737835090804,35842.619325022,0.0010656298836693168,0.03932978957891464,0.007511659990996122,30703.557298532094,18813.213353360632
0.026738272017704005,0.0,0.163275404510461,0.26767198515573165,0.1906429171178549,0.05484341521327085,0.025680353648455,0.0,-39.69336556210362,-1.7463876867920476,-20.719876624447835,37.946977875311575,-27.90395975112915,-27.858998775482178,-27.881479263305664,0.044960975646972656,-0.002492339350283146,0.0019656908698379993,0.027977999299764633,0.028766093775629997,0.002878775354474783,0.0014174096286296844,0.029332848265767097,0.02768540382385254,287.96511431523857,35814.52688444605,0.001070755417458713,260.246661590542,35853.00934517242,0.00109533139038831,0.03846605122089386,0.00595807284116745,31260.383050770513,17227.2043762046
0.9978593824513514,0.9957427420960576,0.8597835355746484,0.3221167754687998,0.015843165424326955,-0.13560419967390452,-0.42720449817332123,-1.0,-38.587282012173034,5.510903738385053,-16.53818913689399,44.09818575055809,-27.91260004043579,-27.891898155212402,-27.902249097824097,0.020701885223388672,-0.0031627474818378687,0.0002477375674061477,0.028846077620983124,0.027837947010993958,0.00046133907744660974,0.0031606934498995543,0.027980169281363487,0.028839999809861183,336.9255243729475,35818.39610472097,0.0010877742897719145,371.62402059545707,35855.44280697762,0.0011062093544751406,0.039062753319740295,0.007631066720932722,30929.83939781638,18720.9928423937
0.005312964989893185,0.0,-5.523525305922705e-05,0.08648828678356912,0.2402052184079621,0.10921982689485454,-0.037252330951745516,0.0,-41.08999033078143,-4.006990958502456,-22.548490644641944,37.08299937227898,-27.957916259765625,-27.882449626922607,-27.920182943344116,0.07546663284301758,0.0006512355757877231,-0.003074977081269026,0.027426226064562798,0.028952520340681076,0.0027087607886642218,0.0016876999288797379,0.029209446161985397,0.027658624574542046,379.2043919328703,35842.64885112709,0.0010858610039576888,292.3749103637212,35858.21878390921,0.0010953366290777922,0.039613768458366394,0.0032921484671533108,31227.044776987208,17987.752426031464
0.9967803404788369,0.8455623481285649,0.7089875105485145,0.32583956315206114,-0.03163593714942253,-0.26525251212804624,-0.437776239313112,-1.0,-36.17326411830007,4.956597284087707,-15.60833341710618,41.129861402387775,-27.976984977722168,-27.920072078704834,-27.9485285282135,0.056912899017333984,0.0004436535236891359,0.003129961434751749,0.027708956971764565,0.02855757065117359,-0.002766287187114358,0.0015994624700397253,0.02813822776079178,0.028501959517598152,318.5794005092413,35805.59574483236,0.0010631384793668985,254.91565799391913,35833.42648749809,0.0011105438461527228,0.04019042104482651,0.003750420408323407,30977.121091830704,18538.213054046068
0.0423054638220367,0.0540231949023556,-0.06646538873329999,-0.015178693434699408,0.15830914465725598,0.15304021464119372,0.0925973606063053,0.0,-41.79243883743919,-1.864212988140423,-21.828325912789808,39.92822584929877,-28.000223636627197,-27.930681705474854,-27.965452671051025,0.06954193115234375,0.001179724931716919,-0.002902066335082054,0.02725270204246044,0.028849400579929352,0.0028898403979837894,0.0013118769275024533,0.029101967811584473,0.027448058128356934,334.7056762828646,35820.341058131315,0.001106190960854292,250.03318337546708,35847.169250270665,0.0010810678359121084,0.03937529772520065,0.0032210382632911205,31230.360651058993,17646.200175565937
-0.9273652653226755,-0.9884586147544445,-0.41105736535812887,-0.3980428584548438,-0.7688268970017919,-0.6147564323912633,0.9689743743764484,0.9922648365570995,-36.416150976989684,0.9292078539157558,-17.743471561536964,37.34535883090544,-28.307411670684814,-28.471436500549316,-28.389424085617065,-0.16402482986450195,-0.002264545066282153,-0.002037557540461421,0.02766779623925686,0.026491494849324226,0.000561936351004988,0.002935093594714999,0.026237282902002335,0.026917148381471634,329.4297985115213,35813.265898397745,0.001066509634256363,213.49906214184898,35836.85949252358,0.0010834101121872663,0.03884241729974747,0.004730793181806803,30477.60916579847,18390.85759458356
0.9951168187603282,0.9612894666544117,0.5863262509957025,0.08364042740573929,0.13187740687728056,0.037851434157292196,-0.5353641498881632,-1.0,-42.25586784626012,3.584022398772362,-19.335922723743877,45.83989024503248,-29.556891918182373,-29.553229808807373,-29.555060863494873,0.003662109375,0.0011122548021376133,-0.002363864565268159,0.022800177335739136,0.024098608642816544,0.0010027256794273853,-0.0024368383456021547,0.02276894450187683,0.024145010858774185,345.472779297056,35800.396577559964,0.0010942763183265924,401.11262922508246,35850.06007926858,0.0011150158243253827,0.033088795840740204,0.002774245338514447,31230.93921564956,17628.113853367122
0.030839046370902144,0.0,0.030417796803449998,0.1558597165013562,0.3666753812844289,0.16771584075364365,-0.038789048502575474,0.0,-37.352815524746404,1.5439032913919846,-17.90445611667721,38.89671881613839,-31.01891040802002,-31.125564575195312,-31.072237491607666,-0.10665416717529297,0.000165066376212053,-0.0022212935145944357,0.01934260129928589,0.02029234729707241,-0.0007257746765390038,0.002082429127767682,0.019000640138983727,0.020144565030932426,383.10470237018956,35850.471513415905,0.0011281039332970977,279.6207104548556,35881.181400109366,0.0011378794442862272,0.027995049953460693,0.002365635707974434,31224.358073175317,18247.82321496081
0.9958890015745901,0.9566479260756842,0.787953551551762,0.39012983266680146,0.08857898802775532,-0.23651969696643482,-0.49534388253567985,-1.0,-41.0986372270379,7.7254386386856595,-16.68659929417612,48.82407586572356,-32.848944664001465,-32.865731716156006,-32.857338190078735,-0.016787052154541016,0.0010151889873668551,-0.0014798592310398817,0.015639426186680794,0.01646553725004196,-0.0002758480841293931,-0.0017807671101763844,0.01579287461936474,0.016256140545010567,385.3742754944104,35826.684767944585,0.0011466214200481772,252.86908479886245,35848.82145137826,0.001175525481812656,0.022255828604102135,0.0023061262909322977,31237.366421731538,17425.113536502206
0.0006209959456221399,-0.0021989601830842112,0.024795581101720615,0.14867346079583554,0.22081223183634358,0.07190071837619466,0.03541687219746581,0.0,-38.66155941062232,-3.8475703017475666,-21.254564856184942,34.81398910887475,-31.888680458068848,-31.388683319091797,-31.638681888580322,0.4999971389770508,0.00033807565341703594,0.001989573473110795,0.0176856592297554,0.01817922480404377,-0.0007626389269717038,-0.001983936410397291,0.01894468627870083,0.019050126895308495,347.471283281783,35802.98034849547,0.0011557874968275428,300.968736346665,35860.14703356978,0.0011190049117431045,0.025596026331186295,0.002449217950925231,30732.42172459254,19576.09189467451
0.5578433683683343,0.32817667019723507,0.9767401150319241,0.5397504995906487,-0.24461744593675866,-0.3061092831749228,0.010875448317192893,-0.5686216273274415,-37.94138931620307,3.2338045160160505,-17.35379240009351,41.17519383221912,-31.295602321624756,-31.819748878479004,-31.55767560005188,-0.524146556854248,0.0014314412837848067,0.0016117093618959188,0.019523639231920242,0.018874382600188255,-0.001884417375549674,0.0007563577382825315,0.018114762380719185,0.018039623275399208,266.6688267833949,35811.52891358439,0.0010901433415710926,237.8844484241299,35887.161322077474,0.0011233201948925853,0.027535779401659966,0.0032787849195301533,30478.119126667316,18374.07057576915
0.37082864279877514,0.3720826196143735,0.17179495297112068,-0.28823592209011634,0.15365102958996918,0.4641769414526955,0.005815856599060809,-0.49498246739284546,-43.679423235912424,0.5257550168693683,-21.576834109521528,44.20517825278179,-33.25662612915039,-33.34829092025757,-33.30245852470398,-0.09166479110717773,0.0015102715697139502,-0.0007832361734472215,0.015267575159668922,0.015376499854028225,-0.0001022839205688797,0.0016996916383504868,0.014791149646043777,0.0155204888433218,115.69791490912615,35820.52296843757,0.0011687357909977436,479.69904563744984,35900.71799073545,0.0012384868459776044,0.021178754046559334,0.003502678358927369,31272.729372963742,17373.723825260895
-0.130383020347407,-0.10904177705125884,0.14112995244651727,0.15139515506005188,0.3585946500890149,0.12047270270443622,0.05710748928531173,0.0,-34.700165598270985,0.52803941128019,-17.086063093495397,35.228205009551175,-33.99940729141235,-33.88247489929199,-33.94094109535217,0.11693239212036133,0.0015541184693574905,-0.00029559526592493057,0.01424883957952261,0.01387910358607769,-0.0015905837062746286,0.00022872078989166766,0.014466909691691399,0.014041144400835037,413.2301008337324,35848.738325480816,0.001155736157670617,268.4771884454847,35919.69734347611,0.0012145659420639277,0.01905684918165207,0.0037098757456988096,30689.1398936865,18898.15981076433
1.0,0.9051973913885121,0.5529825811272611,0.17231364512949723,0.06907639732252813,-0.12820277701502536,-0.5303685455715117,-1.0,-42.55469065899635,6.342330698797099,-18.106179980099625,48.89702135779345,-32.390522956848145,-32.11565017700195,-32.25308656692505,0.2748727798461914,-0.0011188923381268978,0.0014949574833735824,0.016520995646715164,0.017328208312392235,-2.5208832084899768e-05,-0.0019653444178402424,0.017101554200053215,0.017833972349762917,227.94508313294378,35868.009716281296,0.0011497074738144875,163.84423320863073,35904.10873976169,0.001175450161099434,0.023417243734002113,0.002378546167165041,31238.631843060473,17428.70780047825
-0.018818128484326603,0.0,0.06546646629073545,0.24857105933197965,0.3204891427474731,0.1662480298411062,0.09503975284491606,0.0,-37.109720951577884,-4.013311268431437,-20.56151611000466,33.09640968314645,-30.895321369171143,-30.683047771453857,-30.7891845703125,0.21227359771728516,-0.0007403332274407148,-0.0021308509167283773,0.020012838765978813,0.02020159736275673,-0.0015378567622974515,0.0017105313017964363,0.020160138607025146,0.021041495725512505,137.5312046515581,35841.8625938603,0.0011442459654062986,333.51151362447183,35869.876198094,0.0011249586241319776,0.029038818553090096,0.002976655960083008,30729.641423743193,18569.763000865405
0.9534387641121489,0.8977198915246286,0.9483250621491176,0.42687903337098426,-0.004208153453068075,-0.03088974061375882,-0.34306956204676287,-1.0,-37.3774918106368,6.758080522869221,-15.309705643883788,44.13557233350602,-30.358989238739014,-30.337553024291992,-30.348271131515503,0.021436214447021484,0.0021880485583096743,-0.0009539674501866102,0.02139190025627613,0.021385807543992996,0.0021721688099205494,0.001052818144671619,0.022054240107536316,0.02080872654914856,296.8539244710186,35863.1585974233,0.001094000763259828,331.7700377002768,35866.34020837763,0.0011152534279972315,0.028878074139356613,0.005408761091530323,31074.628020857308,17627.56457976645
0.03294051950972894,0.0,-0.005846727578302902,0.0907050058822308,0.25567607706905177,0.1314968148057325,-0.04218602919278225,0.0,-40.35562475228687,1.2926285627662537,-19.53149809476031,41.648253315053125,-33.67882490158081,-33.53489398956299,-33.6068594455719,0.14393091201782227,0.0014467001892626286,-0.0007028627442196012,0.01457229908555746,0.014619354158639908,-0.001462406711652875,0.000805658521130681,0.014760755933821201,0.014914466999471188,298.96495095319153,35927.43563620827,0.0011920734541490674,473.7206787874307,35829.90923308439,0.0011743810027837753,0.01989579200744629,0.0035623423755168915,31284.570755041572,17977.582765521485
0.9109367460412573,0.40938619091178097,0.8375309322342147,0.0,0.17194794175979017,-0.5555470145848015,-0.15729862372824943,-0.22388749858656087,-33.979175189359296,4.5208337475175995,-14.729170720920848,38.500008936876895,-32.40891456604004,-32.17379093170166,-32.29135274887085,0.2351236343383789,0.0016812379471957684,-0.0008799101924523711,0.01683027856051922,0.01695290021598339,0.00028777646366506815,-0.0019375926349312067,0.016883177682757378,0.01781371235847473,465.8878406023704,35869.58478742253,0.001172032905742526,389.97539019323,35795.28920515651,0.0011223428882658482,0.02272491529583931,0.004387969151139259,31066.219149332217,17642.16691697646
0.2535594867641885,0.2422500029692202,-0.08535543618686282,-0.01899194026256351,0.32138331275398935,0.32817351197875033,0.04959668611732615,0.0,-43.801710324675525,0.43198273655423236,-21.684863794060647,44.23369306122976,-31.448476314544678,-31.44667148590088,-31.44757390022278,0.0018048286437988281,-0.0005658650770783424,-0.0020077622029930353,0.018720952793955803,0.019014978781342506,0.001679933164268732,-0.0012960020685568452,0.018607335165143013,0.019130025058984756,392.5103617612402,35845.849391015494,0.0011389256687834859,315.7731257005501,35860.01987331984,0.0011632568202912807,0.02743692323565483,0.003005866426974535,30483.409514225266,18801.99731005844
-0.02143409262832016,-0.0067295305197463615,0.2150925664089877,0.3806013953650765,0.20225270155901265,0.0659605012216678,0.0937954727697029,0.0,-36.73836643088737,-0.3444853601500881,-18.541425895518728,36.39388107073728,-31.490633487701416,-31.32453680038452,-31.40758514404297,0.16609668731689453,0.0006337319500744343,0.0020110365003347397,0.018649255856871605,0.01890062913298607,-0.0012488740030676126,-0.0017557279206812382,0.019357172772288322,0.01891537941992283,347.36542124542495,35876.53741935923,0.0011755169834941626,241.87501146699967,35852.297695215675,0.0011276195291429758,0.0267377570271492,0.0027063065208494663,30729.828998804667,18573.981703177684
-0.30124307326557975,0.026164334593259175,-0.1350844208314559,-0.8093186455298089,-0.7977504958496991,0.6576885256781584,0.4873881118808937,-0.030986187735083,-41.15284434973768,5.539198976408841,-17.806822686664418,46.69204332614652,-33.10647249221802,-33.59382629394531,-33.350149393081665,-0.4873538017272949,-0.0012533434201031923,-0.0012031372170895338,0.015896329656243324,0.015275398269295692,-0.0012551684631034732,0.0010858664754778147,0.014492647722363472,0.014978164806962013,250.4384314165432,35817.63688710342,0.0011584922904148698,174.72294335811645,35845.34517627842,0.0011697092559188604,0.022283252328634262,0.0028502955101430416,30476.588388963413,18429.54599319837
-4.465494249125834e-05,0.013401486101287198,-0.13709918089603476,0.0013667921233528335,0.10068894912813503,-0.09054831946066316,-0.2737769230246946,0.0,-38.782800394290604,-1.837118910907634,-20.30995965259912,36.94568148338297,-34.377291202545166,-34.35699939727783,-34.3671452999115,0.020291805267333984,0.0014969989424571395,0.00011157398694194853,0.013785733841359615,0.01314083393663168,0.001253906637430191,0.0008512601489201188,0.013848773203790188,0.013137941248714924,150.1944870506682,35807.22229877054,0.0011725516524165869,287.8831957506671,35923.50009337281,0.0011885382700711489,0.01882885955274105,0.0035703990142792463,30700.981490367772,18779.453535510736
0.9722902740585524,0.9236331809514837,0.6112205827597946,0.5235371407867996,0.039451287655515366,-0.20233923125626452,-0.4070957448525178,-1.0,-40.304905021595744,4.127493494454598,-18.088705763570573,44.43239851605034,-34.18684720993042,-33.53034496307373,-33.858596086502075,0.6565022468566895,0.0011445051059126854,-0.0010350473457947373,0.013527552597224712,0.013998805545270443,0.0009546688525006175,-0.0013651656918227673,0.014452200382947922,0.015229323878884315,330.457385988934,35850.09417551844,0.0011499702231958508,299.57420046265247,35903.04619804241,0.0011491276090964675,0.018566759303212166,0.002728448947891593,31252.217375484586,17269.89852950666
-0.020244053481734275,0.0013469723973279061,-0.03897186423423311,0.07317515856870199,0.21657647288839416,0.1889105229984503,0.026437412693078977,0.0,-39.81030948420624,0.19994858245036085,-19.80518045087794,40.010258066656604,-31.678216457366943,-31.237351894378662,-31.457784175872803,0.44086456298828125,0.0014228919753804803,0.0014471723698079586,0.018705012276768684,0.018041234463453293,0.00040217983769252896,-0.0021322870161384344,0.018797490745782852,0.019850116223096848,301.96748659362873,35898.33841124185,0.0011493925703689456,416.76237748393896,35868.30214062103,0.0011303084902465343,0.02660776488482952,0.0033083437010645866,30476.807299579883,18403.89364310252
0.18149975229673498,0.09133711877678222,0.8222681381436103,0.8210485365843596,-0.09480674643299034,0.02028087272576007,0.22667181136487402,-0.07781185456013573,-38.36471191664532,0.691834179152977,-18.83643886874617,39.056546095798296,-30.67030668258667,-30.906312465667725,-30.788309574127197,-0.2360057830810547,0.00227377749979496,0.0004481092619244009,0.021193869411945343,0.020060572773218155,0.0013377668801695108,-0.0018277866765856743,0.0195630993694067,0.020586514845490456,352.2142940665311,35866.10555797222,0.0011418857611715794,343.93063431911946,35808.16546453073,0.0011206658091396093,0.028882650658488274,0.004925407003611326,30461.867218590367,18831.92131615588
0.002625432356553523,0.006809101524679784,0.9039603005540767,0.7284705325599801,-0.41141114259302464,-0.5509037898890605,0.2568362787818269,-0.005252915046820794,-46.311721619367916,3.6233885414492306,-21.344166538959342,49.935110160817146,-32.630178928375244,-32.77817964553833,-32.70417928695679,-0.14800071716308594,0.0009842370636761189,0.0015196895692497492,0.01660974510014057,0.016327079385519028,-0.0012843594886362553,-0.0013029978144913912,0.0165058895945549,0.01586376316845417,424.500800333027,35852.74365807639,0.0011233969125896692,325.7957933772248,35808.533869144994,0.001169640920124948,0.02374766208231449,0.0028693308122456074,30478.486749616226,18376.08551917386
-0.08980580468018316,-0.2185458723367557,0.028665305175749056,0.38117727870672374,0.32051964723566556,-0.10095460433037673,-0.0360600075606059,0.0,-34.109226598347675,-1.3703929122902423,-17.73980975531896,32.73883368605743,-33.51448059082031,-33.3932900428772,-33.453885316848755,0.12119054794311523,-0.001661894260905683,0.00022382725728675723,0.015101831406354904,0.01463965605944395,0.000664989638607949,-0.0015596430748701096,0.01463665347546339,0.015514140017330647,546.0039592015564,35834.82347340139,0.0011805823305621743,328.2221420706164,35843.41503691671,0.0011476106010377407,0.02043338119983673,0.003935876302421093,30688.87089846254,18684.962687029813
0.9958305652806726,0.9478888801645887,0.9863925539040234,0.22469372274643867,-0.14052184276593707,-0.09981537149507363,-0.29081633276863766,-1.0,-45.09300479937468,2.9510130562288737,-21.070995871572904,48.044017855603556,-33.451087474823,-33.351309299468994,-33.401198387145996,0.0997781753540039,-0.0003906831261701882,-0.0016203155973926187,0.014831186272203922,0.015132768079638481,0.001462271437048912,0.000875371799338609,0.01556779071688652,0.014730274677276611,289.2286523260481,35807.32950567794,0.0011567346518859267,253.09772436909125,35903.171491287416,0.0011647255159914494,0.02136479690670967,0.0022523521911352873,30728.33586829957,18761.987239835584
0.019319485209361848,0.0,-0.010648372014189805,0.11342416121700222,0.24936595900132014,0.098023901471668,-0.05255278198018232,0.0,-41.773791004941074,-5.596792875936018,-23.685291940438546,36.17699812900506,-33.400938510894775,-33.389012813568115,-33.394975662231445,0.011925697326660156,-0.0011846888810396194,0.0011941739358007908,0.014773624017834663,0.015359037555754185,0.0016655032522976398,-0.00028072023997083306,0.015298102982342243,0.014878219924867153,203.80813876883724,35833.32617992284,0.001171599724330008,563.1447767633101,35892.04172717388,0.0012347183655947447,0.0208978783339262,0.0026121933478862047,31248.940482777707,17302.505700160735
0.8399701224606222,0.8691432161018976,0.8313879372899464,0.4415064113183485,0.11260450115503834,-0.23209466718145083,-0.5033149809641291,-1.0,-34.73338309541356,7.195549197460423,-13.768916948976567,41.92893229287398,-33.462865352630615,-33.32460641860962,-33.39373588562012,0.1382589340209961,0.0008283911738544703,0.0014672772958874702,0.015047415159642696,0.014874656684696674,-0.0017064431449398398,-0.0001685917522991076,0.015577421523630619,0.01481539849191904,545.5904929692177,35880.02664274579,0.0011864877305924892,449.95107082509224,35860.493888673875,0.0011632158420979977,0.021310577169060707,0.002333689946681261,30482.42617367642,19035.553649229172
0.043067590275166184,0.024177037547320937,-0.10962700500289944,0.020150198205791614,0.23309545144119242,0.23077097940028535,0.026566673916464723,0.0,-41.72076752407537,-1.4106065588066485,-21.56568704144101,40.31016096526872,-33.511857986450195,-33.44646453857422,-33.47916126251221,0.06539344787597656,0.0016156698111444712,0.0002817923668771982,0.015255244448781013,0.01449322048574686,0.0013938916381448507,-0.0009509340161457658,0.014830601401627064,0.015146947465837002,517.9198584415254,35918.82031849922,0.0011721828486770391,414.09072254194086,35878.47862530414,0.00120557623449713,0.020742805674672127,0.00386794307269156,30702.79345704862,18664.96926685074
-0.4978812603084001,-0.46369634884626715,0.12336657953495195,0.4702608221421094,0.19311647842860227,-0.004391916165608856,0.1007077782920277,0.0,-33.55388832064642,-0.6368782721639832,-17.095383296405203,32.91701004848244,-33.564066886901855,-33.50169897079468,-33.53288292884827,0.062367916107177734,-0.0008745009545236826,-0.0014133905060589314,0.014907361008226871,0.014668012037873268,0.0010296243708580732,-0.0013167625293135643,0.014525795355439186,0.015255038626492023,304.96125579383556,35895.721314579365,0.0011952425120398402,209.40965067777842,35836.40281148239,0.001156540121883154,0.02138468436896801,0.0022993350867182016,30482.801615259883,18790.447566703977
-0.18309004918925975,0.0014352472781066217,0.46484473460670805,0.08527821485009345,0.5284272800282792,0.7402956558623816,0.13029692526618408,-0.08569214256659746,-45.18257712882058,3.722458235870647,-20.730059446474968,48.90503536469123,-33.498497009277344,-33.51213455200195,-33.50531578063965,-0.013637542724609375,-0.000913578609470278,-0.0013696738751605153,0.015040110796689987,0.014762207865715027,-0.0016653449274599552,0.00019740279822144657,0.015114927664399147,0.01463434100151062,324.24433416726794,35827.534871714626,0.0011528331087902188,184.68101520357118,35866.915671396055,0.001175429904833436,0.021414395421743393,0.002571776509284973,30477.70900757958,18394.10293827796
0.0,-0.016837064184963876,0.03286356083037956,0.33580683856593757,0.26212970806740943,-0.11718078440543955,-0.3170229209079095,0.0,-35.18271658990383,1.3120393678522362,-16.9353386110258,36.49475595775607,-33.65397930145264,-33.499369621276855,-33.576674461364746,0.15460968017578125,-0.00014694701530970633,-0.0016419843304902315,0.014375068247318268,0.014891731552779675,0.0016412840923294425,-0.0003313221677672118,0.015082130208611488,0.014713059179484844,222.43611524941204,35813.61670774272,0.0011751638958230615,422.2599347970237,35879.5057422793,0.0011379694333299994,0.02088642120361328,0.0018627244280651212,30978.20043241462,18584.747581230342
0.9430076739206081,0.9214061274971386,0.7361847050018271,0.4674306847249231,-0.006351774439851909,-0.19197165282864898,-0.37836664465403874,-1.0,-39.89914252796038,7.227816439162041,-16.33566304439917,47.12695896712242,-33.65968942642212,-33.61488342285156,-33.63728642463684,0.04480600357055664,0.00025587508571334183,-0.0016075772000476718,0.0142391137778759,0.015005170367658138,0.001136294100433588,0.0012009497731924057,0.014971893280744553,0.014426762238144875,330.2504971576965,35909.43204405548,0.0011404308024793863,544.1878205309548,35865.29491420099,0.0011720284819602966,0.02048267051577568,0.0017289762618020177,31225.947467030295,18559.06456056244
0.01408270412785847,0.0,0.031399597655451916,0.09378452352283734,0.1939123532452558,0.08669567109701043,-0.0583102696132235,0.0,-38.54379599700695,-1.6904446338357673,-20.11712031542136,36.853351363171186,-33.77043008804321,-33.79674434661865,-33.78358721733093,-0.026314258575439453,-0.0008199312724173069,0.0013744824100285769,0.014052066951990128,0.01482212170958519,6.146277883090079e-05,0.0016072127036750317,0.01411211583763361,0.014677990227937698,384.3580059908218,35897.50790041702,0.0011809524148702621,462.03626947156664,35874.34841404226,0.0012210089480504394,0.020251745358109474,0.0018908795900642872,31236.965942136278,17443.5571436622
0.9480704080492096,0.9396089991617539,0.966871290790116,0.3460820314142128,0.020991753362365473,-0.1773228825952209,-0.4379436432561173,-1.0,-38.264966888142,3.964317935767525,-17.150324476187237,42.22928482390952,-33.78708362579346,-33.64881753921509,-33.71795058250427,0.13826608657836914,-0.00022562395315617323,-0.001602969947271049,0.014190454967319965,0.014632896520197392,0.00046386916073970497,-0.0015848100883886218,0.014213724061846733,0.015062536112964153,516.2103519259481,35872.60403290854,0.0011836884077638388,267.6729242957265,35860.08773872119,0.0011597034754231572,0.0203683041036129,0.001982178771868348,30975.647180908905,18783.07364301624
0.37341375828081086,0.23157815570286897,-0.1104806262521509,-0.04612316080722237,0.3933891313107295,0.3343494196018999,0.030876901845820925,0.0,-43.264432835747414,0.3947369828408114,-21.4348479264533,43.659169818588225,-33.721206188201904,-33.57597351074219,-33.648589849472046,0.1452326774597168,0.0009460205328650773,0.001302368938922882,0.014689482748508453,0.01435721293091774,0.00010002839553635567,-0.0016458204481750727,0.014413357712328434,0.015115355141460896,263.50136502413204,35834.368832800435,0.0011688582599163055,137.4020116070761,35908.91744471755,0.0012303453404456377,0.020951051265001297,0.0025167129933834076,30477.91111300337,18372.17531912287
-0.3894542867871358,-0.3475372760240481,0.1267317100361341,0.4153405236836136,0.17192499185234372,-0.11500003782250295,0.12192935775409941,0.0,-34.87795942016277,-0.3425356800343309,-17.61024755009855,34.53542374012844,-31.046733856201172,-30.77347755432129,-30.91010570526123,0.2732563018798828,-0.0022138562053442,-0.00018461831496097147,0.020239917561411858,0.019267506897449493,-0.002267705276608467,-0.0003361892595421523,0.020925434306263924,0.019842617213726044,176.87940396940976,35864.86057979919,0.0011673178523778915,350.31367927892643,35836.636569955204,0.0011036992073059082,0.02763677015900612,0.0048416792415082455,30462.79802834045,18915.734597194823
-0.0010290636755384906,0.021940949328626363,0.3657218564064444,0.18857390977058885,0.25507429120457364,0.5140395524767012,0.26930873197373606,-0.04900316307057717,-45.33073912221869,-2.7098010708831737,-24.02027009655093,42.620938051335514,-34.15651798248291,-34.21768665313721,-34.18710231781006,-0.061168670654296875,-0.0006462116143666208,-0.0013875622535124421,0.013828017748892307,0.01380065269768238,-0.0011596882250159979,-0.0010186302242800593,0.01402112003415823,0.013404101133346558,299.6871697174272,35864.103621570415,0.001193240168504417,213.48017024526393,35805.58047311978,0.0011669194791465998,0.019886743277311325,0.0022549608256667852,30480.615850177594,18426.44108043821
0.035059466702673764,0.0,-0.0627475852480516,0.07787634119470871,0.12614908375903688,-0.10206424893619415,-0.272893349138582,0.0,-42.11226649096119,-1.9586971246378653,-22.035481807799528,40.153569366323325,-32.60615825653076,-32.12225675582886,-32.36420750617981,0.4839015007019043,-0.0006104251369833946,-0.0017394195310771465,0.016437795013189316,0.016588034108281136,0.0008726675296202302,-0.0017593572847545147,0.016946690157055855,0.017955388873815536,368.395845482468,35801.69876607299,0.0011378771159797907,294.98842803152485,35856.412586832295,0.0011274664429947734,0.023828823119401932,0.0026282293256372213,30483.305372219726,18809.934611906785
0.9631649784591689,0.9575627766926094,0.7191474946710483,0.4417206029503611,0.004798514898781636,-0.18070500734222406,-0.43069001830921283,-1.0,-39.60030541961709,4.642365934468444,-17.47896974257432,44.24267135408553,-31.025161743164062,-30.826406478881836,-30.92578411102295,0.19875526428222656,0.00182167231105268,0.0012682958040386438,0.020308751612901688,0.019296810030937195,-0.002104539657011628,0.0008723364444449544,0.02029050700366497,0.020244179293513298,288.13905140637445,35854.85896418273,0.0011182819725945592,314.87094891560974,35882.83419571543,0.0010996301425620914,0.028056323528289795,0.0037931418046355247,30474.02713992331,18489.59010016108
0.01110863306772801,0.0,0.01724267147120237,0.1250841718351507,0.1867882006585338,0.11169902567975082,-0.00540249653333158,0.0,-39.03563060557801,-1.7423494715072536,-20.38899003854263,37.29328113407075,-31.8612003326416,-32.01193332672119,-31.936566829681396,-0.15073299407958984,0.0018594545545056462,0.000725134217645973,0.01849496178328991,0.017475733533501625,0.0004603017005138099,0.0019300563726574183,0.017501186579465866,0.017860496416687965,249.05069597299342,35889.30821262878,0.0011270759860053658,378.3223172600862,35862.724839706316,0.0011488376185297966,0.025696195662021637,0.0040030223317444324,30468.671876469085,18676.22130654258
0.9964654482038889,0.9244272666669171,0.9564916501370357,0.2612533130912778,-0.28656765208309354,-0.10526251777392909,-0.31748741600098707,-0.8873569917866093,-40.356340010261675,1.527436601359284,-19.414451704451196,41.88377661162096,-29.659018516540527,-29.213993549346924,-29.436506032943726,0.4450249671936035,-0.0011590640060603619,0.002322065643966198,0.022515833377838135,0.02383233979344368,-0.002706944476813078,-0.0005127674667164683,0.025065941736102104,0.023717189207673073,402.55738922732644,35857.35418634189,0.0011072850320488214,269.0498658091163,35824.01693287455,0.0010804824996739626,0.031951047480106354,0.0030098375864326954,31233.69401463527,17502.342742049837
0.38595759541747116,0.2952346335489156,-0.08437604122464368,0.009246666157344152,0.45951580438663264,0.3340700179099638,-0.01706513975682533,0.0,-39.75243935957516,4.23828068286727,-17.757079338353947,43.99072004244243,-28.090693950653076,-28.175883293151855,-28.133288621902466,-0.0851893424987793,-0.0029371364507824183,0.0009555548895150423,0.027930453419685364,0.027613207697868347,0.0012518970761448145,0.0028217616491019726,0.02750149741768837,0.027497773990035057,279.55096965274913,35818.27476377777,0.0010775066912174225,185.23463268119838,35855.169493064546,0.0011250234674662352,0.03765666112303734,0.007182978559285402,31094.091436476578,17678.957190839596
-0.32959954032522987,-0.35627849983706983,0.108638401563145,0.37883900185892316,0.003821440686735178,-0.34710475790048806,0.09306477788583267,0.0,-34.856017613872865,-0.16397985944450966,-17.509998736658687,34.692037754428355,-29.046649932861328,-28.86012077331543,-28.95338535308838,0.18652915954589844,0.0011876763310283422,-0.002534180413931608,0.02414107695221901,0.025590047240257263,0.0024064905010163784,-0.0015449075726792216,0.025181250646710396,0.025648783892393112,215.4004731498213,35840.71869724396,0.0010966311674565077,368.4783920131307,35846.56274376575,0.0010943453526124358,0.03448193520307541,0.0034709160681813955,31237.960349420435,17413.366316687698
-0.5075201879684819,-0.5174810089143507,-0.6676811271075642,-0.961477325013392,-0.3760963861423775,0.016982756769093332,-0.29040509183272023,0.7035122290639957,-42.759279334800226,0.9126713038360776,-20.923304015482074,43.671950638636304,-28.340754508972168,-28.315322399139404,-28.328038454055786,0.025432109832763672,-0.0024679210036993027,-0.001689368044026196,0.027650492265820503,0.026302075013518333,0.003006196580827236,0.00047826272202655673,0.02777869440615177,0.026324454694986343,324.7610083710714,35847.53225331527,0.0010876177111640573,285.78241461351075,35818.67602037566,0.0010880756890401244,0.03833737224340439,0.005422964226454496,30471.86265339161,18549.335554782498
0.02203534379852493,0.0,0.023499310555894215,0.21948231050132885,0.10305298945926106,-0.17809176670648386,-0.27338044111787885,0.0,-36.229240940442935,2.3791919172800817,-16.925024511581427,38.60843285772302,-28.856396675109863,-28.957107067108154,-28.90675187110901,-0.10071039199829102,-0.002039272105321288,0.0019874449353665113,0.024938687682151794,0.02590756304562092,-0.0023369858972728252,-0.0015968783991411328,0.025790797546505928,0.024459032341837883,355.2599352067824,35808.66823761211,0.0010899398475885391,325.71850008340095,35851.24487394675,0.0011040791869163513,0.03475247323513031,0.0049927267245948315,31253.74064876292,17228.843393234856
0.97384601052666,0.976923145163638,0.6389747581408881,0.3591900867903752,-0.05144178116715281,-0.14680254015212318,-0.4157979326296838,-1.0,-41.387356225276704,2.9628213648502992,-19.212267430213203,44.350177590127004,-29.45270538330078,-29.43986177444458,-29.44628357887268,0.012843608856201172,-0.0014640996232628822,-0.002200597431510687,0.023965999484062195,0.02351485751569271,-0.00100654864218086,0.0024691903963685036,0.02306799218058586,0.024462644010782242,273.06345140302204,35855.5829710002,0.001090048928745091,382.71249319171125,35880.08148736945,0.0010924754897132516,0.03408479690551758,0.003928798716515303,30480.43624749082,18363.432953942753
0.010105819676231661,0.0,0.04692872627855349,0.1432861239544207,0.2139204597334004,0.09930251111540933,-0.036242577201269666,0.0,-40.73635013316044,-3.9327648671547877,-22.334557500157615,36.803585266005655,-29.519176483154297,-29.475579261779785,-29.49737787246704,0.04359722137451172,0.0019556768238544464,0.001752069336362183,0.024061163887381554,0.02304866537451744,-0.0011956921080127358,-0.0023782041389495134,0.023748785257339478,0.023606253787875175,341.1187320440461,35877.316784926596,0.0010946356924250722,383.3674072969962,35855.94767329047,0.0011126757599413395,0.034031521528959274,0.004318009130656719,30475.83297449688,18424.82185014858
0.9838119392728407,0.9590823712073462,0.8366631794567476,0.21594279363462743,-0.07882514574180768,-0.0957878800507807,-0.41349900202210943,-1.0,-37.03232892234996,4.164880822609689,-16.433724049870136,41.19720974495965,-29.53395366668701,-29.347145557403564,-29.440549612045288,0.18680810928344727,0.0010592862963676453,0.0024152486585080624,0.02351495809853077,0.023523857817053795,0.0012443705927580595,0.0023929201997816563,0.024116583168506622,0.023944269865751266,414.86840329502934,35847.855743536566,0.001094149425625801,299.97838661724506,35851.08168404354,0.0010947970440611243,0.03372575342655182,0.0036096221301704645,30727.665266754124,19404.092693346083
0.1857281439318892,0.0901790135325438,-0.09209233580347542,0.011956521750904447,0.2951868107597014,0.22160444412797342,0.0014894318892936242,0.0,-40.63856826124487,-0.15068957121462745,-20.39462891622975,40.48787869003024,-29.221081733703613,-29.054179191589355,-29.137630462646484,0.1669025421142578,0.0027140919119119644,-0.00011860021186294034,0.024839943274855614,0.023917347192764282,-0.0005591002991423011,-0.0027384604327380657,0.02455119788646698,0.025154417380690575,285.05312341336065,35855.12205668892,0.0011126033496111631,264.0490268171273,35883.53336376482,0.0011525157606229186,0.03339150547981262,0.0065383752807974815,30932.160293252775,18581.143371530423
-0.07200089695439034,-0.13561631591117052,0.3491538788898045,0.41418002666359355,0.00042312409428080233,-0.19838571879690636,0.22102997725227802,0.0,-34.17310134265307,2.0888667572129407,-16.042117292720064,36.26196809986601,-28.745088577270508,-28.680646419525146,-28.712867498397827,0.06444215774536133,0.0006678582867607474,0.0028068232350051403,0.02548770047724247,0.026020819321274757,0.002775326371192932,0.0009140569600276649,0.02669905126094818,0.025171617045998573,242.8397571176329,35864.40218048364,0.001118111191317439,301.011330471068,35817.92097216109,0.0010875222506001592,0.03694447502493858,0.00347908609546721,30976.38882308862,18795.687317086944
0.2589163886516689,0.29465322234428626,0.025400147508421303,-0.2427434112151906,0.24454966403614437,0.4869050241513394,-0.06664615608009261,-0.20974347637359492,-45.06376700818089,-1.110948181030352,-23.08735759460562,43.95281882715054,-28.673908710479736,-28.648300170898438,-28.661104440689087,0.025608539581298828,0.002864653244614601,-0.00025004782946780324,0.026406345888972282,0.025525039061903954,-0.0028064583893865347,-0.0008699676254764199,0.026793431490659714,0.025270462036132812,330.85284083121775,35835.377780770345,0.0011002157116308808,260.14411536677375,35820.027059367996,0.001091804588213563,0.03532802313566208,0.006831412669271231,30917.526678378985,18457.935826815217
0.0,0.0034922534244259708,0.07867485733765575,0.24667332255056876,0.07086699690618414,-0.1906180093557313,-0.25549145248285166,0.0,-35.126734008198014,0.9627803374557402,-17.081976835371137,36.089514345653754,-28.703205585479736,-28.624613285064697,-28.663909435272217,0.07859230041503906,-0.0025851724203675985,-0.0013225437141954899,0.02660723589360714,0.025131456553936005,-0.0028260243125259876,0.0008008995209820569,0.026324104517698288,0.02590360678732395,316.9493551562178,35798.12264021049,0.0010828663362190127,342.2055947263261,35863.26474029719,0.001080899266526103,0.03702656179666519,0.005163941998034716,30472.0916797885,18538.479678319633
0.9988426440550877,0.986077642538052,0.5053042648723187,0.24681741837869894,-0.10116117573900035,-0.11642508138063706,-0.42982386977241005,-1.0,-41.12713723532971,3.510371533692876,-18.80838285081842,44.63750876902259,-28.700273036956787,-28.656702041625977,-28.678487539291382,0.04357099533081055,-0.0014076235238462687,-0.002520103007555008,0.02602558396756649,0.025752948597073555,-0.002571562072262168,-0.001419413136318326,0.02674761414527893,0.02526690438389778,305.4227985382078,35870.347452269816,0.0010893619619309902,413.4809414618247,35861.36777924731,0.0010914452141150832,0.037190720438957214,0.004194599110633135,30481.2477389387,18402.33260658723
0.005628265149760342,0.0,0.05003693801619112,0.155363812123831,0.20960372715102082,0.09844209479972815,-0.023172253139383092,0.0,-37.89258241545349,-2.379330411922581,-20.135956413688035,35.51325200353091,-28.669254779815674,-28.66898775100708,-28.669121265411377,0.00026702880859375,0.0019082468934357166,-0.002187479753047228,0.025404853746294975,0.026546435430645943,-0.002911701798439026,6.683973333565518e-05,0.02651050128042698,0.02544289454817772,355.31217509931486,35863.99931119933,0.0010808565421029925,374.8127827759328,35848.17251538383,0.0011164139723405242,0.0358181893825531,0.0044122133404016495,31244.89830420222,17290.966215296794
0.9748636905233169,0.9676057178975046,0.8499597335585748,0.26091472279839134,-0.019069005110149584,-0.08403433022274454,-0.38557507466699686,-1.0,-40.06238911821163,2.5193761465365014,-18.771506485837563,42.58176526474813,-28.71859312057495,-28.62661838531494,-28.672605752944946,0.09197473526000977,0.0025720298290252686,-0.0013305393513292074,0.025744065642356873,0.025924067944288254,0.0010974372271448374,-0.0027291509322822094,0.025327574461698532,0.026866545900702477,409.17369611127054,35850.67271676247,0.0010951538570225239,285.70954424961894,35845.179016606395,0.0010875716106966138,0.034909866750240326,0.006226012017577887,31045.941882272124,17590.17068524274
0.12504721181114378,0.062236028426015735,-0.09689664839356042,0.025178752813671046,0.27577327534370605,0.157932947142142,-0.028813993310602304,0.0,-40.746435604531825,2.6010167181470365,-19.072709443192394,43.34745232267886,-28.506555557250977,-27.733004093170166,-28.11977982521057,0.7735514640808105,-0.0026518930681049824,0.0012912983074784279,0.02641119249165058,0.02653593197464943,-0.0005941735580563545,0.0031933188438415527,0.02813398838043213,0.029720621183514595,313.1297681284178,35845.63272595343,0.0010855816071853042,311.59182250196795,35867.624696908046,0.0011029463494196534,0.035857319831848145,0.006334652658551931,31042.302472189112,17654.13042302069
0.09590919393518088,-0.0003818413473514245,0.33593075587856364,0.31523135367398675,0.01420732795036106,0.007388093152551983,0.8398633123705264,0.0,-38.61958873860251,0.49167415340386356,-19.063957292599323,39.11126289200637,-28.783752918243408,-28.795881271362305,-28.789817094802856,-0.012128353118896484,0.0013831639662384987,-0.0021512764506042004,0.025206921622157097,0.026101112365722656,0.0021969787776470184,0.0018630607519298792,0.026189429685473442,0.025006471201777458,366.33995336155755,35756.38508861228,0.001165040535852313,337.48306818880604,35833.6651688936,0.0010909992270171642,0.03520062938332558,0.004417006392031908,31237.17651860527,17298.96476709898
-0.7592249786302958,-0.7741637493533464,-0.9062083148069016,-0.9603760927028016,-0.37090274567131265,0.01825478488861465,-0.28313405522385193,0.8328195784532401,-44.30825175293066,0.0842500656079892,-22.112000843661335,44.39250181853865,-28.869616985321045,-26.028900146484375,-27.44925856590271,2.84071683883667,-0.0024455341044813395,-0.0013796209823340178,0.026056010276079178,0.024708177894353867,0.0020223797764629126,0.003406114876270294,0.035454750061035156,0.03496420755982399,337.24636904515506,35846.59597582904,0.0010924742091447115,337.33909846373393,35815.006382855325,0.0010679704137146473,0.03581945225596428,0.005475620739161968,30469.903864289718,18634.726972355696
0.043696274195381024,0.0,0.042104383359124586,0.1955579428635442,0.08658586098883647,-0.1535114668949935,-0.23918279381044227,0.0,-37.63410123239393,1.6084790617730391,-18.012811085310446,39.24258029416697,-26.46653413772583,-26.133885383605957,-26.300209760665894,0.33264875411987305,0.002037294674664736,0.003154681297019124,0.0337819866836071,0.033177006989717484,0.003803522791713476,0.0009536272846162319,0.035767197608947754,0.03377813473343849,448.7475446165454,35812.63030321471,0.001060084323398769,349.15063950272287,35840.71332195484,0.001078312168829143,0.04829736799001694,0.005486309994012117,30481.130384841326,18376.455909842258
0.9976975559079571,0.9870867488540732,0.6791728336839841,0.394852994410018,-0.06432699000772568,-0.14451990686803323,-0.39208930585488183,-1.0,-39.62142397982484,3.3009541756500766,-18.16023490208738,42.92237815547492,-26.40768051147461,-26.24833345413208,-26.328006982803345,0.1593470573425293,0.0037550434935837984,0.0003877017297782004,0.03453879803419113,0.03285788744688034,-0.0015741557581350207,-0.0035211232025176287,0.03434249013662338,0.034322019666433334,318.6335387550203,35819.689502234105,0.001062292023561895,332.95214826560925,35874.718017312465,0.0010760824661701918,0.046396270394325256,0.008541231974959373,30704.271598948493,18657.502240916932
0.01812197616688691,-0.0026902372551870055,0.13321976336595157,0.40117848318982197,0.5068512754847495,0.5146924086767813,0.6369749363729189,0.0,-31.755966886443154,0.6811076727607883,-15.537429606841183,32.43707455920394,-26.462714672088623,-26.351516246795654,-26.40711545944214,0.11119842529296875,-0.00013178728113416582,-0.003313931170850992,0.03288505971431732,0.034140851348638535,-0.0012509636580944061,0.003588452935218811,0.03292675316333771,0.03489945828914642,331.65877082911686,35751.18388458514,0.0011197152780368924,363.3887292535711,35858.2669424299,0.0011023000115528703,0.04716333746910095,0.0036754661705344915,31225.309840327307,17744.31002402785
0.9972361020056568,0.9107627396932009,0.910479265851178,0.25499750259340914,-0.30187327550188897,0.010629788314737487,-0.14742612180120307,-0.7717687768908785,-37.48008351287103,3.093279310777916,-17.19340210104656,40.57336282364895,-26.4768385887146,-26.31807804107666,-26.39745831489563,0.15876054763793945,0.0032876329496502876,0.0017929174937307835,0.034365758299827576,0.032490987330675125,0.0037314286455512047,0.0009240383515134454,0.035018980503082275,0.03306635469198227,441.23436256585285,35846.14331045259,0.0010672957869246602,343.6561633585811,35820.242227552175,0.0010687651811167598,0.04727816954255104,0.006611336022615433,30471.13275607012,18550.49359393203
0.3097767975907815,0.3226106773674716,-0.09368646975565459,-0.07455255120630411,0.40444888934961337,0.40076052286069797,0.013894101615233079,0.0,-42.443083828682546,0.8521793480804263,-20.79545224030106,43.29526317676297,-26.59259557723999,-26.453003883361816,-26.522799730300903,0.13959169387817383,0.0001708783529466018,-0.0036694975569844246,0.032249778509140015,0.0337335541844368,-0.0016981521621346474,0.0033771423622965813,0.03254132345318794,0.034494224935770035,429.8104408366872,35816.058146670024,0.0010620229877531528,314.378990094946,35811.30554181924,0.0010922717629000545,0.046767570078372955,0.00437923613935709,30978.218462433033,18616.074692919643
0.017703317183173833,-0.0023074978638311164,0.29083626463096046,-0.6287726541003289,0.25052775106829345,0.34910656212976443,0.8679327450945348,0.9792251654045304,-37.505942747544,-2.202795241384308,-19.854368994464153,35.30314750615969,-26.630892753601074,-26.52005672454834,-26.575474739074707,0.11083602905273438,-0.002497299574315548,-0.002739007119089365,0.03342777490615845,0.03226608783006668,-0.0019682743586599827,0.0031702984124422073,0.03235221654176712,0.034173302352428436,387.377035295028,35817.55908910556,0.0010770242661237717,262.0436335545365,35849.841694328985,0.0010638640960678458,0.04733959957957268,0.005552015732973814,30478.959677036604,18375.144828380246
0.5544800201931854,0.4160754666446613,0.2897471944874506,-0.2106101110057046,0.050338971772317054,0.48408398668631614,0.11195982843450192,-0.4536446870511728,-45.34168724461898,-1.589227302865197,-23.46545727374209,43.752459941753784,-26.595828533172607,-26.53707981109619,-26.5664541721344,0.058748722076416016,-0.0026901832316070795,0.002498589688912034,0.032418206334114075,0.03354763612151146,0.0023627362679690123,-0.002893138211220503,0.032409582287073135,0.03399050980806351,360.136781729048,35824.18508019503,0.0010542450472712517,299.56896464506775,35865.2817428954,0.0010709266643971205,0.04501960054039955,0.005588612053543329,31246.066145810397,17314.809608882882
0.06379206423412118,0.0,0.10013701957700716,0.2641672691803044,0.23958256839192504,0.018274736420305582,-0.03550305420529798,0.0,-38.758374199597995,0.47098084012139907,-19.143696679738298,39.229355039719394,-26.744892597198486,-26.646430492401123,-26.695661544799805,0.09846210479736328,-0.0012360684340819716,-0.003409026889130473,0.032295163720846176,0.03255532681941986,-0.00156518560834229,0.0033405828289687634,0.031823065131902695,0.03373691812157631,317.768255828188,35857.24129963237,0.0010566174751147628,410.8527777317445,35839.33484280915,0.0010859955800697207,0.0467340350151062,0.0049555981531739235,30728.499869624397,18981.743905495314
0.9939098698766469,0.9845665061985053,0.80526088610575,0.2647522677717708,-0.0007362926545478321,-0.16287433168839988,-0.47345019406302263,-1.0,-36.66902692463495,7.606963937188937,-14.531031493723006,44.275990861823885,-26.74081325531006,-26.686367988586426,-26.713590621948242,0.05444526672363281,0.003618418937548995,0.00027032586513087153,0.033210307359695435,0.031652383506298065,-0.0029883512761443853,-0.002140190452337265,0.03347890451550484,0.031785789877176285,456.4433472846889,35843.62092779507,0.0010869350517168641,387.84935143552804,35806.34478085789,0.0010736274998635054,0.04474976658821106,0.008233429864048958,30704.279653875215,18724.946533883267
0.012320259510063804,0.0,-0.009628422417141819,0.15969898153764997,0.195374260711407,0.09872469427347474,-0.005671876307829282,0.0,-42.125720512978546,-4.3533463543836035,-23.239533433681075,37.77237415859494,-26.70987367630005,-26.65943145751953,-26.68465256690979,0.05044221878051758,-0.0015082040335983038,0.0033105311449617147,0.03161957487463951,0.03346753120422363,-0.003594221081584692,0.0007633821223862469,0.033129915595054626,0.032356370240449905,419.35096059030127,35834.59973992601,0.001072266953997314,337.5627473342305,35841.631504487494,0.0010945191606879234,0.04554309695959091,0.003986788913607597,31231.290015212337,17593.967538114128
0.8709679098419871,0.7182419180489605,0.9705267535383587,0.5322392926209149,-0.26739950455694905,0.032164927438404045,0.23898641591877468,-0.39749929095774417,-36.41155794833074,3.5766893222154863,-16.417434313057626,39.988247270546225,-26.681671142578125,-26.55198574066162,-26.616828441619873,0.1296854019165039,-0.002722221426665783,0.002451974432915449,0.032100193202495575,0.033213842660188675,0.0036578387953341007,0.0007361118914559484,0.034062404185533524,0.03221667930483818,361.86870584365766,35842.14267144073,0.0010804268531501293,292.1859529271792,35852.9851373235,0.0010710051283240318,0.04424291104078293,0.006699700374156237,31258.39564722982,17217.33489525912
0.08451333746318139,0.3237150915114899,-0.08788477261870493,-0.12568285429908782,0.2478999999421046,0.4652406949502833,0.01846034998826873,-0.002453798316427336,-44.62180105730397,-0.7832837885258925,-22.70254242291493,43.83851726877808,-26.486568450927734,-26.470670700073242,-26.47861957550049,0.015897750854492188,-0.0015343301929533482,0.003383662784472108,0.03246190771460533,0.03432311490178108,0.0009666826808825135,-0.003633575513958931,0.032491762191057205,0.03440987691283226,264.8149581650057,35831.941202682014,0.0010810071835294366,245.92208241788518,35866.54993119568,0.001086207921616733,0.04661252722144127,0.003922381903976202,31229.979765427473,17677.700494927125
0.0,0.007487947342284782,0.16024674961949875,0.2870952635277601,0.07841668715831626,-0.12507741936871625,-0.14541205845898753,0.0,-37.34106786899898,0.6561069361249565,-18.34248046643701,37.99717480512393,-25.77223539352417,-25.530672073364258,-25.651453733444214,0.2415633201599121,0.00401721429079771,0.0006680827355012298,0.0372268483042717,0.03528052195906639,0.0003767365706153214,-0.004184983670711517,0.03634684905409813,0.03820730745792389,276.6294726572289,35824.067290461026,0.0010550166480243206,365.4367113752172,35860.54933056938,0.0010775311384350061,0.050727490335702896,0.008794517256319523,30463.686300811347,18889.736641090927
1.0,0.967577325952272,0.34555598320232767,0.04417451030638109,-0.13159253126149312,-0.08719318933024711,-0.38826891941265207,-1.0,-39.431517562755175,1.6070661168793663,-18.912225722937904,41.03858367963454,-25.602810382843018,-25.543434619903564,-25.57312250137329,0.059375762939453125,-0.0018931734375655651,-0.00366399297490716,0.03709610179066658,0.03686891868710518,0.0038521336391568184,-0.001648888224735856,0.03725374490022659,0.037214744836091995,364.5986811397981,35850.075308567764,0.0010574695188552141,355.97202323984357,35852.328709486996,0.0010701828869059682,0.05305292457342148,0.0058806114830076694,30482.173105484144,18443.57909901531
0.02290147158140125,0.0,0.053906043008861065,0.217495591746073,0.2839184632896402,0.1418472469249591,0.010330628328534375,0.0,-37.25284576832405,-0.17705080759947123,-18.71494828796176,37.07579496072458,-25.520484447479248,-25.457887649536133,-25.48918604850769,0.06259679794311523,0.0009456833358854055,0.004063510335981846,0.036937229335308075,0.03772738575935364,-0.00028731836937367916,-0.004220588598400354,0.03689220920205116,0.03830031678080559,374.00066590042593,35863.80191028789,0.0010518621420487761,393.7815248445381,35847.84984621059,0.001089004916138947,0.053678546100854874,0.0053747654892504215,30730.952745643517,18960.30173706775
0.9998800239191565,0.9896651245029574,0.8366525164491707,0.3717105478352871,-0.004392484524922746,-0.09168903205271789,-0.42219943250325787,-1.0,-41.81263998822976,1.2234145677523145,-20.294612710238724,43.036054555982076,-25.556468963623047,-25.471689701080322,-25.514079332351685,0.08477926254272461,0.00010981065861415118,-0.004157602787017822,0.03633519634604454,0.03800565004348755,0.0027535909321159124,0.0032045384868979454,0.038154929876327515,0.036921072751283646,377.8688054727636,35842.4315483987,0.0010727964108809829,312.6245079596828,35813.63985100874,0.001061334041878581,0.05279775708913803,0.004774738103151321,30978.26346595259,18341.725672004675
0.07195774994576987,0.0860752754834708,-0.09973680431686492,0.025998844446955383,0.2651692963404237,0.11199810826010481,-0.09030529207857485,0.0,-40.82920037192167,0.826583973865894,-20.00130819902789,41.655784345787566,-25.543582439422607,-25.51651954650879,-25.5300509929657,0.02706289291381836,-0.0027910666540265083,0.003067808225750923,0.03645450994372368,0.03800142556428909,-0.003514316864311695,0.002308228285983205,0.036986351013183594,0.03770960122346878,372.17363407806573,35825.5893644611,0.0010547151323407888,286.9614820862681,35820.05465128803,0.0010859525064006448,0.05106055736541748,0.006001714617013931,31246.030921632737,17313.251155349997
0.23567599850949267,0.1431443894602677,0.5558163252477186,0.5325325316517086,-0.1852013547035196,-0.4064223464226479,0.13643700784456025,0.0,-34.217427480641504,5.165228214959711,-14.526099632840896,39.382655695601215,-25.66502094268799,-25.575177669525146,-25.620099306106567,0.0898432731628418,-0.0009087843354791403,0.004020921885967255,0.035677142441272736,0.037728603929281235,0.00030838639941066504,0.004165214486420155,0.03640822321176529,0.037775829434394836,402.962696128718,35818.099460587124,0.0010681431740522385,304.10775207259445,35828.04763170613,0.001058170571923256,0.05133518576622009,0.003967713098973036,31229.917608572214,17659.52867187967
0.34220568657985123,0.3011920164742762,-0.004746933672419004,-0.24058497693953024,0.1766406715724868,0.40019847280248766,0.114313325897203,0.0,-44.42501911681114,1.3612841447909432,-21.5318674860101,45.786303261602086,-25.7033634185791,-25.648863315582275,-25.67611336708069,0.05450010299682617,0.0030444436706602573,-0.0026848679408431053,0.03597147390246391,0.037135254591703415,0.004065891727805138,0.0008112377836368978,0.03778979182243347,0.03575130179524422,336.0881896793206,35815.27499842465,0.0010755445109680295,252.6536767570733,35840.77544477232,0.0010626069270074368,0.04986060410737991,0.006244554650038481,31245.649092738608,17299.509985956796
0.02036232290517265,0.0,0.20848583382737057,0.28128142887631813,0.22951179062426058,0.04090639874307511,0.017159947591569358,0.0,-39.56842856537861,-1.3911898928936353,-20.479809229136123,38.177238672484975,-25.698399543762207,-25.661427974700928,-25.679913759231567,0.0369715690612793,0.003982669673860073,-0.0009945206111297011,0.036932121962308884,0.03621732071042061,-0.0017739401664584875,-0.0037266032304614782,0.03679102659225464,0.03667331859469414,319.16160316230537,35810.9890645233,0.0010571045568212867,397.7104476984044,35854.18851493181,0.0010940011125057936,0.0499994121491909,0.009654082357883453,30908.834332542243,18411.421949616022
0.9938115490075448,0.9972389124979949,0.726003167298819,0.18644432577896372,0.03536997514947493,-0.0989372746252008,-0.44925041156570844,-1.0,-40.425189396092776,3.1667607868070604,-18.629214304642858,43.591950182899836,-25.71462392807007,-25.636088848114014,-25.67535638809204,0.07853507995605469,-0.001566808670759201,0.0037759863771498203,0.035452958196401596,0.03753480315208435,0.0037247270811349154,-0.001826286781579256,0.03675175830721855,0.03692607581615448,409.03164076636125,35836.829280827435,0.0010722257429733872,337.42116261251937,35858.618865810044,0.001076409942470491,0.05077480524778366,0.004301439970731735,31230.91075442031,17609.435062407814
0.031085821775743688,0.0,0.0024102142034737317,0.16709969883465695,0.25337593356532756,0.10550885895554984,-0.017074009868912277,0.0,-38.397145537561244,-2.100015304992638,-20.24858042127694,36.297130232568605,-25.742745399475098,-25.683588981628418,-25.713167190551758,0.05915641784667969,-0.0016727857291698456,-0.0036998300347477198,0.03640586510300636,0.0363771878182888,-0.0022697532549500465,0.0034241555258631706,0.03566010668873787,0.037592627108097076,297.5811072527838,35846.14039754287,0.0010606972500681877,237.23905850816246,35872.03679164944,0.0011104843579232693,0.05249832943081856,0.005706029944121838,30483.089239090357,18729.889901403687
0.9316391768907182,0.7946557175660838,0.803782049880341,0.18561959646946624,-0.3025297745613988,-0.3250436261602112,0.1433124775172656,-0.7253767207980563,-39.273623792354215,1.825856582138897,-18.72388360510766,41.09948037449311,-25.763821601867676,-25.68091630935669,-25.722368955612183,0.08290529251098633,0.00366237317211926,0.0017820661887526512,0.03732834383845329,0.035245951265096664,0.0013020695187151432,-0.003912751097232103,0.035554803907871246,0.03771258145570755,256.3856379922337,35829.82299668072,0.0010729612549766898,334.35151595745214,35853.881671164985,0.0010726702166721225,0.051646675914525986,0.007594557013362646,30470.669769420387,18590.395825120995
0.02255321444519725,0.0,-0.07674732496283153,0.0009020490597936026,0.1828915772116499,0.24815659604824336,0.06706626494292067,0.0,-44.706839687639274,-2.108170385679273,-23.407505036659273,42.59866930196,-25.714004039764404,-25.676259994506836,-25.69513201713562,0.03774404525756836,-0.0033982228487730026,0.002218077890574932,0.036188770085573196,0.03683442249894142,0.00398852676153183,0.001038174843415618,0.03770149126648903,0.03560757637023926,304.42281011295404,35842.533769605405,0.0010601782705634832,323.86232857442667,35854.65009012982,0.0010821153409779072,0.04961197078227997,0.007540484890341759,31262.686914822338,17244.57295336039
0.4115180783213455,0.20472010778275684,0.9308176247244774,0.7345923853109049,-0.10984466498806475,-0.4749688420644198,-0.07095634847477572,-0.4059261143606454,-33.34676433090584,6.6326284605236765,-13.357067935191083,39.97939279142952,-25.760197639465332,-25.6760835647583,-25.718140602111816,0.08411407470703125,-0.0037265915889292955,-0.0016250229673460126,0.037355292588472366,0.03524967283010483,0.0037506611552089453,-0.0017368255648761988,0.03662806749343872,0.03671101853251457,302.6961275438412,35865.4453096635,0.0010631142649799585,399.56392645590205,35835.0983617067,0.0010737794218584895,0.05193190276622772,0.007277003955096006,30471.860997061616,18557.32617035266
0.996178939770147,0.9571405063465882,0.27193551980353997,-0.22261970940159195,0.3483512096894387,0.2191111952992627,-0.38399802640874003,-0.5419787318010002,-39.77218720158578,3.498297114546631,-18.136945043519574,43.27048431613241,-25.789854526519775,-25.73239803314209,-25.761126279830933,0.05745649337768555,0.0036881952546536922,-0.001596906571649015,0.036214832216501236,0.036176685243844986,-0.003363951575011015,-0.002347900066524744,0.03737524524331093,0.03546537086367607,424.74503513704144,35857.96224159764,0.0011055746581405401,403.0152138320566,35827.5384686169,0.0010747975902631879,0.04891405627131462,0.00896607805043459,31053.12512202262,17591.765570352
0.02338157633147712,0.0,0.09819339306142766,0.3118000045765463,0.24986743933747674,0.09352952098579653,0.005374407146287674,0.0,-35.798030496538104,0.013385129772899518,-17.892322683382602,35.811415626311,-25.787205696105957,-25.773303508758545,-25.78025460243225,0.01390218734741211,0.002974879462271929,0.0027664126828312874,0.03695540502667427,0.03543759137392044,0.0040636323392391205,-0.00027966895140707493,0.03693969175219536,0.03557182475924492,363.7966806779129,35856.04528339313,0.0010773427784442902,309.52068362113323,35853.35611452725,0.0010959862265735865,0.0522867888212204,0.006309294141829014,30477.773215034234,18372.06115594265
0.9744671421834271,0.9951519798400038,0.7520936758133175,0.240975461866384,-0.0955788206269988,-0.1476571744138292,-0.34707313977123305,-1.0,-41.20753621379208,2.619644447802557,-19.293945882994763,43.82718066159464,-25.85505962371826,-25.759131908416748,-25.807095766067505,0.09592771530151367,0.0026042843237519264,-0.0030518993735313416,0.035118166357278824,0.03671171888709068,-0.002001762157306075,0.0035630743950605392,0.03527939319610596,0.03733361139893532,280.76107386031305,35870.17031935381,0.0011008891742676497,292.61232381016845,35826.46069297182,0.0010680747218430042,0.049265556037425995,0.0057689957320690155,31242.964084070263,17339.13532260897
0.014099669036820039,0.0,0.05108578389555893,0.1154508957014044,0.18881342703887566,0.11764761418227881,-0.009958436179937968,0.0,-41.91621327537615,-2.0287249516870247,-21.972469113531588,39.887488323689126,-25.872597694396973,-25.803709030151367,-25.83815336227417,0.06888866424560547,0.0037707341834902763,0.0012945403577759862,0.03685048595070839,0.034825459122657776,-0.0038499776273965836,0.0012905221665278077,0.03632793948054314,0.03594183549284935,342.02740090288177,35848.49534430009,0.0010697698453441262,377.51390838321635,35823.9459714464,0.0010861598420888186,0.05010169744491577,0.008312749676406384,30466.728717385664,18751.91724363073
0.9860528671399629,0.9493464791080644,0.8263763214609817,0.3631681391767174,-0.14723973217320224,-0.38270606451970357,-0.5130407958843558,-1.0,-36.459357549863626,5.953604188472781,-15.252876680695422,42.412961738336406,-25.879979133605957,-25.814976692199707,-25.847477912902832,0.06500244140625,0.003943243063986301,0.000714391004294157,0.03676878660917282,0.03484636917710304,-0.003088515717536211,-0.002647306304425001,0.03691202774643898,0.0352444089949131,337.3346178257717,35854.40531780732,0.0010580101516097784,317.8973178111889,35810.19222617771,0.0010735526448115706,0.05029567331075668,0.008663387969136238,30462.486302919147,18831.948021544307
0.12159822157888654,0.14090486207155337,-0.10734904354604935,-0.11250322423968367,0.25535125856026875,0.22652474564592573,-0.044700701533325726,0.0,-39.929922659941155,1.9182277088212345,-19.00584747555996,41.84815036876239,-25.907511711120605,-25.851216316223145,-25.879364013671875,0.05629539489746094,-0.001962731359526515,0.003460011910647154,0.034726012498140335,0.03666378930211067,-0.0009859106503427029,-0.003924407996237278,0.035581134259700775,0.036291059106588364,432.59788935441577,35840.97687188743,0.0010859190952032804,328.7371831235296,35819.78768045074,0.0010749961948022246,0.04931826889514923,0.004439972341060638,31235.049592737014,17476.563892056743
0.0405405242249682,-0.006606848635617785,0.27919946107472965,0.40001046531879053,0.35065867694678876,0.4207669442595339,0.7413310713811122,0.0,-36.998534792437205,-1.4054769347266642,-19.202005863581935,35.59305785771054,-25.96200466156006,-25.923891067504883,-25.94294786453247,0.03811359405517578,0.003126793773844838,0.0016514775343239307,0.03618519380688667,0.03481501713395119,-0.004003961104899645,-0.0002744672819972038,0.03649101406335831,0.034764837473630905,438.2806379546386,35745.236818536585,0.0011136324610561132,355.9269326335363,35851.82407950634,0.0011029415763914585,0.0511341392993927,0.00671888655051589,30259.66468271829,18501.760366515537
-0.011640853084763921,0.00026126763105806174,-0.04266238192239313,-0.17891718710904786,-0.34274013255773506,-0.4795480517161027,-0.6732229018156064,0.0,-41.95853907931735,-1.2481087915941882,-21.60332393545577,40.710430287723156,-26.007192134857178,-25.93432903289795,-25.970760583877563,0.07286310195922852,0.0007632838096469641,0.003861604956910014,0.0348697267472744,0.035725872963666916,0.0034896701108664274,0.000451286876341328,0.03638026490807533,0.03484613820910454,309.3286494302093,35860.43857838098,0.0011014853371307254,306.1430606191817,35720.89111498307,0.0011106659658253193,0.05075569450855255,0.005161014851182699,30729.91820394263,18415.440777350803
-0.0064915217270428635,0.0,0.09197284571845427,0.21507233966169273,0.24686302671479837,0.14820912494708005,-0.0055976977130726135,0.0,-39.35421587819286,-1.91999156233328,-20.63710372026307,37.43422431585958,-25.955746173858643,-25.911214351654053,-25.933480262756348,0.044531822204589844,-0.003754284232854843,0.0012995817232877016,0.03567498177289963,0.03534295782446861,-0.0022836991120129824,-0.003304840996861458,0.03607557713985443,0.03530130907893181,366.7701153190036,35838.07160268098,0.0010635815560817719,302.8186255536912,35817.52142924146,0.0010770476656034589,0.048079803586006165,0.009205271489918232,31107.99676287215,17793.986635975103
0.9889236732685036,0.9635237853481169,0.7856946986993908,0.3719480103755449,0.013934440415618143,-0.21513827866705337,-0.5262641990044814,-1.0,-43.54412412109454,4.000404487096716,-19.771859816998912,47.54452860819126,-25.985019207000732,-25.896623134613037,-25.940821170806885,0.08839607238769531,0.0035871618892997503,-0.0016507958061993122,0.03536049649119377,0.03542045131325722,0.003552732290700078,0.001919070491567254,0.03675812855362892,0.034712113440036774,395.8169821347566,35852.75055512196,0.0010640268446877599,347.3888909654795,35822.34676527478,0.0010765644256025553,0.048177361488342285,0.008446509018540382,31047.708796330426,17601.326808094997
0.007206183938730133,0.0,-0.03625167551825227,0.08048792601760688,0.22234429669122607,0.05977770144058009,-0.08256329804980822,0.0,-38.949586554898474,0.9066747269859263,-19.021455913956274,39.8562612818844,-26.02200984954834,-25.95555305480957,-25.988781452178955,0.06645679473876953,-0.0019234290812164545,0.0034252936020493507,0.034265823662281036,0.036188531666994095,0.0026657674461603165,-0.00297136465087533,0.034717779606580734,0.03628314658999443,453.89916514553505,35833.83561760325,0.0010814069537445903,341.80002632413397,35809.594957723784,0.0010772062232717872,0.04858018457889557,0.004446810577064753,31235.923498166187,17451.50228546023
0.5556649048177441,0.38983735707860423,0.722247059336845,0.48346396359271665,-0.23657411829414454,-0.2291660024542468,0.27040753592877353,-0.09367330388016526,-35.3963519334323,4.338696398587871,-15.528827767422214,39.73504833202017,-26.090052127838135,-26.043264865875244,-26.06665849685669,0.046787261962890625,-0.0005857905489392579,0.0038763750344514847,0.03403162956237793,0.035872239619493484,0.0020344562362879515,-0.0033938607666641474,0.03416138142347336,0.036115508526563644,431.5720409226965,35841.275789496285,0.0010691179195418954,312.6844986437798,35841.72756562818,0.0010748648783192039,0.04923027753829956,0.003990727011114359,31227.258101596937,17848.19731528142
0.24045872681200875,0.24095643864044933,-0.07462240581341588,-0.1212083048811597,0.21732179564101634,0.32175484377113783,0.11050132915163757,0.0,-42.70166500526267,0.5310964364388155,-21.085284284411927,43.232761441701484,-26.17121934890747,-26.024227142333984,-26.097723245620728,0.14699220657348633,0.0004406580701470375,0.0038187061436474323,0.034079410135746,0.03519374504685402,-0.003500739810988307,0.0018673414597287774,0.03507421910762787,0.0353831946849823,344.0953978115764,35873.61726532757,0.0011106255697086453,305.89981041674963,35832.72994928377,0.0010799365118145943,0.04930247366428375,0.004940439015626907,30730.85633756693,18513.15927705246
0.9730287270511977,0.9903379576620456,0.9799806225384636,0.9871881266366802,0.8484524720481744,0.5813197134985286,-0.7838846845412345,-0.9973687438602397,-35.96544926275959,-0.4323015423436516,-18.19887540255162,35.53314772041594,-26.094398498535156,-26.040151119232178,-26.067274808883667,0.054247379302978516,0.0006506775971502066,0.003862936981022358,0.03445778042078018,0.035428691655397415,-0.0028899568133056164,-0.00271834759041667,0.035899896174669266,0.03441258519887924,353.3104716034638,35837.94490135443,0.0010598403168842196,339.05938946158346,35808.73332503663,0.001076317043043673,0.04970812052488327,0.004675614181905985,30977.00713738522,18629.374127781753
0.9908724615766376,0.9689218852975282,0.6417373856619034,0.13778656163331604,-0.05865120633642451,-0.15698600206048408,-0.527522839122247,-1.0,-44.75478147428515,1.3842283091017293,-21.68527658259171,46.13900978338688,-26.174848079681396,-26.070878505706787,-26.122863292694092,0.10396957397460938,0.0009830944472923875,0.0037281860131770372,0.03431954234838486,0.03492949157953262,-0.00047284283209592104,0.003919035196304321,0.034115709364414215,0.03594106435775757,380.01196995767276,35863.309943353146,0.0010751048102974892,352.6522617573957,35816.4237755722,0.0010789736406877637,0.04977957904338837,0.005256254691630602,30728.022117578046,18716.510815394224
-0.005786386774026108,0.0,-0.01792221786894116,0.13205857509341123,0.27900813199801033,0.09379552328572921,-0.05624071312144985,0.0,-37.74335468056802,-1.3027501937421562,-19.523052437155087,36.44060448682586,-26.213274002075195,-26.078577041625977,-26.145925521850586,0.13469696044921875,-0.0015092273242771626,-0.0035560610704123974,0.034440603107213974,0.034502651542425156,-0.0008644488407298923,-0.0038360734470188618,0.034617580473423004,0.03539784625172615,468.23219218650866,35851.94556636845,0.001086608273908496,365.67579270359465,35824.99929328589,0.001083566341549158,0.04914403706789017,0.0052980780601501465,30483.486147023745,19845.928454704183
0.9723519608320336,0.9006751635674104,0.7782947272145171,0.3110550997448121,-0.027941730074329763,-0.08495186568003754,-0.3335878886077939,-1.0,-38.67342418744806,3.5079811488319024,-17.58272151930808,42.181405336279965,-26.256935596466064,-26.149311065673828,-26.203123331069946,0.10762453079223633,-0.00046626682160422206,-0.0038014412857592106,0.033747654408216476,0.03484274074435234,0.003639490809291601,-0.0014299512840807438,0.03480871766805649,0.03464184328913689,417.4092721392053,35869.19314013946,0.0010626395232975483,318.1055385028982,35858.443909406145,0.001109245466068387,0.048873960971832275,0.004712320864200592,30976.700628266164,18779.69321558718
0.005115824435588872,0.0,-0.027026673600277336,0.06076634483830726,0.184881682909524,0.10228043674889126,0.05634215974285528,0.0,-41.111474711230215,-1.599895162612711,-21.355684936921463,39.511579548617505,-26.3061261177063,-26.153526306152344,-26.22982621192932,0.15259981155395508,0.0037929352838546038,6.2593724578619e-05,0.034838274121284485,0.0333590991795063,-0.003701507579535246,0.0012288877042010427,0.03490045666694641,0.03451647609472275,291.20726340569195,35855.12220548466,0.0010941845830529928,332.4832387010061,35833.3767230057,0.0010815727291628718,0.04671237990260124,0.00900709442794323,30697.220044767742,18798.847938244813
0.09853680839011819,-0.024112317309619453,0.5640486849445008,0.5187472992547972,0.0921179486544626,0.019305723452912538,0.16373501566926563,0.0,-36.33230628497114,1.5692410433740633,-17.381532620798538,37.9015473283452,-26.27554416656494,-26.107330322265625,-26.191437244415283,0.1682138442993164,-0.003696935484185815,-0.0010241076815873384,0.03518632799386978,0.033236607909202576,-0.0008963283034972847,-0.0038271830417215824,0.03451539948582649,0.035267628729343414,357.75272894698736,35848.996548319745,0.001059357775375247,326.40899195252797,35854.73906995681,0.001077484805136919,0.04794802516698837,0.0076163713820278645,30465.57389144911,18707.04839812613
0.9899408442259557,0.8332370959827534,0.3107424455737001,-0.06512576362827402,0.2167041987247813,0.049120211950298476,-0.6264307140858119,-1.0,-41.66303845931827,3.5303970682369936,-19.06632069554064,45.193435527555266,-26.24584674835205,-25.980610847473145,-26.113228797912598,0.26523590087890625,-0.0036649066023528576,0.0010595055064186454,0.03459659591317177,0.03409053385257721,-0.0034502283670008183,-0.0019866819493472576,0.03639229014515877,0.03439296409487724,317.39736921712193,35855.022796354504,0.0010780770098790526,414.13521628372763,35852.42487735386,0.0010817355941981077,0.046647146344184875,0.008855897933244705,31095.648406553042,17691.91111244982
0.025989525304708435,0.0,0.1364467611225181,0.2436579813580717,0.31414206875165046,0.054063181996733156,-0.014922777780058794,0.0,-36.45297012003442,0.40927524439331364,-18.021847437820554,36.862245364427736,-26.076066493988037,-25.87834358215332,-25.97720503807068,0.1977229118347168,0.003779358696192503,0.0010467951651662588,0.036010339856147766,0.034002210944890976,-0.001701690605841577,-0.0036544017493724823,0.03586959093809128,0.03578222915530205,390.77040918679705,35846.522756630635,0.0010881555499508977,382.0820088348628,35875.957682557855,0.001083981478586793,0.049213990569114685,0.007854199036955833,30467.766447188857,18711.93834159699
1.0,0.9219555317812977,0.6474062379269405,0.20066732964434292,-0.007234922333332616,-0.1761299551133596,-0.47224707115781933,-1.0,-40.668954343853784,3.6248714523383114,-18.522041445757736,44.293825796192095,-26.05257749557495,-26.00306510925293,-26.02782130241394,0.049512386322021484,0.0001186735462397337,-0.003925416152924299,0.034324005246162415,0.03589009493589401,0.002533895894885063,-0.0030664573423564434,0.0344671830534935,0.036142829805612564,309.62742251582534,35834.40433736544,0.0010749729117378592,230.01604826642873,35858.89094616432,0.0011010506423190236,0.04998398572206497,0.004532393533736467,30978.414821222435,18378.497570868458
0.00865340017478505,0.0,0.026344497120052587,0.16350567710989788,0.24715048357267094,0.06305204838243972,0.03233542378198251,0.0,-38.28187617083569,-2.823760644240622,-20.552818407538155,35.458115526595066,-26.081738471984863,-26.01250171661377,-26.047120094299316,0.06923675537109375,0.0029326160438358784,-0.002601431217044592,0.034405115991830826,0.03558051586151123,-0.0005108893383294344,-0.003926655277609825,0.03471402823925018,0.035831864923238754,318.89434551610566,35806.31238124475,0.0010745073668658733,304.9248584436498,35855.16160622198,0.0010866628726944327,0.04764816537499428,0.006999655161052942,31255.27354647543,17225.67266262634
1.0,0.9580611295790613,0.9870595065207588,0.30740550374745557,-0.28789734792354776,-0.2576508123616626,-0.2954836069024717,-1.0,-40.2794779563622,1.8317476517705131,-19.223865152295843,42.11122560813271,-26.13191843032837,-26.087441444396973,-26.10967993736267,0.044476985931396484,-0.0019199429079890251,-0.0034042377956211567,0.03499104827642441,0.03459892049431801,0.001624017022550106,-0.0035939225926995277,0.03393038734793663,0.035985998809337616,323.3259712962458,35815.10584286618,0.0010695417877286673,255.78718984695976,35840.22137042357,0.0010699070990085602,0.04998541250824928,0.005581535864621401,30480.745458134952,18417.88910840266
0.006441441543657173,0.017177628391369163,-0.08122171190299815,-0.07336902608156465,0.15110252960899517,0.1682318869085293,-0.04757465661371807,0.0,-42.270150523722464,2.0868284770037917,-20.091661023359336,44.356979000726255,-26.096632480621338,-26.10445261001587,-26.100542545318604,-0.00782012939453125,0.0012836998794227839,-0.003675950225442648,0.033945340663194656,0.03590495511889458,0.00022005350911058486,0.003927868790924549,0.034222036600112915,0.03557484224438667,358.90876561437443,35819.562337874886,0.0010649157920852304,369.20439962478486,35846.16103013666,0.0011022042017430067,0.049310531467199326,0.004018294159322977,31228.63038630658,17767.972010769074
0.027821277487352965,0.0,0.3320949150251684,0.333862854055601,-0.042948042805204104,-0.14596216690574376,0.04215002210929719,0.0,-36.00679395167424,3.7635010546011074,-16.121646448536566,39.77029500627535,-26.157045364379883,-26.07985496520996,-26.118450164794922,0.07719039916992188,-0.0023574603255838156,0.0031047151423990726,0.033828552812337875,0.03554024547338486,0.0009989594109356403,0.003815942909568548,0.034680336713790894,0.03532472625374794,381.19453469101137,35850.81552992158,0.0010848926613107324,280.65950685863965,35822.382371388245,0.0010720585705712438,0.04740496724843979,0.005832015071064234,31244.06954497599,17295.151645624905
0.929634600470623,1.0,0.23435852441386695,-0.23115998996165538,0.08431232209439893,0.06810096739260652,-0.5744618981033449,-0.9814164349364867,-43.23223964212502,1.7815775407279375,-20.725331050698543,45.01381718285296,-26.16690158843994,-26.103873252868652,-26.135387420654297,0.06302833557128906,-0.00048737923498265445,0.003812063718214631,0.03378768265247345,0.03550786152482033,0.0020844077225774527,0.0033397201914340258,0.0352034829556942,0.03460833430290222,391.6503464200199,35854.82335277859,0.0010793893598020077,338.70963221370795,35817.239251313076,0.0010820364113897085,0.04916226491332054,0.0043761394917964935,30979.209673285066,18460.708793774782
0.00047295458458789603,-0.026043073528525328,0.045110588309928826,0.21338952032388364,0.22445019223746923,0.056884573101911584,-0.04493718812092473,0.0,-37.27906776079948,-0.9119071483229959,-19.095487454561237,36.36716061247648,-26.180145740509033,-26.127848625183105,-26.15399718284607,0.052297115325927734,-0.0033857678063213825,-0.001884699217043817,0.03555389121174812,0.03362631797790527,0.0037908577360212803,0.0010122370440512896,0.03579128533601761,0.03380248323082924,306.32944964685976,35866.12492193701,0.0010852572740986943,345.8198170441931,35821.79021684007,0.001074333325959742,0.04955729842185974,0.006775957066565752,30472.057396689106,18526.759262565964
0.9824399674826946,0.9758211325713584,0.7486042126219562,0.3891680370351348,0.06497192668274343,-0.11178785608560793,-0.3248361605390766,-1.0,-38.71312001089697,4.917968868155185,-16.897575571370893,43.63108887905216,-26.192970275878906,-26.073241233825684,-26.133105754852295,0.11972904205322266,-0.0003764855791814625,-0.003846242092549801,0.03394896909594536,0.03514614328742027,-0.003502794075757265,0.0018017338588833809,0.03491082042455673,0.03515108302235603,330.9916418400948,35848.494179500914,0.001063288887962699,336.4077451268404,35846.51426162285,0.0010631380137056112,0.0491398423910141,0.00459577701985836,30977.43815614504,18736.20896790584
0.011650771995950236,0.0,0.038574871883349765,0.160232438605358,0.24059300201629313,0.1475400475722069,0.0007573267888730806,0.0,-40.557672630607954,-2.9787008544253695,-21.76818674251666,37.578971776182584,-26.216869354248047,-26.122093200683594,-26.16948127746582,0.09477615356445312,0.0010286871111020446,-0.0037003899924457073,0.033480625599622726,0.03540945425629616,-0.0032534878700971603,-0.0021645694505423307,0.03574972599744797,0.03389601781964302,287.6979581782277,35861.28719531354,0.0010826817015185952,351.7354722605644,35849.94756065765,0.001088521908968687,0.04865817725658417,0.004013337194919586,31228.223375200552,17797.164425733507
0.9359120512604354,0.8241033193354089,0.9792908304789714,0.4312703049796751,-0.27211921390507354,0.29347978726388213,0.13145886161060627,-0.49283704121735383,-37.02110461977014,3.4245109084337173,-16.798296855668212,40.44561552820386,-26.151812076568604,-25.95703363418579,-26.054422855377197,0.1947784423828125,0.003788664471358061,-0.0008827458368614316,0.03508349508047104,0.03434549644589424,0.0003286202554591,0.0039811027236282825,0.0348532535135746,0.03614075481891632,368.00639881052257,35836.23500056649,0.0010837974259629846,333.8841931264381,35868.262325980555,0.0010688058100640774,0.04725699499249458,0.009226596914231777,30918.669691966035,18491.412347775025
0.05713533102855605,0.21020128536834323,-0.08787959967229363,-0.15458485593407545,0.2824389080309318,0.4039588947730146,-0.03319174911203304,0.0,-41.589541181829105,1.3738178063043165,-20.107861687762394,42.96335898813342,-25.9903621673584,-25.841064453125,-25.9157133102417,0.14929771423339844,-0.0038956301286816597,-0.0005347338737919927,0.036247044801712036,0.034469641745090485,-0.003954501822590828,0.0008234124397858977,0.0364118255674839,0.0355440229177475,288.6671060701493,35829.884015513686,0.0010716331889852881,266.12803241079644,35851.867456185086,0.0010877113090828061,0.04877295345067978,0.009178206324577332,30703.998556383278,18731.533445154568
0.1596268123179809,0.10852325460663115,0.6637783443064867,0.5284852849271163,-0.046922203851660974,-0.03390119798755182,0.4987811834091615,0.0,-33.92420241595909,2.8509905796660746,-15.536605918146506,36.77519299562516,-26.10905647277832,-26.064622402191162,-26.08683943748474,0.0444340705871582,-0.00025245689903385937,0.003478260710835457,0.03418402746319771,0.03562141954898834,-0.003637325717136264,0.001543655525892973,0.0350855328142643,0.035045377910137177,378.22205370393715,35711.49218672712,0.0011262090411037207,300.3070805888946,35838.42658344053,0.0010721883736550808,0.04879395663738251,0.0038493419997394085,31226.797845790003,17672.7842334638
0.9942452803630375,0.9610768140136478,0.4343676473923368,-0.027886364295509364,-0.008095043980148264,-0.15155915255120028,-0.6749233556914919,-1.0,-39.82304675279039,3.941834388107196,-17.940606182341597,43.764881140897586,-26.233367919921875,-26.173884868621826,-26.20362639427185,0.05948305130004883,0.00021840505360160023,0.003827286884188652,0.03373674303293228,0.035037245601415634,0.002164133358746767,-0.0032527707517147064,0.03368420898914337,0.0355445072054863,379.72852331440924,35818.854336995304,0.0010849455138668418,274.01987836617093,35812.96976200088,0.001071570673957467,0.04894978553056717,0.004566175863146782,30977.281285887664,18582.19414732611
0.022912354143586132,0.0,0.04301180977054751,0.24407782913180892,0.23445059984086625,0.07807260568290508,-0.0018713851984830665,0.0,-38.29974312732807,-1.432810563314888,-19.86627684532148,36.86693256401318,-26.21835231781006,-26.209564208984375,-26.213958263397217,0.008788108825683594,-0.000630222144536674,0.003798591671511531,0.033526711165905,0.03535321727395058,-0.003717087209224701,0.001078353263437748,0.034752532839775085,0.03421749919652939,381.9417566015359,35836.267327989655,0.0010608200682327151,324.91248669420196,35848.11531619222,0.0010917307808995247,0.04874727874994278,0.004027124494314194,31226.50308253628,17953.58747960945
0.9601439862163904,0.9538770691120165,0.7867153354438398,0.2843115830830213,-0.10286942636020485,-0.20412370852995199,-0.37981410927790427,-1.0,-37.36260110361087,5.977045308396555,-15.692777897607158,43.339646412007426,-26.287639141082764,-26.208059787750244,-26.247849464416504,0.07957935333251953,0.003260927041992545,0.0019630359020084143,0.03508341312408447,0.03325021639466286,0.0032215057872235775,0.0021714281756430864,0.0353957936167717,0.03356232866644859,261.7930999278072,35868.65972225676,0.0011020905803889036,303.2543690421422,35828.30635932395,0.0010725655592978,0.04865199327468872,0.006684350781142712,30472.783373219805,18519.93490486026
0.017832212200042972,0.0,0.05214595898177857,0.1128643419690368,0.17117740936704068,0.12438288761489735,-0.004051517939277605,0.0,-42.48736247447124,-2.665570381518478,-22.57646642799486,39.82179209295276,-26.578736305236816,-26.546366214752197,-26.562551259994507,0.03237009048461914,0.0022732228972017765,0.0028856568969786167,0.0334954634308815,0.03260459378361702,0.003372587263584137,0.0015690755099058151,0.03411978855729103,0.03220172971487045,290.2271342973645,35863.78192149432,0.0010724831372499466,361.6997694698136,35858.32101369353,0.0010856837034225464,0.047421880066394806,0.005704701412469149,30478.029904599207,18373.695087784552
0.973837107684744,0.8431160838545025,0.9453014071589323,0.516680587575049,-0.08604790256407913,-0.32770470788656625,-0.40336960868754484,-1.0,-36.033709180237906,5.765496471843505,-15.1341063541972,41.79920565208141,-26.616835594177246,-26.572914123535156,-26.5948748588562,0.043921470642089844,0.003384485375136137,-0.0014782097423449159,0.032915450632572174,0.03289726749062538,-0.0033199647441506386,0.001692150253802538,0.03296651691198349,0.033177874982357025,238.42634619999862,35837.98195337828,0.0010608885204419494,420.7707746102066,35855.02210287769,0.0011046862928196788,0.044857654720544815,0.008647563867270947,31075.814374595604,17617.260890797697
0.4095949989871766,0.41657501841877703,-0.09632931615128305,-0.2523899398653501,0.46905620197108017,0.4796772050334538,-0.09534600238929813,-0.043838154836371435,-42.80198386488638,0.19693140255850494,-21.302526231163938,42.998915267444886,-26.399142742156982,-26.28800392150879,-26.343573331832886,0.11113882064819336,-0.0032638455741107464,0.0018610355909913778,0.033555444329977036,0.03392985835671425,0.0018221938516944647,-0.003390653757378459,0.03317929804325104,0.03514299541711807,397.42322717291535,35844.85094284605,0.0010954254539683461,324.27428106652843,35865.94586037298,0.0010920134373009205,0.04563950002193451,0.007465030997991562,31271.241201282282,17241.071315905774
0.09005863415106878,0.0,0.1766399627452495,0.36481447864000865,0.22757545844696916,-0.05964694727356107,0.05311095400387367,0.0,-34.84624973737817,2.6575932722777225,-16.094328232550225,37.503843009655895,-26.290342807769775,-26.23464822769165,-26.262495517730713,0.055694580078125,-0.0033829575404524803,0.0018307857681065798,0.034004926681518555,0.034326616674661636,0.0009506289497949183,-0.0037558285985141993,0.03338753804564476,0.035355810075998306,299.9937954754019,35814.84736018124,0.0010716075776144862,207.88301295998068,35840.02404016884,0.0010995359625667334,0.04627839848399162,0.00871487706899643,31058.62433758808,17593.047576913825
1.0,0.9696382530474911,0.47565320863331056,-0.16745051440164574,-0.04402821743117857,0.2374592769343291,0.21911364394514554,-0.4970175698914391,-43.23919162578221,-0.7188683613533726,-21.979029993567792,42.52032326442884,-26.29465341567993,-26.22976541519165,-26.26220941543579,0.06488800048828125,0.0037652654573321342,0.0006238934583961964,0.035032302141189575,0.03324587270617485,0.0014332481659948826,0.003608033526688814,0.034330565482378006,0.034478817135095596,359.0178210515193,35837.39116999771,0.0010838424786925316,265.8540437430699,35838.29903254801,0.0010762590682134032,0.047457918524742126,0.008719240315258503,30700.426474939286,18575.18682963267
-0.9438474141478375,-0.9652430248331257,-0.8551118482040725,-0.5741726704081517,-0.48141901447605384,-0.432327931052667,-0.25498831371345154,1.0,-37.394993092847926,-1.5968232412407133,-19.49590816704432,35.79816985160721,-26.257076263427734,-26.231751441955566,-26.24441385269165,0.02532482147216797,-0.0031609695870429277,-0.002173358341678977,0.035172589123249054,0.03340189531445503,-0.0014952794881537557,0.0035703075118362904,0.03337305784225464,0.03539229929447174,395.1563058651015,35840.51818354986,0.0010725271422415972,312.56661439605665,35818.926277087165,0.0010821875184774399,0.04899635165929794,0.00638571847230196,30473.3191126017,18486.27060152615
0.9373837615152222,0.9171896001819492,0.8772387467056809,0.423774946894819,0.040149663768429156,-0.07816694050007766,-0.36008628288150096,-1.0,-34.882126097387896,5.888688618134154,-14.496718739626871,40.77081471552205,-26.315677165985107,-26.277635097503662,-26.296656131744385,0.03804206848144531,0.0022923292126506567,0.0030399756506085396,0.03450173884630203,0.033629097044467926,-0.003843320533633232,0.000270364573225379,0.03485279902815819,0.0335673913359642,360.3200789378022,35868.53599223874,0.0010652563069015741,369.97747053379805,35847.13142519678,0.001078388188034296,0.04939942806959152,0.005600687116384506,30480.599547818438,18349.87722717203
0.0009131742760641551,0.0,-0.07152325337398985,0.01814645600214393,0.0948471848192739,0.18389944590749385,-0.014016660318874274,0.0,-42.899918137562054,-1.7468155801888088,-22.32336685887543,41.153102557373245,-26.36021137237549,-26.317834854125977,-26.339023113250732,0.04237651824951172,-0.0022489121183753014,0.0030271890573203564,0.03306863456964493,0.034701526165008545,0.0034642890095710754,-0.0016433298587799072,0.03400103747844696,0.03411523252725601,336.9777401835113,35847.30515874514,0.0010910357814282179,381.61971185005933,35837.80384355296,0.0010773241519927979,0.04685395583510399,0.0046918438747525215,31238.225978425042,17403.525992545943
0.5507147849283027,0.6942835079358669,0.988105941088202,0.5940001326860075,-0.16220038258293057,-0.2611363145538095,-0.03018559131565346,-0.3021933540527114,-38.243352264579755,1.5710309808293914,-18.336160641875182,39.81438324540915,-26.335179805755615,-26.335203647613525,-26.33519172668457,-2.384185791015625e-05,0.0024463366717100143,-0.002911158837378025,0.03320179134607315,0.034763455390930176,-0.0016280325362458825,0.003464731154963374,0.03298158943653107,0.034969452768564224,285.4672431606173,35850.02698743581,0.0010567459976300597,294.8295219713256,35868.63241540928,0.0010885343654081225,0.04652617126703262,0.0059190173633396626,31246.797727495978,17291.471270795388
0.9564696442724198,0.9895332585314025,0.0828126563326574,-0.22824624593391074,0.19435881543251682,0.09943066971583292,-0.7389293812942038,-0.6319820255861203,-43.64866152970836,2.3718151873817135,-20.638423171163325,46.02047671709008,-26.38979196548462,-26.21946096420288,-26.30462646484375,0.17033100128173828,0.002332184463739395,0.0029366188682615757,0.034238893538713455,0.03331506997346878,-0.0034301269333809614,0.001798260142095387,0.03431408852338791,0.03457820415496826,285.32089756917117,35821.35606832992,0.0010867620585486293,330.5748362729215,35853.159371869864,0.0010683767031878233,0.048701271414756775,0.0059837596490979195,30477.378632402953,18384.560639206054
0.016046535216869738,-0.0017132367956169182,0.19032176410414534,0.4255009520098011,0.3671057539467517,0.3905917746500321,0.6303525443454056,0.0,-34.41129241627826,1.558027749393716,-16.42663233344227,35.969320165671974,-22.504491806030273,-24.050991535186768,-23.27774167060852,-1.5464997291564941,0.0036148084327578545,-0.0038604510482400656,0.05225910618901253,0.05346602573990822,0.004394613206386566,0.0023234437685459852,0.04546787962317467,0.04292507842183113,327.07081019751854,35705.09603596095,0.0010807294165715575,289.18940251889023,35832.48044130105,0.0010677180252969265,0.07164469361305237,0.011955509893596172,31244.899303433733,17244.598650844975
0.909259419365198,0.9940315508743167,0.6924532553600565,0.21537625511285835,-0.13983547125312457,-0.032366063226913044,-0.37221634854261626,-1.0,-41.210369652449174,1.8641290414146852,-19.673120305517244,43.07449869386386,-24.044945240020752,-24.185383319854736,-24.115164279937744,-0.14043807983398438,0.00018098633154295385,-0.004946742206811905,0.043240614235401154,0.04523085430264473,-0.004786668345332146,-0.0010957088088616729,0.044745225459337234,0.04229022189974785,408.37030136688577,35820.14840301878,0.0010723780142143369,457.1757744378013,35828.25258335691,0.001069620018824935,0.06307096779346466,0.0057929810136556625,30978.208406139234,18398.783232658086
0.0,-0.010778889927153338,-0.01848816556427242,0.13873012307212518,0.1697885029454574,0.04558553093765083,-0.020256100178428382,0.0,-39.454911412040076,-1.3357138630668146,-20.395312637553445,38.11919754897326,-24.402484893798828,-24.343891143798828,-24.373188018798828,0.05859375,-0.00016879659960977733,-0.004727351479232311,0.04161384701728821,0.04329683259129524,0.0031525641679763794,-0.0036302851513028145,0.041769128292798996,0.043706007301807404,522.4862657831617,35807.64422403299,0.0010543985990807414,432.6639720642652,35811.75867740519,0.0010746880434453487,0.05975689738988876,0.0057275858707726,30977.522067712012,18399.107640035683
0.9799454018738191,0.8828980490047006,0.9999917350468874,0.26018040850195856,-0.2202418457520587,-0.17450324810289009,-0.3266584029585955,-1.0,-36.61082366535649,5.262443915008419,-15.674189875174037,41.87326758036491,-24.516634941101074,-24.397318363189697,-24.456976652145386,0.11931657791137695,0.004415976349264383,0.001556691131554544,0.043098170310258865,0.0406840518116951,0.002992094960063696,0.0037420568987727165,0.04310604929924011,0.04185613989830017,484.15207916871725,35843.52062700461,0.0010359109146520495,447.16185414856017,35829.49001227314,0.0010633397614583373,0.05821673572063446,0.009050318039953709,30469.238516486414,18677.293214261335
0.0,-0.05155262661830272,-0.1712192062736295,-0.15713453530272953,0.15703528599218414,0.14454801973276488,0.010968482647601197,0.0,-41.481530834033435,0.4758966964046749,-20.50281706881438,41.95742753043811,-24.237205982208252,-24.4000506401062,-24.318628311157227,-0.16284465789794922,0.003106584306806326,0.0037647061981260777,0.04393771290779114,0.04260416328907013,0.0009216027683578432,-0.0046821050345897675,0.041281625628471375,0.04363247752189636,688.0946289063103,35722.961677403255,0.0009963336633518338,491.88662586864626,35871.097176382675,0.001216061762534082,0.06206296384334564,0.008145845495164394,30477.66010287701,18385.14444524132
-0.006326062904042499,0.10098687801823471,0.5913976741660624,0.47587856588363,0.3193626757640219,0.3429866627748944,0.7545168798979284,0.0,-34.48862898967071,1.2521424142695992,-16.618243287700555,35.74077140394031,-24.54500675201416,-24.426021575927734,-24.485514163970947,0.11898517608642578,-0.0012895185500383377,-0.003937681205570698,0.04138417914509773,0.042210616171360016,-0.00037025578785687685,-0.00475937407463789,0.04156029224395752,0.043116647750139236,509.848278696883,35717.27318200923,0.001094522071070969,540.1201071322821,35832.151586722866,0.0010327133350074291,0.058609671890735626,0.005737503059208393,30973.758770838624,18513.911975438474
0.02462229970877383,-0.3330345604315169,-0.8968167837818665,-0.9822381855522414,-0.5214774431713964,-0.4385323657657416,0.1136459466555742,-0.2421939359903471,-34.13101095665618,1.5472566925768945,-16.291877132039644,35.67826764923308,-23.87277126312256,-23.833487033843994,-23.853129148483276,0.03928422927856445,-0.003935076761990786,0.0020511499606072903,0.04530417546629906,0.04502514749765396,-0.0020888831932097673,0.0046587781980633736,0.0439952127635479,0.046637196093797684,861.7034721726594,35922.601265687605,0.001164483604952693,175.29920512187456,35912.506666250454,0.0011396376648917794,0.06207509711384773,0.012821930460631847,30761.87240241848,17833.592736669118
0.016613043492613284,-0.026973765674093136,0.09067758302446452,0.2841388207814439,0.2805096941659708,0.1658370942561192,0.26888549116666316,0.0,-37.74640650640049,-2.302946469166784,-20.024676487783637,35.443460037233706,-25.980947017669678,-24.35096025466919,-25.165953636169434,1.6299867630004883,0.0023022969253361225,-0.0032058539800345898,0.03451547399163246,0.03627718985080719,-0.0020091733895242214,0.004380188882350922,0.04144272208213806,0.04394642636179924,1261.8260697510073,35933.37159541536,0.0012020219583064318,409.3836456638114,35788.30765723913,0.0010470579145476222,0.04598434269428253,0.005278055090457201,31240.855169997656,17332.03785401799
0.9424076570675335,0.9986955506494006,0.7464691051620411,0.4129674262035815,0.19696041609846443,0.3011839870151137,0.19202543218339996,-1.0,-37.56693019815078,6.567594683237559,-15.49966775745661,44.13452488138834,-24.61517572402954,-24.6403169631958,-24.62774634361267,-0.025141239166259766,-0.0012089621741324663,0.004006564617156982,0.0405542217195034,0.04234517738223076,-0.0038015961181372404,0.002683728002011776,0.040831346064805984,0.041790854185819626,590.0736889815973,35683.64814640741,0.0010497237090021372,559.2176185799241,35807.62506518209,0.001025038305670023,0.056725285947322845,0.005214108619838953,31232.487003151804,17507.48465504825
0.011613218499326951,0.0,0.022118623118888875,0.18504482686096724,0.1717469179176686,0.07148734843791915,-0.0042607730490012985,0.0,-40.8555990605102,-3.8991908516882177,-22.37739495609921,36.95640820882198,-24.120121002197266,-22.946765422821045,-23.533443212509155,1.1733555793762207,-0.0035457001067698,0.0032754172571003437,0.04312340170145035,0.044604260474443436,-6.783344724681228e-05,-0.005633939523249865,0.04913710057735443,0.051258981227874756,712.3900688824211,35683.31898980604,0.0010405749781057239,345.3534273547694,35848.813810035506,0.0010796785354614258,0.05071311444044113,0.011704961769282818,31250.529953134184,17276.800965511855
0.9996392500895769,0.9377212249848844,0.9752864380428671,0.413972757916965,-0.2695061461402685,-0.025084809483903014,-0.21363189692252782,-0.9248581915699874,-36.810236530133096,4.4264236326478965,-16.1919064487426,41.23666016278099,-23.080575466156006,-22.99461841583252,-23.037596940994263,0.08595705032348633,0.0043589873239398,-0.003424066584557295,0.04875651001930237,0.050118062645196915,-0.004958689212799072,-0.002641951432451606,0.05134526640176773,0.04847867786884308,320.82781049900126,35833.6854342735,0.0010686229215934873,289.3738656402192,35858.430239197805,0.0010487382533028722,0.06721742451190948,0.010853585787117481,31264.27621983779,17221.17771343327
0.0008240544433399891,0.09975262323520545,-0.08959546118734595,-0.1457626007862317,0.20532457167187435,0.32096750462758716,0.03201683466622118,0.0,-42.64987540440069,-0.8454345734446633,-21.747654988922676,41.804440830956025,-23.101205825805664,-23.049309253692627,-23.075257539749146,0.05189657211303711,0.0019291219068691134,0.005135951563715935,0.049158718436956406,0.049494944512844086,0.002913377247750759,-0.004763353615999222,0.04823194444179535,0.05096854642033577,298.2484162680998,35824.33670293556,0.0010616565123200417,252.90291691845317,35839.99167833158,0.001077747205272317,0.07100202888250351,0.007754615508019924,30483.14788706486,18622.147598476455
0.5105481907964152,0.3826503129312927,0.9108464350037713,0.7620754217427679,-0.17924018948276174,-0.4625258910076526,-0.013014942341595614,0.0,-36.51177328469828,2.0404067408066453,-17.235683271945817,38.552180025504924,-23.23751449584961,-23.14143657684326,-23.189475536346436,0.09607791900634766,-0.004872654099017382,0.0024275577161461115,0.048430681228637695,0.0486823134124279,-0.005461693741381168,-0.0009118083398789167,0.050403691828250885,0.04775024205446243,376.0666682676535,35827.37100727044,0.0010443846695125103,313.4186709513548,35825.85483367037,0.0010666162706911564,0.06595516204833984,0.012405228801071644,31049.93353018728,17580.924846609447
0.9966714832383253,0.945460568066832,0.3879983994732008,-0.19137175272223328,0.2344342251816754,0.2570932446106644,-0.2666309726005715,-0.5819508638226921,-41.28821444361893,3.4368710124275026,-18.925671715595712,44.72508545604643,-23.301665782928467,-23.176934719085693,-23.23930025100708,0.12473106384277344,-0.004643086344003677,0.002696850337088108,0.04791058227419853,0.0484902486205101,0.003658285830169916,-0.0041229017078876495,0.04777853190898895,0.049986179918050766,437.10512006470407,35841.238756899314,0.0010825702920556068,375.3277416219802,35813.901202874105,0.0010685459710657597,0.06507673859596252,0.010921511799097061,31275.457415618323,17317.88971622452
0.042723051969606206,0.0,0.010061956753045734,0.20548711465433472,0.2352724829839875,0.06129295624105907,-0.022313936370209064,0.0,-36.958415911075974,1.1553981125430255,-17.901508899266474,38.113814023619,-23.343167304992676,-23.238885402679443,-23.29102635383606,0.10428190231323242,-0.004856892861425877,-0.0022600460797548294,0.04932212457060814,0.04658025875687599,0.0012639835476875305,0.005301557946950197,0.048040539026260376,0.049051400274038315,329.53056401388443,35851.61922622737,0.0010566506534814835,260.51493996101647,35860.88783826688,0.0011007505236193538,0.06817156076431274,0.009800705127418041,30470.9009015255,18584.707756950607
0.9391960905407069,0.9255121942068212,0.8017983671108142,0.3151509580567983,-0.0524453814761176,-0.20152485623853522,-0.36764395103021713,-1.0,-39.339273455334535,4.056764771744213,-17.64125434179516,43.39603822707875,-23.410730361938477,-23.265771865844727,-23.3382511138916,0.14495849609375,0.0036785316187888384,0.0038596359081566334,0.04846172034740448,0.04671867564320564,-0.0037475316785275936,0.003957626409828663,0.04736628383398056,0.049407392740249634,279.41756133382074,35815.16876576684,0.0010745663894340396,283.0308881428064,35846.302238057324,0.001064813113771379,0.06847070157527924,0.008385865017771721,30477.46908184005,18387.076108935762
0.00616164631943088,-0.002409038139033552,0.02917467436507025,0.08808703485221331,0.14441904581880094,0.06574441425760069,0.013660914072033958,0.0,-42.009864849357655,-1.6533123027574277,-21.83158857605754,40.35655254660023,-23.42026948928833,-23.307242393493652,-23.36375594139099,0.11302709579467773,0.00079256173921749,-0.005236318334937096,0.04631666839122772,0.0487474724650383,0.0053830137476325035,0.00046161271166056395,0.04935165122151375,0.04695510491728783,314.21173448838505,35816.59883760547,0.0010572128230705857,250.14690609621408,35834.54848138783,0.0010778887663036585,0.06710755825042725,0.005717704072594643,31224.771944740027,18701.18688395669
0.52834080595144,0.3629615465679614,0.8427465631779969,0.48366896962460576,-0.22089951606923577,-0.19094816739785958,0.17796934036342527,0.0,-39.61653739617259,1.0333071342037101,-19.29161513098444,40.6498445303763,-23.452000617980957,-23.414134979248047,-23.433067798614502,0.037865638732910156,0.003394997213035822,-0.004087273962795734,0.046266451478004456,0.04845269024372101,-0.0027798046357929707,0.0045799389481544495,0.04623996093869209,0.048879362642765045,344.7519897596244,35835.70651969153,0.0010471264831721783,352.3836557779475,35844.29152283123,0.0010801429161801934,0.06521814316511154,0.008060147054493427,31245.693006758578,17307.19381554327
0.4528538733759329,0.41087247177844327,-0.09743132935474645,-0.20491233031347433,0.14318324813326982,0.45702261815585876,-0.045665490596221825,-0.07091246659714256,-43.81108082944678,1.3495686536589346,-21.230756087893923,45.160649483105715,-23.579814434051514,-23.470871448516846,-23.52534294128418,0.10894298553466797,0.005097384564578533,-0.0008349712588824332,0.04730995371937752,0.046049777418375015,-0.004861064720898867,0.0021770107559859753,0.04725310578942299,0.0472828708589077,351.78361552469477,35849.74039536016,0.0010752362431958318,342.98501073249105,35833.93450634371,0.0010684313019737601,0.06325066089630127,0.012266693636775017,30899.479579739746,18514.58959145642
-0.0108656038958485,0.13188153939724157,0.22289951528484325,0.3222814828430234,0.22001590502851598,0.07522671135327252,0.024833155183618727,0.0,-38.124899707394974,0.16139577642996983,-18.981751965482502,38.286295483824944,-25.87441921234131,-25.850238800048828,-25.86232900619507,0.02418041229248047,0.001608480466529727,0.0036783565301448107,0.035824958235025406,0.03586133196949959,-0.002796964021399617,0.002905890578404069,0.035196248441934586,0.036673881113529205,324.8468316392798,35845.638145308876,0.0010581971146166325,378.64406911486805,35871.37715462028,0.0010716095566749573,0.051040615886449814,0.005556746385991573,30483.850237737315,19771.830283810654
0.918169845076301,0.988663630493544,0.6243758051547986,0.11089098197296948,-0.13204501429723345,-0.21839888817965797,-0.6548183651939629,-1.0,-41.14675518654877,4.322096225330057,-18.41232948060936,45.46885141187883,-25.932140350341797,-24.945480823516846,-25.43881058692932,0.9866595268249512,0.003974210936576128,0.00022090623679105192,0.03642059490084648,0.03477270156145096,-0.001763923792168498,-0.004130483604967594,0.03986142575740814,0.03991391882300377,350.4339799938212,35816.31534922173,0.0010755565017461777,449.12108774115507,35840.255595723924,0.001027017249725759,0.04899638518691063,0.009319398552179337,30698.584368077256,18711.115824718418
0.0,0.02133136597789301,0.012126992224524569,0.18503609242429594,0.2855695240544171,0.09664958463151052,-0.02894446602669354,0.0,-37.873116980094665,-0.6030755680645257,-19.238096274079595,37.27004141203014,-25.024843215942383,-24.681668281555176,-24.85325574874878,0.34317493438720703,-0.004231875762343407,0.001324975281022489,0.0397910512983799,0.03925873711705208,0.0025704652070999146,-0.003817308694124222,0.039999596774578094,0.04220932722091675,601.2780914538324,35795.31234767847,0.0010262454161420465,501.30523974319146,35823.85397261491,0.0011658299481496215,0.05282926559448242,0.0104098841547966,30898.834131787873,18459.33682925619
1.0,0.9529925088647196,0.7924021492650596,0.435270522294495,0.24480826092295255,0.3645518008609929,0.2868591915449364,-1.0,-37.82336936790953,4.655763200659521,-16.583803083625003,42.47913256856905,-24.90565299987793,-24.568355083465576,-24.737004041671753,0.3372979164123535,0.001851704902946949,0.0035693154204636812,0.040020328015089035,0.04017376899719238,-0.0017861495725810528,0.004326398950070143,0.04041058197617531,0.04286959022283554,626.2699952515975,35744.13502022276,0.0010937717743217945,538.169524617258,35839.89034289441,0.0010604731505736709,0.05714841187000275,0.00643420172855258,30727.949549437766,18793.607372575163
0.0,-0.004858668235441102,-0.0732043058960517,0.02734680690364777,0.18011179616535877,0.11260722664574863,0.08108208720762,0.0,-39.74378562170938,-0.5393779487893084,-20.141581785249343,39.20440767292007,-25.022261142730713,-24.717907905578613,-24.870084524154663,0.3043532371520996,-0.0036332905292510986,0.0024852845817804337,0.03914154693484306,0.03993334248661995,0.0039032534696161747,0.0024481648579239845,0.04204929620027542,0.039813630282878876,554.01747265307,35814.42900064171,0.0010270113125443459,472.4773571095372,35821.798975547375,0.001068168319761753,0.05303429439663887,0.008459050208330154,31266.97460360318,17224.672778258846
-0.9058746453977777,-0.9063603715963037,-0.9185782707721818,-0.9513606764440244,-0.9677194552725069,-0.9756928995341105,-1.0,1.0,-34.75485254528899,7.6394913510589415,-13.557680597115024,42.394343896347934,-24.794893264770508,-24.59726333618164,-24.696078300476074,0.1976299285888672,-0.003970503341406584,-0.0008346600225195289,0.04146865755319595,0.03973784297704697,-0.0013919579796493053,0.0037568348925560713,0.04068049043416977,0.04240991175174713,511.6830690467904,35737.78228576437,0.00112585024908185,243.38377122272252,35813.62660501396,0.00115532660856843,0.05677168071269989,0.008526765741407871,30272.629786062407,18342.32654426958
0.9754230912818882,0.9970730348597161,0.6124130912586395,0.2691337017897714,0.6117087929457671,0.7190800121774653,0.09315516210747676,-1.0,-35.20332135464132,4.395098139282027,-15.404111607679646,39.598419493923345,-24.98927354812622,-24.937362670898438,-24.96331810951233,0.0519108772277832,-0.0022188490256667137,-0.003292333334684372,0.03981280326843262,0.039614077657461166,0.003910241182893515,-0.002211336512118578,0.039688147604465485,0.040160778909921646,599.9076456452283,35689.98490230286,0.001092544523999095,594.4328461692329,35837.02704493088,0.0010663510765880346,0.05635593831539154,0.00644678995013237,30484.565339359353,18852.833704941408
0.02740176843096479,-0.002812705097133316,0.100999726916361,0.2546339726961794,0.25700731014044,0.061159489749036955,-0.030356018481403124,0.0,-36.9200823013951,0.4958854242023847,-18.212098438596357,37.41596772559748,-25.022246837615967,-25.01927137374878,-25.020759105682373,0.0029754638671875,0.001552592497318983,0.004153409041464329,0.03940145671367645,0.03967347741127014,-0.0014038546942174435,0.00422622449696064,0.03837038576602936,0.04069593548774719,541.4601527626521,35825.72548830656,0.0010431380942463875,478.12494523871516,35823.44870792001,0.0010515295434743166,0.056041181087493896,0.006024508271366358,30728.953047035957,18730.657645015424
0.9277780756726296,0.9842554826589872,0.7397421864983624,0.25090099675779326,0.0151166681478197,-0.15943566217873012,-0.4767829745351737,-1.0,-40.772686517425825,5.774300654621783,-17.49919293140202,46.54698717204761,-24.955565929412842,-24.90140438079834,-24.92848515510559,0.05416154861450195,0.0028292343486100435,-0.003432896453887224,0.03891966864466667,0.040746379643678665,0.004504426382482052,0.0003231987066101283,0.041052501648664474,0.03910484164953232,545.2770770925061,35833.80350781264,0.0010318473214283586,479.4741369481234,35819.280800579225,0.0010599599918350577,0.05413048714399338,0.006262145470827818,31241.601036511296,17346.889121718774
0.0,-0.00576989181905644,-0.018371631065926916,0.14265643628853236,0.18925180196184943,0.033619401811245286,-0.10541951028370267,0.0,-39.469395935421005,-1.6809565756263396,-20.575176255523672,37.788439359794666,-24.904603958129883,-24.67963933944702,-24.792121648788452,0.22496461868286133,0.0016063277143985033,0.004172632470726967,0.03996853902935982,0.040187474340200424,0.0010526995174586773,-0.004498341120779514,0.03994905576109886,0.04227403551340103,405.5835039137714,35856.9645911974,0.0010442911880090833,458.0771045686125,35831.46182647549,0.0010535394540056586,0.05734815448522568,0.00614132871851325,30484.23119855906,19522.083346919266
0.9647794752099413,0.9006683418285347,0.7766112404468546,0.5610345895397608,-0.1785569171987363,-0.3860009325209062,-0.46170551267687676,-1.0,-35.755582221333526,6.174472873670936,-14.790554673831295,41.93005509500446,-24.92257833480835,-24.671449661254883,-24.797013998031616,0.2511286735534668,0.0025248308666050434,-0.0036922155413776636,0.038943540304899216,0.041018903255462646,0.003681635018438101,0.0027982420288026333,0.04218026250600815,0.040127694606781006,377.38018451321364,35844.37568844006,0.0010494239395484328,389.2516492745177,35863.94674824037,0.0010539171053096652,0.05432044714689255,0.006273271981626749,31243.109020946937,17327.24608969646
-0.007876806411272556,0.0,-0.07727229595234636,-0.21800056335644857,-0.34996860965725024,-0.47049132903576985,-0.6705949558887888,0.0,-42.98982105844573,-0.9952629817322922,-21.99254202008901,41.99455807671343,-24.856948852539062,-24.64982032775879,-24.753384590148926,0.20712852478027344,0.004145631566643715,-0.0017223154427483678,0.040349267423152924,0.040248703211545944,0.0008957692189142108,0.003961407579481602,0.040729325264692307,0.04186223819851875,407.62957535073076,35814.804094279774,0.0010471765417605639,430.1895832211545,35762.50111815561,0.0011358709307387471,0.054527029395103455,0.009670330211520195,31054.123364660365,17590.424015673387
0.017489993496043563,0.0,0.3356612536754302,0.37979752756893015,0.03345266648345416,-0.03683088839027682,0.1148402247022855,0.0,-38.46634110226191,-0.049370975968656694,-19.257856039115282,38.41697012629325,-24.911348819732666,-24.683220386505127,-24.797284603118896,0.22812843322753906,-0.002049605594947934,-0.003996826708316803,0.040174614638090134,0.03991636633872986,0.001559973694384098,0.004349247552454472,0.04093744605779648,0.041283588856458664,406.46947691742605,35837.09952155249,0.0010592606849968433,314.4336572804849,35835.29395071364,0.0010600581299513578,0.057207413017749786,0.006263213697820902,30483.025132600058,18987.18151666126
0.4598970650075902,0.4647112408210762,0.20926506804713518,-0.22867450041603768,0.26157796052856663,0.4686063351426385,0.14901953056520845,-0.17707892620970422,-39.58813796192911,3.65952597653029,-17.96430599269941,43.2476639384594,-24.956445693969727,-24.763851165771484,-24.860148429870605,0.1925945281982422,0.004347564652562141,0.0007536366465501487,0.04085879400372505,0.038797423243522644,-0.0036070533096790314,0.002847313415259123,0.04013371095061302,0.04131774604320526,413.7347842067236,35826.09171093071,0.001056936220265925,373.52472965473123,35806.16354034304,0.001072970568202436,0.05471125245094299,0.010069125331938267,30461.763015124197,19189.46421517996
0.026056614227671637,0.0,0.02344734910417179,0.1718566885168873,0.16818874955137642,-0.00123037913512819,-0.04618614013341282,0.0,-39.78917525577788,-1.0482097646918191,-20.418692510234848,38.74096549108606,-24.985496997833252,-24.785630702972412,-24.885563850402832,0.19986629486083984,0.004091799259185791,0.0017225443152710795,0.04083000868558884,0.03854939341545105,0.003474878380075097,-0.0029800813645124435,0.03996217995882034,0.041283827275037766,387.0728636472867,35850.19791311074,0.0010413482086732984,420.9562798546905,35814.28135826227,0.0010654674842953682,0.05608155578374863,0.008582515642046928,30469.436442174916,18652.284841086206
0.9891118558604887,0.9962689387038649,0.8032192540585374,0.28126221141487673,0.05729662535492924,-0.11964247027161251,-0.45493875413673995,-1.0,-38.08721459142271,5.669633943060603,-16.208790324181052,43.75684853448331,-24.966821670532227,-24.763343334197998,-24.865082502365112,0.20347833633422852,-0.0008370610885322094,-0.0043695536442101,0.03928157314658165,0.0402950793504715,0.003966555465012789,-0.0023047556169331074,0.04046617075800896,0.04099784418940544,469.821713474746,35844.77830146632,0.0010750879300758243,424.6388474977066,35845.901817839105,0.0010625786380842328,0.056439585983753204,0.0056036547757685184,30731.736805757067,18835.107522641683
0.056796130125195285,-0.00016613047286803142,-0.05688700971751836,0.10118257106220707,0.22013645676373994,0.06819554859315063,-0.043827455999901566,0.0,-36.652700268246406,0.9453185021234844,-17.85369088306146,37.59801877036989,-24.952304363250732,-24.720664024353027,-24.83648419380188,0.23164033889770508,-0.0006934362463653088,-0.0043961177580058575,0.039286334067583084,0.040422454476356506,0.0010030802804976702,-0.004481538664549589,0.03977527096867561,0.04206179454922676,356.3739322298192,35830.30848904359,0.0010487259132787585,265.1746886150832,35857.918659668474,0.001091236830689013,0.05674269050359726,0.00557661522179842,30732.506414180592,19476.605996981263
0.757729606213092,0.6217698793841892,0.7803930404783382,0.33897089896757615,-0.24888118902990916,-0.32698697887822825,0.2716976220325821,-0.5229838503669764,-34.307755418013585,3.8684879121483675,-15.219633752932609,38.17624333016195,-24.806010723114014,-24.63050603866577,-24.718258380889893,0.1755046844482422,0.004309163894504309,0.0014861100353300571,0.041696835309267044,0.03933609277009964,-0.004161837510764599,0.0020669361110776663,0.04124247282743454,0.041479676961898804,335.28258542831094,35818.788244557574,0.0010645570000633597,260.72711163935173,35850.69496937125,0.0010606787400320172,0.05748601257801056,0.008622328750789165,30468.560334203652,18631.67865368982
0.10554295646725882,0.12362880150260443,-0.07880848633576952,-0.037633699114675734,0.26091021236014833,0.32468194005543083,0.11373309087037242,0.0,-43.24015451440442,-1.1763936929774559,-22.20827410369094,42.06376082142697,-24.747929573059082,-24.64691162109375,-24.697420597076416,0.10101795196533203,0.003682095790281892,-0.0026573967188596725,0.040344029664993286,0.04126730561256409,0.00030991455423645675,0.004637117497622967,0.040492236614227295,0.042058248072862625,377.9947359681809,35829.28880902165,0.0010593523038551211,269.4137601046712,35820.87004583243,0.0010670727351680398,0.055433034896850586,0.008098169229924679,31257.287567761137,17237.0508854838
-0.04360755631329602,-0.05957583249714832,0.35831884792951596,0.4856588642813101,0.18261100213206716,-0.027794466991498235,0.08193192450522913,0.0,-35.802578754321814,2.1472740130793113,-16.82765237062125,37.949852767401126,-24.840075969696045,-24.721860885620117,-24.78096842765808,0.11821508407592773,-0.0009713232284411788,-0.004427018575370312,0.039919402450323105,0.04082639515399933,0.0005717385793104768,-0.004566879011690617,0.03985011205077171,0.04197872430086136,422.68734651485534,35853.95608846134,0.0010624314891174436,379.8088432001826,35842.55603526222,0.0010766895720735192,0.05794025957584381,0.005656543653458357,30975.860155128415,18967.432912633718
0.9979614312178747,0.988282184192014,0.4148856778066049,-0.22263136303145742,-0.22109402388503668,0.33571728627839037,-0.36358836588946836,-0.9179084117702943,-44.30316804428335,0.03104415557191942,-22.136061944355717,44.33421219985527,-24.871068000793457,-24.77184772491455,-24.821457862854004,0.09922027587890625,-0.0016730480128899217,0.004142797086387873,0.03909521922469139,0.041342079639434814,-0.004345925524830818,0.0014403567183762789,0.040915749967098236,0.04046955332159996,341.5674269416696,35841.47946813605,0.001071188598871231,379.40514757847154,35823.850268516966,0.001061539282090962,0.05643557384610176,0.004691820591688156,31229.28279670358,17746.960288009668
-0.008740826064374123,0.04828634409107754,0.03659749037037564,0.18499371456416447,0.23935055640947278,0.06587353828415021,-0.08379413469953256,0.0,-39.53665420527284,-2.3177360371448117,-20.927195121208825,37.21891816812803,-25.00009536743164,-24.89020824432373,-24.945151805877686,0.10988712310791016,0.0035682369489222765,0.002625899389386177,0.040609151124954224,0.03864552825689316,-0.0044104307889938354,-0.0009447945049032569,0.04124735668301582,0.03900707885622978,387.2876794373036,35839.76114442882,0.0010379032464697957,364.5450524499898,35863.198161059976,0.0010778153082355857,0.05635707080364227,0.007412349805235863,30474.139613146297,18476.863649614683
0.9820588457528081,0.9765316083041532,0.7875665127103182,0.33888582249074467,-0.03688619193945292,-0.21433172657686583,-0.549783717238225,-1.0,-40.767492915442034,5.923771828143373,-17.42186054364933,46.69126474358541,-25.0543475151062,-24.954631328582764,-25.004489421844482,0.0997161865234375,-0.0031575472094118595,0.003069044789299369,0.03864436596632004,0.0401269905269146,0.002717686351388693,0.00356829771772027,0.04038165882229805,0.0393025204539299,375.8219209743413,35799.02012140031,0.0010326114716008306,414.84438399859766,35849.60745932131,0.0010542881209403276,0.05359246954321861,0.007147055584937334,31249.610426629893,17276.434604180376
-0.9681425710379212,-0.9807306769686687,-0.9206248221302451,-0.643566774516215,-0.47771108496683345,0.561395787551005,0.6883325524459398,0.9677396765932382,-39.39811785551228,-0.016026021613015473,-19.70707193856265,39.38209183389927,-24.894084930419922,-24.789199829101562,-24.841642379760742,0.10488510131835938,-0.0032332336995750666,-0.003103483933955431,0.04092363640666008,0.03931306675076485,-0.0035358308814466,-0.0028754589147865772,0.04156874865293503,0.03963364288210869,356.20779452569,35819.561130544986,0.0010723078157752752,328.1409327072632,35847.86994171117,0.0010740985162556171,0.05740062892436981,0.007105804514139891,30476.245913577215,18408.757331902907
0.19501840165953407,-0.008573788835992248,0.5134837232717262,0.5499172961305538,-0.16525528078945062,-0.19278887153613405,0.16342587974974576,0.0,-36.34812738974233,3.198794062179843,-16.574666663781244,39.546921451922174,-24.81076955795288,-24.711148738861084,-24.760959148406982,0.09962081909179688,-0.004367496818304062,0.0012496591079980135,0.04083385318517685,0.040187936276197433,0.0024769906885921955,0.003892502747476101,0.04133528098464012,0.04061848670244217,372.62562247767494,35824.508072131364,0.0010689431801438332,329.64527028887466,35841.925108392206,0.0010832370026037097,0.055321983993053436,0.010816549882292747,30912.10677101892,18463.272530189326
0.5717597005484025,0.5158659764415208,-0.07411327195156243,-0.20874544484455898,0.38302201759911836,0.47680437080319615,0.10475564592265352,-0.00982183493232125,-41.866794616490466,2.4953494219058996,-19.685722597292283,44.362144038396366,-24.796416759490967,-24.628095626831055,-24.71225619316101,0.1683211326599121,-6.31940783932805e-05,0.004503124393522739,0.03971155360341072,0.04143373668193817,-0.0020172877702862024,-0.004203989636152983,0.04144503176212311,0.04129861667752266,298.3704548043253,35864.361109151876,0.0011025803396478295,280.0626447032196,35826.39782442931,0.0010719111887738109,0.05770832672715187,0.0053297849372029305,30977.62154768902,18601.00427065024
0.036582028016942145,0.0,0.23033491331776262,0.2965977913812995,0.1774817475168674,0.05593702075085599,0.0037655558912882414,0.0,-37.697354001820656,-0.15761207291512846,-18.927483037367892,37.53974192890553,-24.764580726623535,-24.638285636901855,-24.701433181762695,0.1262950897216797,0.0038677218835800886,0.002422574907541275,0.041805069893598557,0.039622414857149124,0.0031534871086478233,-0.0034048729576170444,0.040428563952445984,0.042201049625873566,313.8394975829569,35860.19441260533,0.0010675867088139057,383.1177627832974,35841.883250303195,0.0010808729566633701,0.057982951402664185,0.007805712521076202,30473.741860869344,18493.077852923096
0.9989826133940483,0.9893184574435553,0.7496908516639877,0.21567577378354708,-0.048644095046936286,-0.11437209656262676,-0.42448913293196394,-1.0,-39.91321978015941,5.4931556816583225,-17.210032049250543,45.40637546181773,-24.746906757354736,-24.63832378387451,-24.692615270614624,0.10858297348022461,-0.0002939441765192896,-0.004540138877928257,0.040064115077257156,0.04154767468571663,0.004186820238828659,0.0020298673771321774,0.04250895231962204,0.04010292515158653,282.4652412284595,35848.09466908613,0.0010657133534550667,402.4172012679621,35845.91606355558,0.0010766577906906605,0.05853345990180969,0.00550274970009923,30976.88150612048,18752.42255784187
-0.00045840884798454325,0.0,-0.01568291296846852,0.1092111963985038,0.24915239966763802,0.10185290482291554,-0.031494744845776745,0.0,-40.690371371918616,-1.2847438264778077,-20.98755759919821,39.40562754544081,-24.77872610092163,-24.641432762145996,-24.710079431533813,0.13729333877563477,0.002213988918811083,-0.003976581618189812,0.039530105888843536,0.041763950139284134,0.000934990996029228,0.004542430862784386,0.04081280902028084,0.04180016368627548,393.3049962647595,35842.2946079793,0.0010760894510895014,322.6525693389971,35862.470875540086,0.001078256405889988,0.05618228763341904,0.0051577468402683735,31234.163787074944,17466.720280866022
0.9838129942282517,0.9048444606431498,0.7470467904750677,0.37785164997779275,0.037640186372724815,-0.20702100384341438,-0.4532063873266239,-1.0,-35.96340541528292,7.064360157239662,-14.44952262902163,43.02776557252258,-24.79675531387329,-24.66806411743164,-24.732409715652466,0.1286911964416504,-0.0004943235544487834,0.004518600180745125,0.03953849524259567,0.04159124195575714,-0.004520098678767681,-0.001052060630172491,0.0423336960375309,0.03999711945652962,299.4609278743622,35812.48690798308,0.0010574464686214924,221.91649139484986,35829.181020520686,0.0010772875975817442,0.057219721376895905,0.004692659713327885,31226.079050344626,18026.32977850672
0.03579864954641185,0.054375049713146814,-0.08108693964637041,-0.046047815388301494,0.16298552743797884,0.17245465461057596,0.05888535351409263,0.0,-39.5911181497587,0.6091843125693117,-19.490966918594694,40.20030246232801,-24.75386381149292,-24.61693048477173,-24.685397148132324,0.1369333267211914,0.0032261288724839687,0.0032099238596856594,0.04156118631362915,0.03998289257287979,0.0035721352323889732,-0.002998495474457741,0.040762849152088165,0.04207751154899597,359.54410975693264,35840.73157183347,0.0010776481358334422,278.142805665392,35826.3256122712,0.0010749612702056766,0.05876632779836655,0.007259921636432409,30477.072153404504,18394.770322104767
-0.09599978522187129,-0.13121411766714075,0.18613204589728483,0.4563869693617926,0.05760703334980716,-0.1158461666791103,0.13102340006158852,0.0,-38.40921078131487,-1.8649254704516238,-20.137068125883246,36.544285310863245,-24.732038974761963,-24.618048667907715,-24.67504382133484,0.11399030685424805,0.004287315532565117,-0.0016401726752519608,0.04101024195551872,0.040750760585069656,0.0022871841210871935,0.004063613712787628,0.04165523499250412,0.041183553636074066,379.54909301764553,35841.54672759491,0.001056141103617847,323.94938726208795,35819.45912696765,0.0010661482810974121,0.05534016340970993,0.010568362660706043,30883.9002544696,18360.173475007818
0.9976181966116102,0.8692207953703278,0.13310000978586645,-0.21758769707635292,0.2223104408424646,0.4574588906291992,-0.2951085838565315,-0.7612902082735438,-39.1137272551488,4.710655397158121,-17.20153592899534,43.82438265230692,-24.76625919342041,-24.64780330657959,-24.70703125,0.11845588684082031,0.0017345640808343887,-0.004183454904705286,0.03955764323472977,0.04185475409030914,0.003916352521628141,0.0024970746599137783,0.0423906147480011,0.0401357039809227,344.8113196059699,35872.57656434007,0.0010707688052207232,365.6566054650396,35849.43015494242,0.0010779278818517923,0.057088546454906464,0.004694826435297728,31231.35695777497,17602.629060172876
0.008742605292320887,0.0,0.05463809713574451,0.19999521695044506,0.19269575193401428,0.13820111837090715,0.011169860067439918,0.0,-40.36028250731823,-2.0589594631955777,-21.209620985256905,38.301323044122654,-24.797325134277344,-24.6443772315979,-24.720851182937622,0.15294790267944336,0.004540623165667057,-0.00012199905177112669,0.04138614982366562,0.03974802792072296,-0.0043268934823572636,-0.0016566042322665453,0.042488813400268555,0.04006684571504593,326.4402007872598,35831.046420619045,0.001066531171090901,353.3232772558943,35863.69055684447,0.0010759718716144562,0.055707938969135284,0.010728421621024609,30695.70008983069,18840.503237910027
0.9475953595787917,0.9958570365308341,0.8317773113647248,0.3572403678076851,0.029277620377815172,-0.1368356723534791,-0.47473746763836755,-1.0,-41.34975874032705,2.687586665052123,-19.331086037637462,44.03734540537917,-24.75816011428833,-24.65327501296997,-24.70571756362915,0.10488510131835938,-0.004495325498282909,-0.0007414405117742717,0.041818976402282715,0.0396709181368351,-0.002549676923081279,-0.0038825077936053276,0.04164786636829376,0.04085307940840721,306.94817196344377,35840.2203027518,0.0010724030435085297,240.0720041104761,35848.24609873452,0.0010682750726118684,0.056433144956827164,0.010275539010763168,30702.830050495824,18621.314221733424
0.015755095448821817,0.0,-0.06514155773532684,0.05964197872417587,0.18091054005596463,-0.03708014639915819,-0.16653608894023952,0.0,-42.870884105388825,-1.1346162655443663,-22.002750185466596,41.73626783984446,-24.783623218536377,-24.6496844291687,-24.71665382385254,0.13393878936767578,0.002709639724344015,-0.003633862128481269,0.03965194895863533,0.04160526394844055,0.0023970201145857573,-0.003981793764978647,0.0401037223637104,0.04240303486585617,353.0140129845279,35808.114107927184,0.0010774749098345637,317.1574441313295,35841.70026197884,0.0010734298266470432,0.05622125416994095,0.005662507377564907,31238.4900893966,17401.220756970735
0.831468521967961,0.7169693089418069,0.9839907593340819,0.5675794520305485,-0.19403620258954224,-0.4467002880574738,-0.23375116824382403,-0.48768079550238075,-35.30760693950259,3.791067892845888,-15.758269523328352,39.09867483234848,-24.82616424560547,-24.699618816375732,-24.7628915309906,0.12654542922973633,-0.0025576972402632236,-0.003760265652090311,0.04084763303399086,0.04002763703465462,0.0045332838781178,-0.0008825039840303361,0.041558172553777695,0.04050096124410629,371.7282782020006,35814.62320197209,0.001067074597813189,284.0931986891314,35805.446277790776,0.0010595469502732158,0.05814407020807266,0.006482772529125214,30481.613345679547,18427.171545423094
0.24825608307796598,0.20826653095189115,-0.08880025028091375,-0.05733962893365316,0.2953352003558027,0.306077767998288,0.04320177887304111,0.0,-40.452617996514135,2.168234444567645,-19.142191775973245,42.62085244108178,-24.784936904907227,-24.704785346984863,-24.744861125946045,0.08015155792236328,0.0019480653572827578,-0.0040737055242061615,0.03949714079499245,0.04174208641052246,0.004387637134641409,0.0014288469683378935,0.04219377413392067,0.03978821262717247,364.2208466956582,35845.89150607617,0.0010605866555124521,318.32433292872844,35853.649540441365,0.0010943545494228601,0.05682816356420517,0.0047386870719492435,31233.3714325545,17567.83890715827
0.9413715388945681,0.9853087482238073,0.9654126110183635,0.9514648875907107,0.7907564514726207,-0.4795824605662462,-0.4208361353989415,-0.16851707966632756,-38.904834161822066,-0.9947838158935168,-19.949808988857793,37.910050345928546,-24.878528118133545,-24.648852348327637,-24.76369023323059,0.2296757698059082,0.0044111162424087524,0.000914520351216197,0.041287779808044434,0.03907683864235878,-0.0014093145728111267,0.0033768920693546534,0.040667079389095306,0.04196884110569954,300.41065030728055,35855.068851343814,0.0010875241132453084,369.7115100158117,35734.556853054855,0.0010239186231046915,0.055875666439533234,0.009580759331583977,30462.672422820113,18821.20669513259
1.0,0.9416956214834044,0.8688838445392739,0.015628597558840135,-0.1546888391300525,0.008475058344230235,-0.30165806063577427,-1.0,-41.28561906224161,3.9162946374353,-18.684662212403154,45.20191369967691,-25.02568483352661,-25.120317935943604,-25.073001384735107,-0.09463310241699219,-0.0025223938282579184,0.0036035587545484304,0.03852592036128044,0.04049735143780708,0.0018615215085446835,-0.003971986006945372,0.03793347626924515,0.040220409631729126,436.62641605350694,35824.55368386214,0.0010374715784564614,430.14937368305146,35866.49812193921,0.0010593966580927372,0.05396844819188118,0.00542796403169632,31237.570729882198,17420.524534865624
0.01813951670808899,0.0,0.03360964755275529,0.14397798166211534,0.23068490052877244,0.08229178882668448,-0.04069687631908003,0.0,-39.105188237063146,-0.5821469156635999,-19.843667576363373,38.523041321399546,-25.127854347229004,-25.069620609283447,-25.098737478256226,0.05823373794555664,-0.0015420051058754325,0.004083349369466305,0.03792259097099304,0.0401667095720768,-0.0013221293920651078,-0.004216816276311874,0.039070114493370056,0.03957253694534302,403.8708905837742,35806.46670421247,0.0010414350545033813,462.7960810945435,35857.50153410233,0.0010989669244736433,0.05440777912735939,0.004504426382482052,31230.42549339825,17609.564872469335
0.9884468183939028,0.983387752072896,0.8237296827021556,0.3260387833610837,-0.025262394438312796,-0.12419620367878803,-0.4360428227421582,-1.0,-38.25806543030063,5.125489616138566,-16.566287907081033,43.3835550464392,-25.240659713745117,-25.194921493530273,-25.217790603637695,0.04573822021484375,0.0011415871558710933,-0.004171679727733135,0.037447020411491394,0.039633627980947495,0.002916272496804595,0.0032538194209337234,0.03943796083331108,0.038066260516643524,550.8850163593137,35816.25198346246,0.0010234961519017816,456.814026003505,35834.8552317167,0.0010553841711953282,0.05334731191396713,0.004566185176372528,31229.113175912382,17716.486530515762
0.08617735849574372,0.1189540520986598,-0.0969643554594608,-0.0145172406690674,0.2719046515638106,0.1970199588970698,0.0014468428621435825,0.0,-41.898948099955646,-0.43546411912763006,-21.167206109541638,41.463483980828016,-25.314629077911377,-24.96999979019165,-25.142314434051514,0.34462928771972656,-0.003951969090849161,0.0015663646627217531,0.03831947594881058,0.03814224153757095,0.00212008785456419,-0.003950875718146563,0.03861895203590393,0.040898293256759644,460.0884330110694,35827.518598103255,0.0010610950412228703,397.8966772902214,35809.33804657622,0.0010784526821225882,0.05150892585515976,0.009391330182552338,31064.794168988836,17597.973995970184
-0.08287965570831948,-0.13561765754380345,0.21250385388834014,0.3504829348801895,-0.015344124286578414,-0.17764544986465014,-0.044335995696649255,0.0,-35.72337216112993,0.7098283380283021,-17.506771911550814,36.43320049915823,-25.21573543548584,-24.77656841278076,-24.9961519241333,0.4391670227050781,0.0027426076121628284,0.0033627948723733425,0.03923173248767853,0.03809291869401932,0.004581596702337265,0.00012142644845880568,0.04159029200673103,0.03972991555929184,341.17906930404246,35861.27397702939,0.0010703792795538902,424.3860641471021,35809.76591002789,0.001051457249559462,0.05575397610664368,0.006376071833074093,30480.16947585081,18369.584348728018
1.0,0.9570517983675143,-0.06860226890295709,-0.00839574789983269,0.3711982967743727,0.27020118064602255,-0.4533079064132562,-0.6639595578305919,-40.04355679208919,3.6373079892653664,-18.203124401411912,43.68086478135456,-25.124924182891846,-24.714841842651367,-24.919883012771606,0.4100823402404785,0.0040297964587807655,-0.0016501116333529353,0.039141591638326645,0.03900749981403351,0.0002555691753514111,-0.0045978836715221405,0.039972785860300064,0.04192674905061722,403.9206826439051,35851.10999828914,0.0010648872703313828,465.0065867311885,35843.43310599058,0.0010443521896377206,0.05243096500635147,0.009697939269244671,31066.643037560076,17592.211642740698
0.005141824517659838,0.0,0.14529422483812787,0.3100857647478894,0.26506737019611704,0.09617490603060619,0.03664048054705338,0.0,-37.963615971679246,-1.0116091662540043,-19.487612568966625,36.95200680542524,-25.252959728240967,-24.871366024017334,-25.06216287612915,0.3815937042236328,-0.004056301899254322,-0.0014863985124975443,0.039603471755981445,0.03736642375588417,-0.00013085010868962854,0.004518111236393452,0.03930466249585152,0.04113459587097168,378.0631195182912,35836.33864681834,0.001061427523382008,434.95393000505413,35843.75925365696,0.0010695472592487931,0.05427587404847145,0.008365293964743614,30467.437237013422,18655.96561062729
0.964986314752519,0.9974276397848469,0.7058911747752658,0.09434109024012702,-0.23876154247330486,0.11670248299578667,-0.33660521046236774,-1.0,-40.464363657070464,5.371803945527404,-17.54627985577153,45.83616760259787,-25.24589776992798,-24.835410118103027,-25.040653944015503,0.41048765182495117,-0.00399263808503747,0.0015816536033526063,0.03862457349896431,0.03844350203871727,-0.00454377569258213,-0.00018861661374103278,0.041331157088279724,0.03943953663110733,447.6485235650019,35838.719188725,0.0010707685723900795,396.1523117722376,35859.362280008696,0.0010541613446548581,0.05190109461545944,0.009573991410434246,31066.627779413215,17590.482190742645
-0.006373826502327813,0.014422660520527503,0.02221260447285378,0.13413258284953372,0.20913727962519146,0.11652677653079291,-0.02991995400651526,0.0,-40.598630350721265,-4.204203603113115,-22.40141697691719,36.39442674760815,-25.14054536819458,-24.859366416931152,-24.999955892562866,0.28117895126342773,-0.0030935420654714108,0.0030715346802026033,0.03825167939066887,0.039741452783346176,-0.000258400512393564,-0.004518846981227398,0.03950171172618866,0.041054628789424896,377.2957425823979,35818.870569059596,0.0010564362164586782,346.9761386910764,35822.90170595687,0.001074326573871076,0.05292849242687225,0.006883854046463966,31250.64404759788,17276.179818169898
0.9815596497342891,0.9319241959201304,0.8240195312373487,0.4401703424146446,0.01207130950368901,-0.25325951487203713,-0.5259054361056756,-1.0,-40.11791409394124,3.524054781500638,-18.2969296562203,43.641968875441876,-25.15477418899536,-24.86816167831421,-25.011467933654785,0.28661251068115234,-0.0037888367660343647,-0.002132227411493659,0.0399990938603878,0.037851493805646896,-0.004523798823356628,-0.00039019202813506126,0.041229818016290665,0.03923304006457329,457.82292761964686,35852.87194759129,0.0010646887822076678,398.8931955182941,35824.499919764785,0.001068460987880826,0.05522311478853226,0.007941464893519878,30471.478432514206,18562.990747724856
0.0901533229710624,0.1058003220298443,-0.10319856931409943,-0.1490680098425357,0.2332752407988522,0.16212666183125857,-0.0892857895722039,0.0,-40.200042212621554,1.9822174088928932,-19.10891240186433,42.18225962151445,-25.09188175201416,-24.881887435913086,-24.986884593963623,0.20999431610107422,-0.004115150775760412,-0.0014445033157244325,0.040313754230737686,0.038103245198726654,-0.00447113998234272,0.0007273715455085039,0.04074893146753311,0.03960385546088219,464.3568249805679,35852.883536332265,0.001085276948288083,439.36318752261883,35822.87602727985,0.0010753944516181946,0.05477670580148697,0.008942635729908943,30465.54183938708,18726.782138931885
0.06353159711796447,-0.0631817370329618,0.29420813403774104,0.45551656556870235,0.031773543606178095,-0.17840327614462026,0.07287537923566756,0.0,-36.86817745650677,-0.1738195984464994,-18.520998527476635,36.69435785806027,-25.066936016082764,-24.74017858505249,-24.903557300567627,0.32675743103027344,0.003952893894165754,0.001974733779206872,0.04044210538268089,0.03819454833865166,0.003972284495830536,0.0023073507472872734,0.0419737882912159,0.03967791050672531,384.65935161676003,35851.41867238408,0.0010571579914540052,338.6837961264193,35859.39140945675,0.001073010265827179,0.05584696680307388,0.007839111611247063,30472.092833478862,18548.052525267813
0.9816470860348342,0.8688766266973621,0.19254361881575452,-0.20686929852094105,0.24720473521971642,0.24436145588311586,0.04949393851455908,-0.46153788518351924,-37.900036350710934,5.75753849674166,-16.071248926984637,43.657574847452594,-25.065665245056152,-24.701454639434814,-24.883559942245483,0.3642106056213379,0.00031725462758913636,0.004364803433418274,0.03863132372498512,0.040041133761405945,0.004380382597446442,0.001437284518033266,0.042212553322315216,0.03980142995715141,295.57688403397,35823.47211384731,0.0010738869896158576,374.39036867654227,35848.88965282395,0.001055016415193677,0.05590970814228058,0.0052131847478449345,30977.713117650022,18594.33924154981
0.021477536618286525,0.0,0.14742207685481173,0.2531064238611378,0.19540048537722543,0.06972569798556572,0.0028710088437911008,0.0,-37.65002587529523,-1.5198550700702924,-19.58494047268276,36.130170805224935,-25.03106117248535,-24.825916290283203,-24.928488731384277,0.20514488220214844,-0.0030466935131698847,0.003218417288735509,0.03867826983332634,0.04030003771185875,0.0002789689169730991,-0.004535065032541752,0.039463162422180176,0.04139593616127968,338.8503184999564,35815.72997752511,0.001061882358044386,327.6140673142395,35854.58481076104,0.001077320077456534,0.053604137152433395,0.007168624550104141,31249.475030806167,17253.697074441072
