-0.12430434330862108,0.0,-0.23327911257073944,0.08480178466242216,0.4087846965560642,0.1293261675302097,-0.25996182832857284,0.23300953871957486,-137.5811179951749,-170.63287671089563,-154.10699735303527,-33.05175871572072,-23.580524921417236,-24.05031681060791,-23.815420866012573,-0.46979188919067383,0.0004795951535925269,-0.005287214647978544,0.045486632734537125,0.04782842472195625,0.00254253763705492,0.004280492663383484,0.04448501393198967,0.0439489409327507,146.7819403891392,35817.445488540536,0.001060652662999928,168.59584625823368,35803.84864235367,0.0010526031255722046,0.06540188193321228,0.008773020468652248,30487.50049365592,19198.637879710062
0.21881394097714846,0.17920218761184054,0.2200813135579659,-0.15706958694237327,-0.580822045494788,-0.37929446065041905,0.04932244543223552,0.0,-144.0336711162116,-164.074293617754,-154.05398236698278,-20.0406225015424,-23.930528163909912,-22.398433685302734,-23.164480924606323,1.5320944786071777,0.004893237259238958,0.0014177977573126554,0.046101972460746765,0.043519195169210434,0.006038707681000233,0.0006790345069020987,0.054814133793115616,0.05210525915026665,142.40505258608525,35816.977150206694,0.00106379936914891,134.76025551813413,35804.500601077016,0.001036008121445775,0.06314131617546082,0.008872555568814278,30755.10049883865,17933.410553274458
0.0,0.008820392804032342,-0.2924487084597325,-0.24195617277889744,0.03559044094921393,0.07737666932689063,-0.13388554104195116,0.0,-141.73824047517394,-166.42373512242756,-154.08098779880075,-24.68549464725362,-22.21224308013916,-22.14158058166504,-22.1769118309021,0.0706624984741211,0.0038278219290077686,0.004866187926381826,0.055393144488334656,0.05386929214000702,0.005459289997816086,0.002938952064141631,0.056539587676525116,0.05359133332967758,157.24797491997444,35823.32467649332,0.0010680544655770063,171.64623164126272,35826.39318747643,0.0010572313331067562,0.07688286900520325,0.010610239580273628,30764.208845042263,17919.63757735551
-0.9181490890560425,-1.0,-0.39659497725199855,0.07177829821187881,-0.38630985613429736,-0.4325109144893859,0.6098503651632998,1.0,-137.8194470001358,-164.44242939100678,-151.13093819557128,-26.622982390870988,-22.022171020507812,-21.716842651367188,-21.8695068359375,0.305328369140625,0.00531424954533577,-0.003459780942648649,0.05533137544989586,0.056353095918893814,0.001036508590914309,0.006469705607742071,0.057014673948287964,0.05866052210330963,147.0374427966138,35820.17157169131,0.0010445150546729565,138.52981830858843,35820.613217481165,0.0010315353283658624,0.0779733657836914,0.012136798352003098,30727.77590255139,18300.230586733975
-0.014087404850854714,0.0,-0.14903518214185882,-0.2606344092572377,-0.12481960844799322,0.01804070468855057,-0.0010770107685643682,0.0,-142.36711499274503,-167.73981689770983,-155.05346594522743,-25.3727019049648,-21.735246181488037,-21.41319513320923,-21.574220657348633,0.3220510482788086,-0.00599052757024765,-0.0025972076691687107,0.05936812609434128,0.05602656677365303,-0.006193935871124268,0.0027418741956353188,0.05991425737738609,0.05988973379135132,151.30624784169308,35816.297013148534,0.0010590986348688602,161.93049997301324,35827.16917691872,0.0010412840638309717,0.08117908239364624,0.011592131108045578,30758.000429086365,18061.82599356545
-0.986359315276438,-1.0,-0.7538933397116276,-0.10555484637083062,0.07365050073315854,-0.10014040555031967,0.3401718785670129,1.0,-137.4575061182369,-169.54007784953916,-153.49879198388803,-32.08257173130227,-21.404268741607666,-21.032423973083496,-21.21834635734558,0.3718447685241699,-0.0008495232323184609,-0.0067565180361270905,0.05899215117096901,0.060916297137737274,0.005225345492362976,-0.004759622737765312,0.06154056638479233,0.06361602991819382,162.24193969488,35805.86779082012,0.0010466132080182433,203.37019651183752,35809.00059759301,0.0010382471373304725,0.0842045322060585,0.011644494719803333,30497.007762527122,18697.810177142535
0.0019414181553900369,0.00419110112888078,-0.042772151932405966,-0.2847761510275633,-0.3084904531606276,-0.06102914410216509,0.05725930286454617,0.0,-144.46461061860748,-162.80227057837993,-153.6334405984937,-18.337659959772452,-20.973947048187256,-21.068878173828125,-21.02141261100769,-0.09493112564086914,0.002327156253159046,-0.00675418134778738,0.06115289032459259,0.06481022387742996,-0.0012383731082081795,-0.006966101471334696,0.06148653104901314,0.06314780563116074,164.18193952710533,35806.636658665215,0.0010427249362692237,197.23553041800903,35814.26577081971,0.0010379942832514644,0.08826062828302383,0.01176092866808176,30968.752619261377,19789.794423550065
-0.7733649966549626,-0.6238337493054424,-0.9153697519209857,-0.33972333936848165,0.4045059628239333,0.2852175372128668,-0.18950585835337885,0.20039773923467807,-137.58616923280377,-170.4200316477539,-154.00310044027884,-32.83386241495012,-21.131954193115234,-21.508145332336426,-21.32004976272583,-0.3761911392211914,-0.005893075838685036,0.0038199478294700384,0.0613040030002594,0.06243447959423065,0.0009139668545685709,-0.00661957124248147,0.05774891749024391,0.060717374086380005,144.7722721977733,35821.01639149473,0.0010472919093444943,126.00581140005822,35816.52639948629,0.0010512182489037514,0.08639161288738251,0.013343255035579205,30728.251127611024,18352.301509771973
-0.013645426315774561,-0.053857727062293,0.1586516357045408,-0.10414447322619491,-0.5696636241004533,-0.2737951639187368,0.24914504937871784,-1.0,-142.8773143863922,-162.9156101401647,-152.89646226327844,-20.038295753772502,-21.552248001098633,-21.480963230133057,-21.516605615615845,0.07128477096557617,-0.006322487257421017,0.0021585109643638134,0.05924476310610771,0.05865340679883957,0.003315994283184409,-0.0042025428265333176,0.058996666222810745,0.06001078709959984,127.97712326415083,35822.01005385233,0.0010517504997551441,171.50339405911794,35703.711749762006,0.0010493925074115396,0.08234036713838577,0.0130612226203084,30977.72552451611,18612.304312815613
-0.024733254408091376,-0.024405477138056297,-0.023938644661062547,-0.01915100153480631,-0.01323135324758018,-0.007717401491014408,0.0,0.0,-143.57740762104106,-164.23225122643655,-153.90482942373882,-20.654843605395484,-21.502530574798584,-21.488571166992188,-21.495550870895386,0.013959407806396484,-0.005030288826674223,-0.004478911869227886,0.06057616323232651,0.057969819754362106,-0.0057470425963401794,-0.0017016020137816668,0.060655828565359116,0.058164048939943314,146.21781092274745,35821.71328187911,0.0010690054623410106,174.31817304585059,35721.25669262381,0.0011310860281810164,0.0834965780377388,0.0121648283675313,30763.392587239374,18183.875158794006
-0.605594411366536,-0.7454561604784787,-0.3231047825683504,0.2707033083878997,-0.020749410106500277,-0.47337184028805346,0.19860935539685853,0.94571293357033,-137.05373069404453,-166.9494889503095,-152.00160982217702,-29.89575825626497,-21.445014476776123,-21.512014865875244,-21.478514671325684,-0.0670003890991211,-0.0020593609660863876,-0.006456863135099411,0.05930782109498978,0.06005255877971649,0.004450637847185135,0.005001997575163841,0.06017833203077316,0.05825495719909668,153.13305304355504,35812.00549680029,0.0010394222335889935,150.90943580656526,35826.83661859062,0.0010426066583022475,0.08387553691864014,0.011543093249201775,30746.821120860364,18073.623643544925
0.012814673332959948,0.035162003828430245,-0.1357386192219307,-0.30433432491053775,-0.21196048042393967,-0.009644440217677408,-0.010420959856104028,0.0,-145.65413006064608,-167.30911379276887,-156.48162192670748,-21.654983732122787,-21.523754596710205,-21.56986713409424,-21.54681086540222,-0.0461125373840332,0.0066950684413313866,-0.0002657758886925876,0.060309045016765594,0.05795484408736229,-0.006669159512966871,0.00024222591309808195,0.059979356825351715,0.05765778571367264,170.10612370371524,35822.235208688864,0.0010518537601456046,163.21670472917486,35829.94490059254,0.0010399805614724755,0.0828818529844284,0.012343253940343857,30743.151032787133,18181.01258837018
-0.9808451724301591,-0.9640581651719471,-0.750637219380704,-0.19278360589462634,0.09126387820004778,0.04152666211917261,0.29803152936600613,1.0,-139.56812498484283,-169.35300114393988,-154.46056306439135,-29.784876159097053,-21.524417400360107,-21.6597843170166,-21.592100858688354,-0.13536691665649414,0.0031478453893214464,-0.0059355804696679115,0.057428035885095596,0.06080004945397377,-0.0055910758674144745,0.003457389073446393,0.05780721455812454,0.058641597628593445,156.5884278634337,35810.087308380396,0.0010497398907318711,174.61990966505002,35821.67895926442,0.001044605509378016,0.08262105286121368,0.011617603711783886,30961.229920198784,18479.32209675875
0.04201995297818142,0.03402650031700715,-0.027921919288759207,-0.31175650195920734,-0.40187028784393136,-0.11559647572768494,0.09717427537691214,0.0,-143.03103760289144,-160.8473152036364,-151.93917640326393,-17.816277600744968,-21.67649745941162,-21.66208028793335,-21.669288873672485,0.014417171478271484,0.0065004718489944935,0.0012250517029315233,0.05967957526445389,0.05649872496724129,0.0026427083648741245,-0.0060686576180160046,0.05651913955807686,0.05984891578555107,169.07485951836196,35812.67160694669,0.0010690101189538836,154.99634568995342,35815.26141762926,0.0010338103165850043,0.08188682049512863,0.011441992595791817,30754.12998103728,17962.336247053227
-0.029237747514255945,0.0,-0.29104511636505337,-0.15931129102522462,0.15114209832460557,0.11557231795237555,-0.10012945654509364,0.0,-137.0512737546035,-170.3403861986638,-153.69582997663366,-33.289112444060294,-21.661803722381592,-21.7269229888916,-21.694363355636597,-0.06511926651000977,0.004729902371764183,-0.00459563173353672,0.05709032714366913,0.059310682117938995,-0.005759253166615963,-0.0030006743036210537,0.05929894000291824,0.056218408048152924,145.07190335845058,35817.472462338315,0.0010562201496213675,159.13019002946777,35826.048090916156,0.0010549559956416488,0.0811881422996521,0.01237491611391306,30723.971666070836,18226.12055738472
-0.20428144787020888,-0.21621245031264716,0.09674958014034782,-0.08063024884835271,-0.6299168815946408,-0.4868075401964541,0.06472888399963783,0.038532184580517215,-141.82032094850916,-166.09157036166886,-153.955945655089,-24.271249413159694,-21.76563262939453,-21.67651891708374,-21.721075773239136,0.08911371231079102,0.005803829059004784,0.0030301997903734446,0.05913442000746727,0.05585407838225365,0.0029732855036854744,-0.00588064594194293,0.056460537016391754,0.059718236327171326,130.32830371179523,35804.28807112486,0.001041819341480732,153.38710179222932,35815.24025666827,0.00103954563383013,0.08101365715265274,0.011877442710101604,30760.632819397102,18518.589433622135
-0.02944049499408864,0.012077740820905307,-0.1527595562533801,-0.23031288681046103,-0.08344010845869881,0.033533806450912085,-0.041495333153572456,0.0,-145.84232895392455,-169.04306144205384,-157.4426951979892,-23.20073248812929,-21.67196750640869,-21.63522958755493,-21.65359854698181,0.036737918853759766,0.0011003054678440094,0.006502268835902214,0.05732440575957298,0.05894941836595535,-0.0023700001183897257,-0.006158487871289253,0.05821319296956062,0.058567021042108536,132.26736326958343,35814.56268309866,0.0010645807487890124,160.6929472795914,35819.010814963985,0.0010475675808265805,0.08185286074876785,0.011045687831938267,30757.05305617957,17851.269494106495
-0.6651632665389775,-0.7501044759132622,-0.5587310312606086,0.0,-0.2528560646451779,-0.9176153201345669,-0.9462691707585722,0.6870099090715953,-139.28058570746168,-160.467454986114,-149.87402034678786,-21.186869278652324,-21.62226676940918,-21.596603393554688,-21.609435081481934,0.025663375854492188,-0.004688772838562727,0.004697452299296856,0.05730930343270302,0.05961982533335686,-0.0039932578802108765,-0.004233513958752155,0.059118106961250305,0.0582658015191555,142.7522845568209,35821.36119329571,0.0010521163931116462,203.85798671340567,35711.44588840985,0.0011189139913767576,0.08150310814380646,0.01277177594602108,30964.51664197393,18553.818480723752
-0.011377504623535501,0.0,-0.16908933675617246,-0.3249098180016281,-0.23849124654305293,-0.021374698538234704,-0.015142415589826763,0.0,-143.39282977355907,-165.86242563567515,-154.6276277046171,-22.46959586211608,-21.60808801651001,-21.624033451080322,-21.616060733795166,-0.0159454345703125,-0.00576438196003437,0.0032935983035713434,0.0582333542406559,0.058908719569444656,0.00226773414760828,-0.006222608033567667,0.05677889287471771,0.06010344251990318,138.80199596672392,35821.07339715648,0.0010678285034373403,150.54952119179762,35816.19015187239,0.001049298094585538,0.08172181993722916,0.0127590736374259,30726.27863543741,18174.77005121235
-0.9930281500893344,-0.9999807415320733,-0.8500951023421618,-0.16180367310306432,0.22559181334684952,0.10510575224338642,0.29163396244686657,1.0,-140.95243426532386,-169.89360817190004,-155.42302121861195,-28.941173906576182,-21.649560928344727,-21.792163848876953,-21.72086238861084,-0.14260292053222656,-0.006510695908218622,0.0012516772840172052,0.059028707444667816,0.05754532665014267,-0.0037349830381572247,0.0052733211778104305,0.055930234491825104,0.05872748792171478,151.91003439218215,35815.45099179819,0.0010485893581062555,150.6308953246553,35822.432778203234,0.0010441887425258756,0.08153680711984634,0.012308982200920582,30741.53394598495,18198.807762566597
0.0,0.002756483799079612,-0.08028482629496525,-0.348609526707586,-0.38616893982320344,-0.12682644850927538,0.054602826637654034,0.0,-143.1754850278098,-161.89629464367295,-152.5358898357414,-18.720809615863146,-21.792051792144775,-21.73067569732666,-21.761363744735718,0.061376094818115234,-0.001858965610153973,0.006225109566003084,0.055678658187389374,0.05896369367837906,0.0006792069179937243,0.006517466157674789,0.05676456540822983,0.0587204210460186,110.4873343282607,35819.924242591,0.001043502357788384,120.89345426057129,35802.6698830503,0.0010274149244651198,0.08034215122461319,0.010758470743894577,30723.57836701276,20364.46798858143
-0.07420695111004601,0.0,-0.20316715707582877,-0.18577112968087756,0.060749292197340155,0.059441404910681284,-0.08899646117697602,0.0,-140.77470255955376,-167.28628602042994,-154.03049428999185,-26.51158346087618,-21.72504186630249,-21.75964117050171,-21.7423415184021,-0.03459930419921875,0.004178465344011784,-0.005076135974377394,0.05641254410147667,0.0591299906373024,-0.0008437554351985455,-0.0064266398549079895,0.05668184161186218,0.058427516371011734,144.15866953465942,35816.764130916876,0.0010564025724306703,139.91259991002292,35807.95879976749,0.0010485732927918434,0.08059459924697876,0.012141664512455463,30960.8186439374,18112.318465836317
0.7742185905284689,0.7883489739280589,0.9780988594668799,0.7663420695714233,0.23756596058467394,0.04139150107401912,0.14138643321732403,-1.0,-139.5746475690484,-160.8608360149683,-150.21774179200835,-21.28618844591989,-21.770870685577393,-21.84220552444458,-21.806538105010986,-0.0713348388671875,0.0018039712449535728,0.0062814862467348576,0.057029981166124344,0.057933300733566284,-0.0051956200040876865,-0.0023597145918756723,0.058159541338682175,0.05592801421880722,157.7080478228813,35820.08138574284,0.001047003548592329,155.37315376838612,35714.709316382075,0.0011142627336084843,0.08089838922023773,0.010886704549193382,30753.301495330645,17918.874013333945
-0.03485529690152227,0.010394051587488521,-0.21559697651569096,-0.2573886505677737,-0.026818004277240848,0.05942932385638455,-0.045187821534317996,0.0,-141.00053888284663,-168.86942740558703,-154.93498314421683,-27.868888522740406,-21.86654567718506,-21.801493167877197,-21.834019422531128,0.06505250930786133,-0.006310750730335712,0.0013591167517006397,0.0575021468102932,0.05619874969124794,-0.006011364050209522,0.0024333330802619457,0.057405486702919006,0.057159557938575745,140.59534304783034,35825.21483640411,0.0010644759749993682,150.34495476220235,35810.17294497674,0.0010474544251337647,0.07964849472045898,0.01221487857401371,30738.406156591507,18341.610233721207
-0.8441146031144218,-1.0,-0.5461170968400967,0.266671777638136,0.2848377844232706,-0.12202600455759938,0.1401634240767511,0.8531538722225047,-140.2078204433626,-168.27572902449418,-154.2417747339284,-28.067908581131576,-21.818418502807617,-21.77682638168335,-21.797622442245483,0.04159212112426758,-0.00314747029915452,-0.005674357991665602,0.05747358128428459,0.05686523765325546,8.459044329356402e-05,0.006498221307992935,0.056263405829668045,0.0586044006049633,161.11214108357973,35820.01986740376,0.0010456190211698413,160.414263596743,35821.73047274232,0.0010429557878524065,0.08046895265579224,0.010756205767393112,30761.838879774925,17845.67120111789
-0.00794471633783647,0.0026290351606694045,-0.15508981003064315,-0.30223972367622076,-0.19164815429633225,-0.004820980139516595,0.012388343863780626,0.0,-146.21288372211595,-165.3539667715346,-155.7834252468253,-19.141083049418654,-21.76828145980835,-21.77361011505127,-21.77094578742981,-0.005328655242919922,-0.0005002077086828649,-0.0064958008006215096,0.056438345462083817,0.05854598805308342,-0.004040529951453209,0.005118000786751509,0.05610620975494385,0.05879437178373337,124.86056691680052,35820.86940907304,0.0010486117098480463,126.821967621571,35809.38537558751,0.00104317266959697,0.08082277327775955,0.010975667275488377,30747.642799427023,18047.816194223058
-0.9893970370816112,-0.9121310917759035,-0.6298015193022584,-0.008312722782362114,0.27710257159922835,0.016971457448963112,0.19380598215671274,1.0,-137.01083567129888,-168.38356508695782,-152.69720037912833,-31.372729415658938,-21.82088851928711,-21.875643730163574,-21.848266124725342,-0.054755210876464844,0.004813229665160179,0.004356284625828266,0.05838944762945175,0.055890608578920364,0.00320382509380579,-0.005523085594177246,0.0552852638065815,0.058271996676921844,131.24156798374693,35813.93329030407,0.0010504554957151413,153.1352597742942,35813.557109858615,0.0010487973922863603,0.08061925321817398,0.011158394627273083,30764.474513053425,17962.79093922886
0.0019334553685141096,-0.019807200012836205,-0.04066828914035582,-0.3031926536326681,-0.41287378605397473,-0.15146782612952503,0.03555252187562019,0.0,-141.69780256737522,-163.84327304581382,-152.77053780659452,-22.145470478438597,-21.919574737548828,-21.80957555770874,-21.864575147628784,0.10999917984008789,0.0040285587310791016,0.004979918710887432,0.05732685700058937,0.05567861720919609,0.006144684739410877,0.0020965186413377523,0.05884375050663948,0.05556656792759895,161.4106045709558,35829.5418774341,0.0010615544160827994,136.68463226641276,35813.50389416482,0.0010459342738613486,0.07962176203727722,0.010988677851855755,30764.39247723299,17949.235308807212
0.8429905177680557,0.9956567998984883,0.3107493614817878,-0.6433857096754352,-0.13707941950284863,-0.3030908236554033,-0.8537253831987419,-0.7440815917091372,-138.50629890448397,-161.87233247565734,-150.18931569007066,-23.366033571173375,-21.814775466918945,-21.840837001800537,-21.82780623435974,-0.026061534881591797,0.0055795712396502495,-0.0033464552834630013,0.05678148195147514,0.057602327316999435,-0.00442903395742178,-0.0036337084602564573,0.057784050703048706,0.05633191019296646,153.20516045709863,35822.01279606518,0.0010598693042993546,185.28383413782373,35707.80957131458,0.0011206394992768764,0.07988105714321136,0.012388651259243488,30726.55958924118,18382.784911785926
0.8063108274062403,0.7901908910092451,0.9882723810953343,0.8888045550103042,0.2934839106674445,0.02780001615105543,-0.7603960638673775,-0.9929011534142398,-140.32081293824209,-165.93929438055977,-153.13005365940091,-25.618481442317687,-21.84218168258667,-21.796815395355225,-21.819498538970947,0.04536628723144531,-0.0024417161475867033,-0.00600213510915637,0.05691970884799957,0.057107195258140564,-0.0048452685587108135,-0.004354472272098064,0.058506522327661514,0.05609213933348656,150.54343950731766,35811.215310209016,0.001051408122293651,153.31136183792705,35813.7703770304,0.001031612977385521,0.08025968819856644,0.010674694553017616,30755.70190461519,17903.197106476866
0.168311539948287,0.1829131020674442,-0.04645800702144093,-0.26696971486651755,0.0194102102353918,0.42805168398147597,-0.7530530556418191,-0.9917473990735471,-142.68169286654143,-159.72505977862207,-151.20337632258173,-17.043366912080643,-21.778264045715332,-21.825873851776123,-21.802068948745728,-0.047609806060791016,0.00644764956086874,-0.0009854512754827738,0.05827394872903824,0.05658344551920891,0.00369983515702188,-0.0029433725867420435,0.057331282645463943,0.057082947343587875,126.06804798999414,35814.29026174565,0.0010567092103883624,185.58070699765267,35682.940768480796,0.0010611015604808927,0.0804513692855835,0.012261788360774517,30740.265729417886,18286.7134573049
-0.9562503535416523,-0.9950690516673741,-0.4863592097763691,0.24485599390184934,-0.032605690816948585,-0.4295331453353103,-0.05010507738246661,0.7542219289838155,-138.3375507519413,-167.4045996331768,-152.87107519255903,-29.06704888123548,-21.83095932006836,-21.78581953048706,-21.80838942527771,0.04513978958129883,0.0033872066996991634,-0.005547095090150833,0.05549256503582001,0.05863731727004051,0.004112256690859795,0.005005319602787495,0.058193404227495193,0.056569475680589676,160.94704763590244,35809.144827543474,0.0010476072784513235,155.82410054866827,35822.68245126642,0.0010473747970536351,0.07970885932445526,0.011519767343997955,30960.193181777464,18319.42808054977
0.002714352816209067,0.0062132362023346694,-0.13947820070672776,-0.284083307669345,-0.20869095942080057,-0.01784021039354522,-0.004190182825110522,0.0,-143.82690031634525,-165.72373205673227,-154.77531618653876,-21.89683174038703,-21.80527925491333,-21.862242221832275,-21.833760738372803,-0.05696296691894531,-0.00026948086451739073,0.006486792117357254,0.05592399835586548,0.05855991318821907,0.0055121127516031265,0.003306517843157053,0.058377448469400406,0.05535050109028816,142.21820529903974,35812.272251880655,0.001057673478499055,163.79765427530197,35813.95038544802,0.00102947186678648,0.08026973158121109,0.011109987273812294,30493.462494140855,18921.59236558239
-0.9865018583486154,-0.9782081099664793,-0.8494708017314854,-0.24022171511363893,0.19649593406694646,0.19145320989911507,0.3661190798815165,1.0,-139.14214049096728,-168.62217562134765,-153.88215805615746,-29.480035130380372,-21.85826063156128,-21.88490629196167,-21.871583461761475,-0.026645660400390625,-0.0055219195783138275,0.003374691354110837,0.056473713368177414,0.05733875557780266,-0.0030273976735770702,-0.005638184491544962,0.05695510283112526,0.0565171018242836,147.9087190943934,35809.00188046465,0.0010467941174283624,159.81143072212558,35825.328077994374,0.0010575350606814027,0.07945643365383148,0.012605248019099236,30727.084359916418,18388.150248545277
0.0,-0.009422797967597879,-0.02982550441294618,-0.21145240705773852,-0.29424743531269737,-0.0897543423497027,0.07618224498786375,0.0,-144.20605153243642,-165.9071125366217,-155.05658203452907,-21.701061004185277,-21.929943561553955,-21.9824481010437,-21.956195831298828,-0.052504539489746094,-0.006011846475303173,-0.002202366478741169,0.058063168078660965,0.05477093532681465,-0.005194120574742556,0.003689233912155032,0.05548035353422165,0.05671389400959015,137.3888913224427,35812.11591279814,0.0010530253639444709,145.55070435247106,35814.05473934207,0.0010351318633183837,0.07935108244419098,0.011253421194851398,30756.283958444874,17947.830095976296
0.9297674620977849,0.9939536783419789,0.5953032122340579,-0.5860398056371613,-0.4113709004081486,-0.4934185872489417,-0.8240133157770604,-0.954190514965895,-142.03796816788696,-169.25353093216842,-155.6457495500277,-27.215562764281458,-21.97927951812744,-21.896352767944336,-21.93781614303589,0.08292675018310547,-0.004974657669663429,0.004006854258477688,0.05530015379190445,0.05692838132381439,-0.004073429387062788,-0.00490118283778429,0.05746947228908539,0.055844541639089584,171.7589604085027,35811.341543964954,0.0010449005058035254,152.6901485413083,35827.76640144101,0.0010456914315000176,0.07825657725334167,0.012399258092045784,30719.28417128473,18274.278779413995
-0.3251875408155249,-0.39074235236139754,0.07167641350358431,0.07482080815716785,-0.5881669015546508,-0.5619039130174196,0.07422616639936364,0.21759156298333981,-140.63304382315096,-163.36646516865744,-151.9997544959042,-22.733421345506486,-21.87927484512329,-21.80680274963379,-21.84303879737854,0.07247209548950195,-0.002377739641815424,-0.00599153945222497,0.05663952976465225,0.05690202862024307,0.006461971439421177,0.0006180233904160559,0.058636218309402466,0.05582335591316223,141.60446276642898,35816.30654110578,0.0010463189100846648,158.77536051172697,35814.37521870399,0.0010394217679277062,0.0800418108701706,0.010667028836905956,30754.71826526713,17918.722235984464
-0.03591111448780622,0.011421585535803165,-0.17954433574872106,-0.26335662608593585,-0.08956532124680966,0.022600865751637333,-0.04544455333028352,0.0,-140.9589144788019,-166.82869424657113,-153.89380436268652,-25.869779767769245,-21.791064739227295,-21.848535537719727,-21.81980013847351,-0.05747079849243164,-0.0014065520372241735,0.006350561045110226,0.05572827160358429,0.0589287243783474,0.004373490810394287,-0.004744347184896469,0.05579168349504471,0.05813053250312805,162.32522552339125,35824.88797380991,0.001059147180058062,126.53272438618748,35818.12236440432,0.0010433021234348416,0.0803324282169342,0.010670661926269531,30481.757034071856,19898.522722809717
-0.956237648996695,-1.0,-0.6705553939772373,-0.2031489450557903,0.01729988537485344,0.04689669045424599,0.4108768273190879,1.0,-139.75526687898872,-166.49916618398845,-153.12721653148859,-26.74389930499973,-21.86502695083618,-21.763405799865723,-21.814216375350952,0.10162115097045898,-0.0038169012404978275,0.00520925410091877,0.05540052056312561,0.058290839195251465,-0.002571572083979845,0.005979938432574272,0.05589427798986435,0.059129491448402405,113.8590506144136,35810.55094049843,0.0010351459495723248,134.57847783619863,35807.56007687624,0.0010429678950458765,0.07939031720161438,0.011830344796180725,30965.95685359843,17961.5091027959
-0.0029760756074630186,0.0027898205606594023,-0.12822481123706564,-0.28890490493783677,-0.22191587768286591,-0.03839315112278374,0.005959442125867742,0.0,-143.9200600814438,-165.71597890890774,-154.81801949517578,-21.795918827463936,-21.7942214012146,-21.722545623779297,-21.75838351249695,0.07167577743530273,0.001902968855574727,-0.0061991396360099316,0.05566653236746788,0.058948442339897156,0.004867133684456348,-0.00439781928434968,0.05683606117963791,0.058757588267326355,145.0145102795878,35814.202416280976,0.0010570008307695389,157.98910228347398,35829.16228697612,0.0010573163162916899,0.08025895804166794,0.01085567008703947,30481.234715158465,20020.533671541594
-0.6424824898069801,-0.5924198686339773,-0.9030116175490289,-0.08594707559202608,0.3318647844011995,-0.3473771693474298,-0.23607939643412956,1.0,-138.06326738145654,-165.32790012795317,-151.69558375470484,-27.26463274649663,-21.70172691345215,-21.78722858428955,-21.74447774887085,-0.08550167083740234,0.001925911521539092,0.00629583140835166,0.05753670260310173,0.05834658443927765,0.005619519855827093,0.003239872632548213,0.05888104438781738,0.055833153426647186,127.82352227494695,35802.582547462094,0.0010440211044624448,176.14833926615603,35824.008375439495,0.001046089339070022,0.08151476085186005,0.011137424036860466,30746.89289266185,18065.091189589803
0.1102807197001914,0.06961141577279151,0.18296528356195102,-0.22747316702466086,-0.48727831722218495,-0.24730967135889725,0.12754036319560935,0.0,-140.29836542900603,-164.71730370603797,-152.507834567522,-24.41893827703194,-21.810731887817383,-21.83976173400879,-21.825246810913086,-0.02902984619140625,0.0037229617591947317,0.005321872420608997,0.05784771963953972,0.05658697709441185,-0.0057689351961016655,-0.0029529849998652935,0.05860503017902374,0.05540912225842476,154.9900544196402,35811.70245898044,0.001060633105225861,136.3622300563062,35826.15817959307,0.0010488624684512615,0.08068904280662537,0.010823718272149563,30762.995362320322,17897.57660836773
-0.01917923415919431,0.004643001325673763,-0.30077307832151756,-0.23308529612956536,0.2109245142362966,0.23886187358436062,-0.12215875753244598,0.0,-141.27687337621734,-168.46181464751842,-154.8693440118679,-27.184941271301085,-21.865220069885254,-21.77588701248169,-21.82055354118347,0.08933305740356445,-0.0012119675520807505,-0.006338843144476414,0.05612797290086746,0.05758868157863617,-0.001112737925723195,-0.006356777157634497,0.056688256561756134,0.058210961520671844,150.50411848426646,35810.64734271951,0.0010465942323207855,158.1544264840753,35819.48973594077,0.0010448918910697103,0.07984811067581177,0.010974088683724403,30751.286296475842,17968.167424779764
-0.30147140321989485,-0.3177228291548329,0.13416333227175686,0.16799233168478267,-0.5488163251698999,-0.4891033671092111,0.27483576813757793,0.2583779840801521,-140.76602553312551,-166.0605873966207,-153.4133064648731,-25.294561863495176,-21.74863576889038,-21.829512119293213,-21.789073944091797,-0.08087635040283203,0.006501154042780399,-0.0007424334762617946,0.05858531966805458,0.05666111037135124,-0.0011761756613850594,0.006368866190314293,0.05555683746933937,0.0585976168513298,140.04530429976398,35829.00635245937,0.001049697631970048,162.64812601014424,35810.581197278174,0.0010463972575962543,0.08084819465875626,0.011894346214830875,30744.228074005423,18132.136213543985
-0.035329965334146556,0.017648460642059174,-0.13352006102796946,-0.2558650937353804,-0.10485836851975616,0.039960332264781906,-0.01443110095790845,0.0,-143.48320948687365,-165.56526330076667,-154.52423639382016,-22.082053813893026,-21.80699586868286,-21.827871799468994,-21.817433834075928,-0.020875930786132812,0.0024966225028038025,-0.0059987823478877544,0.05555928871035576,0.058883342891931534,0.00620558625087142,0.0018285884289070964,0.0586872436106205,0.055485330522060394,153.68369541868861,35813.89245544188,0.0010643251007422805,162.05221784514222,35822.21024620452,0.0010517380433157086,0.08003935217857361,0.01082421001046896,30967.296696789974,19437.12572271798
-0.9737956642252777,-1.0,-0.7126491744817376,-0.1674715901349974,-0.008140989813033572,-0.043213761959488284,0.2984058875983276,1.0,-137.54806148213825,-168.2437797979772,-152.89592064005774,-30.695718315838946,-21.923739910125732,-22.27240562438965,-22.09807276725769,-0.348665714263916,0.006320715881884098,0.0010868432000279427,0.05799557641148567,0.05492471531033516,-0.0060293530113995075,-0.0011669573141261935,0.05567837134003639,0.0528031587600708,131.07892472604027,35806.420646787104,0.0010461144847795367,189.26113510578872,35831.91137034018,0.0010572766186669469,0.07943201810121536,0.011197010055184364,30754.29367702352,17941.37533687266
0.06646106684578991,0.07102384449871914,-0.1635054460004861,-0.33521390661399403,-0.23899635212112352,0.0008875721012205906,0.011141997947256899,0.0,-145.14823600961455,-167.03073321797845,-156.08948461379651,-21.8824972083639,-22.377583980560303,-25.81061363220215,-24.094098806381226,-3.4330296516418457,0.005821100436151028,-0.0017335538286715746,0.05400555208325386,0.053204216063022614,0.004048121627420187,0.000584858818911016,0.037031494081020355,0.035153768956661224,194.09844723334294,35824.31506964955,0.0010614149505272508,203.02722268634693,35820.81810983588,0.0010624297428876162,0.07503825426101685,0.01188389677554369,30977.197919669263,18608.564661216667
-0.6235060684693057,-0.6412701050534497,-0.8964752196455745,-0.11648305774696605,0.438939877713812,0.12828752593109527,-0.030893482779674186,0.5347516003528743,-141.78016046470475,-166.74877554071435,-154.26446800270955,-24.9686150760096,-26.417243480682373,-23.905062675476074,-25.161153078079224,2.512180805206299,-0.0036871435586363077,0.0010245873127132654,0.03394664451479912,0.033388182520866394,-0.005052738822996616,-0.00017245154595002532,0.04593658074736595,0.043969616293907166,281.9835138341703,35821.93341688601,0.0010698680998757482,254.2948365202583,35824.01632457806,0.0010552274761721492,0.046983502805233,0.007371565327048302,30737.648533710595,18527.177752427062
0.026791629028811808,-0.006782982587512261,0.02639985571487994,-0.24311160168390875,-0.3942986725787308,-0.24444300200429792,0.04481294642144773,0.0,-140.57999622307295,-165.2908511337659,-152.93542367841943,-24.710854910692944,-23.379104137420654,-23.65504026412964,-23.517072200775146,-0.2759361267089844,0.004053493030369282,0.003594208974391222,0.04880759119987488,0.046705424785614014,-0.003227480221539736,0.004141346551477909,0.04516162350773811,0.04736079275608063,213.81201910953575,35819.17597187346,0.0010651354677975178,265.2547870000466,35825.47861487216,0.0010401870822533965,0.06717944890260696,0.009655356407165527,30764.296465621464,18118.614686182133
-0.03854087670319519,0.0,-0.34055825295089687,-0.23019878813221956,0.10142944967157097,0.05391656609224804,-0.16339467680581976,0.0,-142.0004709827063,-164.78963668766187,-153.3950538351841,-22.789165704955565,-23.677337169647217,-23.41357946395874,-23.54545831680298,0.26375770568847656,-0.0030589138623327017,0.004276123829185963,0.04495912045240402,0.047319650650024414,-0.005335807800292969,-0.0005796131445094943,0.04872871935367584,0.046403855085372925,244.46503669283047,35801.25361455656,0.0010506766848266125,211.9539226435447,35826.058368457765,0.0010750232031568885,0.06457673013210297,0.009406308643519878,30961.57384362404,18248.59107883293
-0.9379773795830672,-1.0,-0.23708036595082302,0.23972270742585478,-0.1409984848476329,-0.2561945659577543,0.4335625067227879,0.8045916598866095,-136.08619605013146,-168.33933846620317,-152.21276725816733,-32.25314241607171,-23.444464206695557,-23.407063484191895,-23.425763845443726,0.03740072250366211,0.0048813484609127045,-0.0022584376856684685,0.04736946150660515,0.04745026305317879,0.0027193170972168446,0.004661754705011845,0.04789320379495621,0.04733463004231453,237.02556129516955,35813.91147782231,0.0010592073667794466,220.83458069799624,35821.32470307488,0.0010403245687484741,0.06616677343845367,0.010244039818644524,30976.866383018594,18248.062935699865
-0.018782131091394882,0.0008233164142543715,-0.17799163901103554,-0.24973281964024927,-0.12398156612187683,0.06510269624783938,0.029335440053675943,0.0,-146.95253894673237,-165.86916931181497,-156.41085412927367,-18.916630365082597,-23.425157070159912,-24.035511016845703,-23.730334043502808,-0.610353946685791,-0.005382244475185871,8.337908366229385e-05,0.04850558936595917,0.04650499299168587,0.004951275885105133,-0.0007261029677465558,0.044938214123249054,0.04363676905632019,173.96205090366496,35821.02197137989,0.0010571836028248072,241.04569155615286,35828.49948724594,0.0010523045202717185,0.06663177907466888,0.00983178149908781,30742.9196004706,18162.300179431626
-0.9709776692784675,-0.9962465540511899,-0.6497111785570768,-0.05472510761261054,0.04405845603936698,-0.03306139426800636,0.32726640121089384,1.0,-136.88013051110198,-164.71197436118777,-150.79605243614486,-27.83184385008579,-24.33666229248047,-21.490793228149414,-22.91372776031494,2.8458690643310547,-0.0008433332550339401,-0.004791058599948883,0.04219924658536911,0.04335525259375572,-0.0066747358068823814,-0.0007448839605785906,0.0608210414648056,0.0578807070851326,244.9714877879569,35810.83460778846,0.0010676189558580518,169.83035039270007,35817.05557232267,0.0010565388947725296,0.06018352881073952,0.00836605578660965,30752.393576470477,18416.85986664463
0.16178771466495176,0.20635065447921316,0.07591251568840696,-0.3164773743985849,-0.3446615199875309,-0.02352506440177249,0.12349589312163145,0.0,-140.8531042021575,-165.63412553065234,-153.24361486640493,-24.78102132849483,-21.92514419555664,-23.51548671722412,-22.72031545639038,-1.5903425216674805,0.006171669811010361,-0.0017188668716698885,0.0569496676325798,0.055990707129240036,-0.004037472419440746,-0.003491598181426525,0.048052866011857986,0.045971352607011795,217.9356231190717,35825.98790796559,0.0010671677300706506,157.70674501523965,35808.464800233036,0.0010393367847427726,0.07900242507457733,0.012313944287598133,30979.627259777164,18239.838490151265
-0.5432831586704505,-0.23787743583043658,-0.899305677585896,-0.6532980864141347,0.40727957782030905,0.5449256492064207,-0.024397539702809,0.27550239468421833,-142.80467857251574,-167.97056758163978,-155.38762307707776,-25.165889009124044,-23.75446319580078,-23.116507530212402,-23.435485363006592,0.6379556655883789,-0.00039759144419804215,-0.005185328423976898,0.044901762157678604,0.046577032655477524,0.0055322954431176186,0.00017648439097683877,0.050295405089855194,0.04815538600087166,153.37024922693564,35815.4391758312,0.0010493113659322262,234.416914806024,35831.94506451161,0.0010473658330738544,0.06434024125337601,0.008864224888384342,30753.747473952164,18362.908528415574
0.01246893042885804,-0.04355043677426847,0.028362360416743407,-0.2576092198488107,-0.5014719540861277,-0.34724785647722484,0.0050936565601800154,0.0,-140.26478077376947,-161.16212476540386,-150.71345276958667,-20.897343991634386,-22.51974582672119,-20.45968532562256,-21.489715576171875,2.060060501098633,-0.0011513507924973965,0.005872574169188738,0.051265548914670944,0.0541657991707325,0.007397515699267387,-0.001678383443504572,0.06758589297533035,0.06610774993896484,184.27846885966846,35819.99454015754,0.0010657395469024777,188.56775912726476,35807.37273284415,0.0010286085307598114,0.07372261583805084,0.009923833422362804,30724.235501209863,19727.645079798887
0.0,0.007476619721284753,-0.20547112220175084,-0.22016697573919056,-0.01860300957768174,0.042351919157269546,-0.11171663269395893,0.0,-139.02513016140648,-169.40124249635574,-154.2131863288811,-30.376112334949255,-20.421602725982666,-22.08132028579712,-21.251461505889893,-1.6597175598144531,-0.003179434686899185,-0.006922191008925438,0.06720013171434402,0.06708928197622299,-0.0031856540590524673,0.005391609854996204,0.0539892204105854,0.05690758302807808,214.48562612275674,35824.0625787025,0.0010566022247076035,214.90174094635577,35813.10124113839,0.001050925231538713,0.09444864094257355,0.012714844197034836,30757.196471981435,17885.82982266164
-0.8237173821065141,-1.0,-0.6038761164549937,0.26659376737017704,0.08509587109542102,-0.394786469332223,0.1372199980932498,0.9585274026263465,-138.91202854616824,-165.36031756622162,-152.13617305619493,-26.44828902005338,-22.25665807723999,-24.015915393829346,-23.136286735534668,-1.7592573165893555,-0.005821667145937681,-0.0020801639184355736,0.05592640861868858,0.05274004489183426,-0.004319014959037304,-0.0025739301927387714,0.04555918648838997,0.04319247230887413,183.4000514130573,35815.640196636414,0.001046484336256981,217.96027370281504,35836.045328393724,0.0010406342335045338,0.07654798775911331,0.011062798090279102,30759.32067877325,18048.86822887031
-0.0157214743094374,0.0,-0.15580922288200963,-0.25466560376079034,-0.14621447512611924,0.01487536890862573,0.00016232544606886723,0.0,-143.05376878278759,-169.22865314855443,-156.141210965671,-26.174884365766843,-24.064762592315674,-24.688851833343506,-24.37680721282959,-0.624089241027832,-0.00015380897093564272,-0.004995202645659447,0.043241169303655624,0.045026350766420364,0.0031413002870976925,-0.0034274219069629908,0.04022833704948425,0.041919171810150146,178.15884453205402,35816.95417645363,0.001074475352652371,192.52142820531796,35827.111022480196,0.001057649846188724,0.06187322735786438,0.008594567887485027,30736.806155045964,18505.938194925206
-0.989644696100396,-0.9966421350950798,-0.7719623211834818,-0.24599162460124985,0.030439466504940393,-0.017599367705575908,0.34401480123768563,1.0,-138.95862181183557,-168.17882538231493,-153.56872359707523,-29.220203570479356,-24.931297302246094,-24.064724445343018,-24.498010873794556,0.8665728569030762,-0.0044744862243533134,-0.0007510408759117126,0.04100896418094635,0.03886362537741661,0.0013620806857943535,-0.004790585022419691,0.04291205480694771,0.04534238204360008,183.17247109626734,35819.94826291331,0.0010458918986842036,181.43971600455038,35813.41582588509,0.001051743165589869,0.05620066821575165,0.007890074513852596,30754.302990142212,17954.230654186966
0.08809608895316909,0.06780131249053753,0.03737163534139433,-0.29753632591155393,-0.40564621357527186,-0.06384831699641735,0.11632301115807253,0.0,-142.8005319161917,-164.27338564413031,-153.536958780161,-21.472853727938627,-23.85463237762451,-22.43152379989624,-23.143078088760376,1.4231085777282715,-0.004590306431055069,0.0023067279253154993,0.04510590061545372,0.04533925652503967,0.0032916716299951077,0.005067935213446617,0.053743794560432434,0.0528002493083477,172.62489311880793,35821.004158220116,0.001076742890290916,193.68757030791414,35830.91662508328,0.0010398149024695158,0.06304638087749481,0.009921638295054436,30725.871582456424,18238.665059599436
0.1516002495354144,0.2860027629778945,-1.0,-0.7134539143015207,0.023405770730450828,-0.002993580236369163,-0.4088826498496729,-0.30639788961050873,-139.87570253401992,-170.07801132234295,-154.97685692818143,-30.202308788323023,-22.456133365631104,-22.197623252868652,-22.326878309249878,0.25851011276245117,-0.005911395885050297,0.001208761939778924,0.05376455932855606,0.05247350409626961,-0.003518044715747237,-0.005042386241257191,0.05526956543326378,0.05418825149536133,167.20208231317076,35812.888132884225,0.0010513250017538667,219.41721233392988,35827.84382571712,0.0010588605655357242,0.07429880648851395,0.01121323462575674,30741.123700074782,18202.01145299814
-0.16453442002177726,-0.20217510875725783,0.08775783164628699,-0.0867543477338614,-0.6133757825320405,-0.4240021890291948,0.15160057291782736,0.0,-140.35332560764806,-162.47427903250204,-151.41380232007504,-22.12095342485398,-22.186415195465088,-21.986217498779297,-22.086316347122192,0.20019769668579102,0.003744109533727169,-0.0049649253487586975,0.05341414734721184,0.0561491958796978,-0.006228602025657892,-0.0013578797224909067,0.05759868025779724,0.05451039597392082,181.12186591570648,35827.076121466336,0.0010618875967338681,172.57908758559861,35798.16385458073,0.0010329532669857144,0.07653096318244934,0.011273739859461784,30965.4189577524,17992.58087979221
-0.030199850351570558,0.02370100134009306,-0.14287544718941098,-0.2258933656785684,-0.03743738524546075,0.05835707389033984,-0.04859357859724345,0.0,-142.07486517765432,-170.34732494202615,-156.21109505984023,-28.27245976437183,-21.961896419525146,-21.923859119415283,-21.942877769470215,0.03803730010986328,0.004801122471690178,-0.00420460756868124,0.055294688791036606,0.05715716630220413,0.0008245059289038181,0.006312413141131401,0.055609025061130524,0.05734352394938469,180.70023343540794,35814.25304435546,0.0010601639514788985,210.13017541624944,35833.1028205895,0.001057842979207635,0.07842078804969788,0.012244402430951595,30719.913084186497,18518.4025402581
-0.8965983634595943,-1.0,-0.626514820171212,-0.07481257009104772,-0.06237061716892167,-0.20284672123931874,0.21773269207099555,1.0,-142.71001218777883,-166.57032982483486,-154.64017100630684,-23.860317637056028,-21.945765018463135,-21.941215991973877,-21.943490505218506,0.0045490264892578125,-0.004077700898051262,-0.004942540545016527,0.057187438011169434,0.05547434836626053,0.0008867274154908955,0.00632407795637846,0.055506665259599686,0.057217005640268326,168.03239554389236,35809.057711469555,0.0010412164265289903,192.6650779289504,35825.40216527273,0.001038390793837607,0.07951712608337402,0.010797334834933281,30764.12202756798,17940.041203150817
-0.013900229115925571,0.007699076898825951,-0.13841084678054957,-0.2935702972185752,-0.18828606389437286,0.01821000867485323,0.017169375845941137,0.0,-144.4712104998771,-164.53044955777014,-154.5008300288236,-20.059239057893052,-21.950323581695557,-21.961567401885986,-21.95594549179077,-0.011243820190429688,-0.0004862888890784234,-0.006368774920701981,0.0552663579583168,0.057332295924425125,-0.0029354291036725044,-0.00567204225808382,0.05640849843621254,0.056062016636133194,206.51480849556685,35822.413365912835,0.0010678906692191958,160.20600205142225,35803.71343754979,0.00103737972676754,0.07914456725120544,0.010847964324057102,30748.711521642086,18033.906895146785
-0.8474769118750565,-0.7595965266460252,-0.8907711080058476,0.02252870017399694,0.43081218178860053,-0.14929013322994666,-0.19348599607831396,0.6259057831669478,-138.97057950423016,-170.50849121350257,-154.73953535886636,-31.537911709272407,-21.96091651916504,-23.184919357299805,-22.572917938232422,-1.2240028381347656,-0.005671774037182331,-0.002971161622554064,0.057824745774269104,0.05460689961910248,0.0009121510665863752,-0.005408774130046368,0.04759786278009415,0.05007299780845642,196.7364357660148,35815.92977239369,0.001054152613505721,186.351901103996,35832.49731453898,0.001066103926859796,0.0790775716304779,0.011605115607380867,31005.893926504163,18199.208540572887
0.045443845420489265,0.0332987983829363,0.00271387249846311,-0.320558800384048,-0.4745438509774673,-0.2133184633285573,0.0866990180552405,0.0,-144.76156843227932,-161.54062626616943,-153.15109734922436,-16.779057833890107,-23.51402521133423,-23.731706142425537,-23.622865676879883,-0.2176809310913086,-0.005298524163663387,0.0007083842647261918,0.04776613041758537,0.04628449305891991,0.005187897011637688,-0.0005055416841059923,0.04666357859969139,0.04505671560764313,175.23877670577232,35819.40620979257,0.0010702076833695173,209.36654814831294,35823.41636677857,0.0010447856038808823,0.0658712163567543,0.010062669403851032,30740.495328190438,18301.74297325896
-0.13543395725423307,0.0014471163147386933,-0.44883001913604487,-0.29149304389542335,0.2632226029781751,0.16677108457944528,-0.14488300476330684,0.0,-138.9927033133725,-170.37365783465253,-154.6831805740125,-31.380954521280046,-23.733394145965576,-23.7349796295166,-23.73418688774109,-0.0015854835510253906,0.004887154325842857,-0.0017920080572366714,0.046029556542634964,0.04568702355027199,-0.004634831566363573,0.0022542672231793404,0.045783575624227524,0.04592249169945717,209.71597510128427,35810.623399933975,0.00105933821760118,158.22143455333645,35828.7161780317,0.0010684063890948892,0.06417720019817352,0.009990688413381577,30977.958467969092,18127.284279716507
-0.6727626720115668,-0.7499961084280996,0.04356209580989498,0.20651744414021997,-0.4971030545765587,-0.532915033914727,0.17825501753127748,0.3034839367654577,-141.5982931341938,-161.3978056683677,-151.49804940128075,-19.799512534173914,-23.696348667144775,-23.610775470733643,-23.65356206893921,0.08557319641113281,0.003836388234049082,-0.0035560305695980787,0.04521336406469345,0.04688039794564247,0.0052536167204380035,-0.0005448270821943879,0.04729209095239639,0.045715443789958954,220.01087657706466,35815.55836857285,0.0010505535174161196,196.5913689334958,35820.18125761815,0.0010424067731946707,0.06401518732309341,0.010078136809170246,30965.02566853608,18219.13428451158
-0.03278675415245858,0.01798331952874969,-0.1869977873231804,-0.2903847610415339,-0.12291263637323441,0.10193235773059406,0.045166192155352114,0.0,-140.9853499445868,-165.6474850527565,-153.31641749867165,-24.662135108169707,-23.606383800506592,-23.74051570892334,-23.673449754714966,-0.13413190841674805,0.002860244130715728,0.004431581124663353,0.046950362622737885,0.046114977449178696,-0.00496320053935051,-0.0015108776278793812,0.04708437621593475,0.044523369520902634,147.745369874636,35826.0018950336,0.001070357975549996,226.56113703513586,35816.04970433536,0.0010695764794945717,0.06559542566537857,0.008877432905137539,30762.92045122841,17883.700874238835
-0.9559659769146892,-0.9864263601405469,-0.6073655255711641,-0.025751395603303973,0.03492853139485763,-0.0476889028106241,0.30190233749542045,1.0,-135.77010964235535,-168.12120744173365,-151.9456585420445,-32.351097799378294,-23.658645153045654,-24.653444290161133,-24.156044721603394,-0.9947991371154785,0.00034633715404197574,0.005253464914858341,0.045375894755125046,0.047116003930568695,-0.0036929999478161335,0.0028419324662536383,0.04073081165552139,0.04176417365670204,183.27456306151808,35802.537920982664,0.0010502684162929654,202.44126783723078,35832.243472804104,0.001067374018020928,0.06493893265724182,0.008901072666049004,30489.59384206096,18961.9121800159
0.09002187557966769,0.12921888354142874,-0.07774691179964663,-0.37032597069949275,-0.3171281763315782,-0.07363940538228564,-0.031793596324674045,0.0,-146.1613075863359,-163.51050243317025,-154.83590500975308,-17.349194846834337,-24.535765647888184,-23.968920707702637,-24.25234317779541,0.5668449401855469,0.000946858199313283,0.004649512469768524,0.041307877749204636,0.04231049492955208,-0.004883534274995327,0.0013320532161742449,0.04503430053591728,0.04422615095973015,217.816282655732,35803.1258699739,0.0010688304901123047,176.55426280150868,35827.81000417928,0.0010310946963727474,0.058690160512924194,0.007765643764287233,30761.333376731505,17786.629664483193
-0.005217994305936169,0.07768518184702844,0.024066338225996575,-0.7218095450458192,-0.19503014756066908,-0.11050198588053126,-0.29467357819385254,0.04042163611075354,-138.61598391063654,-169.614011049581,-154.11499748010877,-30.99802713894445,-24.221761226654053,-23.91035556793213,-24.06605839729309,0.31140565872192383,0.0015217335894703865,-0.0046781073324382305,0.0420667789876461,0.044599078595638275,-0.003422293346375227,-0.0037376470863819122,0.04566574841737747,0.04419340565800667,196.73477347855967,35826.92543514467,0.0010523864766582847,150.76855013984135,35807.10407293489,0.0010646764421835542,0.060852713882923126,0.008245495148003101,30965.459666327923,18798.561734058836
0.01402531197656232,-0.04413338304286684,-0.05789301225252488,-0.30201360475416017,-0.4794829241682299,-0.24508162104387032,0.0235843656134489,0.0,-144.1838846699378,-165.62245330623824,-154.90316898808803,-21.43856863630043,-24.03167963027954,-25.376527309417725,-24.704103469848633,-1.3448476791381836,0.004648036323487759,-0.001927986741065979,0.044376663863658905,0.044243961572647095,0.001210005022585392,-0.004132581874728203,0.036863647401332855,0.0390152633190155,186.57044604697532,35821.04877049483,0.001076600863598287,165.17097790135307,35824.540909913936,0.001052543637342751,0.06174628064036369,0.009827875532209873,30729.442827124196,18350.621121359512
0.0,0.005025646663942282,-0.25621715683545104,-0.2523515297037138,-0.00019611364711813462,-0.07627684774630117,-0.1527947604134119,0.0,-142.89516547058017,-167.62550779229312,-155.26033663143664,-24.730342321712953,-26.25028371810913,-24.548659324645996,-25.399471521377563,1.7016243934631348,0.0014552396023645997,-0.003623049706220627,0.03330706059932709,0.03530742973089218,0.0030627790838479996,0.0035546962171792984,0.04238006845116615,0.04111587256193161,107.12180769036418,35807.81300319436,0.0010620630346238613,203.75388197298417,35825.57838301905,0.001055937260389328,0.04814984276890755,0.006483057979494333,30965.926661610974,18839.13470909703
0.20812185386718873,0.1319978490155832,0.5067308819283359,0.9927122552730181,0.6662897386945222,0.0,-0.4908556706402958,-0.08866065733447591,-137.634048394299,-163.27629758602217,-150.45517299016058,-25.64224919172318,-24.417762756347656,-24.433112144470215,-24.425437450408936,-0.015349388122558594,0.0031403459142893553,-0.003657502355054021,0.041402172297239304,0.04334261268377304,-0.0035396269522607327,-0.0032252955716103315,0.043179601430892944,0.04142213612794876,193.83730392481812,35806.49593449858,0.001050586230121553,145.0381027398421,35825.86084215156,0.0010407200315967202,0.05916212871670723,0.009108955040574074,30965.013859252653,18000.404323284743
-0.06289749903009903,0.0015246390230659048,-0.12052165764529077,-0.33522466931882317,-0.13435881400887228,0.14563268718076167,0.054715680359459395,0.0,-140.0520060140007,-166.0962689848447,-153.0741374994227,-26.044262970843988,-24.504680633544922,-24.61360454559326,-24.559142589569092,-0.10892391204833984,0.00042034726357087493,-0.004740746226161718,0.04090528562664986,0.04299323260784149,0.00014789047418162227,-0.0046867192722857,0.040505245327949524,0.04235401004552841,192.00611630621867,35815.06865960812,0.0010760258883237839,184.50509217088876,35828.63608139121,0.0010635644430294633,0.05875716358423233,0.007907235063612461,30482.324239190868,19626.10879390289
-0.9720285579115798,-1.0,-0.7708397709050945,-0.26213244796126306,-0.08408599144703444,0.045958247571761146,0.4395429428197047,1.0,-137.21350219708359,-167.53734150205509,-152.37542184956934,-30.3238393049715,-24.729268550872803,-25.306885242462158,-25.01807689666748,-0.5776166915893555,0.004326228052377701,-0.001697854488156736,0.04099178686738014,0.04078918695449829,0.004292477387934923,-0.000560293672606349,0.03885098919272423,0.0376615934073925,141.17673110007954,35829.52911265058,0.0010525962570682168,175.46894679711585,35809.8258419626,0.0010759610449895263,0.05719437450170517,0.008933136239647865,30979.642405988656,18438.193041695504
0.0,0.09646549158808393,0.02315082913656885,-0.31812710608043504,-0.33698188356798575,0.011458891062445686,0.14731251906613663,0.0,-144.72422272370642,-162.75199572736443,-153.73810922553542,-18.027773003658012,-25.35867214202881,-25.532090663909912,-25.44538140296936,-0.17341852188110352,-0.004110031761229038,0.0012821091804653406,0.03828749805688858,0.037777483463287354,-0.0018184800865128636,-0.0038219252601265907,0.0373268648982048,0.037234727293252945,137.58193452720639,35815.91076056066,0.0010896107414737344,193.05837612355774,35831.04639040628,0.0010525131365284324,0.05315280705690384,0.008388417772948742,30976.80149032154,18586.222978231915
-0.26059427955743625,-0.07483563930142044,-0.4081346593447606,-0.14338980057216438,0.424022191819201,0.22677607893213547,-0.27326569768362985,0.13826085392820076,-138.56105475552556,-170.37798166584173,-154.46951821068365,-31.81692691031617,-25.617225170135498,-25.69838523864746,-25.65780520439148,-0.08116006851196289,-0.003788704751059413,-0.0018042426090687513,0.0379704013466835,0.035832472145557404,0.002034225966781378,0.003563505597412586,0.03676361218094826,0.03638868033885956,141.19956810552125,35799.04421863092,0.0010473798029124737,213.62228251053446,35842.07735276925,0.0010773208923637867,0.051895007491111755,0.0075776102021336555,31004.921749365883,18685.13011226736
-0.4131137706988325,-0.5383661903011345,0.07413478944226515,-0.1025387024212058,-0.8524582513292873,-0.6250129098852938,0.08668751284847398,0.21213748844528735,-141.60099469903656,-162.63137874491485,-152.1161867219757,-21.030384045878293,-25.703070163726807,-25.92862606048584,-25.815848112106323,-0.2255558967590332,-0.0022306647151708603,0.0035134563222527504,0.0355459563434124,0.0375339575111866,0.00400351919233799,-0.0006245629047043622,0.03614009916782379,0.035085391253232956,209.28570548441013,35822.039276568554,0.0010796308051794767,122.34134330805992,35817.628718765045,0.001050658174790442,0.05117163062095642,0.007281722035259008,30960.805655511747,18311.265378544336
-0.015031228928190435,0.011902875167157378,-0.21043362778835495,-0.19366213661242698,0.013144547301620124,0.07804074129693628,-0.039994567540615145,0.0,-141.3328787003357,-167.6307878474377,-154.4818332738867,-26.29790914710199,-25.84425926208496,-23.425495624542236,-24.6348774433136,2.4187636375427246,0.0032274648547172546,-0.0024970092345029116,0.035475071519613266,0.036448147147893906,-0.005222967825829983,0.0011823450913652778,0.048030585050582886,0.04699482396245003,194.6171509119696,35823.93973762954,0.0010884578805416822,194.34449698215553,35822.37918214602,0.001059034839272499,0.050039224326610565,0.007741925306618214,30721.975250859527,18213.13852603385
-0.8862090106395935,-1.0,-0.6370254018133612,-0.15194768037390438,-0.141773731392125,-0.35473305419846923,0.34313509408988835,1.0,-138.0166263871975,-168.1844551292363,-153.1005407582169,-30.167828742038807,-22.974486351013184,-21.609809398651123,-22.292147874832153,1.3646769523620605,-0.005157277919352055,0.0023798842448741198,0.04999354109168053,0.05009777843952179,0.0005031425389461219,0.006607524119317532,0.0574936643242836,0.059609297662973404,201.9387954819961,35827.41978313247,0.0010536778718233109,212.0052274256506,35802.9777357918,0.001038272399455309,0.06978993117809296,0.010926955379545689,30975.633097066955,18411.47472637899
0.9853793072365374,0.9989829199915203,0.8746781272647738,-0.35588293562733353,-0.5054041440322093,-0.5789058795117386,-0.7088128937518867,-0.9697699597541174,-143.5087457302393,-164.29442197871117,-153.90158385447523,-20.785676248471873,-21.205551624298096,-19.706621170043945,-20.45608639717102,1.4989304542541504,-0.0024116942659020424,0.006521814037114382,0.05953792482614517,0.06311076879501343,-0.005334521643817425,-0.006308102048933506,0.07399266958236694,0.07180323451757431,181.3364441629506,35808.03071213169,0.0010588915320113301,186.06473569588192,35824.55964001958,0.0010397443547844887,0.08588038384914398,0.011482084169983864,30966.527635644612,19493.67474200667
-0.9860859299826337,-0.9749177549324308,-0.7120867901526928,-0.1442976485132566,0.15937408063323413,0.18745799374868416,0.43491199195436625,1.0,-137.93412735166288,-164.95085235850632,-151.4424898550846,-27.016725006843444,-19.778422117233276,-19.255220890045166,-19.51682150363922,0.5232012271881104,0.005020163021981716,-0.006515746936202049,0.07049030810594559,0.07407360523939133,-0.004572723526507616,0.007394544780254364,0.07476324588060379,0.07877569645643234,170.98725929352184,35802.10396409299,0.0010445486987009645,195.04229679215575,35818.5616935054,0.0010475621093064547,0.1007513478398323,0.015347199514508247,30964.752243979423,17975.177179689468
0.0,-0.002459994177293267,-0.022687298632814934,-0.24117994887458788,-0.31529681370504653,-0.10309751003003165,0.06716953558210415,0.0,-139.6494361959726,-162.43804795785928,-151.04374207691595,-22.78861176188667,-19.173115491867065,-19.240622520446777,-19.20686900615692,-0.06750702857971191,0.001429364550858736,-0.008685938082635403,0.07541906833648682,0.07957245409488678,-0.000646085652988404,-0.00871822889894247,0.07549574971199036,0.07832419127225876,200.02801179434968,35813.52306855575,0.0010554485488682985,176.48563620708518,35819.80102415771,0.0010334030957892537,0.10856345295906067,0.01467669103294611,30483.49511381441,19557.927942498627
-0.08036221577983935,0.0,-0.30001387287788334,-0.3178656021044153,0.00977420550814423,0.035894709776083666,-0.16364630875952202,0.0,-139.30606631786287,-170.45494027022272,-154.8805032940428,-31.14887395235985,-19.263436794281006,-19.246724843978882,-19.255080819129944,0.016711950302124023,0.003238745266571641,0.008096969686448574,0.07655703276395798,0.07688482850790024,0.00695608276873827,-0.005164373200386763,0.07595935463905334,0.07777600735425949,160.6631559188741,35816.303390613284,0.0010466357925906777,179.37950527362128,35818.16534748085,0.0010465352097526193,0.10804836452007294,0.014441022649407387,30758.044400483348,17845.995474809177
-0.07144098361727189,-0.09946054683976432,0.09631725812038233,-0.0031441593951922475,-0.359768345152197,-0.3261074581234437,-0.05088824520792834,0.0,-142.5343208451508,-166.64852125329259,-154.5914210492217,-24.114200408141784,-19.213908910751343,-18.91269326210022,-19.06330108642578,0.30121564865112305,-0.006556386593729258,0.005804474465548992,0.07584579288959503,0.0784534364938736,-0.00448952428996563,-0.007860920391976833,0.08032844960689545,0.07943733781576157,185.97441253399958,35817.51791451551,0.0010292832739651203,164.6749637782,35814.72705022302,0.0010383294429630041,0.10740102827548981,0.01691831462085247,30965.627311676195,18039.801107111678
0.971839371273,1.0,-0.19666411997915614,-0.41303917734798223,-0.458512523367514,-0.520050830769096,-0.7442602755295961,-0.9592036802988743,-142.8210074935323,-166.31212779003408,-154.5665676417832,-23.491120296501776,-18.739622831344604,-18.860429525375366,-18.800026178359985,-0.12080669403076172,0.008312475867569447,0.004023476969450712,0.08381276577711105,0.0791027694940567,-0.00572416465729475,-0.0070592137053608894,0.0814916342496872,0.07922704517841339,168.68583224655924,35818.38626789567,0.0010567009449005127,193.35885636049673,35817.8116844986,0.0010477066971361637,0.11458979547023773,0.016576359048485756,30760.00556003049,18160.51065724322
-0.8916500348454939,-1.0,-0.7707099271728274,0.02411547736781397,0.15876066543702402,-0.05470092775243729,0.25214234792822,1.0,-137.31664171745837,-166.01217404160388,-151.66440787953113,-28.695532324145518,-19.02731418609619,-18.657811880111694,-18.842563033103943,0.36950230598449707,0.003314325585961342,-0.008327512070536613,0.07647912949323654,0.08112296462059021,0.00281911576166749,0.008866317570209503,0.08173219859600067,0.0827924981713295,159.75607464810776,35821.597526659294,0.0010538677452132106,166.34822508531445,35819.081916842166,0.0010532137239351869,0.11050336062908173,0.01518560852855444,30962.959033152893,18663.83562662243
-0.006645475573159556,0.008962961621896397,-0.09777955806745184,-0.2803813502428349,-0.266899335178392,-0.03847310463611098,0.03488716998311259,0.0,-142.783219527323,-163.81006419360284,-153.29664186046293,-21.02684466627983,-18.54877233505249,-17.751340866088867,-18.15005660057068,0.797431468963623,0.005590646527707577,0.007604536600410938,0.0843052864074707,0.08228708058595657,0.0005700229667127132,0.010335586965084076,0.08953021466732025,0.09305939078330994,157.0526968570928,35807.63234490413,0.0010540545918047428,164.65117006369272,35824.12561094966,0.0010422180639579892,0.11721730977296829,0.016102483496069908,30764.607801252776,17922.994381591703
-0.6243398659776158,-0.42301264598480787,-0.9033048421302011,-0.07155003747125266,0.4073536997419262,0.24217792664034615,-0.04825525630124905,0.6083473606736174,-139.08268859135785,-169.89092338023826,-154.48680598579807,-30.808234788880412,-17.795288562774658,-17.90106177330017,-17.848175168037415,-0.1057732105255127,0.009796377271413803,0.00327852345071733,0.09347014129161835,0.08815041929483414,-0.0024243018124252558,0.009806092828512192,0.08729852735996246,0.09214698523283005,172.78881146773386,35814.63370298981,0.001048863516189158,143.36223069642625,35819.52652693209,0.0010332259116694331,0.12782403826713562,0.018266908824443817,30758.549071706966,18060.02782429563
0.006893113523709769,-0.04659607106322755,0.04226431632256376,-0.16764509717579934,-0.4643437070396109,-0.2863540275835737,0.009165470351927607,0.0,-142.42671637667542,-166.69407468972048,-154.56039553319795,-24.267358313045065,-17.973177433013916,-18.453608751296997,-18.213393092155457,-0.48043131828308105,-0.010037824511528015,-0.0012536955764517188,0.09128084778785706,0.0866752341389656,0.000360192934749648,-0.00957933347672224,0.08227907866239548,0.08611231297254562,163.79216585015803,35812.526206267365,0.0010587383294478059,173.16880142363254,35824.84760546855,0.0010385105852037668,0.1252022683620453,0.017722157761454582,30751.570333659438,17978.447395514533
-0.0076100887064356965,0.004374677963810041,-0.242836925821931,-0.23560946330552077,0.12431738084635402,0.17520919922476264,-0.09796252435461006,0.0,-144.2392929509228,-168.38912412834077,-156.31420853963178,-24.14983117741798,-18.511868715286255,-18.505125045776367,-18.50849688053131,0.006743669509887695,0.009198574349284172,-0.0024039228446781635,0.08441398292779922,0.08288975805044174,-0.00804104097187519,-0.00498522724956274,0.08585826307535172,0.08153259009122849,186.1702419629295,35827.30030797352,0.0010623818961903453,170.34263116637453,35819.9861598729,0.0010483930818736553,0.11690311133861542,0.018460845574736595,30981.85178691154,18797.215107294356
-0.054306891750869384,-0.0669375277236513,-0.0020014195598538898,0.2641386530825098,-0.09995718405795861,-0.3675933257209738,-0.16783497601108255,0.0,-141.06465740179948,-166.80082722477349,-153.9327423132865,-25.736169822974006,-18.512455224990845,-18.47591280937195,-18.494184017181396,0.036542415618896484,0.0035630189813673496,-0.008821173571050167,0.08115805685520172,0.08606848865747452,0.002505592769011855,-0.009147906675934792,0.0816527009010315,0.08629489690065384,176.28736540209252,35818.11235898132,0.0010471759596839547,144.42699541726873,35816.86266371188,0.0010243837023153901,0.11699806153774261,0.015792645514011383,30966.36907620305,19273.275910594977
-0.019829348043741302,0.003306679819477943,-0.13288978049253092,-0.2644483950776081,-0.16246037756754128,-0.029249340021155534,-0.02034329984772376,0.0,-144.11076554134314,-168.09152170806266,-156.1011436247029,-23.980756166719516,-18.46943497657776,-18.458441495895386,-18.463938236236572,0.010993480682373047,0.0074887508526444435,-0.005909521132707596,0.08289938420057297,0.08521635085344315,-0.004852004814893007,-0.008189085870981216,0.0847100019454956,0.08363495022058487,166.84960055024362,35821.79682790958,0.0010580922244116664,147.24921660532024,35809.83073518808,0.001022364478558302,0.11715386062860489,0.01839762181043625,30721.942359564204,18544.241152268656
-0.9727814692455521,-1.0,-0.7777961711529525,-0.22914156479507447,0.017395087516623164,0.0384728014375923,0.3606745354801529,1.0,-140.51947920695608,-168.16692499374125,-154.34320210034866,-27.64744578678517,-18.460979461669922,-18.462053537368774,-18.461516499519348,-0.001074075698852539,-0.009159869514405727,0.0027211152482777834,0.08476551622152328,0.08352460712194443,-0.0019684298895299435,0.009314067661762238,0.08186020702123642,0.086357481777668,145.0874126851674,35817.94363471641,0.001036404981277883,182.22658069519207,35816.46042185564,0.00105271115899086,0.11772095412015915,0.018318671733140945,30737.386043798633,18381.810391627016
0.1294359720943741,0.12965805786684764,0.04788726758164981,-0.24199377106867673,-0.3792201102425623,-0.11196434017965395,0.0936569804674533,0.0,-142.69514713111352,-163.422562326351,-153.05885472873226,-20.727415195237484,-18.453484773635864,-18.462129831314087,-18.457807302474976,-0.008645057678222656,-0.0009705317206680775,-0.009502189233899117,0.08275607228279114,0.08566024899482727,0.009550655260682106,-0.0005477680242620409,0.08572756499052048,0.0825127512216568,163.9746424420239,35825.288808325226,0.0010599530069157481,140.7415903040865,35805.00182958419,0.0010272902436554432,0.11818929761648178,0.01625772751867771,30748.03154755873,18064.148423145958
-0.07062909911251634,0.0,-0.3155416545628279,-0.24196414828165586,0.17175150411214402,0.20705956267798065,-0.12951343861060027,0.0,-140.5647317316243,-169.96057451402072,-155.2626531228225,-29.395842782396414,-18.471299409866333,-18.443676233291626,-18.45748782157898,0.02762317657470703,0.007103065028786659,-0.006387279834598303,0.08257581293582916,0.08549278229475021,-0.009415535256266594,0.0013657866511493921,0.08555212616920471,0.08306670933961868,159.1387798933405,35813.39221692815,0.0010415386641398072,185.2000736068238,35810.17299476184,0.0010449944529682398,0.11718158423900604,0.018356844782829285,30720.046869825146,18373.525195966104
-0.045106694860219364,-0.0611981682504367,0.11198292554609628,0.008336689659409868,-0.37293513746893375,-0.3774049484352142,-0.02461513207257604,0.0,-141.00755423674227,-164.59137890340264,-152.79946657007247,-23.583824666660377,-18.44730019569397,-18.397880792617798,-18.422590494155884,0.049419403076171875,0.008675601333379745,-0.00402372982352972,0.08420336246490479,0.084357351064682,0.00865868292748928,0.004123931284993887,0.08711432665586472,0.08234420418739319,150.2605129935816,35813.99383233204,0.0010495324386283755,176.9983015898906,35824.91680459429,0.0010441882768645883,0.11771038174629211,0.01855350099503994,30730.207839613136,19266.291929427618
0.9621436570162569,0.9829592646066889,0.788461220724268,0.5690298938493777,0.4654155234819968,-0.627534220409179,-0.7820062986845759,-0.9822769488000245,-142.6249099873254,-166.36418073737968,-154.49454536235254,-23.73927075005429,-18.379697799682617,-18.391544818878174,-18.385621309280396,-0.01184701919555664,0.005246626678854227,-0.008085445500910282,0.08265158534049988,0.08716616779565811,-0.006814209744334221,-0.006797795183956623,0.08640800416469574,0.08320806175470352,151.57841810514614,35820.591322389366,0.0010544182732701302,176.59816655311104,35812.312559581136,0.001048382604494691,0.11860725283622742,0.01685556024312973,30962.12532396655,18383.54197037685
-0.9599013650282859,-1.0,-0.7335550087468851,-0.1915723744701462,-0.013360463600324834,-0.012783367719854333,0.3915663855428512,1.0,-139.23843997735815,-167.00386315056514,-153.12115156396163,-27.765423173206983,-18.387670516967773,-18.357471227645874,-18.372570872306824,0.030199289321899414,-0.009597185999155045,0.0010349750518798828,0.08627840131521225,0.08341673761606216,-0.008509766310453415,-0.004481187090277672,0.0874573215842247,0.0827971026301384,154.3725439012659,35804.89067579393,0.0010342944879084826,167.89698992090277,35810.68045357662,0.001045303069986403,0.11900080740451813,0.01724901795387268,30744.796145062228,18077.278268821683
-0.006795278294553142,0.014609514202269205,-0.08619032280465841,-0.2988617294179299,-0.27967654644717255,-0.03770193336570915,0.0693482288833851,0.0,-142.1942293108009,-165.46642958647647,-153.83032944863868,-23.272200275675573,-18.367867469787598,-18.339451551437378,-18.353659510612488,0.028415918350219727,-0.008253337815403938,0.005013369023799896,0.08441495895385742,0.08568897843360901,0.007315187714993954,0.006335830315947533,0.08716894686222076,0.0834580659866333,149.63629389197268,35818.04579074627,0.0010619240347296,177.1518681707407,35815.437572206596,0.0010387840447947383,0.11874102056026459,0.0186480600386858,30724.899778802115,18181.83422200534
-0.25174992499588883,-0.06486920576954007,-0.6011893811692051,-0.3180580508470638,0.43276272620623396,0.3212112264140564,-0.26239153352339484,0.04375711923551451,-139.14034505532032,-170.10651940692827,-154.6234322311243,-30.966174351607947,-18.333134651184082,-18.36379051208496,-18.34846258163452,-0.030655860900878906,-0.0031871828250586987,0.009192582219839096,0.08286532014608383,0.08784839510917664,-0.0022390675731003284,0.009338250383734703,0.08278828859329224,0.08734585344791412,156.8528520900837,35810.49605341959,0.0010461753699928522,192.52240028930368,35816.65716607694,0.001049237442202866,0.11955678462982178,0.016162453219294548,30965.228063767303,19155.260389411193
0.0007451551840261752,-0.02956857460194758,0.03953489274346576,-0.16478850197361733,-0.34519640546040514,-0.2343981842459012,0.018584503507774852,0.0,-143.7208688245733,-162.54402065463847,-153.1324447396059,-18.82315183006517,-18.359782695770264,-18.326332569122314,-18.34305763244629,0.03345012664794922,0.008774256333708763,0.004038766026496887,0.08756786584854126,0.08262833952903748,-0.001722113462164998,-0.009552896954119205,0.08429732173681259,0.08661067485809326,165.54933900260048,35813.3369174672,0.0010461104102432728,159.63728479513378,35818.273276659645,0.001042777905240655,0.11986255645751953,0.017307410016655922,30758.96396845971,18023.71097691553
0.0,0.0058923924479218235,-0.19229155258131053,-0.20540208850404734,0.029168277113636176,0.0509659229007321,-0.0836330867917271,0.0,-139.1502438889026,-170.16969038422124,-154.65996713656193,-31.019446495318647,-18.34171175956726,-18.37586522102356,-18.35878849029541,-0.03415346145629883,-0.003885542508214712,-0.00888055469840765,0.08530651032924652,0.08531436324119568,-0.005261808633804321,-0.008014457300305367,0.08569031953811646,0.0842626690864563,156.94618483445234,35824.23262367608,0.0010685566812753677,168.51352376817516,35813.246205074254,0.0010513985762372613,0.12010711431503296,0.016133196651935577,30761.280158723326,17801.766864528912
-0.570565146496312,-0.7307304609476863,-0.3227189911155628,0.2451025184493631,-0.13678376209119464,-0.48395589378111015,0.08852736628577906,0.6506539992979968,-141.2106808228158,-169.0878752533016,-155.1492780380587,-27.877194430485815,-18.439040184020996,-18.871679306030273,-18.655359745025635,-0.43263912200927734,0.0010894638253375888,-0.009546006098389626,0.08217798918485641,0.0864841565489769,0.008617743849754333,0.002817430067807436,0.08248226344585419,0.07798236608505249,153.1681809308332,35811.65734521656,0.0010355169652029872,178.63100076958764,35817.535447233546,0.0010422203922644258,0.11842306703329086,0.015929285436868668,30497.284240441393,18811.079901791032
0.9561450387658252,0.9900981145802521,0.8668697876171524,0.6270047797738342,0.48706917050707454,-0.5639598202699332,-0.7004232937800727,-0.9864917502001818,-146.61224289514746,-161.34008972260403,-153.97616630887575,-14.727846827456574,-18.83605122566223,-18.1536066532135,-18.494828939437866,0.6824445724487305,0.00458190031349659,0.007921243086457253,0.08107699453830719,0.08010225743055344,-0.00704738637432456,-0.006951396353542805,0.08884692937135696,0.08547748625278473,181.97022159859378,35825.60727252171,0.001051977975293994,155.70641511431594,35811.09008678058,0.0010382140753790736,0.11364275217056274,0.015187748707830906,30764.850047138385,17870.214944634066
-0.9911071998330526,-0.983272547027175,-0.7318990976952614,-0.1312387393671557,0.13979300176760784,0.08818403066782737,0.32460240402995916,1.0,-135.77913178346273,-165.8437619719328,-150.81144687769776,-30.064630188470062,-18.165903091430664,-18.640573024749756,-18.40323805809021,-0.4746699333190918,0.00699582789093256,-0.006991309113800526,0.08530396968126297,0.08877118676900864,-0.00825014803558588,0.004337317310273647,0.08214627951383591,0.08270788937807083,162.77981571795712,35818.3746464127,0.0010397634468972683,151.44841420242895,35807.6739539008,0.0010406558867543936,0.12141233682632446,0.018736226484179497,30721.614997490444,18244.231006555245
0.0,0.006512344900448851,-0.0700947082264713,-0.2652834751182101,-0.33105135315558454,-0.13624867605218438,0.02118919410659348,0.0,-142.81971935269996,-165.88343169056276,-154.35157552163136,-23.063712337862796,-18.68631362915039,-19.15359377861023,-18.91995370388031,-0.46728014945983887,-0.007973183877766132,-0.004768052138388157,0.08420363068580627,0.0797223299741745,0.005165391601622105,0.007142940536141396,0.0785679891705513,0.0768190547823906,166.72949357581066,35818.89394917896,0.0010634675854817033,182.55414947984227,35822.22325207485,0.0010385882342234254,0.11558634042739868,0.016815155744552612,30761.20773269609,19058.93780886085
-0.08252352024803458,0.001213782759553638,-0.3513630232805932,-0.26017772203692774,0.1255746060985603,0.06204560598845682,-0.16123474204265031,0.0,-142.44327706426222,-168.401199765739,-155.4222384150006,-25.957922701476775,-19.15833830833435,-19.452868700027466,-19.305603504180908,-0.29453039169311523,0.008335440419614315,-0.0028413368854671717,0.07805752754211426,0.07725284993648529,0.004712914582341909,-0.007000443991273642,0.07319175451993942,0.07690490782260895,166.60039396781502,35817.429558002725,0.0010433736024424434,163.29806625913622,35823.26687444476,0.001056521781720221,0.10844236612319946,0.0171060748398304,30978.30076369644,18254.705140588994
-0.18981686473598255,-0.22813125112055874,0.08408959567926544,0.0032547178470628685,-0.6091021829495697,-0.5247299038276958,0.0034328950068743813,0.04088823720510282,-140.58666437880885,-165.6169528760273,-153.10180862741808,-25.030288497218464,-19.469674825668335,-19.39455509185791,-19.432114958763123,0.0751197338104248,0.0052620298229157925,0.006699100136756897,0.0759584978222847,0.07386843115091324,0.005877130664885044,-0.006224155426025391,0.07402822375297546,0.07708748430013657,191.89000560780218,35814.61125568051,0.0010441242484375834,168.17610874355077,35826.80330825148,0.0010382127948105335,0.10568787157535553,0.01432729884982109,30764.47420793694,17900.062724283653
-0.039177498573110356,0.00639209279805135,-0.17353181180579788,-0.2369779138272166,-0.07111611219821845,0.042124953969366,-0.03858555236444017,0.0,-144.1089514528997,-166.2753247334388,-155.19213809316926,-22.16637328053909,-19.498265981674194,-19.30938720703125,-19.403826594352722,0.18887877464294434,-0.00825490616261959,-0.0020274773705750704,0.07675984501838684,0.072528176009655,0.007879449985921383,-0.003563256934285164,0.07630498707294464,0.07633069902658463,181.4799183555768,35809.65062251251,0.0010580350644886494,193.8303569315705,35809.5651007104,0.0010418543824926019,0.10516102612018585,0.01471027359366417,30755.052128648662,17952.8893644026
0.10485617330865526,-9.678891869802086e-05,-0.9461394226486647,-0.12338068464350734,0.0077787950969965425,-0.5704390415350968,-0.5968077865358604,-0.007376141657636517,-138.74725527248614,-164.81394245590803,-151.7805988641971,-26.06668718342189,-19.38636541366577,-19.360573291778564,-19.373469352722168,0.02579212188720703,-0.0005306540406309068,-0.008579524233937263,0.07418203353881836,0.07707642763853073,-0.005553643684834242,-0.006527530029416084,0.07701746374368668,0.0747067853808403,162.4773991022579,35801.444511609036,0.0010337377898395061,175.95481771614337,35816.5185098842,0.0010499726049602032,0.10628815740346909,0.014520092867314816,30495.564697359332,18719.226437865662
0.0,0.009768511411020272,-0.0905934972623861,-0.24684697691105037,-0.19364147421325334,-0.006240970158315928,0.022208544354065052,0.0,-141.97603852166333,-163.54025079846554,-152.75814466006443,-21.56421227680221,-19.496268033981323,-19.4333016872406,-19.464784860610962,0.06296634674072266,0.0071989670395851135,0.004443539306521416,0.07668502628803253,0.07264754921197891,-0.0012997655430808663,-0.008436594158411026,0.07412569969892502,0.0763305276632309,197.88815268816586,35826.150163719576,0.0010654996149241924,154.27988210476542,35815.998558121806,0.0010410929098725319,0.10511057078838348,0.015458524227142334,31005.70717141679,18888.325093766707
-0.8524126472296214,-0.7231121572291992,-0.8998587445177335,-0.03707866763589118,0.4313023393377311,0.2542496901599948,0.35192684208136665,0.9757937616187453,-138.92279964517843,-169.03420522991956,-153.978502437549,-30.111405584741135,-19.526386260986328,-19.496783018112183,-19.511584639549255,0.029603242874145508,-0.008350951597094536,-0.0013513130834326148,0.07639852166175842,0.07241493463516235,0.0018761616665869951,-0.008201918564736843,0.07266197353601456,0.07666774839162827,169.95409316190023,35820.05733770362,0.0010419761529192328,164.67212813832322,35831.16110246704,0.001055637956596911,0.10463321954011917,0.014802210032939911,30754.369808878975,17951.59574516789
0.03398849619541795,-0.02851972791110708,0.025615750212511595,-0.2597671712365027,-0.46436456999960807,-0.27566465343062185,0.007321460703635263,0.0,-143.73107877358575,-162.5374555830271,-153.13426717830643,-18.80637680944136,-19.595426321029663,-19.708083868026733,-19.6517550945282,-0.11265754699707031,-0.0066429562866687775,0.005120653193444014,0.0728403702378273,0.0748349279165268,-0.008224147371947765,0.0010299836285412312,0.07406710088253021,0.07169820368289948,172.54831537431525,35817.845902113106,0.0010495571186766028,164.5400779077369,35815.849563348456,0.0010395332938060164,0.10293172299861908,0.01638851687312126,30719.337392581972,18389.03686946849
0.0,0.005096529148343213,-0.24298366512965963,-0.21434307576259706,0.02501151630125198,0.03816012657759238,-0.12021375901700027,0.0,-139.4808310748029,-170.6013250555469,-155.0410780651749,-31.120493980744016,-19.702348709106445,-19.577542543411255,-19.63994562625885,0.12480616569519043,-0.005345920100808144,0.006336195860058069,0.07122913002967834,0.07461288571357727,0.002916712313890457,0.007815350778400898,0.07373225688934326,0.07426705956459045,186.61635990307224,35806.29277377316,0.0010619544191285968,211.5012368845422,35815.09311174901,0.0010461376514285803,0.10172164440155029,0.015404227189719677,30963.54929525743,18029.38147837707
-0.6251081077145465,-0.7190766126588525,-0.20441612233376819,0.20281809259691086,-0.2833844759672011,-0.5099194067517814,0.10288627189494848,0.4495421105756211,-139.95798366562812,-164.96653080495776,-152.46225723529295,-25.008547139329636,-19.19257164001465,-19.511021375656128,-19.351796507835388,-0.3184497356414795,-0.008157740347087383,0.0032418565824627876,0.07752440869808197,0.07717599719762802,-0.003201212966814637,-0.007832556962966919,0.0744185745716095,0.07471294701099396,168.26639803337164,35806.866738855795,0.0010382141917943954,172.00461827574884,35808.780372979585,0.0010365369962528348,0.10783858597278595,0.017011312767863274,30977.15110715475,18389.119496634088
-0.03113015400692347,0.00818259049335098,-0.15673765904351858,-0.27826241713691985,-0.15164581182021075,0.014723430023776851,-0.0068837191221591265,0.0,-141.33081842336878,-167.23670306799494,-154.28376074568186,-25.905884644626155,-19.455472230911255,-19.624850749969482,-19.54016149044037,-0.16937851905822754,0.008514786139130592,0.0004901658976450562,0.07678915560245514,0.07325639575719833,-0.00039694251609034836,-0.00832508597522974,0.07216063886880875,0.075003981590271,191.63013817771463,35823.53257236033,0.001056042267009616,189.4205502298655,35835.92632681561,0.0010517195332795382,0.10538952052593231,0.014995410107076168,30748.982618039558,18031.69711289493
-0.977902505325344,-1.0,-0.735414346555623,-0.2005360513159477,0.04854023399817947,0.07595675760969611,0.36550347477966355,1.0,-138.90659649127576,-168.69560203705578,-153.80109926416577,-29.789005545780014,-19.502737522125244,-19.530298709869385,-19.516518115997314,-0.027561187744140625,0.0005057831294834614,0.00846183206886053,0.07320018112659454,0.07604596763849258,-0.003892812179401517,-0.007450487464666367,0.0746540054678917,0.07415048778057098,200.5283791233089,35813.55109931215,0.0010348865762352943,208.8007653047153,35831.40657318105,0.0010566123528406024,0.10476440191268921,0.014287535101175308,30499.79213986321,18593.913013573056
-0.9787099229855236,-0.96411130954174,-0.9144595396802574,-0.8971042956291251,-0.711901758746259,-0.43595588137660635,-0.2206874632279896,1.0,-145.03575113803123,-163.38607655966646,-154.21091384884886,-18.350325421635233,-19.46542978286743,-19.777010679244995,-19.621220231056213,-0.3115808963775635,-0.006456525065004826,-0.005521852523088455,0.07663486897945404,0.0732446014881134,-0.004334581084549427,0.006962411105632782,0.07037374377250671,0.07421006262302399,176.89690944020103,35821.190423517866,0.001056392677128315,157.79801275673822,35817.11915700974,0.0010400087339803576,0.10556396842002869,0.015628796070814133,30763.31593810242,19094.92137341271
-0.5434780894348403,-0.3161462490521287,-0.9042221243954219,-0.28692619524390195,0.4372901887804175,0.31526547468460364,-0.035797139016358503,0.41959724085566596,-139.7775100253295,-171.6930667109774,-155.73528836815345,-31.915556685647914,-19.519009590148926,-19.526618719100952,-19.52281415462494,-0.007609128952026367,0.006094400770962238,0.0058762007392942905,0.07601000368595123,0.07295195013284683,0.0046083987690508366,-0.007002505473792553,0.07255082577466965,0.07627405226230621,157.32491958877196,35817.6024096862,0.0010412313276901841,174.5308713931074,35833.0276650498,0.001056227833032608,0.10491113364696503,0.014611130580306053,30764.487935222314,17982.162776514007
-0.03992990021570265,-0.08498898676650692,0.03950044606759095,-0.18449561910364223,-0.4813753133418197,-0.3198571964153861,-0.002625647163768008,0.0,-143.4207207919933,-164.7334096563592,-154.07706522417624,-21.312688864365924,-19.362581968307495,-19.44194793701172,-19.402264952659607,-0.07936596870422363,0.008312640711665154,-0.0023161638528108597,0.07647128403186798,0.07522343099117279,-0.0076785944402217865,-0.003697596723213792,0.07726158201694489,0.07300127297639847,180.4734373501112,35817.916961993,0.0010592661565169692,166.73300177730587,35818.36632025573,0.0010395589051768184,0.10578367114067078,0.016702311113476753,30979.719661627092,18532.74351680588
0.0,0.009002327243722163,-0.21315524640892242,-0.221877532938874,-0.03568303026594055,0.004961192999291764,-0.10295340764647398,0.0,-142.37215633960645,-167.14551232762827,-154.75883433361736,-24.77335598802182,-19.341001510620117,-19.388713836669922,-19.36485767364502,-0.04771232604980469,0.0054542748257517815,-0.0066785430535674095,0.07422471046447754,0.07781334221363068,-0.00582233676686883,0.006252426188439131,0.07410482317209244,0.07711611688137054,152.31980680237606,35806.233575804545,0.001051299856044352,166.9632867787784,35807.496425758836,0.0010482931975275278,0.10605709999799728,0.015722673386335373,30965.787400627996,17985.861631250784
-0.8349063265848626,-0.9890943670250041,-0.6497486335667687,0.0,-0.5022710042869803,-0.9097135879535254,-0.4467744640877213,0.9052480925902324,-138.79212103168874,-161.3474472328171,-150.06978413225292,-22.555326201128366,-19.309884309768677,-19.277102947235107,-19.293493628501892,0.032781362533569336,0.00030408898601308465,-0.008677493780851364,0.07453054934740067,0.07805173099040985,-0.005501159001141787,-0.0052711195312440395,0.07739906758069992,0.07591061294078827,168.1255338038585,35814.989289912446,0.0010441691847518086,191.32197034450127,35721.190066841555,0.001114378683269024,0.10698070377111435,0.014525409787893295,30487.797888188194,19159.728748479807
-0.028381085430468776,0.0,-0.13577207777149175,-0.2409834702485072,-0.15239640875323635,0.004683057126196322,0.023710058384151522,0.0,-143.30597895010476,-166.30933770349526,-154.8076583268,-23.0033587533905,-19.26511287689209,-19.2966365814209,-19.280874729156494,-0.031523704528808594,0.005226073320955038,-0.006972582079470158,0.07476817071437836,0.07859725505113602,0.0006270407466217875,-0.008644120767712593,0.07459741085767746,0.07821886986494064,198.4883057221349,35817.1160579193,0.0010549926664680243,216.56257801383157,35822.09540360459,0.0010474961018189788,0.10715298354625702,0.015504644252359867,30957.999326369118,18374.78297281255
-0.9910577807645752,-0.9749254847091776,-0.776763670893235,-0.1806812225476046,0.09032248437480117,0.014482049213902948,0.2901172776388352,1.0,-139.08911505378944,-167.43368787786147,-153.26140146582546,-28.34457282407203,-19.314162731170654,-19.42841649055481,-19.371289610862732,-0.11425375938415527,-0.006725526414811611,0.005497677251696587,0.07510800659656525,0.07742127031087875,-0.0026984550058841705,0.008065392263233662,0.07314711809158325,0.07735518366098404,172.91863558395764,35805.07061614686,0.0010432463604956865,175.91764716912792,35808.85862821808,0.0010400536702945828,0.10634689778089523,0.016919447109103203,30721.057490703,18226.865965158144
0.9993171527948493,0.9840566421112346,-0.10645807768808174,0.6772740325615463,-0.5371788572798245,-0.611966281590076,-0.7334686361261995,-0.9791449846986252,-143.04066665329498,-165.92356609274026,-154.48211637301762,-22.882899439445282,-19.469234943389893,-19.506572484970093,-19.487903714179993,-0.037337541580200195,-0.0024314201436936855,-0.008144216611981392,0.07438196241855621,0.07546544820070267,-0.005641193129122257,-0.006311469711363316,0.07583757489919662,0.07334998995065689,191.24060634217395,35819.39631458786,0.0010486732935532928,188.83238298234664,35824.714720423726,0.0010371811222285032,0.10545148700475693,0.014082910493016243,30759.46272150408,17819.714612077238
-0.07268458555268632,0.0,-0.3818731385075229,-0.2005103826496777,0.040415960713995946,0.025709147457557924,-0.11958806329036353,0.0,-142.15191775786872,-168.9625365169078,-155.55722713738825,-26.810618759039073,-19.607197046279907,-19.501696825027466,-19.554446935653687,0.1055002212524414,0.007885688915848732,-0.0028436570428311825,0.07403621077537537,0.07345062494277954,0.006476608105003834,-0.0053458623588085175,0.07358860969543457,0.07569670677185059,182.228354830027,35812.56229537612,0.0010393998818472028,193.13993710926556,35823.48732379433,0.0010502884397283196,0.1030644029378891,0.016259649768471718,30976.962186698976,18311.362600721986
-0.049222117284544134,-0.07143329019443934,0.10451997599764555,-0.07919391120909627,-0.4140139346727738,-0.3450936772255855,0.006171205271208291,0.0,-141.20923168917068,-161.0698389497553,-151.139535319463,-19.86060726058463,-19.629907608032227,-19.452543258666992,-19.54122543334961,0.17736434936523438,0.00428022351115942,0.007156850770115852,0.07406965643167496,0.07303202897310257,0.0032220082357525826,-0.007890962064266205,0.07289140671491623,0.07718586176633835,150.71210383133334,35820.1589671237,0.0010629701428115368,195.73973416028514,35819.20222252057,0.0010335997212678194,0.10387836396694183,0.013865619897842407,30760.892343673437,17895.876831189315
-0.02126736370440062,0.016547415594190967,-0.1600091762604969,-0.23571456919370665,-0.060494910081232645,0.031766775712308126,-0.05470266015266645,0.0,-138.36862472668884,-167.7545498845932,-153.061587305641,-29.385925157904353,-19.578739404678345,-19.452792406082153,-19.51576590538025,0.1259469985961914,0.006644966080784798,0.005121629685163498,0.07578335702419281,0.07214629650115967,-0.006962225306779146,-0.0048283301293849945,0.07691222429275513,0.07318154722452164,174.07517089725727,35826.26992054289,0.0010620382381603122,186.8344679066182,35831.775152469316,0.0010550362057983875,0.10408875346183777,0.015255856327712536,30763.903759940946,18253.202920927048
-0.8952945707477838,-0.9993805589342427,-0.6256621322845823,0.06176335102269995,0.06921613652862574,-0.01163544222281443,0.3877614341316795,1.0,-140.04903441963523,-165.83945405677167,-152.94424423820345,-25.790419637136438,-19.59285616874695,-19.40002202987671,-19.49643909931183,0.19283413887023926,0.007948462851345539,0.002689085202291608,0.07599936425685883,0.07166952639818192,0.0074624717235565186,0.004136510193347931,0.07754621654748917,0.07345247268676758,181.75230463562178,35815.73201264778,0.0010364488698542118,178.09514948038898,35816.20429438031,0.0010299681453034282,0.10399866104125977,0.015024704858660698,30758.49758139807,17980.315089579763
-0.008464507211863842,0.003055864953537496,-0.11389560052441544,-0.24999460081317676,-0.19180474327377567,-0.014417069748136058,0.02525563842025369,0.0,-143.22319649316785,-166.98806143910275,-155.1056289661353,-23.764864945934903,-19.552814960479736,-19.379931688308716,-19.466373324394226,0.1728832721710205,0.008247722871601582,0.0015739697264507413,0.07619621604681015,0.07216783612966537,-0.006901364773511887,-0.005102546885609627,0.07750812917947769,0.07384808361530304,159.4816215003581,35814.42729096329,0.0010493798181414604,167.3785824998955,35807.76066053653,0.0010275511303916574,0.10448677837848663,0.01469254307448864,30750.94270881871,17983.997009058134
-0.9868777313129174,-0.9267952333169298,-0.868281910744602,-0.2786565902910023,0.23739550079553215,0.15192999877843694,0.32682035400256915,1.0,-138.9733233243723,-169.7277896608389,-154.35055649260562,-30.754466336466606,-19.5198655128479,-19.265085458755493,-19.392475485801697,0.2547800540924072,-0.005380584392696619,-0.006528855301439762,0.07562106847763062,0.07334068417549133,0.008514296263456345,0.0015512373065575957,0.07868943363428116,0.07467853277921677,160.3899846825658,35822.473715975335,0.001043229247443378,162.87632553073888,35820.20348886283,0.0010534032480791211,0.1052204892039299,0.014168532565236092,30764.305971709837,17879.134758624215
0.046495789505176306,0.0002062158048591195,0.046438713592440464,-0.2007659504286695,-0.4043738416856386,-0.14054725258572276,0.07482897349001327,0.0,-141.85707707849804,-162.5654072488844,-152.21124216369122,-20.708330170386375,-19.437744617462158,-18.791038990020752,-19.114391803741455,0.6467056274414062,-0.008186975494027138,-0.002460419898852706,0.07734253257513046,0.07298790663480759,-0.006114608142524958,-0.006882315501570702,0.08234275877475739,0.07965371012687683,185.8456654157679,35814.796978174854,0.0010575255146250129,169.48126632121088,35811.94421958095,0.001030799699947238,0.1059071496129036,0.015000274404883385,30757.03364140128,17935.335401820903
0.9343826147058177,0.9581638247974443,0.6165572487640306,0.5055595523904555,0.6677325626672476,0.5860542860496247,0.1738458284548594,-1.0,-139.44227669242218,-168.8122981583739,-154.12728742539804,-29.37002146595171,-18.9580237865448,-17.60866403579712,-18.28334391117096,1.3493597507476807,-0.004759045317769051,-0.007663083262741566,0.08010224252939224,0.07882755994796753,-0.008389683440327644,-0.006278622895479202,0.09500109404325485,0.09060000628232956,146.39897490137884,35801.99482081861,0.0010401207255199552,193.54416963090577,35812.17167968669,0.001043078489601612,0.11197148263454437,0.01492870319634676,30760.886223803413,17886.61329610809
-0.008602822048552429,-0.0398171648251984,0.1310421292664422,0.047222995828081704,-0.28089687547861775,-0.3677675193420412,-0.041747290882957366,0.0,-141.2460405152843,-167.8860459670081,-154.5660432411462,-26.640005451723795,-17.70248770713806,-17.580000162124634,-17.641243934631348,0.12248754501342773,0.008535921573638916,-0.005977097898721695,0.0908011868596077,0.09284001588821411,-0.004884322173893452,0.009344780817627907,0.0905207023024559,0.09567151218652725,181.64376477571273,35808.876778443,0.001031029038131237,206.01435391547642,35820.623036676836,0.0010359134757891297,0.12819775938987732,0.020215582102537155,30725.11797167069,18177.96252460535
-0.035687890749628026,0.007136403919754484,-0.15089243546024894,-0.2534718260168095,-0.11539719195912307,0.010870360349909958,-0.01553851464553524,0.0,-143.60484894212982,-165.84206930884574,-154.72345912548778,-22.237220366715917,-17.732423543930054,-17.768949270248413,-17.750686407089233,-0.036525726318359375,-0.005864778533577919,-0.008567698299884796,0.09245483577251434,0.09055616706609726,-0.010293428786098957,-0.0007495270110666752,0.09326455742120743,0.08893906325101852,210.97972073069874,35820.063843736374,0.001058620517142117,202.2035611194646,35823.79048605378,0.001060629729181528,0.12890717387199402,0.01756509207189083,30764.473160355403,17888.91045560112
-0.9243410170835484,-1.0,-0.6300681691049879,0.08974305427605295,0.06756752785740372,-0.14637506818716817,0.14486853112015208,1.0,-138.7574634439544,-166.75794382226385,-152.75770363310914,-28.000480378309447,-17.909713983535767,-18.773077726364136,-18.34139585494995,-0.8633637428283691,0.007138350047171116,-0.0072662001475691795,0.08782900124788284,0.0914558693766594,0.0008742017671465874,-0.009140647947788239,0.07919605821371078,0.08311564475297928,186.68565679658224,35810.12710660629,0.001043329481035471,175.2403371649418,35810.020941309165,0.001041825977154076,0.12503010034561157,0.019539928063750267,30722.64496870572,19758.73696296479
0.0,0.008360956047232838,-0.09321219825475326,-0.24929905397428653,-0.19756113013127208,-0.024224013711634296,0.03142564887052057,0.0,-143.78882365612475,-166.83660065153424,-155.3127121538295,-23.047776995409492,-18.771142959594727,-18.824695348739624,-18.797919154167175,-0.05355238914489746,0.007263506762683392,0.005631088279187679,0.08313578367233276,0.0792112648487091,-0.008763393387198448,0.002625493099913001,0.08128166198730469,0.08010880649089813,171.3611925860304,35820.236230614275,0.0010526587720960379,205.5321250518985,35829.14560030343,0.0010348149808123708,0.11444905400276184,0.016898125410079956,31006.94625658139,18128.295789633998
-0.9850834830659677,-0.8993553475212424,-0.8338819094456321,-0.1774699927174564,0.41934842897132213,0.25421424620556027,0.37748438604253526,1.0,-139.29032748981336,-168.3560880687898,-153.82320777930158,-29.065760578976438,-18.740105628967285,-18.875588178634644,-18.807846903800964,-0.1354825496673584,-0.00798388198018074,0.004715709015727043,0.08091665059328079,0.0820496454834938,-0.008965621702373028,-0.0011789388954639435,0.08220166712999344,0.07820630073547363,185.82098357893724,35814.473246099704,0.0010344227775931358,191.00600027526735,35821.84440453052,0.0010550839360803366,0.11354894191026688,0.018012840300798416,30728.15527437995,18451.950751689372
0.0977200564400739,0.0362856414757273,0.0941920948302734,-0.2120841379214562,-0.4582182725514736,-0.2174238719483983,0.0902079575653123,0.0,-141.99450882934013,-161.87431921152103,-151.93441402043058,-19.879810382180892,-18.83224844932556,-18.94151210784912,-18.88688027858734,-0.10926365852355957,0.0008391184965148568,-0.009135011583566666,0.0786152258515358,0.08258653432130814,0.00735809188336134,-0.005293818190693855,0.07871294766664505,0.0805111825466156,177.44024028117218,35811.502467440565,0.001048461184836924,165.33804784860922,35814.04939810378,0.0010446137748658657,0.11307403445243835,0.015340330079197884,30494.95177846604,18785.20525940976
-0.021339713433150186,0.0052434229896559485,-0.30328997829598536,-0.30697619806865734,0.019183581262890326,0.07289697445325072,-0.12074492024721095,0.0,-140.8240259123575,-166.85523707838266,-153.8396314953701,-26.031211166025145,-18.88327121734619,-18.874114751815796,-18.878692984580994,0.009156465530395508,0.007918523624539375,-0.004495624452829361,0.07967566698789597,0.08062932640314102,0.008474841713905334,-0.0031731147319078445,0.08052663505077362,0.07995671778917313,192.66873329714244,35822.93352116185,0.001057745423167944,165.97720551030082,35819.25001067703,0.0010456072632223368,0.1117219552397728,0.01743657886981964,30724.27892015289,18335.19363521837
0.010949953081283468,-0.03151459229225796,0.10934686608953711,0.24294507223159686,-0.23534548205940498,-0.4861665247740067,-0.012452052140624503,0.10157731047845242,-139.51200977300863,-165.42596913851446,-152.46898945576154,-25.913959365505832,-18.81019949913025,-18.835009336471558,-18.822604417800903,-0.024809837341308594,-0.008013598620891571,-0.004498958587646484,0.08307871222496033,0.07851824909448624,-0.0029640025459229946,-0.008629700168967247,0.08017530292272568,0.08102709800004959,169.01865967571146,35809.53450434285,0.0010387852089479566,192.32096851207763,35822.635732773,0.0010488228872418404,0.11392857134342194,0.016819434240460396,31005.90788359509,18268.302386308245
-0.03775477061555195,0.0,-0.17644509419976528,-0.2998815064023895,-0.1720086410715403,0.006099351512028339,0.003850767126934773,0.0,-142.7573616294556,-166.8198319353479,-154.78859678240175,-24.062470305892305,-18.837822675704956,-18.83716583251953,-18.837494254112244,0.0006568431854248047,-0.007931731641292572,-0.004562641493976116,0.08279126137495041,0.07829518616199493,0.0037694377824664116,-0.008313989266753197,0.07827767729759216,0.08282215148210526,195.75629144260614,35815.7707969972,0.0010684215230867267,194.58602059619628,35815.28709588536,0.001045224373228848,0.11338241398334503,0.016457749530673027,30760.98928580087,19161.228375818482
-0.9759540330020375,-1.0,-0.6690263764412487,0.11987768638417226,0.3142857758777335,-0.017619244123509903,0.1615706894028195,1.0,-139.07231168819686,-168.26122492290608,-153.66676830555147,-29.18891323470922,-18.88686180114746,-18.657889366149902,-18.77237558364868,0.2289724349975586,-0.008862366899847984,0.0021519046276807785,0.08094116300344467,0.07928985357284546,0.0037445456255227327,-0.008516552858054638,0.0799422562122345,0.08452069014310837,200.1875234128151,35815.286767508645,0.0010474366135895252,165.6540093662865,35815.1751114308,0.0010500710923224688,0.11198515444993973,0.01707509346306324,30740.720933628287,18239.670804884132
0.0,0.02189809443571885,-0.055521903666400196,-0.26982730964273854,-0.2713277206168137,-0.05354099542381341,0.04427577050938725,0.0,-144.03385639158176,-166.10165756260238,-155.06775697709207,-22.06780117102062,-18.787013292312622,-18.55682373046875,-18.671918511390686,0.23018956184387207,-0.008048886433243752,0.00441385991871357,0.0806688740849495,0.08142673224210739,-0.005601425655186176,0.00759055744856596,0.08117762207984924,0.0852230042219162,193.85760434917538,35823.76587535505,0.001057889312505722,205.7062628100078,35829.333597904326,0.0010425575310364366,0.1131705641746521,0.017791686579585075,30725.229975311784,18168.01100037849
-0.6038793158701186,-0.43147415776832326,-0.8762582329857216,-0.3337123589595373,0.40590555318758675,0.0072214708022863006,-0.2703901900023855,0.15574214597066693,-140.35189251574985,-165.96347411653176,-153.1576833161408,-25.611581600781903,-18.626707792282104,-18.55838418006897,-18.592545986175537,0.06832361221313477,0.00093269586795941,0.009325873106718063,0.08110906928777695,0.08398029208183289,-0.00902645755559206,0.002590432297438383,0.08385433256626129,0.08256521821022034,177.62380120773693,35814.70937188881,0.0010425004875287414,198.6613554071072,35818.76802520439,0.001039498602040112,0.11595487594604492,0.01604398712515831,30499.364209767158,18965.183031443015
-0.13738184770109685,-0.17972317829189596,0.026681342957042224,-0.16541446157680556,-0.562249947212734,-0.4535772589855927,-0.05919867479815122,0.0,-139.49931751633062,-161.8827602719694,-150.69103889415,-22.383442755638782,-18.584728240966797,-18.626731634140015,-18.605729937553406,-0.04200339317321777,-0.008493677712976933,0.004085723310709,0.08280103653669357,0.08311210572719574,-0.006403382867574692,0.006850146222859621,0.08084854483604431,0.08423018455505371,177.64413659529427,35820.85573116336,0.0010577382054179907,150.78313538535815,35813.47470035133,0.0010392650729045272,0.11587777733802795,0.018208689987659454,30729.907626707583,18685.198984566825
-0.009657533948420251,0.0094252831368026,-0.2650541752908464,-0.2967246180344074,0.02078054595824269,0.16779535758375586,-0.058862834727678504,0.0,-139.39863395170715,-166.7300863031884,-153.06436012744777,-27.331452351481232,-18.63525629043579,-18.54922890663147,-18.59224259853363,0.08602738380432129,0.008052319288253784,-0.004750287625938654,0.08192239701747894,0.08302740752696991,0.0031756709795445204,-0.00885684322565794,0.08091877400875092,0.0856141671538353,176.96478616614516,35821.52226011628,0.001062974683009088,178.79346465056065,35824.46346552796,0.0010547316633164883,0.11502428352832794,0.01775198057293892,30728.26546433914,18225.1342484412
-0.2326234820623686,-0.369229883280111,-0.31128489362690803,0.2574689524685496,-0.050088945143716035,-0.4891493617017677,-0.1495505992846421,0.2718774659802793,-139.9868223432906,-167.44832087688235,-153.71757161008648,-27.461498533591737,-18.56148600578308,-18.576713800430298,-18.56909990310669,-0.015227794647216797,-0.00757042458280921,0.005655661225318909,0.0821068063378334,0.08423762023448944,-0.008792680688202381,-0.003326489357277751,0.08534625917673111,0.08065789192914963,168.17001863935326,35816.82715154373,0.0010424258653074503,175.63951855421396,35811.75541678842,0.0010296982945874333,0.11613968014717102,0.018312131986021996,30721.898952046166,18214.98090339526
-0.021922243470273845,0.0,-0.1306955886857562,-0.29305885780187124,-0.18963131071092387,-0.008146453697240985,0.013105864938886436,0.0,-143.63005148702308,-166.65738660378872,-155.1437190454059,-23.02733511676564,-18.574600219726562,-18.654271364212036,-18.6144357919693,-0.07967114448547363,0.006434335373342037,0.006878908257931471,0.08454940468072891,0.08153214305639267,-0.005942192859947681,-0.007180526852607727,0.08347762376070023,0.08109892159700394,163.93193068301417,35815.35811360748,0.0010597878135740757,175.85135708408774,35815.98812902938,0.001045537763275206,0.11695916205644608,0.016659900546073914,30764.304407047577,18036.14695099519
-0.9873531999197565,-0.9266570228578725,-0.614065263201959,0.09257189979278757,0.390335983403015,-0.0620601429669102,0.04811848815549913,1.0,-139.24264081085698,-168.31997713364342,-153.7813089722502,-29.077336322786437,-18.63348126411438,-18.623651266098022,-18.6285662651062,0.009829998016357422,0.0014228469226509333,-0.009276323951780796,0.0802692398428917,0.08465581387281418,0.004601058084517717,0.008115923963487148,0.08301820605993271,0.08215723186731339,190.31505358720165,35812.181135644336,0.0010414052521809936,175.03364180171891,35816.1616481196,0.0010384951019659638,0.11561022698879242,0.01541848760098219,30487.861534598997,19390.043856087057
0.0,-0.0017905347910349978,-0.03423203970421794,-0.2540135816233277,-0.3455270986707508,-0.12941278923462396,0.03557134998814404,0.0,-143.62998199377415,-164.7885938081809,-154.20928790097753,-21.158611814406754,-18.60112190246582,-18.575680255889893,-18.588401079177856,0.025441646575927734,0.001118890242651105,-0.009326687082648277,0.08065536618232727,0.08489257097244263,-0.00233472534455359,0.009143967181444168,0.08069845288991928,0.08532323688268661,191.0658315294933,35813.99726908177,0.0010540034854784608,211.33655997065344,35822.55835658513,0.0010472353314980865,0.11613035202026367,0.015849117189645767,30487.98849321206,19141.921785552386
-0.11126709295600551,-0.004239033745770012,-0.32864340812579096,-0.14182936607473928,0.40195647622913516,0.2843358886028581,-0.13023299863895443,0.0,-138.33409680847768,-168.80541692464263,-153.56975686656017,-30.471320116164947,-18.58153223991394,-18.61274003982544,-18.59713613986969,-0.031207799911499023,0.009305894374847412,-0.001555857015773654,0.08414861559867859,0.0818086639046669,-0.0025229263119399548,-0.008953113108873367,0.08201702684164047,0.08336722105741501,178.566627585752,35806.59188546235,0.0010364340851083398,194.901151772592,35821.572299091546,0.0010532919550314546,0.11632104218006134,0.017330925911664963,30741.53769308624,18153.858339688257
-0.4369638698599238,-0.4437030525881329,0.08007582770009342,-0.017637206571427366,-0.5372748291800047,-0.5472503396978878,0.009615833702543819,0.06998225614416376,-140.60087399283478,-165.65911811958904,-153.1299960562119,-25.05824412675426,-18.612126111984253,-18.635714054107666,-18.62392008304596,-0.023587942123413086,0.0054983170703053474,-0.00761142373085022,0.08055869489908218,0.0847790464758873,-0.004733482841402292,0.00808107852935791,0.08021041005849838,0.08467216044664383,168.39341413196485,35813.898037984145,0.0010422371560707688,170.09465636156656,35820.18914858992,0.001036160159856081,0.11541005969047546,0.016974788159132004,30964.603918376793,18048.690230046053
-0.02250151565990999,0.00921534720503964,-0.19200501587992105,-0.27400168358072297,-0.11723807684823029,0.02553712143915321,-0.04138250776659069,0.0,-143.9119437298216,-165.94965646124635,-154.93080009553398,-22.03771273142476,-18.6268150806427,-18.609193563461304,-18.618004322052002,0.017621517181396484,0.009237976744771004,0.0014707886148244143,0.08473251014947891,0.08032292872667313,-0.0077554211020469666,-0.005227108485996723,0.08479082584381104,0.0806083083152771,192.39667916909423,35826.65569697245,0.0010648897150531411,174.40373578060604,35821.93837361387,0.0010407998925074935,0.11587537825107574,0.016277391463518143,30752.159863001856,17981.219441692476
-0.8386549922754227,-0.9720878513335347,-0.8508891535509078,0.072879152927398,0.17485954877909998,-0.1920901019480724,0.2337359053521586,1.0,-137.4944699067263,-168.934167632328,-153.21431876952715,-31.439697725601718,-18.61616849899292,-18.614836931228638,-18.61550271511078,0.0013315677642822266,-0.0027877413667738438,0.008965115994215012,0.08020476251840591,0.08503881096839905,0.004157562740147114,-0.008362357504665852,0.08037533611059189,0.08490791916847229,154.35657414344155,35814.330138610545,0.0010490237036719918,181.95562068869043,35825.292259320144,0.001054895343258977,0.11597304046154022,0.015645062550902367,30965.170635875387,18864.491535893845
-0.0040272574247490695,0.006046013184024854,-0.10680120638951734,-0.2810258690778839,-0.2261003234310473,-0.011397595163683438,0.04842117854969041,0.0,-143.4756896289921,-165.86477165637166,-154.67023064268187,-22.389082027379573,-18.614989519119263,-18.65128993988037,-18.633139729499817,-0.0363004207611084,-0.003376821056008339,-0.0087427431717515,0.08243268728256226,0.08290533721446991,1.3088458217680454e-05,-0.00933743268251419,0.08054512739181519,0.08406588435173035,169.73565942785663,35821.61590015283,0.0010611556936055422,178.45362560918537,35819.762174464355,0.001039850409142673,0.11635024845600128,0.015484437346458435,30761.69916095797,17812.25308881467
-0.29173557630439056,-0.20519324665243366,-0.4045057630829169,-0.007525806316623418,0.42260399198057924,0.01873608845358088,-0.25833708532549404,0.1669945400355205,-140.77226024398527,-169.79599995033033,-155.2841300971578,-29.023739706345054,-18.66020917892456,-18.625670671463013,-18.642939925193787,0.03453850746154785,0.009244916960597038,0.001391683123074472,0.0843895673751831,0.08002989739179611,0.005710824858397245,0.007358209230005741,0.08362115919589996,0.08150604367256165,188.65007821987976,35819.72768523465,0.0010519594652578235,181.68161628289033,35823.91100543406,0.0010444672079756856,0.11556808650493622,0.016250377520918846,30753.922144067386,17957.222641157896
0.0,-0.047360762894296894,-0.008166293841725451,-0.24404974888538655,-0.4463611202043726,-0.2513665254831663,0.015675738192657218,0.0,-143.54209396400216,-164.51248910844345,-154.0272915362228,-20.970395144441284,-18.67643117904663,-18.62431526184082,-18.650373220443726,0.05211591720581055,-0.00925825908780098,-0.0011276535224169493,0.08417381346225739,0.07994257658720016,0.0023640505969524384,-0.00908488966524601,0.08023691922426224,0.08485686779022217,192.2736477340519,35813.83610275753,0.0010506989201530814,211.32362834194822,35813.39508672709,0.0010431102709844708,0.11544370651245117,0.01636996865272522,30750.747092683705,17999.00794955039
-0.012961312045025118,0.005323310576351556,-0.2905648890261293,-0.2123192111483673,0.08605334091794103,0.06809040252131743,-0.09840758339530942,0.0,-141.20264719871614,-165.09404616078652,-153.14834667975134,-23.891398962070383,-18.652790784835815,-18.581660985946655,-18.617225885391235,0.07112979888916016,-0.008990177884697914,0.0026215575635433197,0.08293762803077698,0.08167446404695511,0.005035070702433586,-0.007896115072071552,0.08082462102174759,0.08509957045316696,181.5875068898485,35809.01345307428,0.0010375719284638762,190.8435132078554,35814.70535259128,0.0010439312318339944,0.11512249708175659,0.01805969327688217,30980.667911127868,18639.450351242354
-0.41212722066097474,-0.42557329166351116,-0.017945768681017132,0.20639558973611885,-0.24441519873883644,-0.5366959048110462,0.032711866275698886,0.2854200900468672,-139.03178328642122,-163.88620696052004,-151.45899512347063,-24.854423674098825,-18.602700233459473,-18.567662239074707,-18.58518123626709,0.035037994384765625,0.001963556744158268,-0.00919389259070158,0.08044341951608658,0.08506311476230621,-0.00211701774969697,0.009187538176774979,0.08080687373876572,0.08537193387746811,183.58530079308366,35819.84155857896,0.0010438220342621207,185.91829164554682,35824.06214985275,0.0010350492084398866,0.11603657901287079,0.015501701273024082,30724.236867101667,20750.353396343733
-0.029362774971829455,0.0,-0.17434622153288454,-0.2752995487946542,-0.13130915967159945,0.023292070090933592,-0.004550338691934885,0.0,-142.12879665554846,-168.10090384828118,-155.11485025191482,-25.97210719273272,-18.58654260635376,-18.54389190673828,-18.56521725654602,0.042650699615478516,0.006100423634052277,-0.007174902129918337,0.08103330433368683,0.0848032683134079,-0.004796726629137993,-0.00813459325581789,0.08387528359889984,0.0828196331858635,193.31769799170138,35819.40013386325,0.0010626167058944702,204.35238905042107,35825.192588740036,0.0010484345257282257,0.11556226760149002,0.01731092296540737,30963.428112666654,18062.90572069229
-0.9633424610201571,-1.0,-0.8476934504028528,-0.13433073979746835,0.07711525459763424,-0.05134015491789157,0.28720045605495376,1.0,-141.35667269823216,-168.53034695767798,-154.94350982795507,-27.173674259445818,-18.564666509628296,-18.579471111297607,-18.57206881046295,-0.014804601669311523,-0.0044889189302921295,-0.008331459015607834,0.08352348953485489,0.0827699825167656,0.008690902031958103,0.0035257632844150066,0.0852968767285347,0.08065807819366455,162.92404403270265,35815.30277273058,0.001044709119014442,169.6707369301844,35813.448288601045,0.0010372591204941273,0.11745458841323853,0.01557371485978365,30763.305734999518,17810.17236909763
0.0,0.011519858888637081,-0.06693183868983907,-0.29000413832053784,-0.29397511081848204,-0.06868891893557749,0.0493009788572879,0.0,-143.06413756138937,-164.75271828173396,-153.90842792156167,-21.68858072034459,-18.555471897125244,-18.625633716583252,-18.590552806854248,-0.07016181945800781,0.004857400432229042,0.008070258423686028,0.08383579552173615,0.08263739198446274,-0.007738096639513969,0.00527104502543807,0.08174379169940948,0.08338404446840286,166.0633233368586,35821.94539644049,0.0010545809054747224,168.11955544321557,35820.16847214327,0.0010275144595652819,0.11723967641592026,0.01579510234296322,30763.154554124558,17882.58069834385
-0.11147396643356301,0.0,-0.2948330012384943,-0.22867613762005817,0.17678282846481502,0.06800062924958228,-0.18473414880014905,0.0,-141.13913378594714,-169.06695039275877,-155.10304208935295,-27.927816606811632,-18.57173442840576,-18.61738085746765,-18.594557642936707,-0.04564642906188965,0.009187583811581135,0.002181378426030278,0.08539999276399612,0.0806947723031044,-0.008215270936489105,0.004385823383927345,0.0823507308959961,0.08294781297445297,190.08535931207254,35818.182801059695,0.0010474055306985974,190.73467783624554,35822.64957420955,0.0010569380829110742,0.11689162254333496,0.016334040090441704,30755.902781591594,17935.85687128132
0.0062220066977181025,-0.05182379063339159,0.08209167158619098,-0.07670869955005089,-0.47218534252198413,-0.4422263594614574,-0.019307694203539172,0.0,-141.72826215579238,-163.30716901124782,-152.5177155835201,-21.578906855455443,-18.566770553588867,-18.654459714889526,-18.610615134239197,-0.08768916130065918,-0.0032082432880997658,0.00889620091766119,0.08066156506538391,0.08552275598049164,0.006984530948102474,0.006211679428815842,0.08403565734624863,0.08051375299692154,184.07837975093088,35815.555121360565,0.001068145502358675,199.31434213365208,35810.89305211258,0.001034433487802744,0.11641617119312286,0.015655990689992905,30966.555556690422,19298.27244462355
-0.01679908719908529,0.009779984696797731,-0.2217982588462979,-0.21601398829085486,-0.02301290396096284,0.03962020394009791,-0.07801192393249534,0.0,-140.87609480273306,-166.05969864857838,-153.46789672565572,-25.18360384584531,-18.580068349838257,-18.681482076644897,-18.630775213241577,-0.10141372680664062,0.00458053033798933,0.008242985233664513,0.08343280851840973,0.08256740868091583,0.005774881690740585,-0.0072542643174529076,0.08012636750936508,0.08391104638576508,175.0136127200582,35816.754231708386,0.0010554661275818944,193.94247541702512,35820.59369844451,0.0010503672529011965,0.11699262261390686,0.01554239820688963,30762.620537155497,17834.42914744524
-0.5746093092896818,-0.6308622633421707,-0.1994273594928814,0.2542133514598193,0.04326394345107509,-0.49323078479015803,-0.09996581328895737,0.46741897461947735,-140.46229835967196,-166.77948002646116,-153.62088919306655,-26.317181666789196,-18.619686365127563,-18.698617219924927,-18.659151792526245,-0.07893085479736328,-0.0020752791315317154,-0.009149836376309395,0.08169694989919662,0.08354036509990692,-0.008913111872971058,-0.002580525353550911,0.08413354307413101,0.07955733686685562,189.6621384592983,35814.05504140878,0.0010419476311653852,195.91892414418825,35821.629142222286,0.0010441519552841783,0.11612877249717712,0.015863385051488876,30748.240439671074,18040.763274482688
-0.015908742128805227,0.0,-0.12774561232820933,-0.2856409111274695,-0.18927607896267334,-0.01090355077258165,-0.004139335103022335,0.0,-143.18404657497746,-162.40591394235315,-152.7949802586653,-19.221867367375694,-18.622775077819824,-18.388949632644653,-18.50586235523224,0.2338254451751709,-0.007153456099331379,0.0060539525002241135,0.08128531277179718,0.08388396352529526,-0.00954256672412157,0.001204789848998189,0.08619950711727142,0.08347667008638382,196.9801551917996,35813.29763618862,0.0010633848141878843,206.23298554942048,35819.21062972016,0.001046250225044787,0.11494921147823334,0.01792176254093647,30722.1878124283,18832.663897924547
-0.9906047843071613,-0.9933335780030673,-0.8690581868539177,-0.272219399843487,0.07117238821169741,0.05437980793578984,0.34425443871176786,1.0,-135.1966117261752,-167.27730255567172,-151.23695714092347,-32.08069082949652,-18.378559350967407,-18.56013536453247,-18.46934735774994,-0.18157601356506348,-0.0020143231377005577,-0.00945418979972601,0.08394777029752731,0.08593755960464478,-0.003007465973496437,0.008892705664038658,0.08083967864513397,0.08548658341169357,169.3617262039822,35818.089557579086,0.0010499751660972834,177.6864210539448,35824.63248689129,0.0010580478701740503,0.1195068508386612,0.0167051050812006,30743.814599759084,18563.422775335832
0.01548739811311517,0.010133258554164096,-0.03259615201233783,-0.3165789144629181,-0.406482980296883,-0.12861310008009952,0.061710089691433656,0.0,-141.33060539263272,-165.19730747455847,-153.26395643359558,-23.86670208192575,-18.830634355545044,-20.643761157989502,-19.737197756767273,-1.813126802444458,-0.0049448455683887005,0.00768842501565814,0.07844921201467514,0.08277719467878342,-0.00144507410004735,-0.007270982023328543,0.06461425125598907,0.06627485901117325,163.63125492391123,35818.65170264876,0.0010516304755583405,181.71153942409148,35827.275845663826,0.0010393311968073249,0.1127273365855217,0.016026483848690987,30964.59060777014,18132.491433989086
-0.034959840662486724,0.005335744512938009,-0.21589868619856778,-0.19798213878172244,0.11276694669572729,0.11519215575813824,-0.07035828890360285,0.0,-142.72485316389572,-168.8129449136011,-155.7688990387484,-26.08809174970537,-20.616984367370605,-20.537431240081787,-20.577207803726196,0.07955312728881836,-0.007081272080540657,0.0023054012563079596,0.06604598462581635,0.06525418162345886,0.00584763940423727,0.0046188971027731895,0.06774044036865234,0.06474357098340988,190.0021165910517,35811.10585112275,0.0010386757785454392,196.00315784154253,35824.57523810472,0.001057304092682898,0.09173449873924255,0.014520001597702503,30978.040658694797,18258.321255218492
-0.10770570903735081,-0.17239067061862987,0.12954066354452112,0.11109187534539869,-0.4791264023058316,-0.4752259895100962,0.056133642894289904,0.14704969608392704,-140.92298553426002,-164.24550760144,-152.58424656785002,-23.32252206717999,-20.715923309326172,-20.591492652893066,-20.65370798110962,0.12443065643310547,-0.007235736586153507,-0.0013705501332879066,0.06666068732738495,0.06310585886240005,-0.007456552237272263,-0.0001427980314474553,0.0672755241394043,0.06438242644071579,172.106806830067,35817.43267810258,0.0010450908448547125,200.78367162313538,35818.7606548701,0.0010403795167803764,0.09137751162052155,0.012899167835712433,30753.181237041234,17941.83718168059
-0.03229010836697893,0.0,-0.1780344509637846,-0.35473217688236286,-0.4453150179862506,-0.48990080338273256,-0.6379713151668538,0.0,-143.28084978828406,-164.94210276542697,-154.1114762768555,-21.661252977142908,-20.431387424468994,-19.02163028717041,-19.726508855819702,1.409757137298584,7.245225424412638e-05,-0.0076033263467252254,0.06557000428438187,0.06853605806827545,0.0035497411154210567,0.00713961198925972,0.07866998016834259,0.07920964807271957,196.1792404609874,35821.83031771408,0.0010623198468238115,228.5537415304046,35717.17702724768,0.001128329779021442,0.09409091621637344,0.012915649451315403,30494.071512235252,18817.777025230145
-0.9364593323502618,-0.9965078099798661,-0.8187408575151283,0.05752785980415198,0.2338630468586551,-0.19947483720338477,0.017722220541238176,1.0,-139.94536927977435,-144.83998335707804,-142.3926763184262,-4.894614077303686,-18.74530792236328,-18.35499405860901,-18.550150990486145,0.39031386375427246,-0.007557972334325314,-0.005369103979319334,0.08351130038499832,0.07930663228034973,0.005035863257944584,-0.008259068243205547,0.08283067494630814,0.0874669998884201,220.59631443740054,35812.49128360429,0.0010545605327934027,181.08099881520636,35808.312944843616,0.0010481809731572866,0.11461687088012695,0.016704387962818146,30763.058156824867,18269.209237895848
0.8687327229850911,0.7664634544299196,0.9675337742534417,0.37415919373180406,-0.27430828301714455,-0.2961148358362496,-0.2066615033497956,-0.8753326779603283,-165.20460856169035,-140.7088135687615,-152.95671106522593,24.495794992928836,-18.64901304244995,-18.622843027114868,-18.63592803478241,0.026170015335083008,0.008506244979798794,0.0038740886375308037,0.0846472755074501,0.07997755706310272,0.008490266278386116,0.004019089043140411,0.08496055006980896,0.08015543967485428,191.57968660366416,35817.85186337094,0.001041758107021451,182.72230558106554,35818.76316146286,0.001043299795128405,0.11587169766426086,0.01650218293070793,30756.14129600856,17975.929099176195
-0.008519447684448962,0.03900948205815477,-0.07758721492472576,-0.031656201682716795,0.18551968447866207,0.2140158816847918,-0.018625264108508066,0.0,-168.12671260510922,-141.09153305367596,-154.6091228293926,27.03517955143326,-18.547334671020508,-18.56815218925476,-18.557743430137634,-0.02081751823425293,0.0067568812519311905,0.006526642013341188,0.08490336686372757,0.08170323818922043,-0.0017997260438278317,-0.009277228266000748,0.08203181624412537,0.08418384194374084,194.96212607544385,35820.964817627144,0.0010457159951329231,192.21579610180248,35818.907799469176,0.001057423185557127,0.11772249639034271,0.01697731949388981,30759.531720788924,17887.23610441979
-0.007113924021361968,0.0,0.27162027190137594,0.4500938677606111,0.2327532277490864,0.015164660565224142,0.05904813845964063,0.0,-162.6605236972872,-141.5573148179272,-152.1089192576072,21.10320887936001,-18.601611852645874,-18.616909980773926,-18.6092609167099,-0.015298128128051758,-0.007446251809597015,-0.005747951567173004,0.0847506895661354,0.08079328387975693,2.8124035452492535e-05,-0.009370367974042892,0.08083238452672958,0.08443056792020798,185.19283398050584,35822.324142546466,0.0010470995912328362,178.04645267721236,35816.73586802282,0.0010498508345335722,0.1167767345905304,0.016900692135095596,30759.70283555499,17886.26209781601
0.22935270941400795,0.26942901607416486,-0.03358094569640167,-0.2552004820420138,0.13510145792345218,0.4271867852558098,-0.06379620156788579,-0.48429411452233284,-169.34373502058037,-141.55024205092178,-155.44698853575107,27.793492969658587,-18.992873430252075,-19.02916669845581,-19.011020064353943,-0.03629326820373535,-0.008274533785879612,-0.00334704271517694,0.08132027834653854,0.07692379504442215,-0.0016358350403606892,-0.008795874193310738,0.07777463644742966,0.07985018193721771,180.27595836334638,35822.279785882565,0.0010515623725950718,170.1604799129088,35816.564532769065,0.0010409933747723699,0.11138458549976349,0.01607302390038967,30754.419653480913,18080.23742056246
-0.006254724620224412,0.0,0.03811856740566327,0.16257669079344092,0.2159554475792968,0.051502749104122114,-0.04772765899401343,0.0,-165.9718278148094,-145.2015437993312,-155.5866858070703,20.770284015478182,-19.41817045211792,-19.345921277999878,-19.3820458650589,0.07224917411804199,0.0030990878585726023,-0.007976086810231209,0.07320449501276016,0.07746921479701996,-0.007244040258228779,-0.004655790515244007,0.0780041366815567,0.07393646240234375,156.38136093107903,35817.28820853726,0.0010375380516052246,173.16147508012426,35818.57550175252,0.001041844254359603,0.10558164119720459,0.014308330602943897,30767.88809808583,18259.75774691507
0.9974858415920808,0.9478935322842589,0.814277820251611,0.09150128944636945,-0.26689047110904585,-0.017778962432156487,-0.15197359388514853,-1.0,-166.58877800924722,-138.91267730516842,-152.75072765720782,27.676100704078806,-19.04564142227173,-19.072439670562744,-19.059040546417236,-0.026798248291015625,0.008271348662674427,-0.0032986956648528576,0.07885121554136276,0.0784909576177597,-0.008933696895837784,0.00015642074868083,0.08004577457904816,0.07677140831947327,197.19147049938547,35829.833841902444,0.001050483318977058,169.92549577620392,35806.41866541973,0.0010482178768143058,0.10913881659507751,0.01769201271235943,30959.00242441285,17772.536061167437
-0.9814979285690874,-0.9819422367856404,-0.8643104196780487,-0.6223550104507588,-0.46908962127693277,0.6115178915518162,0.7421609777779989,0.9759240841426036,-168.27846021730227,-143.98364761963848,-156.13105391847037,24.294812597663793,-19.22097086906433,-19.27552103996277,-19.24824595451355,-0.0545501708984375,-0.0061126817017793655,-0.0062050241976976395,0.0784931480884552,0.07568148523569107,-0.008645107038319111,-0.0009015854448080063,0.0785178542137146,0.07466444373130798,176.28364242502573,35812.18679369834,0.0010565625270828605,173.40142516040154,35815.86779035081,0.0010645096190273762,0.10893787443637848,0.01575409807264805,30760.048159381422,17872.529248715964
0.6624768188036643,0.5436533093695297,0.9571345945078353,0.6236916450744044,-0.23116232659348768,-0.4277559472618405,-0.26744927700311494,-0.8861285525484387,-162.39220483883543,-137.48261832306292,-149.93741158094917,24.909586515772503,-19.376481771469116,-19.3887722492218,-19.38262701034546,-0.012290477752685547,0.005853916518390179,-0.006318515166640282,0.07415370643138885,0.07727169990539551,0.0076878853142261505,-0.0038193115033209324,0.07542067766189575,0.0758240669965744,166.56614665252872,35807.10317047568,0.0010391059331595898,188.2056949890308,35817.66125299828,0.0010513070737943053,0.10574740171432495,0.014288454316556454,30964.233066777004,18983.244982460794
0.034437411649131645,0.07112498562966894,-0.09792735200393995,-0.08014018510979898,0.23713110945643862,0.29532145197565807,-0.01597514905453845,0.0,-170.48643426353016,-143.03780706696557,-156.76212066524786,27.448627196564587,-19.374449253082275,-19.368308782577515,-19.371379017829895,0.006140470504760742,0.0008177486597560346,0.008501394651830196,0.07447639852762222,0.07700394839048386,-0.006725632585585117,-0.005407578311860561,0.07759526371955872,0.07396028190851212,220.3675363219614,35823.15454285953,0.0010526258265599608,203.33821622691292,35812.93012544996,0.001054604654200375,0.10712139308452606,0.013668350875377655,30766.475932900474,17867.690037414366
0.002679151281370528,0.0,0.21732302637277595,0.41107189439502584,0.2322348278634092,0.03471345262733899,0.03672153675948053,0.0,-163.89690049998038,-141.79325474417482,-152.8450776220776,22.10364575580556,-19.337223768234253,-19.318593740463257,-19.327908754348755,0.018630027770996094,-0.0037144736852496862,-0.007798861712217331,0.07615876197814941,0.0759863555431366,-0.008660782128572464,-0.00013826352369505912,0.0779062956571579,0.07452759146690369,189.86853786402474,35818.64570099894,0.0010422858176752925,188.51680480443878,35816.02564978536,0.0010542016243562102,0.10764485597610474,0.014549720101058483,30764.037437901305,18095.642470122322
0.3322991070532789,0.386005945272081,0.08942097225954858,-0.23269222728182296,-0.024526649115117316,0.421630633224541,0.08854778054370593,-0.4559800672809178,-166.23862339380605,-138.78902789236457,-152.5138256430853,27.44959550144148,-19.348536729812622,-19.36980128288269,-19.359169006347656,-0.02126455307006836,0.007119260728359222,-0.0047685629688203335,0.07527613639831543,0.07667124271392822,-0.0007409215322695673,0.008586753159761429,0.07388845831155777,0.07763931900262833,183.17897367980558,35815.63987680517,0.0010478380136191845,178.75320957606843,35819.572009135,0.001047081546857953,0.10578848421573639,0.01534972246736288,30948.092819756035,18205.356044850625
-0.0007568667569210832,0.0,0.0049346016665942904,0.14157922586180924,0.23163783155248574,0.0762617273651216,-0.03628087583956596,0.0,-166.28245636748716,-141.5337974074924,-153.90812688748977,24.74865895999477,-19.297438859939575,-19.305124282836914,-19.301281571388245,-0.007685422897338867,-0.008365070447325706,-0.002163357101380825,0.07850294560194016,0.07428687810897827,0.00861412100493908,-0.0008983668521977961,0.07763700932264328,0.07505068928003311,173.07026512055532,35820.99034419668,0.001038116286508739,190.624116540506,35824.41851268274,0.0010583896655589342,0.10712584853172302,0.01590014062821865,30751.834984197438,18133.68443720125
0.9870901491927138,0.9478857792545061,0.7931714720589244,0.3112841229441461,-0.07033963771388785,-0.10844164139616724,-0.3501220745193603,-1.0,-167.7065589611958,-140.76060600078006,-154.23358248098793,26.945952960415752,-19.24877643585205,-19.22828197479248,-19.238529205322266,0.020494461059570312,0.007964986376464367,0.00354817695915699,0.0789913684129715,0.07465054839849472,-0.008023666217923164,-0.0035262885503470898,0.0792488306760788,0.07474901527166367,184.79381934955148,35818.19911201641,0.0010274031665176153,185.98516403148133,35803.96081922403,0.001044399687089026,0.10810650885105133,0.015518267638981342,30755.2897040611,18004.025672640208
-0.010246362953735811,0.009511393768776808,-0.016779028815235297,0.07479002990623607,0.17908171871408868,0.12952778886979566,0.023945065746158067,0.0,-169.38752808074258,-144.1516815861105,-156.76960483342654,25.235846494632085,-19.244017601013184,-19.253077507019043,-19.248547554016113,-0.009059906005859375,0.005417495965957642,-0.0067691495642066,0.0751274973154068,0.07862629741430283,-0.005120113492012024,0.0070631252601742744,0.07483116537332535,0.07874514162540436,190.58007811029498,35815.5903420169,0.0010412335395812988,204.0634488594847,35811.36624507016,0.0010593008482828736,0.10751460492610931,0.01423706766217947,30764.359905862366,18368.689035900632
0.06173869078317598,-0.028011787070329763,0.7182604113033549,0.6699176533537967,-0.036856919997000054,-0.23843429456559434,0.18164573212335977,-0.012778042408015833,-164.32336170141508,-140.04880954386562,-152.18608562264035,24.274552157549465,-19.286034107208252,-19.28875207901001,-19.28739309310913,-0.0027179718017578125,-0.0017779936315491796,-0.008496318012475967,0.07559870183467865,0.07743582129478455,-0.005884397309273481,0.006414025090634823,0.07484325766563416,0.07811633497476578,184.11083343003133,35808.25302573757,0.0010338504798710346,176.33055507208826,35815.046029288744,0.0010462601203471422,0.10830863565206528,0.01378739345818758,30766.11865544514,17853.553677139043
0.27996778477419104,0.2838732818785932,-0.09980392684639014,-0.14767976065471097,0.38379140506810205,0.44687821888149293,-0.011145018697261255,0.0,-167.1825340744877,-137.77250506612467,-152.47751957030619,29.41002900836304,-19.253170490264893,-19.246946573257446,-19.25005853176117,0.006223917007446289,-0.003030110616236925,0.008097434416413307,0.074663445353508,0.07891113311052322,0.006667796988040209,-0.005636218003928661,0.07562970370054245,0.07808522880077362,212.57501059625145,35825.47495700453,0.0010620426619425416,182.85528753072006,35822.64121265575,0.0010431583505123854,0.10773856937885284,0.014395135454833508,30774.05270252336,17754.04141508372
-0.002923832230830408,0.0,0.09392075996652717,0.28424964680362236,0.22828380205991367,0.06631149195486197,0.0127121522396626,0.0,-166.1730926342757,-144.89102413684952,-155.5320583855626,21.282068497426167,-19.108290672302246,-19.11667227745056,-19.112481474876404,-0.00838160514831543,-0.00577949034050107,0.00670292042195797,0.07637570053339005,0.07979752123355865,0.008868296630680561,-2.913194475695491e-05,0.07968558371067047,0.07633549720048904,173.62835371039722,35830.13699482496,0.001038728398270905,176.491996428517,35814.68637856057,0.0010549654252827168,0.10903327912092209,0.014419177547097206,30780.209245939335,18092.68746978608
0.9037599242338918,0.9911090221252781,0.7584299893815003,0.07795395749769585,-0.09268925491863705,0.07624536678326677,-0.17702383474771577,-1.0,-169.34956029905032,-141.08491888140148,-155.21723959022592,28.264641417648846,-19.142359495162964,-19.160655736923218,-19.15150761604309,-0.018296241760253906,-0.008449840359389782,0.0025119513738900423,0.07835354655981064,0.07724174857139587,0.00498595554381609,-0.007297019939869642,0.0755719393491745,0.0796419158577919,176.41443432809916,35823.32809039367,0.0010512711014598608,167.58403528823706,35803.055707231964,0.0010457966709509492,0.108070969581604,0.0179655272513628,30969.689763636394,17750.725117885817
0.0,0.0022054064934832903,0.003884740185529839,0.1198755977543623,0.17985987396146652,0.06875511609151252,-0.046479886852851315,0.0,-170.41841381823588,-146.7246432210278,-158.57152851963184,23.693770597208072,-19.24966335296631,-19.274075031280518,-19.261869192123413,-0.024411678314208984,0.004913667682558298,-0.0071711232885718346,0.0749126449227333,0.07873035967350006,-0.00401647761464119,0.007705574855208397,0.07443474978208542,0.07876090705394745,202.34751907366558,35810.20476771923,0.0010452133137732744,166.8007460270299,35813.72039828788,0.0010579635854810476,0.10744760930538177,0.014377942308783531,30780.720462884994,18342.754633579134
1.0,0.8855094380867534,0.9071630575992785,0.35059315466255503,-0.2876021871205957,-0.14594345826924676,-0.1666806825165702,-0.564588254077915,-165.37874667236156,-138.6700811127257,-152.02441389254363,26.708665559635847,-19.298285245895386,-19.281156063079834,-19.28972065448761,0.017129182815551758,0.008365415036678314,0.0022572181187570095,0.07852868735790253,0.07424141466617584,0.005360034294426441,-0.006860687397420406,0.0746634230017662,0.07841963320970535,190.56458738697262,35813.88315901217,0.0010330125223845243,189.51812928168695,35824.46600563108,0.0010494356974959373,0.10715536028146744,0.01577785238623619,30752.409062571576,18101.03944765465
-0.9724716861420374,-0.9386450029683925,-0.9725082194606356,-0.7309959658946523,-0.36918793322182997,-0.2690697119192189,0.7747227184447811,0.9858322151650656,-168.1575638547243,-142.94125213922646,-155.5494079969754,25.216311715497824,-19.220616817474365,-19.228848218917847,-19.224732518196106,-0.008231401443481445,-0.006743977777659893,-0.005492365453392267,0.07881640642881393,0.07535271346569061,0.00825021043419838,0.0028957363683730364,0.0792374536395073,0.07475308328866959,159.7011117365158,35820.221703604104,0.0010478277690708637,190.41476250968282,35824.10553602674,0.0010647150920704007,0.10889705270528793,0.015512408688664436,30758.560945479287,17895.32616900507
-0.012929073693061588,-0.018438712154661245,0.29763579950907343,0.4952708236776486,0.30193152003642587,0.09382086319052807,0.04863759691823211,0.0,-161.6687500794642,-141.03981872390568,-151.35428440168494,20.628931355558507,-19.25669550895691,-19.296064376831055,-19.276379942893982,-0.03936886787414551,-0.0077505032531917095,-0.003967759199440479,0.07891356199979782,0.07458921521902084,0.001764810411259532,-0.008492354303598404,0.0742826983332634,0.07852689921855927,160.88739202051713,35825.0990485374,0.001041964627802372,173.46698964956278,35814.49846454233,0.001056373817846179,0.1082904189825058,0.015339529141783714,30756.96210350728,17918.329175300853
0.4933173007259928,0.5245530146185602,0.08404768709274686,-0.23519993101832726,0.19223534390531966,0.4383742716810387,-0.11730934990971154,-0.3986496778609837,-171.48056726487397,-142.8067570260733,-157.14366214547363,28.673810238800655,-19.237266778945923,-19.22030210494995,-19.228784441947937,0.01696467399597168,-0.007487093098461628,-0.0043782624416053295,0.07895317673683167,0.07490721344947815,0.008616677485406399,-0.0016006926307454705,0.07809999585151672,0.07609305530786514,203.27590916739706,35825.08202497419,0.0010519674979150295,171.71893169684074,35805.23882533405,0.001035753171890974,0.10828489065170288,0.015428490936756134,30756.372222684695,17992.455242034393
0.008980344560038864,0.0,0.04746430533997807,0.1739915880841959,0.26893277890345574,0.08772333664308096,-0.044951747557407606,0.0,-164.32524904577934,-142.94156568646326,-153.6334073661213,21.38368335931608,-19.14705753326416,-18.82800579071045,-18.987531661987305,0.31905174255371094,-0.00878983549773693,0.0006113622803241014,0.07917100191116333,0.07631787657737732,-0.005571149289608002,0.007255914155393839,0.07866355031728745,0.0826207846403122,211.1497293187849,35817.22448463452,0.0010341772576794028,193.46504475579326,35809.49181462275,0.0010474404552951455,0.10816434025764465,0.018334833905100822,30499.986918419003,19685.637618890178
0.9878080488621678,0.981763251242989,0.8474741609815453,0.1800662256436255,-0.1748979338391092,-0.08944007100808116,-0.23457024435740437,-1.0,-165.97957042892347,-137.84236569660186,-151.91096806276266,28.137204732321607,-19.109337329864502,-19.14033532142639,-19.124836325645447,-0.03099799156188965,-0.005190655589103699,-0.00715872785076499,0.07896755635738373,0.077215276658535,0.0026562251150608063,0.00844505988061428,0.07731632143259048,0.0783119797706604,180.15802819074509,35811.74214378108,0.00103891477920115,178.51557135743792,35819.36815958098,0.0010418667225167155,0.11055978387594223,0.016198957338929176,30517.81445607399,18507.780391399658
-0.007074733234959709,0.0,0.024766900357968427,0.09969259599789321,0.14985631216254086,0.09083951973795634,0.0004673343226506699,0.0,-169.5669958218038,-144.97715271663736,-157.27207426922058,24.589843105166437,-19.140456914901733,-19.146586656570435,-19.143521785736084,-0.006129741668701172,-0.0064328317530453205,0.005992390215396881,0.07647664844989777,0.07913687825202942,-0.001590498024597764,-0.008661005645990372,0.07672330737113953,0.07878714054822922,185.50020655135114,35812.14589701048,0.0010434180730953813,175.21196741647188,35817.93940877403,0.0010431543923914433,0.10852856934070587,0.014572300016880035,30801.04834344939,17903.12141357499
0.31951135428343724,0.20248613228505727,0.70670961585608,0.5406313626757984,-0.23825459523500303,-0.26088473149458713,0.18733277678832083,-0.12595230402067192,-164.46735061692863,-139.33200642968345,-151.89967852330602,25.13534418724518,-18.45258116722107,-18.33393692970276,-18.393259048461914,0.11864423751831055,-0.007741541601717472,0.005624423734843731,0.08325736224651337,0.08518858253955841,-0.009654209017753601,-0.0009446669719181955,0.08749625086784363,0.08322417736053467,186.58578498445374,35818.93176108978,0.0010442588245496154,185.23228407182634,35811.4432465326,0.0010397754376754165,0.1170717179775238,0.01699567399919033,30920.518102399805,17900.839472904503
0.20247252014982375,0.21806987193430385,-0.11088358745795569,-0.11322686776811258,0.3859782247768235,0.44233952707854185,-0.06613673881670545,0.0,-167.52257441623385,-140.70965015876362,-154.11611228749874,26.81292425747023,-18.26040029525757,-18.272805213928223,-18.266602754592896,-0.012404918670654297,0.009680877439677715,-0.0006863279268145561,0.08763819187879562,0.0845690593123436,-0.007445868104696274,-0.006320232525467873,0.08795269578695297,0.08398173749446869,188.98014858592393,35829.181943601594,0.0010507383849471807,191.5723794523908,35825.27807951822,0.0010625460417941213,0.11980590224266052,0.020864004269242287,30496.9229861373,19123.416693849293
-0.0036744463417236846,0.0,0.15746796998159468,0.34357201971616347,0.2343257896349994,0.054250447048986294,0.04824601053099087,0.0,-163.92598533063986,-143.50032883089364,-153.71315708076673,20.425656499746225,-18.458998203277588,-18.636380434036255,-18.54768931865692,-0.177382230758667,-0.008051448501646519,0.005131417885422707,0.08347013592720032,0.08485838025808334,-0.008858193643391132,0.0030459342524409294,0.08287363499403,0.08205429464578629,158.7577687774934,35820.44757194141,0.0010305569740012288,157.47825861802474,35817.56146885717,0.001060405862517655,0.11707949638366699,0.01759006269276142,30956.11376411209,18021.85681613327
0.47843585706136155,0.5770731771304098,0.33447116132243804,-0.20060308337131627,-0.03752089878511655,0.41851093500574676,0.16540198924716187,-0.5135856559656258,-168.64696262640814,-140.07991105964894,-154.36343684302852,28.567051566759204,-19.21170473098755,-19.21561360359192,-19.213659167289734,-0.003908872604370117,0.007561564911156893,-0.004370213486254215,0.07674713432788849,0.07761368900537491,0.0048714252188801765,-0.007283051963895559,0.0750684067606926,0.07916727662086487,187.7829144551514,35825.471581376034,0.0010552792809903622,164.4593980496838,35804.192598828806,0.0010450201807543635,0.10724827647209167,0.015814606100320816,30921.668796050628,17824.124245921357
-0.9716217096280989,-0.9778496380734705,-0.8324065618995133,-0.6068690043473708,-0.4675876582064369,-0.4047664130708868,0.7403615068712929,0.9904009112967413,-167.16421851360928,-145.94608701133916,-156.55515276247422,21.218131502270126,-19.27882194519043,-19.281975030899048,-19.28039848804474,-0.003153085708618164,-0.006538573652505875,-0.005687057971954346,0.07821358740329742,0.07492627948522568,0.0037323003634810448,-0.007822955027222633,0.07433879375457764,0.07871755957603455,202.22476810944693,35811.36904501369,0.0010308601194992661,191.32349443459952,35813.01546567599,0.0010548101272433996,0.10814230889081955,0.01553143560886383,30759.37265483588,17882.43014172977
0.9917182043405062,0.9790561760491538,0.8485299451833074,0.4024634906587408,-0.05006527050022036,-0.22086689517552327,-0.4635627856569452,-1.0,-168.70139466435796,-142.0091061272509,-155.35525039580443,26.69228853710706,-19.278117418289185,-19.296209812164307,-19.287163615226746,-0.01809239387512207,0.0028870354872196913,-0.008190751075744629,0.07438120245933533,0.07874222099781036,-0.004867647774517536,-0.007186511531472206,0.07721590250730515,0.07564123719930649,206.06284313620205,35822.68239508315,0.0010364196496084332,164.42869291044093,35820.34326690239,0.0010460534831508994,0.10759209096431732,0.01454081665724516,30775.137862341773,17833.9532148846
-0.008801780550047628,0.013690780582119267,-0.026511604571727965,0.08048553914097187,0.1931345193506402,0.14224537413816374,0.01299498942788857,0.0,-166.1757263545798,-141.33926509139764,-153.75749572298872,24.836461263182173,-19.232537746429443,-19.264873266220093,-19.248705506324768,-0.032335519790649414,0.004642961081117392,-0.007350631058216095,0.07499143481254578,0.07895316928625107,0.00578807108104229,-0.006520065478980541,0.07499685138463974,0.0783827006816864,169.70319497447588,35807.647045330836,0.0010393084958195686,174.3244738918756,35822.08312992749,0.0010622426634654403,0.1076078712940216,0.014407972805202007,30754.901607398562,18884.9332876894
0.029149274542853862,-0.006676343303304143,0.2512479422753556,0.41318661438483967,0.1620815012331946,-0.03477013990169592,0.04446595610739801,0.0,-166.18953348825016,-143.29895429375296,-154.74424389100156,22.890579194497207,-19.317318201065063,-19.315965175628662,-19.316641688346863,0.0013530254364013672,0.0063628703355789185,-0.005893253721296787,0.0749148577451706,0.07755492627620697,0.005950021557509899,-0.006277116946876049,0.07466192543506622,0.07782451808452606,187.43186936477358,35814.82764061972,0.0010476884199306369,186.96447596302855,35815.88666337134,0.0010489500127732754,0.10624764859676361,0.014550376683473587,30874.40757992273,17765.748692536163
0.18129638802656334,0.18666712145688738,-0.09725281074237406,-0.1280617571769804,0.25709913500233095,0.4314750771359095,0.15303793036892055,-0.0022529478156226856,-165.02066082057655,-139.4177606027771,-152.21921071167682,25.60290021779946,-19.26508665084839,-19.25568699836731,-19.26038682460785,0.009399652481079102,-0.006101365201175213,0.0060951304621994495,0.07528475672006607,0.07811295986175537,0.0038000280037522316,0.007843362167477608,0.07694286108016968,0.07663751393556595,178.9836560618355,35822.240367693325,0.001050050021149218,186.12675157923297,35820.75975921262,0.0010448031825944781,0.10705358535051346,0.014413158409297466,30725.024118250334,19521.862912740013
-0.0040838479197181045,0.0,0.08553581619060395,0.2039691535409264,0.24100762071919235,0.06849634701917107,-0.005004177151802791,0.0,-164.18291291979398,-141.62906477323924,-152.9059888465166,22.553848146554742,-19.124315977096558,-19.13007140159607,-19.127193689346313,-0.005755424499511719,0.0071761878207325935,0.005124492105096579,0.07987143844366074,0.07600522041320801,0.005983763374388218,0.006517345085740089,0.07928848266601562,0.0765039324760437,156.6958514917137,35820.82867830527,0.0010406271321699023,185.16558284011967,35824.9523839759,0.0010550221195444465,0.10995197296142578,0.015702642500400543,30758.66530723574,17886.23448032263
0.9544139700989729,0.9859572026350338,0.7665851429582174,0.046612609236520774,-0.26780180758123584,0.008516401932082696,-0.24979496305919685,-1.0,-169.5143588200171,-141.44152208167168,-155.4779404508444,28.072836738345416,-19.122332334518433,-19.116801023483276,-19.119566679000854,0.00553131103515625,0.0036645219661295414,0.008010451681911945,0.07801906764507294,0.0779423862695694,0.0076505765318870544,0.004493086598813534,0.08017606288194656,0.07581731677055359,174.89460047477235,35820.22048378229,0.001041864394210279,199.86569281415788,35811.07762005837,0.0010406379587948322,0.1103934794664383,0.015350628644227982,30763.598833731234,18693.367917294967
-0.0014281572705238787,0.0,-0.002448322326836755,0.152808581603359,0.22465183970593267,0.08007689649723704,-0.01623061976648721,0.0,-165.91290021164238,-143.3776824606873,-154.64529133616486,22.53521775095507,-19.107085466384888,-19.110742807388306,-19.108914136886597,-0.0036573410034179688,-0.0024779546074569225,0.008482040837407112,0.07590647786855698,0.08026677370071411,0.008461182937026024,-0.002573058009147644,0.07862919569015503,0.07753407210111618,173.60006934152503,35826.57435117751,0.0010514073073863983,200.00884187109696,35814.75931746902,0.0010533949825912714,0.10971422493457794,0.014703075401484966,30765.640902473966,17850.74811778755
0.7237375933335801,0.6683429949200591,0.9924143949411985,0.3494508473190493,-0.31394261302968085,-0.32958944864589446,-0.3155058823071788,-0.9163423802457731,-163.27462369104296,-139.25441489715936,-151.26451929410115,24.020208793883597,-19.10869836807251,-19.212424755096436,-19.160561561584473,-0.10372638702392578,-0.008698787540197372,0.0016532164299860597,0.07909894734621048,0.0770910233259201,0.006698836572468281,0.005627327598631382,0.07894312590360641,0.07536404579877853,172.84163905527114,35820.076841895745,0.001026513404212892,152.52138382106622,35814.15899465485,0.0010444414801895618,0.10851651430130005,0.01896190270781517,30733.164899106698,19340.771777935148
-0.01426038413123381,0.03115113780202459,-0.07196744775329822,-0.026067566542722354,0.17945242362759178,0.20416196427366917,0.013414385312530919,0.0,-170.091757752673,-142.54752986364844,-156.31964380816072,27.54422788902457,-19.170912504196167,-19.163979291915894,-19.16744589805603,0.0069332122802734375,-0.008497562259435654,-0.0020750449039041996,0.07960058748722076,0.075436532497406,-0.004243554547429085,-0.007724136114120483,0.0779990404844284,0.07720917463302612,193.81157537286467,35822.450471447264,0.001054747961461544,178.39031996743284,35808.670652530775,0.0010519970674067736,0.10845808684825897,0.016657352447509766,30751.282838008858,18268.97894416276
-0.0027162573236612364,-0.03095995712948012,0.3288746876531732,0.4746594060728034,0.1820866577860753,-0.14185754403954337,0.028815938002639263,0.0,-166.7430592120557,-141.95018115711207,-154.34662018458388,24.79287805494363,-19.19617533683777,-19.213460683822632,-19.2048180103302,-0.01728534698486328,0.006127839908003807,0.006289443001151085,0.07874410599470139,0.07586497813463211,-0.008296294137835503,-0.0028254033531993628,0.0793846994638443,0.07487787306308746,200.1353677663483,35818.03875432001,0.0010269597405567765,171.3666098425217,35803.789279434954,0.00103024544660002,0.10924122482538223,0.016103021800518036,30760.60423634781,17906.20741244847
0.22607464829952303,0.20624323016868368,-0.07918781642002184,-0.2289012987814205,0.18547969783460633,0.38579672237212737,0.15794922345068074,0.0,-166.3354396443471,-139.76192833519212,-153.04868398976961,26.57351130915498,-19.213658571243286,-19.22418713569641,-19.21892285346985,-0.010528564453125,-0.002058708341792226,-0.008456665091216564,0.07638120651245117,0.0779426097869873,0.007412404753267765,0.004666576161980629,0.07913100719451904,0.07494954764842987,181.842462442114,35816.54658957815,0.0010503038065508008,174.0147831953639,35816.3746340926,0.0010524821700528264,0.10930191725492477,0.014355105347931385,30764.820307294176,17943.965658460507
0.004591101015376381,0.0,0.09556883476822141,0.2420405414911816,0.2126388042466737,0.048634971787741454,-0.012723341424230927,0.0,-168.44238759754307,-145.25682408313457,-156.84960584033882,23.1855635144085,-19.262373447418213,-19.29274082183838,-19.277557134628296,-0.030367374420166016,0.005410343408584595,-0.006806077901273966,0.0749371275305748,0.07848592102527618,0.001555074006319046,0.008538726717233658,0.07543644309043884,0.07747673988342285,187.14129204721127,35809.44597319534,0.0010292496299371123,162.86366924704842,35812.97176829032,0.0010491079883649945,0.10714610666036606,0.014267520979046822,30773.000986522413,18178.419494211135
0.9338712099085371,0.9985148901240807,0.8322528408464216,0.11327317722464009,-0.23615979771901327,-0.10947184172985897,-0.3273325968047838,-1.0,-170.30428876233356,-141.41833305843068,-155.86131091038212,28.88595570390288,-19.29912805557251,-19.28073525428772,-19.289931654930115,0.01839280128479004,-0.007343130186200142,-0.004550588317215443,0.07836786657571793,0.07439880073070526,0.0035682853776961565,-0.007942389696836472,0.07430318742990494,0.07876821607351303,205.885053006371,35821.133819845236,0.0010564082767814398,194.28188483350166,35816.734686682175,0.0010447122622281313,0.10760004818439484,0.015338988043367863,30756.92987749012,17954.02646416177
0.003123258346097074,0.0,-0.009686780484357699,0.10601352531692465,0.19753473581055964,0.09846570937026888,-0.028704581697941434,0.0,-168.74649238607935,-144.26448583509534,-156.50548911058735,24.48200655098401,-19.235477447509766,-19.248411655426025,-19.241944551467896,-0.012934207916259766,0.008678861893713474,-0.0006095683202147484,0.07836534827947617,0.07555136829614639,0.004172840621322393,0.007638346869498491,0.07721921056509018,0.07649057358503342,169.00702650649487,35824.38966811904,0.0010520993964746594,159.4543490258488,35821.75589572749,0.0010566142154857516,0.10701712965965271,0.01864134892821312,30495.674748955393,18898.256877038424
1.0,0.6891961142273096,0.9208126513336995,0.4206896455363381,-0.30679555920744456,-0.14171590469666656,0.15419511983845546,-0.6101834753516069,-166.52660752427596,-139.00458313253068,-152.76559532840332,27.522024391745276,-19.278571605682373,-19.306164979934692,-19.292368292808533,-0.027593374252319336,0.008692540228366852,-8.128100307658315e-05,0.07817914336919785,0.07496360689401627,0.004482148215174675,-0.007442967034876347,0.07419761270284653,0.07843171805143356,168.49442296213905,35808.000149097665,0.0010290793143212795,167.43330495965054,35818.59989319575,0.0010417620651423931,0.10663649439811707,0.017791373655200005,30745.791128975572,18997.01239840599
-0.010871762683215866,0.031838549570246275,-0.04000450201889802,-0.012313672744708404,0.15600075593036322,0.19801724520273944,0.0681902038428962,0.0,-170.676124666345,-144.77213760918204,-157.72413113776352,25.903987057162965,-18.953306674957275,-18.690552711486816,-18.821929693222046,0.262753963470459,0.008757141418755054,-0.0019965502433478832,0.08037786930799484,0.07863880693912506,-0.009090233594179153,-0.0019211061298847198,0.08419253677129745,0.0796511098742485,200.42309939932923,35809.91349538429,0.0010452737333253026,206.84809307844972,35833.758410115515,0.0010661437408998609,0.11013387143611908,0.018609818071126938,30969.70096671107,17772.151062417455
0.0076243147960473965,-0.0012992196940898267,0.339200350405283,0.495749006852415,0.16057535284704147,-0.03608418943605768,0.06338916997471755,0.0,-165.15514254487385,-142.80263508479396,-153.9788888148339,22.35250746007989,-18.334429264068604,-18.336198329925537,-18.33531379699707,-0.0017690658569335938,-0.0017560676205903292,0.009538964368402958,0.08307234197854996,0.08763103932142258,-0.008693212643265724,0.004271163605153561,0.08516597002744675,0.08556433022022247,168.4469044863888,35817.03077213458,0.0010324552422389388,169.71422678372332,35820.535160033025,0.0010463310172781348,0.12019012868404388,0.015828175470232964,30770.780583760836,17725.722112123352
0.5736145474754565,0.6203387856746247,0.1749263386924571,-0.23303747378110626,0.17606064901780266,0.4329287020112931,-0.05532036217089542,-0.49674437283812634,-167.92278563875715,-137.7917848587531,-152.85728524875512,30.131000780004058,-18.32967758178711,-18.33968758583069,-18.3346825838089,-0.010010004043579102,0.009163103997707367,0.003048246493563056,0.0877772644162178,0.08301959186792374,-0.0007099552894942462,0.00966431014239788,0.08322559297084808,0.08738493919372559,180.88416954922843,35815.97069055723,0.0010405204957351089,173.92601632219836,35815.79224623484,0.0010498595656827092,0.11992231011390686,0.01761271245777607,30753.37278556202,18126.169980591923
0.011501420705443667,0.0,0.03917171200892365,0.2003444257916048,0.27517718483267367,0.11609940906432953,-0.03723412955640648,0.0,-165.31180398092255,-141.7711364770738,-153.54147022899818,23.540667503848738,-18.328920602798462,-18.345130681991577,-18.33702564239502,-0.016210079193115234,-0.008971177041530609,0.0036330686416476965,0.08561905473470688,0.08525613695383072,0.00923487264662981,-0.002885074121877551,0.08584635704755783,0.08470521122217178,174.63329152156055,35813.97387336412,0.0010265132877975702,182.08146251386103,35820.259434087006,0.0010502369841560721,0.11867821216583252,0.019381126388907433,30964.490718240784,17812.162710480396
0.9948140837445582,0.9898014623899355,0.8203077556992291,0.33457110108094,-0.06826562142831377,-0.10789359749038224,-0.36967552257887154,-1.0,-165.02956873551005,-137.8525240463203,-151.44104639091518,27.177044689189756,-18.941396474838257,-19.090474843978882,-19.01593565940857,-0.149078369140625,0.008996562100946903,0.0007486395770683885,0.08151185512542725,0.07768271863460541,-0.008144505321979523,0.0036017121747136116,0.07824479043483734,0.07828249037265778,150.6755238414061,35823.35699749436,0.0010482181096449494,167.96241485282673,35820.300050437225,0.0010568343568593264,0.11135561764240265,0.017667248845100403,30747.657175049975,18367.64656588054
-0.01288200292333851,0.005915257423348793,0.004495339976874083,0.07790985308702403,0.16341594758830852,0.09269054351342376,0.010849488537507779,0.0,-168.2951944056789,-142.6788829520388,-155.48703867885885,25.616311453640094,-19.097591638565063,-19.143507480621338,-19.1205495595932,-0.045915842056274414,0.0014416127232834697,-0.008736756630241871,0.07615727186203003,0.08019459247589111,0.008291931822896004,0.0030215131118893623,0.08001335710287094,0.075498566031456,162.36818473724844,35821.428266454604,0.0010555089684203267,192.46720909956719,35812.47223495924,0.0010506844846531749,0.1102825403213501,0.014152685180306435,30769.793166363677,17716.167752918187
0.42875757548933696,0.17352343580440835,0.7601863552104486,0.48495399597029165,-0.27502194016333714,-0.15310261532971814,0.2063155942491668,-0.15755629375896818,-166.0044395721967,-140.24289667041575,-153.12366812130622,25.761542901780956,-19.219659566879272,-19.223943948745728,-19.2218017578125,-0.004284381866455078,-0.007248908281326294,-0.0048780604265630245,0.07905148714780807,0.0751190036535263,0.008194678463041782,-0.0031370525248348713,0.077309250831604,0.07682986557483673,175.85461954553787,35820.21052355617,0.0010336017003282905,192.68908446769373,35816.396135396724,0.001037922571413219,0.10869348794221878,0.01552153192460537,30757.65423106573,17902.226559866664
0.21564657681261543,0.2736403876375039,-0.11142177126101042,-0.131095806086728,0.24816930835943157,0.32498227934186574,0.01564946939598688,0.0,-169.98833694212112,-139.90009679798123,-154.94421687005118,30.08824014413989,-19.066346883773804,-19.197245836257935,-19.13179636001587,-0.13089895248413086,-0.008051194250583649,-0.0036341031081974506,0.08060018718242645,0.07631494849920273,-0.004106809385120869,-0.007763256784528494,0.07762788981199265,0.07698731124401093,168.39229501643095,35816.28859993804,0.0010438412427902222,179.06399421214695,35809.26864906011,0.0010462176287546754,0.11029525846242905,0.015816127881407738,30752.97438662812,18059.865243675697
-0.0035327010605737752,0.0,0.25309717458890185,0.42146280714693285,0.291251057293168,0.03205683521411584,-0.011272042670225524,0.0,-162.833418724365,-139.710529068291,-151.271973896328,23.122889656073994,-19.266029596328735,-19.2619788646698,-19.264004230499268,0.004050731658935547,0.0026337706949561834,-0.008309323340654373,0.07447899878025055,0.07885514944791794,-0.005538765341043472,-0.006725624669343233,0.07789671421051025,0.07555444538593292,191.22734533894945,35818.18511083895,0.0010380683233961463,194.88348900405649,35815.3156213408,0.0010491377906873822,0.10763555765151978,0.014595279470086098,30772.072990078526,19183.181258679004
0.3266647860604668,0.4360904835113731,0.07852060475254222,-0.2105846174752317,0.004423567914270732,0.43409455882824866,-0.06406365954287285,-0.6533173390874006,-171.26689344909488,-143.40495795238053,-157.3359257007377,27.861935496714352,-19.042034149169922,-18.77297878265381,-18.907506465911865,0.2690553665161133,-0.006251091603189707,0.006323946639895439,0.07721946388483047,0.08016283810138702,-0.005841885693371296,0.007161282934248447,0.0792270302772522,0.08308133482933044,211.74345858915368,35834.429539541394,0.001054848893545568,170.20837182044227,35820.5523952885,0.0010464503429830074,0.10937038064002991,0.014624952338635921,30796.58730747434,17896.501943377178
-0.007494817405537056,0.0,0.03342779783497646,0.16434228080207194,0.23476596568579583,0.114158255007476,-0.0061687029195270915,0.0,-164.47407294960232,-142.6657238771228,-153.56989841336255,21.80834907247953,-19.1996967792511,-19.210160970687866,-19.204928874969482,-0.010464191436767578,-0.008731456473469734,-0.0007370202802121639,0.07913428544998169,0.07539539784193039,-0.008745361119508743,-1.5630939742550254e-05,0.07884754985570908,0.07550584524869919,170.66919181906127,35811.82726471714,0.0010315320687368512,200.44401266612144,35812.002093736664,0.0010586107382550836,0.1079452782869339,0.016999544575810432,30746.775298788805,18340.02743857186
0.9930804452917729,0.9621502883887091,0.9086547087567707,0.34457010212357514,-0.037813062093176864,-0.059482431597735586,-0.35454435286011016,-1.0,-164.84194501814608,-137.642364880821,-151.24215494948353,27.199580137325086,-19.26886796951294,-19.266622066497803,-19.26774501800537,0.0022459030151367188,0.008601337671279907,0.0012027674820274115,0.07861071825027466,0.0746888592839241,-0.00034932722337543964,0.008718417957425117,0.07489554584026337,0.07844836264848709,188.38031432138015,35824.81493831522,0.0010383425978943706,200.3591472460537,35814.198329804,0.0010386701906099916,0.10724848508834839,0.016526924446225166,30748.685751763573,18253.89325873059
-0.01304593384820825,0.008153218944766396,-0.03719753622124142,0.08036543338932145,0.19397296204108333,0.09904857512365917,-0.028199237514279663,0.0,-167.176875616836,-142.46330972132364,-154.82009266907983,24.713565895512374,-19.359354972839355,-19.37558650970459,-19.367470741271973,-0.016231536865234375,-0.00811407994478941,0.002726478734984994,0.07631254941225052,0.07544943690299988,0.0049183121882379055,-0.007068075239658356,0.07373654097318649,0.07768549770116806,176.926872808268,35828.66762946167,0.0010551325976848602,188.70846377327706,35813.669668778544,0.0010646269656717777,0.10544805228710175,0.017372189089655876,30962.664255364358,17769.060485680642
0.14865494900203532,-0.021975579988237445,0.6861826125938724,0.46048576374426453,-0.11043409881042163,-0.244737737614651,0.056533378511678944,0.0,-164.08736921791575,-140.93769541800805,-152.5125323179619,23.149673799907703,-19.324662685394287,-19.313427209854126,-19.319044947624207,0.011235475540161133,0.008630357682704926,-0.0001005383237497881,0.07775343954563141,0.07458117604255676,0.0077818757854402065,-0.0038241948932409286,0.07610185444355011,0.07645934820175171,193.24029204114032,35817.582778677985,0.0010317405685782433,192.53058745031103,35812.571071925966,0.0010356447892263532,0.10614293813705444,0.017443861812353134,30742.875467400216,18578.99532408446
0.09635090936879273,0.12598159108243354,-0.09619421995688139,-0.03441412267936847,0.24107052604559298,0.3026931720628072,0.05098323955253847,0.0,-170.86868849441868,-144.70080356897427,-157.78474603169647,26.16788492544441,-19.29863929748535,-19.28100347518921,-19.28982138633728,0.017635822296142578,0.00020026351558044553,-0.00859468150883913,0.07475943118333817,0.07803701609373093,0.007055472116917372,-0.005111591890454292,0.07564321905374527,0.07747692614793777,169.78245294660817,35834.26655177779,0.0010536725167185068,183.9119184480317,35819.7680647264,0.0010592530015856028,0.10797116160392761,0.013597197830677032,30767.82314843764,17788.065434047647
-0.020414802324875046,0.0,0.2025964593678379,0.3754005638068874,0.22771143413352898,0.0039061009628925114,0.030058488094109048,0.0,-165.04937317881797,-142.39919848822421,-153.7242858335211,22.650174690593758,-19.30331826210022,-19.311814308166504,-19.307566285133362,-0.00849604606628418,0.0009010190842673182,-0.008616199716925621,0.07444942742586136,0.07824470847845078,0.006295639090240002,-0.005940630100667477,0.07488511502742767,0.07768109440803528,167.97004953735083,35820.555505365744,0.0010382028995081782,192.80538005219302,35815.360586287046,0.0010573436738923192,0.10771014541387558,0.013934657908976078,30770.408085639596,17710.064269509963
0.846650130713783,0.8541643631800921,0.5617662856492711,-0.2155076852670864,-0.1824461807522415,0.4219725842245181,-0.08765356599128948,-0.8406542400457588,-167.86197154742513,-138.89695517304477,-153.37946336023495,28.965016374380355,-19.26716685295105,-19.264570474624634,-19.265868663787842,0.0025963783264160156,-0.007450448349118233,-0.004382003098726273,0.07868275791406631,0.07464881986379623,0.007162399590015411,-0.004962841048836708,0.07586052268743515,0.07755299657583237,198.686540227262,35829.960660051234,0.001044383505359292,195.43619964905105,35823.51337991593,0.00104262784589082,0.1079770103096962,0.01532372273504734,30756.62775677962,17964.449598967636
-0.004700715215482945,0.0,-0.0022799046487564645,0.1302341944422326,0.2142984614845796,0.07423033222464831,-0.03354805118939508,0.0,-169.31781127341617,-146.4827370714961,-157.90027417245614,22.835074201920065,-19.243441820144653,-19.228419065475464,-19.23593044281006,0.015022754669189453,0.008118527010083199,0.0032007298432290554,0.0790417268872261,0.07469426095485687,0.0029723141342401505,0.00820571556687355,0.07672106474637985,0.07734297960996628,191.25045336204846,35819.00369209724,0.0010365418856963515,198.86859832093418,35818.35574414855,0.0010647550225257874,0.1080203726887703,0.01562504842877388,30754.663054201807,18051.60748002903
0.9994685598779169,0.9877642435974882,0.8776200160917433,0.3213364802907155,-0.005904634782362861,-0.1008099644826318,-0.4300540086763411,-1.0,-164.16500719787643,-136.73485846664295,-150.4499328322597,27.430148731233487,-19.206812381744385,-19.204282760620117,-19.20554757118225,0.002529621124267578,0.005453950725495815,-0.006843696814030409,0.07540924102067947,0.0789978876709938,-0.007984662428498268,0.0036440202966332436,0.0771915391087532,0.07729959487915039,173.28901441076712,35815.450026464234,0.0010374130215495825,171.8051099052487,35821.88195283137,0.0010519861243665218,0.10793083906173706,0.014359653927385807,30740.391640517813,18917.783585272493
-0.010258630223768881,0.007456280399918072,-0.03647906858100544,0.07463114351234595,0.19047681278071676,0.12572544945444597,0.003694469388880295,0.0,-167.41868693723717,-144.14244890351625,-155.7805679203767,23.276238033720915,-18.666054010391235,-18.642020225524902,-18.65403711795807,0.024033784866333008,-0.009094775654375553,0.0018871244974434376,0.08316336572170258,0.08119765669107437,-0.008820057846605778,-0.0030749684665352106,0.0847744420170784,0.07998108863830566,150.45255436119697,35820.80734417771,0.0010532920714467764,138.48050320345962,35815.017264731825,0.0010434818686917424,0.11395063996315002,0.019632045179605484,30975.51454767278,17800.565447045
0.04856804126466082,-0.00731572967795371,0.2993891699733355,0.4097619668457392,0.10435986921032875,-0.04107214010517629,0.10933237031794096,0.0,-164.7244659731067,-142.55077815828918,-153.63762206569794,22.173687814817526,-18.548283576965332,-18.56091022491455,-18.55459690093994,-0.01262664794921875,-0.0020061698742210865,-0.009252585470676422,0.08232404291629791,0.0842752605676651,-0.009066756814718246,-0.002665470354259014,0.08555322885513306,0.08074641227722168,188.59332412270518,35811.66871104287,0.001034933957271278,193.86952369378642,35818.254809381906,0.001037049456499517,0.11781449615955353,0.01501756627112627,30766.208000171326,17860.90316815703
0.17691347985444839,0.16875228611031687,-0.09849761695421243,-0.09285136747508213,0.242363114453656,0.37505395491072413,0.045860413647299536,0.0,-169.28676499807204,-140.70690987840314,-154.9968374382376,28.579855119668906,-18.639150857925415,-18.667545318603516,-18.653348088264465,-0.028394460678100586,0.0023771871346980333,0.008957508951425552,0.08169195055961609,0.08318954706192017,-0.007831829600036144,-0.005078108049929142,0.08435460925102234,0.07992488145828247,161.08096288722123,35818.42159695365,0.0010529190767556429,164.79761068825707,35815.90732364807,0.0010549869621172547,0.11680598556995392,0.015622944571077824,30764.522128401783,18045.134709239406
-0.011686247185067954,0.0,0.211099505751156,0.38252698185872924,0.30285904179609535,0.08632571482492579,0.012011195995253243,0.0,-163.902946177849,-142.92509741550634,-153.41402179667767,20.97784876234266,-18.94657015800476,-19.021878242492676,-18.98422420024872,-0.07530808448791504,-0.004830759018659592,-0.007624195422977209,0.08021575957536697,0.07892439514398575,-0.008069761097431183,-0.0038630838971585035,0.0811404213309288,0.07656488567590714,188.09536034071434,35815.118405615,0.0010385102359578013,167.6087524081503,35819.859273785136,0.0010518054477870464,0.11258594691753387,0.015867525711655617,30763.139471952818,18599.983847095347
0.9160345282687623,0.9919585238637617,0.7351944459837705,0.13828088053761411,0.02063195164242454,0.10725718328243405,-0.3653658749177626,-1.0,-168.7477503164596,-139.6260623890072,-154.1869063527334,29.1216879274524,-19.484299421310425,-19.55098867416382,-19.51764404773712,-0.06668925285339355,0.006293023005127907,-0.005626930855214596,0.0735984519124031,0.07597911357879639,-0.004062289372086525,0.007403284311294556,0.07208828628063202,0.07629673182964325,175.91418793200728,35816.54264974644,0.0010488899424672127,166.09524238891183,35816.82261868288,0.0010564445983618498,0.10431140661239624,0.014137351885437965,30967.950065045916,19130.451576989093
0.015759838709031988,0.0,-0.016049645981716903,0.11384850423848503,0.22085254919930336,0.06787874911416236,-0.05772286458476794,0.0,-167.66789369489743,-145.59123775571544,-156.62956572530643,22.07665593918199,-20.263023376464844,-20.3596830368042,-20.31135320663452,-0.09665966033935547,-0.00625313725322485,0.004535654094070196,0.0676063746213913,0.06915232539176941,0.005426409654319286,0.005426859483122826,0.06891212612390518,0.06631281971931458,192.19395207857093,35819.85226253326,0.0010467659449204803,220.94408036183506,35815.36006411563,0.0010581944370642304,0.09524644166231155,0.013422110117971897,30956.230092608937,18400.189107336424
0.9553301757277426,0.8936358743804551,1.0,0.3414319429647708,-0.15139032995960117,-0.20035446899930082,-0.2617112211195129,-1.0,-163.40719450959563,-137.02830700218388,-150.21775075588977,26.378887507411747,-20.353031158447266,-20.359950065612793,-20.35649061203003,-0.006918907165527344,0.002467032289132476,0.007242952939122915,0.06731299310922623,0.06804182380437851,-0.0076306164264678955,-0.0008443011320196092,0.06932980567216873,0.06587138772010803,189.10179698927564,35827.145152837315,0.0010443314677104354,176.1718652014349,35811.18482185327,0.0010578988585621119,0.09588931500911713,0.01250605471432209,30764.95685403403,17957.69432588603
0.01242007537757761,0.012716096549062916,0.00982860164380428,0.012885801967044475,0.015335647932435248,0.008942812795665667,0.0,0.0,-162.70700706869468,-143.25239502907934,-152.97970104888702,19.45461203961534,-20.274159908294678,-20.271193981170654,-20.272676944732666,0.0029659271240234375,-0.006253387313336134,-0.002789077116176486,0.06966332346200943,0.06699533760547638,-0.005699218716472387,-0.005239368882030249,0.06976703554391861,0.06683769077062607,239.67070939768578,35717.40274801007,0.0011069461470469832,198.99387022618933,35810.33718187607,0.001046652439981699,0.09638272225856781,0.013801747933030128,30732.945939025263,17929.795550549443
-0.015528329207854089,-0.0562565861983564,0.3880272923583681,0.48701534999418233,0.22486833193418748,-0.06618740328237699,0.03893630857132957,0.0,-164.64699380370794,-144.27498109396763,-154.46098744883778,20.372012709740318,-20.26421070098877,-20.263776779174805,-20.263993740081787,0.00043392181396484375,-0.005901109427213669,-0.005066475830972195,0.06988281011581421,0.06682565808296204,0.002529278863221407,0.0073394570499658585,0.0680256187915802,0.06872378289699554,188.0827597791499,35816.09380637739,0.0010314523242413998,179.93760179618369,35810.46846001609,0.0010452393908053637,0.09642050415277481,0.014111237600445747,30760.07374812069,17877.192561219064
0.27856990836649276,0.2652101784228712,-0.09411090584753459,-0.13689709675238093,0.2879328637833936,0.43850096549989004,-0.041751080803289486,-0.21695159063799174,-168.61101684530576,-141.15383998601197,-154.88242841565886,27.45717685929378,-20.28080463409424,-20.301430225372314,-20.291117429733276,-0.020625591278076172,0.0068909041583538055,0.0034178118221461773,0.07006167620420456,0.06637830287218094,0.004255654755979776,-0.006469511892646551,0.06623594462871552,0.06987347453832626,199.95987902640624,35819.49917181015,0.0010531330481171608,208.8760659040602,35820.41401215685,0.0010483174119144678,0.09620720893144608,0.01358621846884489,30755.3304821751,18025.07735857773
0.01858498643361872,0.0,0.1082340859538183,0.24405999278559595,0.2206816539649744,0.03311252797360098,-0.02323976518716897,0.0,-163.81542546850326,-142.72994325676586,-153.27268436263455,21.0854822117374,-20.295979976654053,-20.303900241851807,-20.29994010925293,-0.007920265197753906,0.006179000250995159,0.004620636813342571,0.06975343078374863,0.06645386666059494,0.004538587294518948,0.006269180681556463,0.06886888295412064,0.06724090129137039,188.66475128800147,35812.635079400534,0.0010428013047203422,188.6953837742525,35820.10014933314,0.001055112574249506,0.09606815129518509,0.01385208684951067,30759.06249405762,17884.5880359174
0.9636554724184843,0.9942677887343585,0.7180538544379363,0.14335244757692747,-0.10692089667329141,-0.0975559654654905,-0.37592451493814644,-1.0,-168.52888613608803,-139.6840385597464,-154.10646234791722,28.844847576341635,-20.30895233154297,-20.2957820892334,-20.302367210388184,0.013170242309570312,0.0004755728004965931,-0.007682998664677143,0.0664302334189415,0.06957796216011047,0.0026383190415799618,-0.0072690160013735294,0.06608721613883972,0.07010199874639511,212.95568357099233,35818.348084034915,0.0010456673335283995,168.30066026544077,35820.46103790605,0.0010514177847653627,0.09590991586446762,0.012023553252220154,30768.177039382677,17762.048498848228
0.008387601276658819,-0.001404728020731192,-0.0007343089424773075,0.1507389879624792,0.24275946014736388,0.11274080292564637,-0.027663283819021056,0.0,-166.31756217889148,-144.4191039696201,-155.3683330742558,21.898458209271382,-20.26420831680298,-20.273728370666504,-20.26896834373474,-0.00952005386352539,-0.0015149463433772326,0.007587595842778683,0.06651697307825089,0.07018120586872101,0.0077552031725645065,-9.144365321844816e-05,0.06971491128206253,0.06684944033622742,172.46717944225182,35816.00518799287,0.0010561625240370631,223.31122309438294,35814.44344686757,0.0010585531126707792,0.09635525941848755,0.012691990472376347,30765.490367399103,17774.45003014655
0.987740934338765,1.0,0.8107741818344322,0.5505790348191195,0.04873986260688212,-0.12539833673311557,-0.37042835196325397,-1.0,-164.45920398321311,-138.11731969714626,-151.2882618401797,26.341884286066858,-20.2634334564209,-20.28066396713257,-20.272048711776733,-0.017230510711669922,0.0059654791839420795,0.004953717812895775,0.06990595906972885,0.0668167769908905,0.0004467038670554757,-0.007730602286756039,0.0666089877486229,0.06983885169029236,192.2914854437636,35828.985018328785,0.0010459409095346928,171.945450168668,35810.68811750717,0.0010416716104373336,0.09649534523487091,0.013933696784079075,30759.808975650423,17875.716883575446
-0.01698414664551146,0.02520752438936968,-0.03808383975198357,0.016474895299229575,0.16629718353578082,0.15472101170588226,0.020451348891520227,0.0,-169.0819788032427,-143.08516061430907,-156.08356970877588,25.996818188933617,-20.276730060577393,-20.272197723388672,-20.274463891983032,0.004532337188720703,0.002294534584507346,-0.007345530204474926,0.06636854261159897,0.07013329118490219,0.006999549455940723,-0.0032889973372220993,0.06822136789560318,0.06839966773986816,211.9506275071992,35818.07506891659,0.0010423519415780902,205.38750907005056,35823.929906820216,0.001055406522937119,0.09588931500911713,0.01254680659621954,30771.57690044375,17712.252049457726
-0.03637689916611732,-0.08666048832853093,0.4137286269313001,0.5748027830682275,0.10052116221633944,-0.14106247606328803,0.01266676784805476,0.0,-166.16740749210902,-143.59178576044286,-154.87959662627594,22.57562173166616,-20.29176950454712,-20.290427207946777,-20.29109835624695,0.0013422966003417969,0.0013560533989220858,0.007638882379978895,0.06723026931285858,0.06906626373529434,-0.001410939497873187,-0.00761896837502718,0.06726079434156418,0.06905853748321533,189.2066186192433,35812.11326634516,0.001043834025040269,201.90850501093692,35814.44295931443,0.0010527645936235785,0.09653618931770325,0.012202383950352669,30766.801822612255,17844.60523975782
0.22959202885770333,0.23397240203108338,-0.08826443400920804,-0.26134861492912387,0.31020887985142404,0.44720608002451656,-0.11890301021180694,-0.20539836669868972,-168.14396290625157,-139.38193904758646,-153.762950976919,28.762023858665117,-20.28165102005005,-20.296454429626465,-20.289052724838257,-0.014803409576416016,0.002223098883405328,-0.00734368059784174,0.06633920222520828,0.07008776813745499,-0.0074586630798876286,-0.0021053345408290625,0.07004955410957336,0.06612986326217651,198.57541737135463,35824.08840507967,0.0010520850773900747,184.60979498168592,35818.569020964766,0.001054832711815834,0.09578858315944672,0.012657850049436092,30763.774231194024,17829.632737518306
0.0025629501380763364,0.0,0.0596183167164957,0.214764286347202,0.23681584538437483,0.07757099351252672,-0.012209448545907997,0.0,-164.81811155599422,-142.1300137520518,-153.47406265402302,22.688097803942412,-20.289242267608643,-20.285804271697998,-20.28752326965332,0.0034379959106445312,-0.007468177005648613,0.002008566167205572,0.06877424567937851,0.06757208704948425,0.00480877747759223,0.006066607311367989,0.0691574290394783,0.06723406910896301,208.481471603642,35811.38271705162,0.0010345742339268327,215.10606739745114,35816.81069874307,0.0010625143768265843,0.09461415559053421,0.016359983012080193,30973.632727088727,17826.536998954296
0.9717012067257335,0.9867084805030624,0.8169847969979168,0.28333499399313794,-0.049618078302643254,-0.1597935978708575,-0.4265524331768301,-1.0,-168.33019265082584,-139.5192993389092,-153.92474599486752,28.81089331191663,-20.31101942062378,-20.30466318130493,-20.307841300964355,0.006356239318847656,0.0013334326213225722,-0.007587640546262264,0.06619805842638016,0.06976648420095444,0.007253759540617466,-0.0026383274234831333,0.06832446902990341,0.06778433173894882,192.03644470471315,35816.88085978555,0.0010470337001606822,182.69425297394562,35814.36336226184,0.0010425845393911004,0.09586217254400253,0.012276195921003819,30769.808748856554,17732.654377435527
-0.001976893641182489,0.0,-0.026503486616717087,0.11485478158854534,0.20582257525696607,0.05329212059264776,-0.06282551821661342,0.0,-166.82016965102633,-143.357649731738,-155.08890969138218,23.462519919288326,-20.294361114501953,-20.30989646911621,-20.302128791809082,-0.015535354614257812,-0.00025155555340461433,-0.007710590958595276,0.0667678639292717,0.0694780945777893,-0.005261282902210951,0.005617938935756683,0.0665905699133873,0.0694100484251976,204.07710409283823,35816.88784620914,0.0010530106956139207,159.97786820625873,35821.239957511156,0.0010543710086494684,0.09624983370304108,0.012231050059199333,30767.349897823373,17776.45582713393
0.6760770351542144,0.5854816885738762,0.9978429835136866,0.5390751655863766,-0.24850287181272387,-0.3259468922422443,-0.2635012617912984,-0.6526568424171139,-161.48799226347523,-137.9361199896165,-149.71205612654586,23.55187227385875,-20.28136968612671,-20.279102325439453,-20.28023600578308,0.0022673606872558594,-0.0016353558748960495,-0.007568708620965481,0.0674360990524292,0.06902953237295151,0.004427749197930098,0.006363043561577797,0.06901250779628754,0.06748881191015244,216.02982317204518,35822.61950714175,0.0010534831089898944,196.88942795513964,35809.518292727895,0.001048895064741373,0.09651866555213928,0.012297246605157852,30766.614813374417,17821.260880722326
8.768553206921388e-05,0.02797241025836045,-0.10517992819052405,-0.05202456163083191,0.15411343287349327,0.19399626744971243,0.037956646630691426,0.0,-171.43636310992042,-144.0864260985761,-157.76139460424827,27.34993701134431,-20.305757522583008,-20.296006202697754,-20.30088186264038,0.009751319885253906,0.001887227175757289,0.007410797290503979,0.06740038096904755,0.06869416683912277,0.0017149553168565035,-0.007544530089944601,0.06619594246149063,0.06999549269676208,167.9801046864495,35820.03716164322,0.0010474780574440956,189.4505135778293,35813.91024795,0.0010546165285632014,0.09626476466655731,0.01284161675721407,30764.57462639055,18065.673108404077
-0.07981795908833822,-0.07686779547821407,0.23847881189175152,0.4381236916530011,0.21349456926241173,-0.025253413404925817,0.018056975168110112,0.0,-163.268155640286,-142.89017041727885,-153.07916302878243,20.37798522300716,-20.29179096221924,-20.3139591217041,-20.30287504196167,-0.02216815948486328,-0.007734172977507114,-0.0001944536343216896,0.06966821849346161,0.06660842895507812,-0.006659437902271748,0.003883030731230974,0.06754221767187119,0.06841939687728882,192.83167780171806,35814.42389023989,0.0010408672969788313,186.57580596075383,35827.013490437996,0.0010581356473267078,0.09527871012687683,0.015258085913956165,30746.284793683815,18367.234290930854
0.9589337537368788,1.0,0.48665426991955674,-0.08133563513204681,0.017990211631171038,0.10007523990165157,-0.3499681185231711,-1.0,-168.02720666374802,-139.6068736261706,-153.81704014495932,28.42033303757742,-20.276970863342285,-20.26747465133667,-20.272222757339478,0.009496212005615234,0.005426311865448952,0.0054899053648114204,0.06950372457504272,0.0670209601521492,0.0006266539567150176,-0.007732618134468794,0.0666404515504837,0.07001116871833801,229.06135607163463,35820.581457559296,0.0010574100306257606,197.4704387041249,35808.88088845119,0.0010433337884023786,0.09649406373500824,0.013931667432188988,30759.814754434065,17869.846384401717
0.008830197248815636,0.0,0.038647621825205425,0.15412311592275318,0.22135512616589537,0.08866167041970019,-0.04827348036252488,0.0,-167.3594146798991,-146.5033705308458,-156.93139260537245,20.856044149053275,-20.27780532836914,-20.26047706604004,-20.26914119720459,0.017328262329101562,-0.007741701789200306,0.00026635918766260147,0.06960505247116089,0.0668991208076477,8.222201722674072e-05,-0.007755689322948456,0.06688837707042694,0.06988311558961868,194.44240353680848,35819.33613809923,0.0010419100290164351,207.73387545738558,35818.60024330039,0.0010523874079808593,0.09485608339309692,0.01610517129302025,30742.975799804633,19316.230578298706
0.9814599518522271,0.9986039285242068,0.9142311745716847,0.3368510090898432,-0.06434465112403515,-0.00523075017775132,-0.27404517238959153,-1.0,-166.5593973109493,-139.5347429279305,-153.0470701194399,27.0246543830188,-20.27780771255493,-20.295965671539307,-20.28688669204712,-0.018157958984375,0.0034049763344228268,-0.006946264766156673,0.06633730977773666,0.07014179974794388,0.0069727227091789246,-0.003389538498595357,0.06797322630882263,0.06826967746019363,202.76011758924352,35818.30703017753,0.0010364069603383541,197.77239269340328,35827.8845708802,0.0010649798205122352,0.09570819139480591,0.0130547396838665,30533.617281631112,19146.019209882266
0.0030505311149291803,-0.00044245019949460063,-0.04108003725543864,0.06072619592936701,0.13792973312268159,0.09858441585093702,-0.014314355535528955,0.0,-167.33989775981547,-143.274279818901,-155.30708878935823,24.06561794091448,-20.27700662612915,-20.281972885131836,-20.279489755630493,-0.004966259002685547,0.005355387926101685,-0.005526531487703323,0.06695299595594406,0.06957123428583145,-0.006457026116549969,-0.004278503358364105,0.07000139355659485,0.06641664355993271,233.2286500581042,35824.86645227801,0.0010609034216031432,207.97463786051966,35811.211883766715,0.0010549393482506275,0.09530782699584961,0.012646651826798916,30787.771004456332,18024.436573648938
0.7564303269652158,0.6488320996213203,0.9710831248707812,0.6520983893322424,-0.21867085904017536,-0.36231064669254265,-0.06601444844370419,-0.5704167777405684,-165.97250081436786,-141.81411314887856,-153.8933069816232,24.1583876654893,-20.30970811843872,-20.30681848526001,-20.308263301849365,0.0028896331787109375,-0.006893150974065065,-0.003493368858471513,0.06988047063350677,0.06609618663787842,0.004083293490111828,0.006581098772585392,0.06858505308628082,0.06748341768980026,182.61883972670464,35814.502540987276,0.0010393592528998852,200.8264672677806,35816.21696007217,0.0010518404887989163,0.09563741832971573,0.013629033230245113,30756.020029514955,17948.875658257777
0.09943567706942948,0.12114170358238448,-0.11057732917768551,-0.15372622301116246,0.26744207983221846,0.38104883080924423,-0.015302107188170377,0.0,-167.2436005153495,-140.75327400536014,-153.99843726035482,26.49032650998936,-20.13922691345215,-20.397908687591553,-20.26856780052185,-0.2586817741394043,0.005717532709240913,0.005326410755515099,0.0707244873046875,0.0679815262556076,0.0028237474616616964,0.007111920975148678,0.06717486679553986,0.06747949868440628,165.45681999422752,35824.87610409106,0.0010560218943282962,171.45150807688094,35825.969834232325,0.001055312342941761,0.09814712405204773,0.01409786008298397,30759.632771435077,17880.624987445637
0.013107914424798042,0.0,0.24449832275772684,0.4488481731446414,0.2834169531117039,-0.0012021115421764206,0.038031804810979564,0.0,-166.43057050249178,-145.2256907694782,-155.828130635985,21.20487973301357,-20.733318328857422,-20.913212299346924,-20.823265314102173,-0.17989397048950195,0.005750524345785379,-0.004601805005222559,0.06387024372816086,0.06567098200321198,-0.005927635822445154,0.004107979126274586,0.06277381628751755,0.06411746889352798,191.18088429063002,35807.5783014608,0.0010429825633764267,163.91950422204192,35815.37857805484,0.0010617701336741447,0.09014011174440384,0.012676660902798176,30947.74029887626,18347.8886232844
-0.03509244564897229,-0.05413987268059273,0.43791543346502765,-0.007024891200612525,0.44919009017332195,0.9753594340422618,0.7289679581547851,0.48926469892159946,-169.8489876226959,-141.4106588888159,-155.6298232557559,28.438328733879985,-21.169323921203613,-21.140217781066895,-21.154770851135254,0.02910614013671875,-0.004259949550032616,-0.00551002100110054,0.062384698539972305,0.06082094460725784,-0.006189689971506596,0.003318156348541379,0.06153634190559387,0.062087640166282654,188.87745466571894,35819.26885750193,0.0010410075774416327,186.94896686921925,35800.59554893728,0.0010363002074882388,0.087035171687603,0.012860259972512722,30761.043730008467,17940.357966624975
-0.005829888215314364,0.0,0.02695234441172037,0.2232402114189757,0.2944483476228892,0.13168092838458523,0.016823839665634388,0.0,-162.69985120664845,-141.15081678510816,-151.9253339958783,21.549034421540284,-21.233363151550293,-21.222851276397705,-21.228107213974,0.01051187515258789,-0.0041238367557525635,-0.0055619897320866585,0.06187418848276138,0.06042652949690819,-0.0021337028592824936,-0.006586618255823851,0.060851261019706726,0.06160483881831169,173.14510891248406,35826.02974159211,0.0010516283800825477,193.22926814961593,35821.16452228629,0.0010510863503441215,0.08643357455730438,0.012568853795528412,30518.222476965668,19543.42023642229
0.02567091169283442,0.015466426605191042,-0.05408854795378348,-0.4701766781965545,-0.6664516509077212,-0.4718282947473301,-0.5848985385994017,0.0,-165.5426465609071,-138.3177098385881,-151.9301781997476,27.224936722319,-21.143269538879395,-21.08107328414917,-21.112171411514282,0.06219625473022461,-0.005309396423399448,-0.004553932696580887,0.06313291192054749,0.06042204424738884,0.006627997849136591,-0.0024562394246459007,0.062456514686346054,0.06201286241412163,195.56273233046366,35809.35724727551,0.0010422506602481008,179.55353078025377,35817.645475252655,0.0010548299178481102,0.08730252087116241,0.012667393311858177,30759.616708801175,17871.064868504418
-0.0043740019820666535,0.005492818065120846,-0.0006452580877394781,0.06700465873601086,0.1685895723207561,0.14598293706856247,0.026390891366924962,0.0,-168.22064445712047,-144.98471971814814,-156.60268208763432,23.23592473897233,-21.178903579711914,-21.147890090942383,-21.16339683532715,0.03101348876953125,-1.8658465705811977e-06,0.006941917818039656,0.06024057790637016,0.06281396746635437,-0.006943163461983204,-0.0009372665081173182,0.06333094090223312,0.060145244002342224,182.6615409520409,35815.78720493823,0.0010467646643519402,195.03008201646261,35808.721656142625,0.0010523921810090542,0.08682513982057571,0.010948545299470425,30765.80235623417,17796.11514527841
0.29305005572153414,0.10060682458135627,0.817341619009601,0.6936570889305212,-0.21342886735851843,-0.16140422517212083,0.17422113587377808,-0.07813276439189543,-165.26511267493316,-141.6639583533318,-153.46453551413248,23.60115432160137,-21.11379861831665,-21.128852367401123,-21.121325492858887,-0.015053749084472656,0.005677195265889168,0.004176446236670017,0.06349576264619827,0.06046869233250618,0.0014084427384659648,-0.006895266938954592,0.060159701853990555,0.0635795146226883,221.59466734427417,35825.666596267234,0.0010419071186333895,220.87369719789558,35821.86423828011,0.0010525588877499104,0.0874859169125557,0.012619557790458202,30759.001792504936,17881.705328939493
0.4386433043391266,0.43951623777361787,-0.11000122460198795,-0.13434516987461376,0.4113087973704309,0.44889296832570214,-0.1019805050567113,-0.2475492961109288,-170.81298005441946,-142.6395545238077,-156.7262672891136,28.173425530611752,-21.20244026184082,-21.23246431350708,-21.21745228767395,-0.030024051666259766,-0.0018125171773135662,0.006651182193309069,0.05970032513141632,0.06300684064626694,0.00555754080414772,-0.004187044687569141,0.06036275997757912,0.06194514408707619,173.4392283283007,35818.879634195255,0.0010423660278320312,219.6796335523168,35819.60307303379,0.0010601485846564174,0.08647379279136658,0.011182600632309914,30768.051175431887,17743.577180607714
-0.0012717620637963652,0.0,0.13986803300740747,0.3442575609964369,0.321621961514609,0.054979839383567986,-0.014964321196061836,0.0,-166.39457327045528,-144.00884899126612,-155.2017111308607,22.385724279189162,-21.237056255340576,-21.227784156799316,-21.232420206069946,0.009272098541259766,0.0036448994651436806,0.005895620211958885,0.06157965585589409,0.060673121362924576,0.006385055836290121,-0.002697580959647894,0.06126239150762558,0.061125077307224274,198.56255489389628,35820.50651204102,0.0010359999723732471,155.90440855019145,35821.78062033384,0.0010478233452886343,0.08640579879283905,0.012245897203683853,30762.924810625966,19193.862393164894
0.9771175608303643,0.9956091414996064,0.6772560626159843,0.15035821790697473,0.03224113746932544,0.004612843893009311,-0.4190919479797135,-1.0,-168.3739667697862,-138.72152524150545,-153.54774600564582,29.652441528280747,-20.618748664855957,-20.47508716583252,-20.54691791534424,0.1436614990234375,-0.006426536478102207,-0.0036975033581256866,0.06735355406999588,0.06387991458177567,0.00752468965947628,-0.0009950416861101985,0.0677681565284729,0.06567836552858353,213.6657772191609,35814.196408766365,0.0010421396000310779,200.21114505593198,35811.14613057663,0.001049158861860633,0.09237900376319885,0.013185260817408562,30756.211182294384,17975.611734546983
0.02529761968293382,0.0,0.009109833691659353,0.1676896068837644,0.25014382049700573,0.11059644622617709,-0.03928207818902685,0.0,-165.83095617846732,-144.62952838644816,-155.23024228245774,21.20142779201916,-20.38031816482544,-20.23336410522461,-20.306841135025024,0.14695405960083008,0.007621090393513441,0.0006908287759870291,0.06907776743173599,0.0658121258020401,0.007728253956884146,0.0009880331344902515,0.07035785913467407,0.06682747602462769,184.06853195477166,35823.15375491205,0.0010376408463343978,196.87193792392824,35810.61761281844,0.0010619815438985825,0.0943068265914917,0.014981935732066631,30749.151333732836,18364.302443610417
0.9455060402092976,0.94578462593786,0.8874306370711607,0.3891346847841006,-0.054107404112663904,-0.13774014946299434,-0.2794318859816844,-1.0,-166.24662051277232,-139.9173767106376,-153.08199861170496,26.329243802134727,-20.089592933654785,-20.07720708847046,-20.083400011062622,0.012385845184326172,-0.00018109966185875237,0.0079030841588974,0.0682012066245079,0.071287602186203,0.0071199326775968075,-0.003515399992465973,0.06967743486166,0.07004141062498093,181.27928787690124,35826.06627666181,0.0010380158200860023,201.18393614337242,35826.14703556252,0.0010543552925810218,0.09848292171955109,0.012406451627612114,30767.757348011568,17756.657369706143
-0.007154808395514804,0.0071206038116916285,-0.015305563747106371,0.03746918058953158,0.15135681030573567,0.13579240882365662,0.015797128063704258,0.0,-167.37977961891175,-142.4102291139434,-154.89500436642757,24.969550504968367,-20.13449192047119,-20.11239767074585,-20.12344479560852,0.022094249725341797,-0.004819437861442566,0.006173278205096722,0.06778614968061447,0.07098429650068283,-0.0035840352065861225,0.007027126383036375,0.06755826622247696,0.07154139131307602,198.3425288533287,35814.63493104631,0.0010551868472248316,201.7344517019352,35818.29846916872,0.0010573980398476124,0.09683020412921906,0.012920874170958996,30753.575473573685,18612.304258828022
0.055830676137910436,-0.021343196918859168,0.3833838986532495,0.5030003049845528,0.17991641951651974,-0.02346079823569236,0.10787366436157897,0.0,-166.91466727690408,-144.02117805155518,-155.46792266422963,22.8934892253489,-20.121150016784668,-20.133256912231445,-20.127203464508057,-0.012106895446777344,-0.0036107059568166733,0.007023454178124666,0.06754373759031296,0.07141691446304321,-0.005998417269438505,-0.00514560379087925,0.07096828520298004,0.06781496852636337,190.4023625096574,35824.96316365063,0.0010497084585949779,196.27434293465927,35817.28622063844,0.0010578082874417305,0.09742741286754608,0.013102632015943527,30781.706496881638,18416.327338480965
0.29380627160946027,0.2548764710434047,-0.1012396866185233,-0.1260019996313762,0.27947767083420405,0.4422177776203381,-0.05349396069891321,-0.13312625058999283,-170.06354612096777,-140.41364060131917,-155.23859336114347,29.6499055196486,-20.129523277282715,-20.135183334350586,-20.13235330581665,-0.005660057067871094,0.0045413663610816,0.0063529303297400475,0.07016221433877945,0.06872006505727768,-0.006709383800625801,0.004167525097727776,0.06883407384157181,0.06995006650686264,217.8083688584157,35826.28748578646,0.0010524463141337037,213.7469576468853,35812.873076660675,0.0010488363914191723,0.09816109389066696,0.014386006630957127,30761.18271505009,17918.552393671685
-0.016482401904807535,0.0016324973293911568,0.11723710423056534,0.3029114736643205,0.2521451113310138,0.025608264318633,-0.004721405643394405,0.0,-166.1277676364984,-144.87343625103244,-155.50060194376542,21.254331385465946,-20.1472806930542,-20.141444206237793,-20.144362449645996,0.00583648681640625,0.0017667580395936966,0.007657584734261036,0.06854911893606186,0.07004155963659286,0.007512671407312155,0.0023642845917493105,0.0713183805346489,0.06731429696083069,191.18352844515687,35820.931377355824,0.0010408288799226284,191.30224200294978,35813.81357646936,0.0010571557795628905,0.0979069322347641,0.012509544380009174,30766.18783750733,17881.331394377645
0.9237319020271476,0.987428154404188,0.7204955859083757,-0.12195882419011292,-0.15466279670101013,0.1875267028944939,-0.3093740278232391,-1.0,-167.79636680983378,-139.8417877818652,-153.8190772958495,27.954579027968578,-20.15827178955078,-20.15796184539795,-20.158116817474365,0.00030994415283203125,0.004510281607508659,0.006396224722266197,0.06994680315256119,0.0684712827205658,0.004727602005004883,0.006298769265413284,0.0700870156288147,0.0683271512389183,180.69897236042857,35819.83937644788,0.0010440225014463067,185.59513318637144,35821.29665303645,0.0010521856602281332,0.0980173796415329,0.014480828307569027,30517.659326806242,19192.930946469052
0.0036337052760957245,0.0,-0.02219331768723176,0.1187910607524626,0.20815678029394502,0.08182482878599384,-0.0277356963497587,0.0,-167.58368297957554,-145.48201484916433,-156.53284891436994,22.101668130411213,-20.149502754211426,-20.162317752838135,-20.15591025352478,-0.012814998626708984,-0.007003151811659336,-0.0035361878108233213,0.07116760313510895,0.06734418123960495,0.004485670942813158,-0.006420820951461792,0.06739625334739685,0.07091928273439407,186.7991032771639,35805.582298356705,0.0010347539791837335,172.27074807265396,35812.40406400009,0.0010516491020098329,0.09750009328126907,0.013758264482021332,30755.738991658105,17980.166706111664
0.9801963072862264,0.9458721574581866,0.9352069902110097,0.3689980698475426,-0.15768603167691783,-0.10982139649556294,-0.19714296170094947,-1.0,-163.97214560185836,-137.91532765187765,-150.943736626868,26.05681794998071,-20.170490741729736,-20.17812728881836,-20.174309015274048,-0.007636547088623047,-0.003971706610172987,0.006764356978237629,0.06722298264503479,0.07095476239919662,-0.007798550184816122,0.00078336097067222,0.07024232298135757,0.06784342229366302,204.0465365128092,35818.08831647478,0.0010320506989955902,169.6691506104616,35811.42422943027,0.0010524573735892773,0.09656806290149689,0.012869780883193016,30770.265845784732,18315.130697729455
-0.01587008648386992,0.01824257560188312,-0.031035214710747897,0.028633006652410475,0.1696515922514904,0.12886561576086175,0.022882949913787587,0.0,-168.71536944549672,-142.38962814296806,-155.5524987942324,26.325741302528655,-20.154755115509033,-20.152642726898193,-20.153698921203613,0.0021123886108398438,-0.007753963582217693,-0.0009855462703853846,0.07094009220600128,0.06750070303678513,-0.007547651417553425,-0.0021858569234609604,0.07122445851564407,0.06723066419363022,199.45304725776882,35829.356099870594,0.0010586334392428398,209.1365577253874,35814.32537907819,0.0010528471320867538,0.09677888453006744,0.01555247139185667,30747.376962524253,18524.354643570234
-0.06492680575508016,-0.09072939232787826,0.30402627041201796,0.4930716625955292,0.23475511398692692,-0.005159729979314243,0.03411667350084868,0.0,-165.31803135029253,-144.84659967939493,-155.08231551484374,20.4714316708976,-20.145673751831055,-20.14598846435547,-20.14583110809326,-0.0003147125244140625,0.006756332702934742,-0.004019765183329582,0.06885336339473724,0.0697677880525589,0.0069052791222929955,0.0037919357419013977,0.07123220711946487,0.06733015179634094,170.8785700265087,35822.80967318865,0.0010417578741908073,170.0791957979841,35809.00485714545,0.0010449143592268229,0.09627903252840042,0.014653900638222694,30949.462942750022,17895.50806578195
0.20577628473527243,0.19370310386280634,-0.08322289549858557,-0.18034650534661506,0.2625300949383536,0.44263548343875303,0.049752965484263,-0.08138126564112669,-170.46994047227395,-141.12285664258917,-155.79639855743156,29.347083829684777,-20.08575677871704,-20.0839900970459,-20.08487343788147,0.0017666816711425781,0.006999568082392216,-0.0035701626911759377,0.06960541009902954,0.06998443603515625,0.004237188957631588,0.006702456157654524,0.07040087878704071,0.06920478492975235,197.43349920288568,35814.25411725579,0.001035673194564879,193.20689942775633,35822.804388303186,0.0010505026439204812,0.09701851010322571,0.0144326938316226,30955.714615104807,18073.5975784658
0.011540241967332089,-0.008218229210134645,0.12081389539092692,0.42837214408576546,0.4674059260923316,0.44228451324772294,0.6651902925124301,0.0,-160.8894942824745,-142.52710387136278,-151.70829907691865,18.362390411111704,-20.07768154144287,-20.080831050872803,-20.079256296157837,-0.0031495094299316406,-0.004789741709828377,-0.005022021941840649,0.07045366615056992,0.06936022639274597,0.006239694077521563,-0.004924307111650705,0.06884211301803589,0.07080384343862534,240.76698403290624,35707.613929824605,0.0011156110558658838,193.52312210781375,35815.981011276934,0.001062289229594171,0.09865029901266098,0.014056210406124592,30740.55150914491,18688.0654209235
0.9699865539248039,0.995767949781598,0.8041759353404305,0.34036325798285116,-0.030777555998372286,-0.1657181153604419,-0.44901868306750775,-1.0,-166.6464617258839,-136.7542271087152,-151.70034441729956,29.892234617168697,-20.126006603240967,-20.15033483505249,-20.13817071914673,-0.024328231811523438,0.007135473657399416,0.00325610744766891,0.07138974219560623,0.06749827414751053,0.007871146313846111,-0.0002504051954019815,0.0706617683172226,0.06785766035318375,201.97949194177932,35818.995173263356,0.0010420564794912934,173.04214382732937,35818.18963454175,0.0010495629394426942,0.09778226912021637,0.014024256728589535,30754.78819235117,18006.923776238145
0.0007889083567397551,-0.0014471798296681368,-0.01645569037201494,0.1493739336312137,0.18494731118430263,0.05721299407220437,-0.06396934039403313,0.0,-169.1872882927981,-146.3499714236918,-157.76862985824494,22.837316869106274,-20.144102573394775,-20.144526958465576,-20.144314765930176,-0.00042438507080078125,-0.004569944925606251,-0.0063714925199747086,0.07006163150072098,0.06858222931623459,0.0066552311182022095,-0.004188292659819126,0.06876517832279205,0.06987279653549194,198.05632719599876,35815.98865892724,0.001053552725352347,186.45376605685962,35804.481821354835,0.0010482592042535543,0.0979713499546051,0.014440731145441532,30761.58099659544,18061.210433269953
0.7502813657584989,0.6863391980175984,0.852443279138864,0.39498695558092545,-0.0648090208117115,0.4990631168196187,0.8858686594538496,-0.4957351837761943,-166.25405024939664,-139.63740647260136,-152.945728360999,26.616643776795286,-20.138707160949707,-20.14042854309082,-20.139567852020264,-0.0017213821411132812,-0.0032069808803498745,0.006226669065654278,0.0681065171957016,0.07069731503725052,0.0076781511306762695,-0.0017653569811955094,0.0701095461845398,0.06858866661787033,230.58486459039145,35726.70729843786,0.0011177418055012822,193.27986031494586,35814.89945075871,0.0010462033096700907,0.09664949774742126,0.012955686077475548,30966.38796568529,19088.206519870266
-0.010221892149464885,0.03967987639649445,-0.07015725203434675,-0.04571153555162366,0.2044677423291132,0.22707048908281313,0.05318681338960807,0.0,-168.60228099891822,-142.19396337084407,-155.39812218488115,26.408317628074144,-20.139498710632324,-20.16404151916504,-20.15177011489868,-0.024542808532714844,-0.007756941951811314,0.0008154648239724338,0.07050885260105133,0.06820236146450043,-0.007141017820686102,-0.0032800622284412384,0.07114478200674057,0.06712667644023895,182.7450699544223,35822.55855861443,0.0010538228088989854,214.48472942594955,35814.340771337804,0.001053271465934813,0.09642626345157623,0.016873354092240334,30977.91217005046,18696.1035550619
-0.005927008926278739,-0.036430351999262436,0.3363502626576998,0.4981874160743933,0.15912717534463225,-0.036160121547000657,0.026205486198308647,0.0,-162.92265830377534,-139.37118320930682,-151.14692075654108,23.551475094468515,-20.143251419067383,-20.147595405578613,-20.145423412322998,-0.004343986511230469,0.007860756479203701,-2.0423074602149427e-05,0.07079574465751648,0.06783584505319595,0.005251444876194,-0.005874799098819494,0.06774316728115082,0.07081408053636551,180.36538971456574,35823.736938899114,0.001036452711559832,199.85200815652638,35824.67663577482,0.0010547254933044314,0.09673333913087845,0.015656571835279465,30743.17495370779,18476.204585011194
-0.3539761169624479,-0.30036452009860315,-0.7895794225331458,-1.0,0.6374648507757754,0.9920428376426709,0.6478405438247087,0.5319927449232738,-167.56829919167996,-139.4741503303935,-153.52122476103673,28.094148861286442,-20.1515793800354,-20.13810157775879,-20.144840478897095,0.013477802276611328,-0.005287133157253265,-0.005774339661002159,0.07040802389383316,0.06810587644577026,-0.006039777770638466,0.005070870742201805,0.06828156858682632,0.07044462859630585,208.3542715054281,35815.34561458359,0.0010584198171272874,196.2521112267454,35811.67096003197,0.0010411749826744199,0.0977017879486084,0.01419404149055481,30760.25726038471,17879.061436018874
0.00540261368024764,0.0,0.015819099623938238,0.18672781094317506,0.2457182277887039,0.09288437109649433,-0.040491086261644216,0.0,-168.44260330061235,-147.2666155673672,-157.85460943398976,21.175987733245137,-20.157933235168457,-20.16871452331543,-20.163323879241943,-0.010781288146972656,0.006226900964975357,0.004760350100696087,0.07083068788051605,0.06756075471639633,-0.0034282123669981956,0.007052719593048096,0.06712564826011658,0.07107477635145187,178.76169953145146,35823.48900808489,0.0010505302343517542,165.59518407047372,35815.350758674496,0.001053906511515379,0.09783051162958145,0.013920323923230171,30758.687339458047,17887.036719886695
0.9883043706922056,0.9812718009497591,0.7994526631433849,0.25563260672910676,-0.07502005213876417,-0.11245719290942863,-0.3573342849794984,-1.0,-165.98931033586166,-137.22689657487246,-151.60810345536706,28.762413760989205,-20.11723756790161,-20.127859115600586,-20.1225483417511,-0.01062154769897461,0.0021420721895992756,0.007586824707686901,0.06897728890180588,0.07009740173816681,-0.007499474100768566,0.0024314571637660265,0.06985685229301453,0.06904889643192291,208.30277350773957,35812.3590461004,0.0010479511693120003,175.6295836773048,35813.18558579088,0.0010463754879310727,0.0983901172876358,0.01277567446231842,30765.43328650951,17958.166474205962
0.007994638119712755,0.0,-0.003595786250151084,0.09765426244407399,0.1746370428172303,0.10482753984982263,0.005491406192740689,0.0,-166.34749934603724,-142.76626483821093,-154.55688209212408,23.58123450782631,-20.15146493911743,-20.14366865158081,-20.14756679534912,0.007796287536621094,0.006694531999528408,-0.004009668715298176,0.06881517171859741,0.06971962749958038,0.005081373732537031,0.005981756374239922,0.07041559368371964,0.06822497397661209,205.8633642340372,35822.304695470724,0.0010457743192091584,190.79929601502215,35820.83270875783,0.001063052099198103,0.09632685780525208,0.014152299612760544,30953.13517389138,18077.038460189004
0.7044242561801671,0.6082298227822791,0.9935518255296576,0.5615736956697576,-0.2126735143651014,-0.44713022629782995,-0.3104246807203075,-0.911568193490544,-160.82497587265658,-136.6578126659761,-148.74139426931634,24.16716320668047,-20.13798713684082,-20.136828422546387,-20.137407779693604,0.0011587142944335938,0.0020037766080349684,-0.0076037063263356686,0.06739960610866547,0.07129327207803726,-0.00256186886690557,-0.007465391885489225,0.06904665380716324,0.06971454620361328,185.2658256958199,35814.919394627366,0.0010366783244535327,212.17599117835056,35809.25913152191,0.0010456049349159002,0.09746590256690979,0.013267788104712963,30760.747370748126,18358.73238067165
-0.007149260175410808,0.024698028408195762,-0.07122885245426648,-0.0843481525050701,0.22774949294486074,0.302417947761651,0.035948576218544304,0.0,-168.29826024292635,-140.88301535946084,-154.5906378011936,27.415244883465505,-20.125179290771484,-20.147314071655273,-20.13624668121338,-0.022134780883789062,-0.007652818225324154,0.0015992007683962584,0.0702923908829689,0.06865665316581726,-0.0008401452214457095,-0.007829522714018822,0.06811568140983582,0.07046087086200714,209.55498627812398,35831.414884523605,0.0010599471861496568,175.49239144372373,35816.70822838989,0.0010603530099615455,0.09636011719703674,0.016496922820806503,30972.37735312211,17780.068160980874
-0.0029020439951245214,0.0,0.2069625384933526,0.39720902229824495,0.19911800086686274,-0.009116078570446828,0.03816905612040533,0.0,-165.96338079574974,-142.26022642119477,-154.11180360847226,23.70315437455497,-20.143613815307617,-20.141324996948242,-20.14246940612793,0.002288818359375,0.0033718813210725784,-0.007110695354640484,0.06734427809715271,0.07125687599182129,0.007688835263252258,0.0016661257250234485,0.07124927639961243,0.06739041954278946,203.101493082263,35820.115771108176,0.0010483964579179883,186.08852878968997,35808.07841271251,0.0010527361882850528,0.09706440567970276,0.013082915917038918,30534.66538592577,19360.662612442502
0.9415817683272891,0.9937922786801777,0.40726965625684497,-0.22379543633423238,0.023238421608305082,0.1477701289811978,-0.3095430861014063,-0.8680522127669618,-171.8508036330512,-142.67576643646532,-157.26328503475827,29.17503719658589,-20.14897584915161,-20.14418125152588,-20.146578550338745,0.004794597625732422,0.005051426589488983,0.005977364256978035,0.07030016928911209,0.06825999170541763,-0.007841470651328564,0.000850653275847435,0.07048705965280533,0.0681382566690445,201.404438661712,35827.23689227756,0.0010608203010633588,192.30212264563391,35811.85449217788,0.0010439592879265547,0.09788396954536438,0.014340694062411785,30760.30507700136,17875.474408134312
0.026513775001552966,0.0,0.036846322288681094,0.18383829884767347,0.27927310368627223,0.1225016393183922,-0.03274986120124512,0.0,-166.02656913151554,-146.38729180904397,-156.20693047027976,19.63927732247157,-20.130925178527832,-20.151844024658203,-20.141384601593018,-0.020918846130371094,-0.007193992845714092,-0.0031731324270367622,0.07136966288089752,0.06743574887514114,-0.0030242563225328922,0.00726742809638381,0.06723420321941376,0.07123208045959473,171.2374102878434,35818.06484705456,0.0010419501923024654,210.37453553568503,35815.04206605183,0.0010547712445259094,0.09784165024757385,0.013848522678017616,30754.784684050373,17980.572462266355
-0.03282470380951841,-0.024103451338056185,0.0,0.8994882296549668,0.6407672560684028,0.4254015197413086,0.26908219582701975,-0.0075345017928322155,-166.32951402262586,-138.33748492279005,-152.33349947270796,27.992029099835804,-20.113279819488525,-20.115652084350586,-20.114465951919556,-0.002372264862060547,-0.001431531272828579,-0.00773955462500453,0.06865781545639038,0.0704747661948204,-0.005493546836078167,-0.005676032043993473,0.07087437808513641,0.06820295751094818,186.01281279302762,35822.67207143982,0.0010396413272246718,198.68895502319612,35819.83102444964,0.0010423938510939479,0.09851635992527008,0.012461534701287746,30765.941376691673,17872.496831175034
-0.010836616122023461,0.004938170924017283,-0.010088010775362546,0.04532780615856008,0.16033598150861816,0.12281493221227902,-0.00395330100707203,0.0,-169.31643608912572,-144.71881674956126,-157.0176264193435,24.59761933956446,-20.161595344543457,-20.160353183746338,-20.160974264144897,0.0012421607971191406,0.005830110050737858,0.005220107268542051,0.0706130862236023,0.06772962212562561,0.007853289134800434,-0.0002315005986019969,0.07059688866138458,0.06776325404644012,205.98486519595562,35819.64517516351,0.0010578840738162398,193.67268097909664,35811.71683685719,0.001050253864377737,0.09752331674098969,0.013946352526545525,30758.967088545192,17885.536622529005
0.06604053395654663,-0.016877426456598864,0.46926463080481395,0.5104288726481411,-0.014352054600181907,-0.10695703537136647,0.17999377053474908,-0.01348568806213235,-163.75623621884955,-139.18320073124406,-151.46971847504682,24.573035487605495,-20.17509698867798,-20.195600986480713,-20.185348987579346,-0.020503997802734375,-0.0011615059338510036,0.00774762500077486,0.06725411862134933,0.07085446268320084,0.00267317658290267,0.007345939986407757,0.06864070892333984,0.06918777525424957,195.4687843385023,35824.670467808864,0.0010469357948750257,194.5860948350949,35821.26050197669,0.0010407826630398631,0.0973297655582428,0.012894186191260815,30771.76370342751,17708.265402576668
0.30231247837280845,0.3071922922993988,-0.10085203099826837,-0.21410908604039688,0.3463882935143889,0.426080697366942,-0.020376038117767226,-0.09529243620904249,-172.61764386126106,-144.1329576999823,-158.37530078062167,28.484686161278745,-20.14446258544922,-20.15367031097412,-20.14906644821167,-0.009207725524902344,0.0010262341238558292,-0.00772139523178339,0.0676063746213913,0.07100381702184677,0.0020737722516059875,-0.00759483315050602,0.06723330169916153,0.0712042823433876,201.74533486744227,35821.705059938555,0.001049283193424344,173.3911480712784,35811.03897357243,0.0010358018334954977,0.09785814583301544,0.012261763215065002,30769.735401240006,17757.3065048928
0.0167630825736408,0.0,0.14269829624020275,0.34978894429745644,0.2933234378534214,0.07614186744916629,-0.0026365832637953446,0.0,-164.59279170920593,-144.6151575087937,-154.6039746089998,19.97763420041224,-20.17418384552002,-20.15709161758423,-20.165637731552124,0.017092227935791016,0.00625977385789156,-0.004731456749141216,0.06822153925895691,0.06993648409843445,0.005806366913020611,0.005303916987031698,0.07068531960248947,0.0677236020565033,199.26079192545842,35814.97181313768,0.0010451481211930513,199.67888685010504,35822.41410832718,0.001060319715179503,0.09602910280227661,0.013808275572955608,30949.95988513836,18190.446389154382
0.9474643633405233,0.9906927876262814,0.8198233546448417,0.3148014558325245,0.020910851353366344,-0.04808704149911114,-0.3454492551008645,-1.0,-165.50603266488667,-137.44894318220355,-151.4774879235451,28.057089482683125,-20.17784357070923,-20.17749786376953,-20.17767071723938,0.0003457069396972656,0.0037039017770439386,0.006892481353133917,0.06933416426181793,0.06877731531858444,0.007059223018586636,-0.0034481948241591454,0.06890331953763962,0.06921086460351944,170.88181296317282,35822.25953307864,0.0010577652137726545,198.5140863461403,35817.958593307754,0.0010461126221343875,0.09789988398551941,0.013740461319684982,30763.303993065078,18441.9685162756
-0.0017499548033438005,0.0,0.01732553313641208,0.1469940520278018,0.2282293645698743,0.11407586461970348,-0.029565838852143145,0.0,-165.0637488170807,-144.76869273129603,-154.91622077418836,20.295056085784665,-20.13817071914673,-20.154290199279785,-20.146230459213257,-0.01611948013305664,-0.005869511514902115,0.005215567536652088,0.06824897974729538,0.07047894597053528,0.00781258475035429,-0.0005961149581708014,0.07049409300088882,0.06797174364328384,192.26338658015175,35809.8528898308,0.0010440745390951633,183.65419427956846,35817.69279645547,0.0010630099568516016,0.0966508761048317,0.013337085954844952,30941.168436179236,18599.401410141545
1.0,0.962620439006328,0.984909106587327,0.3079558877268749,-0.2181376097479364,0.0189921379531931,-0.1118603740012517,-1.0,-166.869642604744,-139.71246928589716,-153.29105594532058,27.157173318846844,-20.154237747192383,-20.154829025268555,-20.15453338623047,-0.000591278076171875,-0.004551164340227842,0.006391771603375673,0.06751535832881927,0.07093092054128647,-0.00745236873626709,-0.002538856118917465,0.07122752815485,0.06718950718641281,193.2853664777926,35811.39788705115,0.0010340182343497872,202.3322980001406,35824.26181436211,0.001050929306074977,0.09669572114944458,0.01293011475354433,30752.164731328106,18574.435138684574
-0.006902830531336209,0.020618625689642414,-0.07742292446436325,-0.03773121763307083,0.1668847105681311,0.1427441865822212,-0.00909171105429818,0.0,-172.53815741220023,-146.5067261962385,-159.52244180421937,26.03143121596173,-20.16446590423584,-20.153448581695557,-20.1589572429657,0.011017322540283203,0.007755430415272713,-0.0007131013553589582,0.07033276557922363,0.0679781436920166,0.005911662243306637,0.00518147274851799,0.07077732682228088,0.06768763810396194,200.09671045652814,35823.91248532301,0.0010517551563680172,199.5072431962187,35817.89403743918,0.0010562017560005188,0.09601235389709473,0.01669207029044628,30981.521402606766,17891.546197239615
-0.16116024206851354,-0.2694029883184917,0.2914831859199831,0.5350064997776856,0.051719513967462855,-0.2415628014971844,7.010791897443802e-05,0.0,-163.87349261689172,-141.4679461079225,-152.6707193624071,22.405546508969223,-20.14627695083618,-20.17331600189209,-20.159796476364136,-0.027039051055908203,0.001102551119402051,-0.007801084779202938,0.067485012114048,0.07108090072870255,-0.0015041856095194817,-0.007698877714574337,0.06820656359195709,0.06996507197618484,189.92890057366301,35821.89997910619,0.0010495877359062433,197.86080988015135,35823.17458096514,0.001053534564562142,0.09759894013404846,0.012905367650091648,30772.609309514934,17717.29848837632
0.9824464759563803,1.0,0.4366665807705858,0.11176953309530646,0.18894083489885544,0.02224248844595711,-0.5296522659744678,-1.0,-169.58753088799654,-139.1440142753527,-154.3657725816746,30.443516612643833,-20.164921283721924,-20.16848087310791,-20.166701078414917,-0.003559589385986328,-0.004561233799904585,-0.006315127946436405,0.06991588324308395,0.06839924305677414,-0.007752397563308477,-0.0011461008107289672,0.07094109803438187,0.06727135926485062,193.9744849572228,35832.5074816863,0.001054248888976872,178.53557160856582,35822.121810557735,0.0010423382045701146,0.0978161096572876,0.014407587237656116,30761.406337416804,17938.494409253122
-0.0014933885910551545,0.0,0.05528082828074454,0.17342623077218466,0.22876921182436272,0.10718871949227149,-0.019143493838502224,0.0,-163.65051142477915,-142.83917971316993,-153.24484556897454,20.811331711609228,-20.19170045852661,-20.176472663879395,-20.184086561203003,0.015227794647216797,-0.0077907126396894455,-0.0006326331640593708,0.07058980315923691,0.06726203113794327,-0.002740121679380536,-0.007345457561314106,0.06882890313863754,0.06930309534072876,207.85487339241044,35825.96774661936,0.0010499241761863232,196.90221279377863,35815.77839403117,0.0010598729131743312,0.09622792899608612,0.015037632547318935,30749.995092114143,18297.40453475519
0.9935257427039182,0.9969837532538104,0.8868197706410481,0.3253334743617893,-0.037472131800970754,-0.01359927534676475,-0.2992818645621356,-1.0,-166.53192137283799,-138.176633360884,-152.354277366861,28.355288011953974,-20.178937911987305,-20.193357467651367,-20.186147689819336,-0.0144195556640625,-0.006223857402801514,0.004697679542005062,0.0681925043463707,0.06989514827728271,-0.006549977697432041,-0.004306312650442123,0.07075583934783936,0.06705751270055771,192.67030294797934,35824.139368328746,0.0010462385835126042,210.4103876181193,35819.864986903245,0.0010566883720457554,0.09629100561141968,0.013574042357504368,30935.466538385554,18253.536717938627
-0.000953639521324156,0.0,-0.011061571048829696,0.09166414556479241,0.19008728468409558,0.08456855881817793,-0.012591977482320216,0.0,-167.59886727807225,-144.06632838496313,-155.8325978315177,23.53253889310912,-20.173113346099854,-20.180652141571045,-20.17688274383545,-0.007538795471191406,0.006031668279320002,-0.004945969209074974,0.06810501962900162,0.07007205486297607,-0.0025746049359440804,0.007374360226094723,0.06700950115919113,0.07100198417901993,210.23678161428882,35828.89978197011,0.0010511704022064805,192.760412981899,35816.07737266034,0.001048451755195856,0.09627924859523773,0.013230489566922188,30851.385155933098,17710.509801176035
0.7053376374941127,0.5062465092731048,0.9927575773600036,0.5720912353986155,-0.24371401643282667,-0.1014605659427526,0.1734908956860587,-0.4933935824150293,-163.11126484380088,-138.28624064390158,-150.69875274385123,24.825024199899303,-20.175859928131104,-20.167150497436523,-20.171505212783813,0.008709430694580078,0.007808147929608822,-0.0006362162530422211,0.07031302154064178,0.06780754029750824,-0.0019276038510724902,-0.007620345801115036,0.06847409904003143,0.06979931890964508,192.79207769967763,35819.55234052193,0.0010477689793333411,195.423571813442,35806.22527299034,0.001046278397552669,0.09601567685604095,0.016233302652835846,30741.144092304356,18875.676249604392
0.05445257651045573,0.11773318499930949,-0.09820437970288604,-0.10424680066023784,0.24240566155767418,0.29518813357786633,0.051938100415802935,0.0,-170.07673039012172,-143.34362854346227,-156.710179466792,26.73310184665945,-20.17841100692749,-20.175259113311768,-20.17683506011963,0.0031518936157226562,0.007764248177409172,0.00031289365142583847,0.07056684792041779,0.06750893592834473,-0.0029170699417591095,0.007284452207386494,0.06702741235494614,0.0710650384426117,202.1464102725473,35827.35416048527,0.0010554082691669464,220.4689399107804,35818.65176686848,0.001067539444193244,0.09623484313488007,0.016301460564136505,30498.694091144516,18808.913844221504
-0.07830796457990691,-0.07092785348529154,0.29463363397374,0.4879869126066161,0.2994275999509449,0.02720893558573445,0.0006439197551233455,0.0,-163.66826488658785,-141.25467239813344,-152.46146864236064,22.413592488454412,-20.163605213165283,-20.187909603118896,-20.17575740814209,-0.02430438995361328,-0.007420441135764122,0.002581401728093624,0.06950123608112335,0.06883418560028076,-0.0031267814338207245,-0.007181614637374878,0.06895360350608826,0.0689970925450325,204.76289600284574,35823.39188280479,0.001034594839438796,180.72704050659394,35821.993387859606,0.0010657098609954119,0.09591169655323029,0.016338512301445007,30970.816014943703,17782.216110913057
-0.2596606714956262,-0.24980538392207874,-0.701074342367825,-0.9895215061573559,-0.3174607940795393,1.0,0.5101718929898322,0.4078390786098913,-169.89171058915696,-141.27511185412612,-155.58341122164154,28.616598735030834,-20.1810359954834,-20.179238319396973,-20.180137157440186,0.0017976760864257812,-0.0056730518117547035,-0.005299956537783146,0.070384182035923,0.06765731424093246,-0.007836595177650452,-0.00014905660646036267,0.07058106362819672,0.06747271120548248,182.92435433568207,35820.055731587214,0.001050810795277357,164.93932263407072,35812.54995800594,0.0010476534953340888,0.09751533716917038,0.013917784206569195,30759.08606421715,17877.39460466789
0.003915141028576881,0.0,-0.008727185540006427,0.12869051368674594,0.20224512366263514,0.08245753157254126,-0.01820537538125644,0.0,-162.89189390865425,-143.26368255479036,-153.0777882317223,19.62821135386389,-20.185134410858154,-20.179858207702637,-20.182496309280396,0.005276203155517578,0.006794135086238384,0.0038697049021720886,0.07085185497999191,0.06709360331296921,0.006378944963216782,0.004540693946182728,0.07078610360622406,0.06724831461906433,217.4871946180608,35818.493945503455,0.0010486117098480463,205.29453678773012,35813.18754340517,0.00105393270496279,0.09722782671451569,0.013691740110516548,30757.53153286366,17921.36110153411
0.9855388003227036,0.9937797806179253,0.8755494778561026,0.3596288161066208,-0.0273875983912103,-0.13047430919569392,-0.35866161848270567,-1.0,-169.08889880452395,-140.00808890234723,-154.5484938534356,29.080809902176725,-20.174198150634766,-20.194664001464844,-20.184431076049805,-0.020465850830078125,0.00026999402325600386,-0.007823151536285877,0.06751295924186707,0.07062263041734695,0.003341030329465866,-0.007074128370732069,0.06689325720071793,0.07089254260063171,190.67605347860354,35812.10334489216,0.0010390467941761017,184.17690821816296,35821.95480439345,0.0010466770036146045,0.09770622104406357,0.012240582145750523,30767.19213786685,17774.13772033006
0.002314542564498338,0.0,-0.002513712925504688,0.09587690032646984,0.16651290723704631,0.0993087448891462,-0.032878587317821006,0.0,-166.77102591751708,-143.27354248298866,-155.02228420025287,23.49748343452842,-20.178639888763428,-20.19052743911743,-20.18458366394043,-0.011887550354003906,-0.002467057202011347,0.007378356531262398,0.06710265576839447,0.07094871252775192,0.004813894629478455,-0.00615241564810276,0.06727352738380432,0.07059763371944427,190.18688402747475,35825.58196335384,0.0010501467622816563,195.05731711267873,35821.770644623306,0.0010545311961323023,0.09693102538585663,0.013063747435808182,30771.700444565395,17776.01576573866
0.3790285210475909,0.2609599244835136,0.6872600189162579,0.5374855457221377,-0.1884354306689171,-0.26858780213915306,0.21610734498399697,-0.09576251691381643,-165.08464075536554,-140.62064702769578,-152.85264389153065,24.46399372766976,-20.192277431488037,-20.169861316680908,-20.181069374084473,0.022416114807128906,0.0016825017519295216,0.007637679576873779,0.06813761591911316,0.06973537802696228,-0.0020218309946358204,0.007611525245010853,0.06710942089557648,0.07106851041316986,187.90560869463008,35812.75424821469,0.0010279945563524961,208.8749343850162,35813.272067329606,0.001049171551130712,0.0973803699016571,0.012421755120158195,30765.776984593067,17872.421146827717
0.18720725805897065,0.22506154952291527,-0.10518045052233944,-0.07870180778169453,0.31898667573198464,0.3227467000659102,-0.07844688313387982,0.0,-166.78270469300304,-138.92307706363815,-152.85289087832058,27.859627629364894,-20.172278881072998,-20.184619426727295,-20.178449153900146,-0.012340545654296875,0.004856023471802473,-0.006080665625631809,0.06753815710544586,0.07063368707895279,-0.00751037010923028,0.002191564068198204,0.06952255219221115,0.0684778094291687,186.30540570453203,35820.554319032744,0.0010531811276450753,201.89886480316474,35815.71668174192,0.0010505891405045986,0.0967273861169815,0.012871555052697659,30750.21078987206,18710.720459396038
-0.004861378710030679,0.0006615026714581026,0.21773336326233475,0.44078237284870136,0.28311182346637226,0.07020555618090757,0.057834302574852,0.0,-165.4738921509727,-142.78562152437593,-154.1297568376743,22.68827062659676,-20.16453504562378,-20.179684162139893,-20.172109603881836,-0.015149116516113281,-0.007497360929846764,0.002324182540178299,0.06963613629341125,0.06868351250886917,0.007400305941700935,-0.002590846735984087,0.06936245411634445,0.0687173530459404,195.35106548228728,35826.72332732053,0.0010341169545426965,196.57197295437257,35815.412105618336,0.0010495631722733378,0.09591543674468994,0.016338367015123367,30972.562774689468,17772.02972637086
0.37742349083640403,0.4663090349271446,0.23149840726226348,-0.22243232615360986,-0.0018393314438022168,0.4217948482377253,-0.04977611729979736,-0.7117440842113556,-170.88671309511687,-141.89350054180272,-156.3901068184598,28.99321255331415,-20.177576541900635,-20.171902179718018,-20.174739360809326,0.0056743621826171875,0.007788484916090965,0.0006618573097512126,0.07067745178937912,0.06740149110555649,0.0046271393075585365,0.006346641108393669,0.06994175910949707,0.06825226545333862,217.49245221756854,35822.78953794855,0.0010532339802011847,187.35848056496738,35814.64877904408,0.0010455496376380324,0.0961180105805397,0.016073720529675484,30503.995823036657,19846.661385510004
0.005101031481458115,0.0,-0.0032849555775498196,0.13389904763097527,0.22045472262651344,0.07484951479514168,-0.05232882557292029,0.0,-166.74760461861314,-144.4971706196707,-155.62238761914193,22.25043399894244,-20.19524335861206,-20.188486576080322,-20.19186496734619,0.006756782531738281,0.001329176826402545,0.007699788548052311,0.06797424703836441,0.06984870135784149,-0.004015149082988501,-0.006707961671054363,0.06945163011550903,0.06848818063735962,206.97901791335678,35810.73677440937,0.0010390058159828186,191.3719172941334,35808.76726103042,0.0010497199837118387,0.09751667082309723,0.012464810162782669,30766.283374227358,17857.08404659855
0.9590060041433027,0.9340493528787916,0.8432284938373208,0.38548519641816775,-0.03622056331746315,-0.1384596258878823,-0.39971597330413444,-1.0,-164.92741298077095,-136.11101066371555,-150.51921182224325,28.816402317055406,-20.168931484222412,-20.189452171325684,-20.179191827774048,-0.020520687103271484,-0.00464637903496623,0.006304817274212837,0.06741475313901901,0.07079832255840302,-0.0066411676816642284,0.004181974101811647,0.06836769729852676,0.0695515125989914,186.00394461210104,35816.389440654086,0.001045204815454781,205.75794303021414,35820.761253629236,0.0010523215169087052,0.09659083187580109,0.012800459749996662,30765.32655861064,18292.76757599431
-0.012824032383530682,0.0054460301358349094,-0.033815122970225486,0.06262922627212203,0.17345056208297038,0.11380198415746057,0.026432889679005256,0.0,-167.42411487717368,-142.82996527180376,-155.12704007448872,24.59414960536992,-20.218448638916016,-20.220563411712646,-20.21950602531433,-0.0021147727966308594,-0.0013706940226256847,-0.00762193463742733,0.06782308220863342,0.06963836401700974,0.006651620846241713,-0.0040713222697377205,0.06819424778223038,0.06923538446426392,197.9256421122733,35833.60146390649,0.0010628766613081098,199.8729836924003,35815.95453354579,0.0010515081230551004,0.09725391864776611,0.012590114958584309,30766.00596084193,17882.11071149608
0.012437031426300635,-0.0634115285589187,0.463382598372831,0.549372556859423,0.06507125415352474,-0.06912864642746075,0.036940805909999375,0.0,-162.71088872699573,-138.9226979969834,-150.81679336198957,23.78819073001233,-20.205693244934082,-20.190260410308838,-20.19797682762146,0.01543283462524414,0.003493171650916338,0.006978992838412523,0.068996362388134,0.06867321580648422,-0.0077712638303637505,0.00094660057220608,0.07008190453052521,0.06781300157308578,204.78360244803133,35826.03558108883,0.001042631920427084,189.4234391832497,35817.783121893015,0.0010485834209248424,0.09728749096393585,0.013146343640983105,30764.14904811054,18115.170516139595
0.18311024997157088,0.16857897041297537,-0.11244796783239734,-0.09274102846799936,0.3384844315047672,0.3840405957807709,-0.004013675831464503,0.0,-171.74093023389057,-143.5874651187886,-157.6641976763396,28.153465115101966,-20.213232040405273,-20.22564172744751,-20.21943688392639,-0.012409687042236328,-0.007420409470796585,0.002162558026611805,0.06929992884397507,0.06825433671474457,0.007627177983522415,0.0016644969582557678,0.07056579738855362,0.06673251837491989,169.12723097687174,35819.81958056628,0.001049433252774179,169.4980827568339,35811.71444736127,0.0010478873737156391,0.09564613550901413,0.015456018038094044,30962.72826324833,17813.863188637104
0.009842268742976014,0.0,0.08954252378289859,0.3094659073581079,0.2523412765635482,0.0526671178340104,-0.005613891155032968,0.0,-165.83839643727617,-143.2166209484169,-154.52750869284654,22.62177548885927,-20.16946315765381,-20.17401695251465,-20.17174005508423,-0.004553794860839844,0.005949381738901138,-0.005107255652546883,0.06803292781114578,0.07019513100385666,0.007830874994397163,-0.0007210101466625929,0.07029552012681961,0.06785226613283157,184.99565804624606,35814.60843816813,0.0010419790633022785,186.8948135009505,35818.4480879791,0.0010569175938144326,0.09624412655830383,0.013345673680305481,30930.14461664163,18300.52424175124
0.8252419714143746,0.9945192581474249,0.7212516722754602,-0.17926261300127844,-0.24650200065943742,0.12290018966958227,-0.17256752940551479,-0.9830252835368621,-167.19759329656983,-139.20399063271105,-153.20079196464044,27.99360266385878,-20.213050842285156,-20.2292799949646,-20.221165418624878,-0.01622915267944336,-0.004151210188865662,-0.006575174629688263,0.06930788606405258,0.06824386119842529,0.0021560341119766235,0.0075022559612989426,0.06810607016086578,0.06918372958898544,205.23154302028829,35821.67623540421,0.001058724126778543,217.57026640146012,35816.240561800725,0.0010497692273929715,0.09720749408006668,0.014118635095655918,30518.282964769554,18470.4000687912
0.007599288473916283,0.0,-0.0052822432204158165,0.11517509169777235,0.1882116507779848,0.08461952178932286,-0.04013512357724869,0.0,-166.57894055369354,-143.1733026188648,-154.87612158627917,23.405637934828746,-20.335798263549805,-20.325400829315186,-20.330599546432495,0.01039743423461914,0.0065369196236133575,-0.004015895072370768,0.06732828915119171,0.06829329580068588,-0.006830008700489998,-0.003523821709677577,0.06979440152645111,0.0659378170967102,215.58099856111974,35826.07463986963,0.0010586181888356805,227.78433440440057,35820.048627045806,0.0010537038324400783,0.09443987905979156,0.01396853569895029,30943.576238025835,18007.85880212482
0.9813888252673468,0.9684469560923417,0.8839563646629676,0.47622981641640183,0.011190249893631266,-0.21506177138551824,-0.4295321537369052,-1.0,-164.22107741009353,-136.16259064080822,-150.19183402545087,28.05848676928531,-20.205752849578857,-20.185728073120117,-20.195740461349487,0.020024776458740234,0.007248992100358009,0.0028796065598726273,0.0707707405090332,0.0668427050113678,-0.007690525613725185,0.0015217196196317673,0.06984839588403702,0.06812562793493271,194.34841389591674,35815.50428658119,0.0010283755837008357,173.37542144200148,35816.632344632926,0.0010418922174721956,0.09687583893537521,0.013869723305106163,30754.0023604822,18001.70680626493
-0.012997704862391785,0.023677491289961397,-0.034984000266672144,0.05109494108865181,0.2069696245652995,0.15698754406593318,0.015281583914966035,0.0,-165.47466547379184,-141.41632659451238,-153.44549603415211,24.05833887927946,-20.063741207122803,-20.071771144866943,-20.067756175994873,-0.008029937744140625,-0.007005502004176378,-0.0036714840680360794,0.07185444980859756,0.06803442537784576,0.007908590137958527,-0.0007255087839439511,0.07112865149974823,0.06865666806697845,182.6718241213018,35818.31204282451,0.0010495861060917377,181.40191242591473,35820.03117010585,0.0010590332094579935,0.09860725700855255,0.013842047192156315,30756.366194078073,17970.28326250171
-0.022728458326528908,-0.04379311597617578,0.3073215452679349,0.41513641965942233,0.18870659938043183,-0.034062887947719556,0.029590985932164915,0.0,-165.44475640291705,-143.24632561247822,-154.34554100769765,22.198430790438834,-20.10920286178589,-20.135912895202637,-20.122557878494263,-0.026710033416748047,0.007919013500213623,1.7740196199156344e-05,0.07108515501022339,0.06808727234601974,-0.0074413130059838295,-0.0025459746830165386,0.07138583064079285,0.06733574718236923,190.57035069051616,35822.10745763342,0.0010514248860999942,180.44490507037355,35812.83990176422,0.0010383903281763196,0.09689594805240631,0.015880431979894638,30747.50149217913,18536.470050752083
0.36503161111107507,0.3577633236172934,-0.10303704246586583,-0.21475885754148993,0.378049885247033,0.4303014773746614,-0.1531990458870971,-0.3191108418342732,-169.1028074778751,-139.95568886970105,-154.52924817378806,29.147118608174054,-20.42388916015625,-20.475916862487793,-20.44990301132202,-0.05202770233154297,-0.00655725970864296,0.0037482986226677895,0.06678435951471329,0.06747505813837051,0.0032605768647044897,-0.0068418364971876144,0.06476201117038727,0.06863315403461456,169.95706972326758,35817.123787191376,0.0010587895521894097,172.87945256997043,35806.21870170307,0.0010509921703487635,0.09354753792285919,0.013684334233403206,30956.868604615174,18152.506679785314
0.019496337655387448,0.0,0.058778958263172865,0.21828995483906077,0.24841725134203219,0.09184658506242876,-0.001984080335949434,0.0,-164.50560276379244,-143.85354168553607,-154.17957222466424,20.652061078256366,-20.446393489837646,-20.411572456359863,-20.428982973098755,0.0348210334777832,0.007537423633038998,0.0008378095808438957,0.06860359758138657,0.06526277959346771,0.004708070307970047,0.006010998506098986,0.06814888119697571,0.066281758248806,186.33233979544613,35810.026935858434,0.0010320419678464532,187.54090527414067,35818.875317914586,0.0010633874917402864,0.09360980987548828,0.014475616626441479,30747.285159558818,18281.1067526778
0.895011204018152,0.997638047139894,0.8443563786018607,0.06861311840814299,-0.13596289416862156,0.06150859431971134,-0.20403361599955383,-1.0,-168.39243294890193,-138.43573910987567,-153.41408602938878,29.956693839026258,-20.07209062576294,-20.004150867462158,-20.03812074661255,0.06793975830078125,-0.007502615451812744,-0.0025218045338988304,0.07183600217103958,0.06791400909423828,-0.006641288287937641,-0.004482037387788296,0.07229089736938477,0.06855858117341995,195.7577883409371,35810.56995227572,0.0010377635480836034,215.4923554444052,35824.184078142345,0.0010579174850136042,0.09803071618080139,0.014448200352489948,30751.94266210783,18111.070725179234
-0.9955855446028433,-1.0,0.126598290327249,0.3498609817617926,0.5037214078242271,0.5578996082920926,0.6843007182263954,0.9570558245114426,-168.28407665271385,-143.9244566023981,-156.10426662755597,24.359620050315755,-19.949263334274292,-19.920663833618164,-19.934963583946228,0.02859950065612793,-0.0050860680639743805,-0.006169065833091736,0.07189196348190308,0.0698937177658081,0.0072470251470804214,0.0035126013681292534,0.0731479674577713,0.06905703246593475,194.7004891106344,35828.445823065354,0.0010534250177443027,209.35302631123568,35819.512470259135,0.0010514134773984551,0.10023093223571777,0.014681214466691017,30761.175826288916,17939.53538989505
0.97576007264692,0.9178042312782053,1.0,0.6054918181569268,-0.20160196852632983,-0.30727314242910536,-0.4808772301022679,-1.0,-166.2918013494122,-141.81489533848014,-154.05334834394617,24.476906010932055,-19.925801753997803,-19.963144063949585,-19.944472908973694,-0.03734230995178223,-0.006430503912270069,-0.004854176193475723,0.07278190553188324,0.06935557723045349,0.003719570115208626,-0.007123775780200958,0.06873555481433868,0.07277407497167587,183.06976335934485,35814.7744857127,0.0010260294657200575,155.7390617254764,35822.82303908834,0.0010549327125772834,0.10039055347442627,0.014525745995342731,30758.711904853975,17886.17599996226
0.021945491468008612,0.07058715520173135,-0.09153189474388433,-0.023091717937457817,0.2803385472690945,0.26550900854417014,0.04957546245335176,0.0,-170.40806215605704,-142.92086298508877,-156.6644625705729,27.487199170968267,-19.945697784423828,-19.94760036468506,-19.946649074554443,-0.0019025802612304688,0.005478419363498688,-0.005792906973510981,0.06953764706850052,0.0722963809967041,0.0006893094396218657,-0.00801868550479412,0.06914114952087402,0.07263685762882233,167.902392065445,35825.72008173125,0.0010483008809387684,185.0447033023725,35826.0043913947,0.0010553604224696755,0.09902483969926834,0.013229746371507645,30744.554567446005,18802.021323193258
-0.10273795440003619,-0.1023160957265972,0.21497856744783436,0.4188581010690557,0.24497660860355858,0.027723329690109655,-0.003029507939741105,0.0,-165.45272655003407,-145.402617611584,-155.42767208080903,20.05010893845008,-19.95079278945923,-19.935452938079834,-19.94312286376953,0.015339851379394531,0.006316227372735739,0.005003977566957474,0.07253182679414749,0.06919644773006439,0.008052032440900803,0.00024372365442104638,0.07260424643754959,0.06937912851572037,209.34848143677937,35829.678324454755,0.001052625011652708,192.53351758392267,35821.00400003676,0.001063000992871821,0.09992551803588867,0.014514456503093243,30759.5765364162,17881.699272725284
0.9683539750387314,0.9957148405758112,0.3270110126079192,-0.09223377458933502,0.37716093163799,0.38785527850943424,-0.4867449544860971,-1.0,-169.10980765168125,-139.8981720009383,-154.50398982630978,29.21163565074295,-19.896949529647827,-19.898146390914917,-19.897547960281372,-0.0011968612670898438,-0.007999688386917114,-0.0007826827350072563,0.07302415370941162,0.06959156692028046,-0.0033522406592965126,-0.007375297136604786,0.0713612511754036,0.07126877456903458,183.85989611388212,35825.26894546442,0.001059762784279883,155.01232124638958,35805.27920424365,0.0010459081968292594,0.09962514787912369,0.016266649588942528,30747.16319444391,18818.05271430294
0.0054553039162016995,0.0,0.03588015240586004,0.19799462122577366,0.2255958301558772,0.09181979184077815,-0.010002021013924445,0.0,-163.6226180842324,-143.43432545022227,-153.52847176722736,20.18829263401014,-19.89050030708313,-19.90268111228943,-19.89659070968628,-0.012180805206298828,0.0024665184319019318,0.007709400728344917,0.07091973721981049,0.07183460891246796,-0.008054090663790703,-0.0006582492496818304,0.07299552857875824,0.0695195347070694,160.3686941285651,35805.673745145585,0.0010330767836421728,177.66859099729317,35814.64509703152,0.0010490005370229483,0.10090111196041107,0.013203355483710766,30764.870616515756,17931.130362663254
0.9513080225018941,0.9890109809210705,0.8515301524197162,0.26875016712517025,-0.062163257475790656,-0.04810176423361623,-0.3261211240951499,-1.0,-167.61358957957293,-140.07083915390388,-153.8422143667384,27.542750425669055,-19.915467500686646,-19.910393953323364,-19.912930727005005,0.00507354736328125,-0.0021498161368072033,-0.007773146498948336,0.07055100798606873,0.07179179787635803,0.0004794389824382961,0.008060233667492867,0.0698331743478775,0.07257135212421417,189.729797010946,35818.822606123606,0.0010498524643480778,195.53901020807027,35803.41289441059,0.0010378352599218488,0.1007021814584732,0.013123502023518085,30765.26782018839,17985.970282847557
8.986537720080307e-05,-0.0018940452940080469,-0.028189283458496556,0.05510276796574576,0.15429322992629918,0.08499014182111175,-0.02467485351609522,0.0,-169.76695439238193,-145.1176394505821,-157.442296921482,24.649314941799844,-19.94355082511902,-19.938048124313354,-19.940799474716187,0.0055027008056640625,0.004662992432713509,0.0065153371542692184,0.07170566916465759,0.07017785310745239,-0.002964428160339594,-0.007471804972738028,0.0708221048116684,0.07115677744150162,201.65113901963684,35818.71537165298,0.0010514965979382396,197.26096865819252,35810.03723653444,0.0010479151969775558,0.10029944777488708,0.014770367182791233,30761.4665167383,18018.23920187612
0.8234826154740663,0.6077690912303365,0.9941366735337102,0.5661625838257154,-0.23694760463129344,-0.23178721982773964,0.03216797885095357,-0.5016591467633716,-165.58811691706256,-139.27085423522902,-152.4294855761458,26.31726268183354,-19.92829442024231,-19.94978427886963,-19.93903934955597,-0.021489858627319336,-0.0069631063379347324,0.0040787821635603905,0.07063190639019012,0.07150168716907501,-3.2827047107275575e-06,-0.008064848370850086,0.06934414803981781,0.0724061131477356,196.97860230913668,35817.957805257574,0.0010444724466651678,192.44447085486394,35823.242680284464,0.001053624670021236,0.09889422357082367,0.015006579458713531,30927.91497519245,17755.141368438846
0.12421420721575727,0.18588801798796667,-0.09584336620291188,-0.06345267346916494,0.29403192106875337,0.35939087151575044,0.0868961974492013,0.0,-171.75089501904768,-142.53286426222104,-157.14187964063436,29.218030756826636,-19.94158625602722,-19.961111545562744,-19.951348900794983,-0.01952528953552246,0.0015674250898882747,0.007845092564821243,0.07010440528392792,0.07181074470281601,-0.007873245514929295,-0.0016591582680121064,0.07274054735898972,0.06880420446395874,215.3253571383404,35828.95492067316,0.0010554338805377483,207.3798607074207,35816.260978548125,0.001052296720445156,0.10052148252725601,0.013198252767324448,30765.260899274297,17982.957154305874
-0.013926586849639577,-0.0012702863367808834,0.2652500218089685,0.40973696320275566,0.24006871810122116,0.019351482927580266,-0.011686974426713848,0.0,-166.93432868167275,-145.82936362583536,-156.38184615375405,21.104965055837397,-20.002989768981934,-19.986685514450073,-19.994837641716003,0.01630425453186035,0.003404483664780855,0.007250742055475712,0.07052269577980042,0.0703953355550766,-0.003003804013133049,-0.007431631907820702,0.07046540081501007,0.07071830332279205,206.6190097369282,35826.213320838,0.0010496429167687893,184.62823248349724,35821.24317409598,0.0010532622691243887,0.09959786385297775,0.013507051393389702,30763.963129564294,18180.64106833068
0.6938212140395545,0.7059260910293929,0.34364193391125175,-0.22815060477340582,0.16129413739416454,0.4254383940137427,-0.2339865495801723,-0.6673701138191916,-170.70778622508638,-141.58442354697672,-156.14610488603154,29.123362678109658,-19.987285137176514,-19.992367029190063,-19.98982608318329,-0.005081892013549805,-0.0006744635757058859,0.007932731881737709,0.06890298426151276,0.07223790138959885,0.001838594675064087,0.007815983146429062,0.06980148702859879,0.07128023356199265,164.1361867903529,35816.81702954138,0.0010415570577606559,178.32632177995146,35818.81477254119,0.0010481876088306308,0.09982755780220032,0.012562921270728111,30767.076691583534,17779.71773845676
-0.003976073008463614,0.0,0.006825433147728516,0.1739891239544919,0.22394387795432275,0.10554877614141966,-0.020968428807588313,0.0,-165.36060410280754,-145.7203115177594,-155.54045781028347,19.640292585048144,-20.0577449798584,-20.10279893875122,-20.08027195930481,-0.045053958892822266,-0.0015786734875291586,-0.007788843009620905,0.06915947794914246,0.07086414843797684,-0.00040944048669189215,0.007874843664467335,0.06800264865159988,0.07127086818218231,178.8522874314535,35821.881409619455,0.001038344344124198,186.5093309464702,35816.97394359787,0.001058460446074605,0.09898725152015686,0.012693931348621845,30766.46242383586,17854.5244348981
0.9727032910478114,0.983407881013422,0.8809330849023241,0.3599637965332613,0.02571659637933882,-0.03592285265427331,-0.33540588607445937,-1.0,-166.41883066524997,-136.95411297115143,-151.6864718182007,29.46471769409854,-20.027658939361572,-20.01121997833252,-20.019439458847046,0.016438961029052734,0.007812202908098698,0.0014935799408704042,0.07210608571767807,0.06836642324924469,-0.007150052115321159,-0.0035784433130174875,0.07239434123039246,0.06833250820636749,192.45984756722885,35812.546443325344,0.001032616593874991,172.22082045674665,35806.54301875025,0.0010486708488315344,0.09828490018844604,0.015018210746347904,30749.454092370583,18212.93435346362
-0.0033975244937496547,0.011115569321842262,-0.024855679061260197,0.03697951940553407,0.17782381951314885,0.10557240283558877,-0.03794104795042885,0.0,-168.84619190703881,-143.58983794230565,-156.21801492467222,25.256353964733165,-20.015909671783447,-19.956601858139038,-19.986255764961243,0.05930781364440918,-0.0019131526350975037,0.007702283561229706,0.06842651218175888,0.0722375139594078,-0.00350785069167614,0.007239453494548798,0.06877833604812622,0.07283718883991241,202.98850135405704,35818.72318297139,0.001049255719408393,192.25126694635455,35809.602632879454,0.0010475057642906904,0.09902165830135345,0.012972796335816383,30771.028438051184,17708.92701315266
0.047717675224522166,-0.10272984102712492,0.4620608197339916,0.5772969846307517,-0.05733795822399693,-0.22995027720759748,0.14981711825513566,0.0,-164.94761573575587,-139.18363800422082,-152.06562686998836,25.76397773153505,-19.860966205596924,-19.897465705871582,-19.879215955734253,-0.0364995002746582,0.002754983026534319,-0.007662576623260975,0.0695345476269722,0.07364752143621445,0.008001267910003662,0.0012667356058955193,0.0731920525431633,0.06939885020256042,171.40514947655112,35812.07096528476,0.0010376803111284971,191.4571082206082,35817.04381829007,0.0010548094287514687,0.10048654675483704,0.013648565858602524,30524.242409629576,19297.55641289697
0.36612626561174116,0.36973517371742587,-0.09468110366314807,-0.16904406339404265,0.3203205317990215,0.4510758239640159,0.07792218252568883,-0.04894893865467287,-169.21014269711708,-138.21426381570888,-153.71220325641298,30.995878881408203,-19.88765597343445,-19.89476442337036,-19.891210198402405,-0.007108449935913086,0.007008008658885956,0.003945649601519108,0.07326474785804749,0.06949570775032043,-0.0050473278388381,0.00633555743843317,0.06959377974271774,0.07305042445659637,217.31264808094454,35824.78058025743,0.00104866165202111,195.29526892694616,35808.16473948392,0.0010441979393363,0.10055876523256302,0.014243235811591148,30755.99268473376,17994.314686466067
-0.011712178765161712,0.0012437370292653778,0.20321903571502425,0.3757373543074768,0.3279187737015259,0.10702409100773902,-0.008823335960156276,0.0,-165.1846965154,-144.58094863495182,-154.8828225751759,20.603747880448168,-19.899938106536865,-19.884949922561646,-19.892444014549255,0.014988183975219727,-2.9746632208116353e-05,0.008095449768006802,0.0697498619556427,0.07281822711229324,0.007779173087328672,0.002223492134362459,0.07344203442335129,0.06934882700443268,214.53795793415753,35824.14642593103,0.001044799922965467,181.40523654020592,35819.13148214993,0.0010592835023999214,0.10048587620258331,0.012828978709876537,30768.759075898528,17733.04442816279
-0.05455755636185711,0.008401730738268665,-0.19428021125129458,-0.6797741855358574,0.4584113759747388,0.6962830370839811,0.3551528742552986,-0.027520765832202886,-168.43442584100762,-139.280336242551,-153.85738104177932,29.154089598456636,-19.87716555595398,-19.887845516204834,-19.882505536079407,-0.010679960250854492,-0.005601278971880674,-0.005812833085656166,0.07275719195604324,0.07020045071840286,0.0007820024620741606,0.008073841221630573,0.07014984637498856,0.07262787222862244,172.7306148126219,35827.09345975867,0.0010494317393749952,176.32951316669792,35816.5211516261,0.001043852767907083,0.1011737510561943,0.01478806883096695,30760.27055957704,17872.39594143682
-0.6881873062834009,-0.6941255108428822,-0.558606454902707,-0.29816571570501477,-0.45715688905313023,0.5947644129824134,0.1932325764773749,0.44388087634487483,-159.99589626228277,-145.4785973173299,-152.73724678980633,14.51729894495287,-19.861644506454468,-19.870002269744873,-19.86582338809967,-0.008357763290405273,0.002817852422595024,0.005186425521969795,0.0711669996380806,0.07227808237075806,-0.007670709863305092,0.0026061837561428547,0.07191699743270874,0.07117703557014465,225.0325073848186,35693.20898441161,0.0010461047058925033,183.91119418351744,35819.03603062437,0.00105240847915411,0.10078228265047073,0.01348189078271389,30775.865605328174,17744.273189410414
0.9861629844865933,0.9993590998963543,0.9759584679800739,0.3446403143609156,-0.07693895509388698,-0.027365773861646625,-0.27717172749764657,-1.0,-167.5675523000507,-140.55742135577233,-154.06248682791153,27.01013094427836,-19.858444929122925,-19.852495193481445,-19.855470061302185,0.005949735641479492,-0.0026972757186740637,0.007648591883480549,0.06958456337451935,0.07364457845687866,0.003455722937360406,0.007377061061561108,0.07179351150989532,0.07158773392438889,200.73894290030765,35823.7761362936,0.0010405114153400064,173.47107262713152,35812.477805902774,0.0010546310804784298,0.1004619151353836,0.013531588949263096,30774.18305043872,17833.610576015093
-0.0037825620203030563,0.015718192720051573,-0.056137727559953984,-0.0009071010507220034,0.1582535738141389,0.10333084750877741,-0.02578288225155012,0.0,-166.87693682495535,-140.56076276406884,-153.7188497945121,26.31617406088651,-19.872655868530273,-19.86687421798706,-19.869765043258667,0.005781650543212891,0.006849410943686962,-0.0042734588496387005,0.07098394632339478,0.07206708937883377,0.0007087336853146553,0.008089641109108925,0.07027915865182877,0.0728435143828392,188.60846362561205,35807.77929495254,0.0010436614975333214,194.3357584684059,35813.682599256055,0.0010538719361647964,0.0995810478925705,0.01452416367828846,30957.69841447369,18176.177667920732
0.08792841599955922,-0.06096807836716002,0.4540787233460109,0.5496101243477336,0.04327737906756035,-0.14089992598357653,0.14402416517340255,0.0,-160.455529900332,-136.84610936898963,-148.65081963466082,23.60942053134238,-19.859706163406372,-19.883673191070557,-19.871689677238464,-0.02396702766418457,0.007119897753000259,-0.003988131880760193,0.07125930488109589,0.07199880480766296,-1.0043404472526163e-05,0.00810911599546671,0.06986924260854721,0.07296577095985413,185.9723861184286,35819.250212256484,0.0010479945922270417,191.64943227303618,35811.69473383656,0.0010569385485723615,0.09961214661598206,0.0158983264118433,30951.400034419938,17801.450866477437
0.5427797807448822,0.513936722207356,-0.0870285090021475,-0.19670082189979013,0.3322352878541744,0.4540518344061406,-0.02438773657144988,-0.24081346554802174,-171.21719319827167,-141.7523233921213,-156.48475829519649,29.464869806150375,-19.866703748703003,-19.8720121383667,-19.86935794353485,-0.005308389663696289,-0.008028600364923477,0.00034046126529574394,0.07292718440294266,0.070204958319664,0.002034778008237481,-0.007863638922572136,0.0694543793797493,0.07354725897312164,198.13464722820135,35825.393276025025,0.0010468667605891824,215.24197629370516,35814.57230316346,0.0010493058944121003,0.09942608326673508,0.017378956079483032,30736.26264664461,19042.94498947301
-0.00611206665155539,0.0,0.1616140734322563,0.3357079550891548,0.2606020343488129,0.05736955077910205,-0.00861110338545712,0.0,-163.13864751780574,-141.68621707491712,-152.41243229636143,21.452430442888613,-19.882233142852783,-19.87412452697754,-19.87817883491516,0.00810861587524414,0.00582022313028574,-0.0056476891040802,0.07011113315820694,0.07275670021772385,-0.007188813760876656,0.0037853489629924297,0.07122507691383362,0.07179874181747437,213.181412519952,35820.7794716168,0.0010358486324548721,202.69661818891313,35821.233045103756,0.0010602733818814158,0.0994419977068901,0.013654837384819984,30946.226904910498,18660.91416515312
0.9241444574533692,0.9884843381064646,0.6859033161175722,-0.0761886712000375,-0.13977298017161432,0.16122655246766027,-0.31855673523312006,-1.0,-167.01516837162308,-139.3873205656891,-153.20124446865609,27.627847805933982,-19.888582229614258,-19.899983406066895,-19.894282817840576,-0.011401176452636719,-0.005629996303468943,0.005783888511359692,0.07001175731420517,0.07275348901748657,-0.0012823338620364666,0.008011891506612301,0.06936807185411453,0.07317927479743958,173.00830228970327,35816.375260807035,0.0010472757276147604,190.38613706298932,35822.82764536419,0.0010504965903237462,0.09979677200317383,0.01337873749434948,30740.503704976898,18957.630337315422
-0.0014545393833493747,0.0,-0.016031248530458453,0.1476943406842282,0.20692058690070309,0.09678823218336485,-0.010348693216928218,0.0,-167.1410088549855,-145.86704347912587,-156.50402616705568,21.273965375859632,-19.887521266937256,-19.899930953979492,-19.893726110458374,-0.012409687042236328,0.007873434573411942,0.0018038471462205052,0.07331634312868118,0.06943951547145844,0.004387054592370987,-0.006773717701435089,0.06938721984624863,0.07316678017377853,170.98268457529383,35828.04697464513,0.0010458574397489429,172.73492602082513,35816.280071433815,0.001056743087247014,0.09997840225696564,0.015084745362401009,30751.160540151035,18180.526888123637
0.9199789159903455,0.9330154989888488,1.0,0.31876639371864557,-0.0004664750028239295,-0.04653424545009577,-0.20733741293944374,-1.0,-165.85561365807376,-138.731439012774,-152.29352633542388,27.124174645299775,-19.91260528564453,-19.90097403526306,-19.906789660453796,0.011631250381469727,0.007865733467042446,0.0018220487982034683,0.07312919944524765,0.06921129673719406,0.007816046476364136,0.0021643969230353832,0.07331185787916183,0.06921149045228958,193.32791041565508,35812.91760132117,0.0010320369619876146,190.516171619931,35802.12805652853,0.0010487883118912578,0.09974153339862823,0.014932656660676003,30750.797622273414,18152.64972370158
-0.005684452613555209,0.023081038057002345,-0.09098467062854626,-0.03225758070463747,0.15366384752014112,0.1334299027100192,-0.02077400996765255,0.0,-169.65952891631514,-142.3082472351978,-155.98388807575645,27.351281681117342,-19.841511249542236,-19.815022945404053,-19.828267097473145,0.026488304138183594,0.007857979275286198,0.0020299963653087616,0.07370325922966003,0.06981142610311508,-0.006909821182489395,0.004378588870167732,0.07139548659324646,0.07260091602802277,206.27178037502625,35810.457681909815,0.0010506261605769396,189.59285900256415,35807.66865501038,0.0010540911462157965,0.10058294236660004,0.015270562842488289,30750.173321766863,18233.93505630501
-0.015584028734764416,-0.13341274729798874,0.3723848881383944,0.515685092844579,-0.12575647295177445,-0.33017981340934976,-0.022511856506903682,0.0,-163.9398214088871,-140.32920819737384,-152.13451480313046,23.610613211513254,-19.714850187301636,-19.725239276885986,-19.72004473209381,-0.010389089584350586,0.007243441417813301,0.004015367012470961,0.07482277601957321,0.07079251110553741,0.0069268848747015,-0.004507330246269703,0.07207635790109634,0.07341527193784714,191.49950515316914,35818.529766016974,0.0010430302936583757,176.63584993432403,35823.91318955111,0.0010565429693087935,0.10271783173084259,0.0146814975887537,30757.774464152695,17913.22484445833
0.3267654804714681,0.296456234690573,-0.08025849142951844,-0.17540302489984388,0.3455085304211661,0.4551796770705947,0.181278313779079,-0.020034361023792635,-168.34486802304755,-139.34672630406993,-153.84579716355876,28.99814171897762,-19.791040420532227,-19.7939133644104,-19.792476892471313,-0.002872943878173828,-0.007904274389147758,0.0018609040416777134,0.07295390963554382,0.07144715636968613,-0.004536345135420561,0.006836619693785906,0.07022523880004883,0.07407475262880325,184.4697155944557,35832.01628111021,0.0010546500561758876,207.95654908667095,35825.25536874178,0.0010555502958595753,0.10021445900201797,0.01698993518948555,30968.884114641227,17779.20855175052
-0.006250903057656215,0.0,0.11514934917435457,0.2576407355723429,0.2551654834434898,0.09971992241673494,-0.0184176488906993,0.0,-165.05985377961537,-144.81331851219147,-154.93658614590342,20.246535267423894,-19.944782257080078,-19.91439700126648,-19.92958962917328,0.030385255813598633,-0.007601317949593067,-0.002673875307664275,0.07293087989091873,0.06887751072645187,0.00011956550588365644,-0.008064918220043182,0.06959526240825653,0.07273586839437485,206.26667037079304,35819.75903831095,0.0010389492381364107,193.9514063520136,35818.32257238987,0.0010518163908272982,0.09955991804599762,0.014290064573287964,30754.489106609835,18029.968246423417
0.9519527122157644,0.9905836573477684,0.8138536760239422,0.274142793733265,0.009123805088090131,-0.041711419285575535,-0.361473603940452,-1.0,-166.80932341402814,-138.0910810827407,-152.45020224838441,28.718242331287456,-19.911092519760132,-19.92091417312622,-19.916003346443176,-0.009821653366088867,0.0007802751497365534,0.008005890995264053,0.06998886168003082,0.07241328805685043,-0.0006913634133525193,-0.008074851706624031,0.06984627991914749,0.07238497585058212,173.86627675985983,35823.06126896894,0.001047710538841784,183.96896610256763,35814.192077555344,0.001046745222993195,0.10090535879135132,0.012770707719027996,30766.540417689044,17824.666153938993
0.0019542466723848117,0.0,-0.023540519809429977,0.11813417506749496,0.19014583148167313,0.0880948614413315,-0.0185335607479461,0.0,-164.9738799050326,-142.80499625349495,-153.88943807926375,22.16888365153764,-19.88407254219055,-19.891279935836792,-19.887676239013672,-0.007207393646240234,-0.007245026528835297,0.0035534577909857035,0.07130908966064453,0.07155713438987732,-0.006952323019504547,0.004124276340007782,0.07089153677225113,0.07185083627700806,159.78591866645806,35811.015447595986,0.0010534976609051228,170.9665908188111,35819.121976523005,0.0010556443594396114,0.09919022768735886,0.015543635934591293,30961.72871762139,17885.595397843274
0.1252389144387946,0.09032730495007554,0.5648398781871827,0.17517720649471552,-0.2927645385721356,0.021282896345556246,0.24121352565670584,-0.17756783234363616,-167.86284784832134,-142.89553591740122,-155.37919188286128,24.96731193092012,-19.881696701049805,-19.87661361694336,-19.879155158996582,0.0050830841064453125,0.008091767318546772,-7.210169860627502e-05,0.07293640822172165,0.06993529200553894,-0.0015193411381915212,0.007965114898979664,0.06949330121278763,0.07343779504299164,201.95392741564734,35818.70337737522,0.0010355438571423292,217.6368320681056,35815.85475735607,0.001041843555867672,0.09937389194965363,0.016761798411607742,30744.626255969204,19250.39913510709
0.060791140586398354,0.08977852186020485,-0.10106461688118452,-0.10459638237784136,0.16082524820201388,0.24862489955494116,0.009403863425403336,0.0,-172.1869089147916,-144.99167997856284,-158.58929444667723,27.195228936228744,-19.89195227622986,-19.882688522338867,-19.887320399284363,0.009263753890991211,-0.0014578474219888449,0.007880662567913532,0.06951021403074265,0.07318475842475891,-0.005455173552036285,0.0060231368988752365,0.06987691670656204,0.07297246158123016,203.03649596734078,35828.65795514612,0.0010473288130015135,209.95012421479856,35815.61479934411,0.0010543481912463903,0.10068419575691223,0.012753634713590145,30768.59923460936,17740.469960279865
-0.10170005329667225,-0.09284134808886847,0.2371366650649803,0.49846520898807706,0.049122170208406896,-0.22144875959614213,-0.030407894320000017,0.0,-162.29340119294756,-140.5884034091908,-151.44090230106917,21.704997783756767,-19.87259030342102,-19.88786220550537,-19.880226254463196,-0.015271902084350586,-0.0014873838517814875,0.007987279444932938,0.06957241892814636,0.07342606782913208,0.005005347542464733,0.006381222978234291,0.07240509241819382,0.07037966698408127,198.65828430897147,35819.87017356046,0.001032937434501946,169.82703084064104,35818.98633242897,0.0010561547242105007,0.10055966675281525,0.013481820933520794,30770.85438331774,17747.027900863606
0.8069543844160515,0.8257733453722281,0.1750321511464295,-0.219008646481715,0.12427177061139782,0.45067423664177,-0.17779364338753356,-0.7757724646067146,-169.0102566381093,-140.59017413484503,-154.80021538647716,28.42008250326427,-19.830002784729004,-19.82743501663208,-19.828718900680542,0.002567768096923828,0.003728332929313183,-0.007213848643004894,0.06989563256502151,0.07380957901477814,-0.0071483636274933815,-0.003997921943664551,0.07389336079359055,0.06984293460845947,176.783323071589,35815.787173682984,0.0010562330717220902,176.7621138295316,35818.29900443421,0.0010483891237527132,0.10065734386444092,0.013691295869648457,30771.71987882941,19145.54681922598
-0.0008625058907440926,0.0,0.029382956139793137,0.15042595872949208,0.23562916088194336,0.11725288390386457,-0.011831552892952235,0.0,-164.71753796983097,-144.7113034676525,-154.71442071874174,20.006234502178472,-19.800682067871094,-19.76313591003418,-19.781908988952637,0.03754615783691406,-0.004781985655426979,0.0066260481253266335,0.07032079249620438,0.07387729734182358,0.008140006102621555,0.001038168091326952,0.074276402592659,0.0705423578619957,202.96201683335727,35823.44303073671,0.0010459210025146604,185.42400654074572,35808.30010596281,0.00104994245339185,0.10061851143836975,0.013241715729236603,30789.779710213585,17974.440481980677
0.9975109225260406,0.9755537572429707,0.8176871742582806,0.2920587966833912,-0.041248614315628596,-0.04869367092884236,-0.34401795029877674,-1.0,-170.57794203882077,-140.90805717174754,-155.74299960528415,29.669884867073222,-19.59307551383972,-19.56892967224121,-19.581002593040466,0.024145841598510742,0.008295495994389057,0.001044068019837141,0.07569033652544022,0.07199545204639435,-0.006363740190863609,0.00553802028298378,0.07283409684896469,0.07528303563594818,193.0395121927953,35813.21878997729,0.0010308015625923872,211.64122945167864,35811.79956400615,0.0010475151939317584,0.10316114872694016,0.01671079732477665,30746.952467840554,18477.62424108946
-0.006841292967217965,0.0,-0.00974588287582738,0.05952794889787394,0.16256428814112195,0.0888825947233649,-0.0033665695182166777,0.0,-167.56719113088786,-144.06476006662487,-155.81597559875638,23.502431064262993,-19.40766930580139,-19.4000244140625,-19.403846859931946,0.0076448917388916016,0.00652820710092783,0.005476524122059345,0.07710755616426468,0.07377731055021286,-0.00733533501625061,0.004374179057776928,0.07501216977834702,0.07603753358125687,210.63362351794595,35830.05635684356,0.001055647968314588,183.2891062020817,35809.527193328,0.0010524197714403272,0.1064671203494072,0.01524125412106514,30759.034551294542,17886.736496249945
0.11142298786873735,-0.014972782939340802,0.5483977466165578,0.33421197301823163,-0.25163900640374154,-0.202946121775392,0.21263318246886243,-0.27429748533337095,-164.58120136516067,-140.64160058705932,-152.61140097611,23.93960077810135,-19.38050866127014,-19.3781578540802,-19.37933325767517,0.0023508071899414062,0.0049762786366045475,-0.006995704490691423,0.07377706468105316,0.07756561785936356,-0.008509228006005287,0.001289966283366084,0.07682644575834274,0.07458588480949402,201.97383253437613,35821.863231448755,0.0010463222861289978,179.92429830264825,35816.20381627716,0.0010374571429565549,0.10574090480804443,0.013915789313614368,30765.16678128416,18299.81403562622
0.0668185278544397,0.10058055755982453,-0.10699439346755298,-0.15717870066335815,0.15907043111976837,0.3088846179324046,-0.0021631555940806457,0.0,-172.65110908181038,-144.41336576745942,-158.5322374246349,28.23774331435095,-19.379547834396362,-19.375561475753784,-19.377554655075073,0.003986358642578125,-0.008307691663503647,0.0019245106959715486,0.0764893889427185,0.07491584122180939,-0.005012376233935356,0.00700352992862463,0.07376865297555923,0.07765526324510574,180.29760687523202,35820.93203084039,0.0010435206349939108,203.56403131814724,35820.65247625551,0.0010526858968660235,0.10518882423639297,0.017464101314544678,30965.083930401546,17766.525073647706
-0.005035341555121685,0.0,0.2570635199752148,0.47029582968804245,0.2514516280925103,-0.04287835122194977,0.007988956143315185,0.0,-162.50669848403018,-141.456701858592,-151.9817001713111,21.049996625438183,-19.353597164154053,-19.379019737243652,-19.366308450698853,-0.02542257308959961,-0.0028890687972307205,0.008117412216961384,0.07371215522289276,0.07808424532413483,0.008511438965797424,0.0011918286327272654,0.0776744857430458,0.07368816435337067,176.89992728002338,35812.36236682655,0.0010274449596181512,180.5608373051405,35815.90686865299,0.001059336238540709,0.10638942569494247,0.014401177875697613,30518.120598304657,18638.79537135395
0.42167391755114725,0.48788149546976783,0.2527958524184796,-0.21221328506372172,0.0051723660039583175,0.4260312479104802,-0.07654424216390987,-0.3333213904558644,-170.52382620317826,-142.78215281019334,-156.6529895066858,27.74167339298492,-19.347423315048218,-19.34602975845337,-19.346726536750793,0.0013935565948486328,-0.003412051824852824,-0.007881555706262589,0.07592487335205078,0.07604624330997467,-0.002267073839902878,-0.008326582610607147,0.07532701641321182,0.07665818929672241,200.14559885970715,35818.35497073496,0.0010372152319177985,191.05138276232594,35806.228266050755,0.0010489649139344692,0.10761398077011108,0.015108914114534855,30763.411186799804,18767.794830688446
0.0143922633424905,0.0,-0.004119302428092636,0.15104976884294968,0.22171966999192028,0.10888518608949266,-0.0016738643596670988,0.0,-165.84727605371663,-142.9851596098428,-154.4162178317797,22.862116443873816,-19.352821111679077,-19.32778000831604,-19.34030055999756,0.02504110336303711,0.0064613549038767815,-0.005650116130709648,0.0747346580028534,0.07712328433990479,0.004471462219953537,0.007369931787252426,0.07672698050737381,0.07558254897594452,197.96875993985898,35821.839221784154,0.0010327891213819385,215.49231021795333,35822.066499210545,0.0010611516190692782,0.10573790967464447,0.014531237073242664,30958.847274052816,18769.20588840029
0.988853503512133,0.999450114736507,0.8869256546702509,0.4483245328977186,0.27315736079886627,0.48573944583918316,0.3795598184924637,-1.0,-168.56898324079276,-140.59319645585555,-154.58108984832415,27.975786784937213,-19.31474208831787,-19.323813915252686,-19.31927800178528,-0.009071826934814453,0.006870629731565714,-0.003503205254673958,0.0765487551689148,0.07609185576438904,-0.0017606872133910656,-0.008471895009279251,0.07527786493301392,0.07709150016307831,209.163441518762,35720.93806834046,0.001118907006457448,189.1405385848918,35821.301912215524,0.0010493535082787275,0.10612188279628754,0.017532939091324806,30967.332495896215,17896.009447929235
-0.005232603811759809,0.006212284972512358,0.021158572342484958,0.04446227178175832,0.1755069504591671,0.13441755519740073,0.020124161526981155,0.0,-165.58682048428534,-141.64295643734428,-153.61488846081483,23.94386404694106,-19.2953884601593,-19.301035404205322,-19.298211932182312,-0.005646944046020508,-0.004404720850288868,-0.007413430605083704,0.07692457735538483,0.07595857977867126,0.007743861526250839,0.0038779829628765583,0.07853590697050095,0.07418408989906311,186.31004742441937,35817.045288384,0.0010520325740799308,187.26617102774958,35818.56025004279,0.0010422957129776478,0.1080443263053894,0.015678999945521355,30518.70927759102,19780.22385771572
0.045087601117938275,-0.0710355185889358,0.3253065196164115,0.46090746694266316,0.0686125475870058,-0.06873239933989128,0.11183118510373768,0.0,-164.8689183193182,-141.48040165791087,-153.17465998861454,23.388516661407323,-19.307868480682373,-19.30035948753357,-19.30411398410797,0.007508993148803711,-0.008625776506960392,0.0006714516784995794,0.07770062237977982,0.07493642717599869,-0.008600538596510887,-0.0012544001219794154,0.07838653028011322,0.07435059547424316,196.44083551048254,35821.01736098209,0.0010402754414826632,206.6507666048686,35808.31862008343,0.0010441759368404746,0.1060541495680809,0.01808416284620762,30498.59890544924,19462.913066212306
-0.5806726496803276,-0.6064668233097439,-1.0,0.053337177395223735,0.7444043793507279,0.9823485904589601,0.7228382676859691,0.84129982420048,-167.78650266676846,-138.77512278803556,-153.280812727402,29.011379878732896,-19.303816556930542,-19.310424327850342,-19.307120442390442,-0.006607770919799805,-0.005490495823323727,-0.006618923507630825,0.07743887603282928,0.07528558373451233,0.007593721151351929,-0.004229045007377863,0.07589738070964813,0.07671274989843369,200.09234398951565,35817.03876390838,0.0010505986865609884,222.42493001677946,35810.43101241574,0.00104387360624969,0.10808210074901581,0.015814585611224174,30760.782999124225,17909.021905418027
-0.010853050984999953,0.0,0.13708374871231083,0.29736192238244696,0.2822827568023284,0.10964082808167663,-0.0031554819679200374,0.0,-165.6682746027662,-144.7263777881737,-155.19732619546994,20.941896814592496,-19.46934938430786,-19.559398889541626,-19.514374136924744,-0.09004950523376465,-0.002041143598034978,-0.008250187151134014,0.07417603582143784,0.07566593587398529,-0.002859289525076747,-0.007904518395662308,0.07385087758302689,0.07445241510868073,207.2884146222514,35820.939910446876,0.0010376375867053866,164.3329001765757,35815.771766492326,0.0010493455920368433,0.10600545257329941,0.013577582314610481,30766.069310176,17889.956495910406
0.9417382149964157,0.9896582889020556,0.8226791869083865,0.23327341243660654,-0.008674301284744446,-0.04699683899115448,-0.38599660066486585,-1.0,-170.6268052041687,-141.1628177277331,-155.8948114659509,29.46398747643559,-19.822129011154175,-19.85650062561035,-19.839314818382263,-0.03437161445617676,-0.006085466593503952,0.005405172239989042,0.0707901269197464,0.07307924330234528,0.0013173780171200633,-0.008044137619435787,0.06971044838428497,0.07355235517024994,184.69406436487245,35816.7203069644,0.0010482639772817492,167.99691317228599,35821.592230086215,0.0010492894798517227,0.10036688297986984,0.013580409809947014,30739.647239131507,19000.264895759155
-0.002978351994905268,0.0,-0.00988797227221011,0.11329014568549822,0.1839391718333756,0.083979272435595,-0.021933405476843193,0.0,-167.5448427535594,-145.98163351569977,-156.7632381346296,21.56320923785964,-19.836442470550537,-19.810386896133423,-19.82341468334198,0.026055574417114258,0.008016332983970642,0.0013106503756716847,0.07366125285625458,0.06994159519672394,-0.007857081480324268,0.0022133379243314266,0.07262399792671204,0.07145203649997711,184.26843984715606,35822.342112069884,0.0010507464176043868,191.3929337802155,35812.79452852346,0.0010525734396651387,0.10033749788999557,0.01567128859460354,30750.49411266367,18327.43469741069
0.33404670856426494,0.26818221750667287,0.6379617801872309,0.10352650615419146,-0.31604954281242914,0.05281469490221957,0.23825067276967782,-0.4959034604192065,-166.31741864240297,-140.27094658492712,-153.29418261366504,26.046472057475853,-19.39475178718567,-19.39026117324829,-19.39250648021698,0.00449061393737793,0.0032464421819895506,-0.00793528277426958,0.07338490337133408,0.07769535481929779,-0.005569247528910637,-0.00656045600771904,0.07681191712617874,0.0743853896856308,195.97999285532396,35826.07379526701,0.0010401987237855792,212.32859209072697,35817.93170851126,0.0010599265806376934,0.1060037761926651,0.014476099982857704,30776.440197691747,18338.781059670306
0.03157069058898582,0.07007527531641013,-0.1019769434335999,-0.08430722535193166,0.15610663790524093,0.2502248931834343,0.015572989019670525,0.0,-169.89762111241595,-142.69219137878858,-156.29490624560225,27.20542973362737,-19.333302974700928,-19.347760677337646,-19.340531826019287,-0.01445770263671875,-0.007820856757462025,0.003527458291500807,0.07611264288425446,0.07610835880041122,0.006268939934670925,0.005903862416744232,0.07756533473730087,0.0743635818362236,227.33504359402247,35820.3699805809,0.001052814070135355,187.30419069090513,35809.71512667937,0.0010460726916790009,0.10577850043773651,0.016198689118027687,30944.493687402584,17879.871946369763
-0.20109245209103502,-0.19884138630368567,0.21012425155923478,0.45267296297234616,0.1332105693712208,-0.19393696199003368,-0.04903532011172462,0.0,-162.75000884199676,-140.93529618617666,-151.8426525140867,21.814712655820102,-19.31715965270996,-19.25374984741211,-19.285454750061035,0.06340980529785156,-0.007464868016541004,-0.004388921428471804,0.0782942846417427,0.07414623349905014,0.0033684205263853073,-0.008033618330955505,0.07453030347824097,0.0790197104215622,196.4000696552966,35815.8571173227,0.0010314964456483722,160.44067038319787,35817.193214177154,0.0010498340707272291,0.10736437141895294,0.015426777303218842,30757.961304196313,17902.22784851301
0.026832546280075698,0.02677488996560129,0.02262822698566913,0.014651609755242156,-0.9922318108767966,-0.9987686808510696,2.4847330300618495e-05,-0.013752888182616708,-169.62337869934476,-141.1313975098937,-155.37738810461923,28.491981189451053,-19.204654693603516,-19.20792579650879,-19.206290245056152,-0.0032711029052734375,-0.006684431806206703,-0.005617245100438595,0.07891575992107391,0.07553696632385254,-0.006106565240770578,-0.006284232251346111,0.07867352664470673,0.07572595030069351,159.58260370077102,35814.116359836524,0.0010468346299603581,175.82955192643524,35816.55328141111,0.0010537973139435053,0.109255850315094,0.015630194917321205,30758.60831534681,17890.884607233
0.9623636390487684,0.9784370767950384,0.851625576303296,0.7648610366795312,0.7128289218984614,0.5307621040307118,0.23142939045588584,-1.0,-163.28967868343904,-142.07108781738245,-152.68038325041073,21.218590866056587,-19.166853427886963,-19.18453335762024,-19.1756933927536,-0.017679929733276367,0.007868227548897266,-0.0039144232869148254,0.07740521430969238,0.07775574922561646,-0.006614518351852894,-0.005753670819103718,0.07915006577968597,0.07565677165985107,166.26329710199926,35811.34035921361,0.0010344642214477062,161.0306581373891,35812.695514078645,0.0010519770439714193,0.10771818459033966,0.017239117994904518,30959.239097079724,17860.870041711383
0.9919951234966358,0.9989707450278441,0.8712358318068903,0.31759448732068896,-0.05519986876318689,-0.05541074902377996,-0.3165264622867038,-1.0,-168.26723485026764,-138.6948941663925,-153.48106450833006,29.572340683875154,-19.11229968070984,-19.134833812713623,-19.12356674671173,-0.02253413200378418,-0.00796554796397686,-0.0037936042062938213,0.08021230250597,0.07586856186389923,-0.00759244617074728,0.004555019550025463,0.07728558033704758,0.07844074070453644,204.45524484892562,35826.18005320978,0.0010509119601920247,200.02287154109072,35820.238458910964,0.0010531229199841619,0.10977575182914734,0.01573112979531288,30755.99059018634,18008.725724788826
-0.003878942617187627,0.0,-0.02466753435017184,0.08175808165730325,0.1797890093130357,0.06805189059871997,-0.03745887311285634,0.0,-169.6275375338746,-146.19195348531605,-157.90974550959533,23.435584048558553,-19.267932176589966,-19.284121990203857,-19.27602708339691,-0.0161898136138916,-0.005042634904384613,-0.007065536919981241,0.07749675214290619,0.07586140930652618,0.006869589444249868,-0.00526767410337925,0.07552844285964966,0.07754046469926834,212.94089242717263,35826.00569217606,0.0010485786478966475,210.27565891785554,35819.968636050085,0.0010527096455916762,0.10838141292333603,0.016050519421696663,30761.48264887825,18085.925077000436
0.19308248582316662,-0.014361375367561727,0.5758888542154342,0.3676046069774444,-0.2934581594472022,-0.15042568059931322,0.2135309156240165,-0.23769741203949735,-166.53181399329583,-141.03183468517943,-153.78182433923763,25.499979308116394,-19.33181643486023,-19.367051124572754,-19.34943377971649,-0.035234689712524414,-0.004823502153158188,-0.00717481505125761,0.0768284723162651,0.07540462911128998,-0.0077682435512542725,0.003755672136321664,0.0756504014134407,0.07597066462039948,211.99379985047207,35823.8562463511,0.0010429109679535031,193.62171330646456,35813.0322783225,0.0010506741236895323,0.10772547870874405,0.015505115501582623,30518.359721820776,18531.85881506279
0.0808081730108548,0.13612545665328105,-0.09805140885980322,-0.08075880735287935,0.28731561390519755,0.3750085659549124,0.011555522556807918,0.0,-169.54819378092327,-142.1740665688129,-155.8611301748681,27.37412721211038,-19.409337043762207,-19.408442974090576,-19.40889000892639,0.0008940696716308594,0.008186029270291328,-0.002339007565751672,0.07604199647903442,0.07484657317399979,-0.008560308255255222,-0.00014934243517927825,0.07712119817733765,0.07374454289674759,210.77268670369205,35814.35609868678,0.0010568455327302217,185.71071397712112,35815.21534372792,0.0010510042775422335,0.10476022213697433,0.01733001507818699,30963.078319327506,17761.1673593856
-0.006186819037328869,0.001315652723150386,0.20644160216453422,0.40156048207332845,0.24074614575071906,0.019939837231328694,0.028234243372025514,0.0,-163.35368242321687,-141.02783883637818,-152.19076062979752,22.325843586838687,-19.432263374328613,-19.42200779914856,-19.427135586738586,0.010255575180053711,-0.0005389426369220018,-0.008536611683666706,0.07381223142147064,0.07664951682090759,-0.00546621810644865,-0.006582773290574551,0.07648342102766037,0.07416585087776184,207.0924423886068,35806.86762389167,0.0010349286021664739,208.15091180126672,35819.853021855866,0.0010645210277289152,0.10606376826763153,0.013462064787745476,30766.65843528157,17762.93504511758
-0.22202120132259429,-0.1510197691621128,-0.5459719961701988,-0.9726502608136395,-0.48151426058830515,0.008913176274944257,-0.42259249372519336,0.3888663438667343,-168.4735886518386,-138.4988604915069,-153.48622457167275,29.974728160331722,-19.381216764450073,-19.393285512924194,-19.387251138687134,-0.012068748474121094,-0.006821870803833008,-0.005168957635760307,0.07744692265987396,0.07389193028211594,-0.0032261605374515057,0.007956155575811863,0.07333380728960037,0.0777672603726387,181.40574587419167,35819.3648299915,0.0010449449764564633,182.6546301723081,35821.1533952084,0.0010443935170769691,0.10707113146781921,0.0151273338124156,30758.034690548895,17909.25924293545
-0.9791227129204622,-0.9914584105944126,-0.8402334459733176,-0.5631867795530474,-0.44137040516934734,-0.38651131971556685,-0.2367774546054524,1.0,-163.48319882781627,-147.24037599220958,-155.36178741001294,16.242822835606688,-19.36506986618042,-19.364571571350098,-19.36482071876526,0.0004982948303222656,-0.006702697370201349,0.0034160257782787085,0.07621421664953232,0.07555827498435974,-0.00859839841723442,0.0003265850536990911,0.07732462137937546,0.07431315630674362,218.55588403570752,35724.86241801445,0.0011096774833276868,188.7704168468208,35814.63184859286,0.001053817686624825,0.10513052344322205,0.01810498721897602,30967.784197441513,17935.304718705404
0.9682826724132606,0.9843900694916149,0.8675531756769805,0.320813599226009,-0.0026126882395981488,-0.04984141670855913,-0.316700402570427,-1.0,-167.4560635007125,-138.5514987894557,-153.0037811450841,28.904564711256796,-19.365328550338745,-19.383875131607056,-19.3746018409729,-0.018546581268310547,-0.003965443000197411,0.007615616545081139,0.07371263206005096,0.07788639515638351,-0.00798717886209488,-0.0032049508299678564,0.07784236967563629,0.07342169433832169,200.47460662329317,35810.45564329359,0.0010264517040923238,217.0542403709481,35809.17866249668,0.0010492542060092092,0.10613458603620529,0.014470239169895649,30524.205348080723,19815.446847479743
-0.005447936326291842,0.004018645791416431,-0.006145419044735423,0.05942330181719313,0.17125152233763336,0.1093623910675171,-0.01666592784301335,0.0,-168.87392406592386,-144.48502857451922,-156.67947632022154,24.38889549140464,-19.4153892993927,-19.412403106689453,-19.413896203041077,0.0029861927032470703,0.004943499341607094,0.006947718560695648,0.07619796693325043,0.07457937300205231,-0.007232840172946453,0.004590886645019054,0.07477585971355438,0.07605244219303131,226.47999101338064,35821.149353386085,0.0010486977407708764,221.53317652844652,35820.45162562165,0.0010630992474034429,0.10664670914411545,0.01577484980225563,30761.66686475003,18149.863919190724
0.7115072500750715,0.5171919261061761,0.9691765373568676,0.7762570903802817,-0.21126069916958573,-0.5200400808499167,-0.11817672831312709,-0.3730831086630326,-164.95486684380924,-140.38875820201616,-152.67181252291272,24.56610864179308,-19.364253282546997,-19.38183307647705,-19.373043179512024,-0.01757979393005371,-0.0035778305027633905,-0.007818186655640602,0.07586314529180527,0.07581087201833725,0.003540520556271076,0.007837526500225067,0.07572179287672043,0.07564333081245422,193.8170102536581,35816.924650172645,0.0010442761704325676,180.5503169185824,35822.45956803502,0.0010516849579289556,0.10729573667049408,0.014497324824333191,30764.029187023116,18131.131117321474
0.15767323136708478,0.15450012525773332,-0.08741235575686113,-0.06558895924631611,0.26402679744672464,0.284676194418635,0.01982019342175212,0.0,-170.74845654430675,-143.0180659377669,-156.88326124103682,27.730390606539856,-19.390575885772705,-19.395742416381836,-19.39315915107727,-0.005166530609130859,-0.00600954657420516,0.006036536768078804,0.0742049515247345,0.07699058204889297,0.00776839442551136,-0.003679344430565834,0.07545866072177887,0.07566308975219727,197.26432862076308,35816.67208242022,0.0010445707011967897,187.54208967784288,35818.269777136455,0.0010593183105811477,0.10561056435108185,0.014126588590443134,30794.652743558276,17935.016118039253
0.0011273302982117463,0.0,0.15966274472029762,0.3034798502170219,0.2513826971913034,0.07992268917475848,0.02806570737294456,0.0,-162.29614891779428,-141.33157884991226,-151.8138638838533,20.964570067882022,-19.413576126098633,-19.40898060798645,-19.41127836704254,0.004595518112182617,-0.005590982269495726,-0.006472689099609852,0.07658364623785019,0.0742124617099762,0.004114031326025724,0.0075208526104688644,0.07580992579460144,0.07508118450641632,197.06991086696152,35813.05834031271,0.0010353635298088193,204.16029908425625,35813.14639061587,0.0010465864324942231,0.1063954085111618,0.015641670674085617,30517.672816288185,18634.406236170933
0.8795177906867834,0.9914413449261453,0.6036005500403687,-0.07223501057896178,-0.05149645869037073,0.3129026620305282,-0.09544796638094255,-1.0,-169.09726473226823,-139.29475552932428,-154.19601013079625,29.802509202943952,-19.361518621444702,-19.37286138534546,-19.36719000339508,-0.011342763900756836,0.0014181194128468633,0.00845257192850113,0.07480893284082413,0.07690180838108063,0.005461764521896839,-0.006658385507762432,0.07393737882375717,0.07754100114107132,200.51528076082653,35818.8230482,0.0010499105555936694,209.61254219570827,35823.75693028736,0.0010499490890651941,0.10754779726266861,0.013788193464279175,30765.923226243056,17907.89837363664
0.010209384083084156,0.0,-0.008901392716928858,0.13006099896626372,0.21682935071166848,0.06628285602296402,-0.04976114050645197,0.0,-167.91093685547565,-143.97542895686325,-155.94318290616945,23.9355078986124,-19.35165762901306,-19.347944259643555,-19.349800944328308,0.003713369369506836,-0.00474541075527668,-0.007162773981690407,0.07662063091993332,0.07526957243680954,-0.0028247800655663013,-0.008115064352750778,0.07562050223350525,0.07633931934833527,198.07679219063527,35823.53346636536,0.0010542285162955523,192.91273019173286,35821.19355361421,0.0010492432629689574,0.10731453448534012,0.015703480690717697,30517.755288943696,18594.631455518775
0.9631951433739406,0.9289011159614724,0.8458185562567605,0.33783856078707253,-0.0941308111174945,-0.1179130187822226,-0.3474264776126942,-1.0,-167.19304487213884,-139.75828334125828,-153.47566410669856,27.434761530880564,-19.370992183685303,-19.375426769256592,-19.373209476470947,-0.0044345855712890625,-0.004642299376428127,0.00724116712808609,0.07376831769943237,0.07773499935865402,0.003754541277885437,0.007757506798952818,0.07590796798467636,0.07556712627410889,207.83370275673607,35810.52016539187,0.0010289878118783236,200.32162972492185,35810.971495323356,0.0010431999107822776,0.1058167815208435,0.014198919758200645,30773.539548598073,18284.599335944935
-0.013016143830522017,0.011868653836245708,-0.00619325104561412,0.06119090469879723,0.1911878543311566,0.11898793158717103,0.021570504185838058,0.0,-167.55097401918528,-143.3740980955283,-155.46253605735677,24.17687592365698,-19.364042282104492,-19.36469793319702,-19.364370107650757,-0.0006556510925292969,0.007509756833314896,-0.004118284210562706,0.07552099227905273,0.07615915685892105,-0.008509784005582333,0.001222868449985981,0.07698256522417068,0.07466605305671692,195.1535263417007,35828.690369796874,0.00105866021476686,208.25835078521237,35819.23334851888,0.0010519542265683413,0.10568641126155853,0.01582261733710766,30945.954042421567,17965.260491765483
0.060761612049389346,-0.03502626894256866,0.44263463320799307,0.5388574448857867,0.16447101880404935,-0.09264994754409206,0.0635551261382239,0.0,-163.61029240795517,-140.4202069352176,-152.0152496715864,23.190085472737564,-19.32407021522522,-19.337271451950073,-19.330670833587646,-0.013201236724853516,-0.005831319373100996,0.0063667017966508865,0.07457514852285385,0.0777691900730133,-0.0053635272197425365,-0.0067816730588674545,0.07714250683784485,0.07498567551374435,198.36938707841327,35828.24344236333,0.0010396778816357255,183.51025526413935,35817.378525764216,0.001050198683515191,0.1061902642250061,0.014275455847382545,30740.134183991395,18937.198127266573
0.17080280953881333,0.15418184767502785,-0.10749463397515985,-0.05585116689678801,0.3396984711638328,0.38693740630410733,0.0034282828911107455,0.0,-170.76881704424954,-140.69674340804966,-155.7327802261496,30.07207363619989,-19.35033082962036,-19.344981908798218,-19.34765636920929,0.005348920822143555,-0.00449441559612751,0.007247138302773237,0.07400357723236084,0.07787393778562546,0.00845501758158207,0.0017874741461127996,0.0780927836894989,0.07385627180337906,209.82144261021287,35821.412749606774,0.0010456877062097192,206.41593097409594,35816.27567088828,0.0010614063357934356,0.10633882880210876,0.01449007447808981,30533.962668408243,18946.793387399775
0.010647559252989991,0.0,0.13532231011235157,0.27150377004316156,0.22815773199205872,0.022686748027056447,0.001639734962763817,0.0,-167.52289695565057,-146.55649034285165,-157.0396936492511,20.96640661279892,-19.335168600082397,-19.314297437667847,-19.324733018875122,0.02087116241455078,-0.0033546029590070248,-0.007933471351861954,0.07598423212766647,0.07619987428188324,0.0069917840883135796,-0.0051277028396725655,0.07534047961235046,0.07719452679157257,201.59871756874867,35822.39344647405,0.001037308480590582,220.89274518348358,35820.39573970774,0.0010575148044154048,0.10773862898349762,0.01448572613298893,30764.236701098405,18146.67708113349
0.9412675912883216,0.9895154112899288,0.7680585438836585,-0.1844702255578227,-0.19908160295097993,0.32115397291224035,-0.005669673085609728,-0.9523980187749069,-168.45560527422305,-138.71671862169302,-153.58616194795803,29.738886652530027,-19.24432635307312,-19.263521432876587,-19.253923892974854,-0.019195079803466797,-0.008341551758348942,0.002394570969045162,0.07748693972826004,0.07629559189081192,-0.0017836865736171603,-0.008538436144590378,0.07579277455806732,0.07763663679361343,211.8621182080582,35830.32196279256,0.0010492384899407625,186.74168083427148,35814.559588336655,0.001056852051988244,0.1067633181810379,0.01771513931453228,30970.270114061233,17751.352784004346
-0.0005510186936552031,0.0,0.005049527415103783,0.15433693826998338,0.21158392069554988,0.0769939657096671,-0.035748807942596716,0.0,-164.97448375954247,-142.51028673226276,-153.7423852459026,22.46419702727971,-19.24709439277649,-19.23876643180847,-19.24293041229248,0.008327960968017578,0.007988903671503067,-0.003405593801289797,0.07695244997739792,0.07678461819887161,0.007816030643880367,-0.0038944652769714594,0.07673805952072144,0.07714154571294785,198.934886791352,35811.10946397928,0.0010309153003618121,198.96591015402717,35806.86662406573,0.0010477588512003422,0.10685945302248001,0.01725025661289692,30962.858353218555,17844.87265575504
0.8290468103431329,0.7931270727162169,0.992142358945199,0.16117937186245163,-0.33228923270944055,-0.11414186555547995,-0.15297918370706243,-0.9340746944690705,-162.71659515005172,-136.37377987990322,-149.54518751497747,26.342815270148492,-19.276570081710815,-19.25306797027588,-19.264819025993347,0.023502111434936523,-0.008427795022726059,0.002114393748342991,0.07736410945653915,0.07584080845117569,-0.003049273509532213,0.00819095503538847,0.07452134788036346,0.07903674244880676,225.0439804381703,35821.04687675198,0.0010520578362047672,192.50435186090868,35814.8638262514,0.0010456243762746453,0.10610368102788925,0.018460851162672043,30976.335354158957,17991.021999383163
-0.009084008268359967,0.019539215958770464,-0.0645861464821555,0.013546128681314717,0.19931580439522684,0.17492966706249902,-0.00402365967092877,0.0,-171.5349279281013,-145.25260676484692,-158.3937673464741,26.28232116325438,-19.23892378807068,-19.24016237258911,-19.239543080329895,-0.0012385845184326172,-0.00203704833984375,0.008424223400652409,0.0748479887843132,0.07898122817277908,0.006890080403536558,0.0053827203810215,0.07876376062631607,0.07504530251026154,180.8951465938999,35810.94966047695,0.0010384164052084088,198.9545819703091,35809.15187666699,0.0010572534520179033,0.10853491723537445,0.013863923028111458,30768.783147887916,17729.907372381014
0.06839786486364591,0.0,0.2736696139162883,0.4436154047019583,0.1767099300263465,-0.08052412996799779,0.04016788005489391,0.0,-165.27167653532024,-141.90281157505325,-153.58724405518674,23.36886496026699,-19.50581192970276,-19.57567811012268,-19.54074501991272,-0.06986618041992188,0.0052221789956092834,0.006691960617899895,0.07559572160243988,0.0736098513007164,-0.008418658748269081,0.00015423510922119021,0.0755377933382988,0.07245346903800964,219.7099901932543,35819.204448196906,0.0010431073606014252,204.91251562558435,35807.37898654661,0.0010409207316115499,0.10543151199817657,0.015483865514397621,30517.307786093013,18509.398253986525
0.1929713278658477,0.16688200189104743,-0.09152044291268648,-0.11832085211525128,0.24085359844371018,0.4416147142141079,0.1585921740371613,-0.00014139580033889487,-169.7254477816746,-141.96214495722487,-155.84379636944973,27.763302824449738,-19.60728168487549,-19.61194396018982,-19.609612822532654,-0.004662275314331055,0.005941281095147133,0.005776374600827694,0.07512162625789642,0.07234975695610046,0.007322433404624462,-0.004062267951667309,0.07331626862287521,0.07408963888883591,198.7997526595494,35818.8367262892,0.0010484543163329363,185.0725873593589,35805.889752583156,0.001046682009473443,0.10406267642974854,0.0148873096331954,30759.35479284944,17874.289283808725
-0.004238406036231362,0.0,0.12029158462225742,0.2692943509957597,0.23629143147046666,0.061440960391032695,0.004976631368610707,0.0,-165.47272547396733,-143.60607756932626,-154.5394015216468,21.86664790464107,-19.61781144142151,-19.613112211227417,-19.615461826324463,0.004699230194091797,-0.007877672091126442,-0.002754787914454937,0.07572367787361145,0.07152749598026276,-0.008339175954461098,0.000519522640388459,0.07507618516683578,0.07228750735521317,209.12587294940968,35828.11048619362,0.0010502012446522713,220.61995175349705,35817.165693751085,0.0010615139035508037,0.10365821421146393,0.014936957508325577,30754.90074936091,18030.99678726075
0.9073801618256612,0.98135800019192,0.9867107563247541,0.21670864450114227,-0.0653080189512758,0.11375747976576078,-0.19411097821804435,-1.0,-167.23973065246543,-139.69534618175996,-153.46753841711268,27.544384470705467,-19.558380842208862,-19.561625719070435,-19.56000328063965,-0.0032448768615722656,0.0060286992229521275,0.005842255428433418,0.07558704167604446,0.07270821928977966,-0.007421156857162714,0.003990305587649345,0.07379171252250671,0.07447069138288498,198.07125803028376,35822.387719139704,0.0010384396882727742,168.79872569413877,35812.66219468477,0.0010362659813836217,0.10470419377088547,0.015344311483204365,30760.036557147632,17884.514222287413
0.0017074935389331742,0.0,-0.011902333337039023,0.12370603298004229,0.19611803295607222,0.07709415140084508,-0.03158120831578226,0.0,-167.60530422469685,-144.71789644360845,-156.16160033415264,22.8874077810884,-19.570859670639038,-19.57670569419861,-19.573782682418823,-0.0058460235595703125,0.00036809290759265423,-0.008359089493751526,0.07236777991056442,0.07570665329694748,0.0006499583250842988,-0.008349777199327946,0.0721927061676979,0.07577483355998993,201.85935168853456,35822.26907210927,0.0010553525062277913,198.26210408667745,35815.68445518594,0.0010533512104302645,0.10444952547550201,0.013320080935955048,30767.94992973543,17753.197743614208
0.8731318205895438,0.767969543340427,0.9762854579307771,0.0683207803760772,-0.3259293523914609,-0.06245044246269238,0.12296585220489253,-0.5876960182316431,-164.8899696205371,-138.9265963207426,-151.90828297063985,25.96337329979451,-19.57733988761902,-19.560493230819702,-19.56891655921936,0.016846656799316406,-0.004623917862772942,0.007002143654972315,0.0720682367682457,0.07588084042072296,-0.007502072490751743,0.0038574892096221447,0.07388220727443695,0.07439917325973511,191.73901337446608,35817.89214760049,0.0010311685036867857,208.9442795908171,35819.97810029231,0.0010511508444324136,0.10338998585939407,0.013800119049847126,30755.346834503278,18520.025589869518
-0.004410330811058114,0.022492535292960074,-0.09026928590806772,0.0026663104053388786,0.21536572126386028,0.21554747652644457,0.021917753914590277,0.0,-169.04299194102072,-143.04535503584765,-156.04417348843418,25.997636905173067,-19.559412002563477,-19.582618474960327,-19.571015238761902,-0.023206472396850586,0.0012439192505553365,-0.008284155279397964,0.07224727421998978,0.07601244747638702,0.0027891630306839943,-0.007921500131487846,0.07176599651575089,0.07607802003622055,190.93472581457576,35816.47622850363,0.0010404683416709304,202.38208362816837,35817.46510639316,0.0010651438497006893,0.10462567955255508,0.013230053707957268,30769.568669572887,17722.389531262354
-0.11815286689936227,-0.1646436586166291,0.2951299088345026,0.5446970524906484,0.2068124206477755,-0.10781095830627407,0.02995626513625893,0.0,-164.6137481558078,-141.64237799224634,-153.12806307402707,22.97137016356146,-19.567667245864868,-19.56529140472412,-19.566479325294495,0.0023758411407470703,0.0033354645129293203,-0.007729225791990757,0.07191821932792664,0.07618150115013123,0.002373427152633667,0.00808191578835249,0.07352700084447861,0.07466989010572433,188.1260593258747,35826.029523553494,0.0010525346733629704,203.20713010977818,35825.14699705709,0.0010565657867118716,0.1037820354104042,0.013952037319540977,30777.54150916416,18664.813211008022
0.043625386716800614,0.028290177502770346,-0.08805457756869008,-0.16980407559208505,0.11216493248230563,0.2512323156695512,0.041262643811050825,0.0,-170.0706277543972,-141.51397414173573,-155.79230094806647,28.556653612661478,-19.630954265594482,-19.640146493911743,-19.635550379753113,-0.009192228317260742,0.0051775407046079636,0.006502754054963589,0.07451380789279938,0.07256381958723068,0.008356010541319847,0.0003192517615389079,0.0751376524567604,0.07175163924694061,220.94587801417543,35817.745813361944,0.0010550314327701926,215.79945943253648,35815.89177517174,0.0010507104452699423,0.1038643941283226,0.01516750082373619,30760.60014234147,17892.281662209392
0.0028533510110593605,0.0,0.07499349903024861,0.21269827556184598,0.23308090969615364,0.0881908275743058,0.009557526875411226,0.0,-166.73121168854817,-145.59781064965136,-156.16451116909977,21.133401038896807,-19.342904090881348,-19.341646432876587,-19.342275261878967,0.0012576580047607422,0.0046499669551849365,0.007240717299282551,0.07664788514375687,0.07539582997560501,-0.0010492404690012336,0.008559509180486202,0.07406331598758698,0.07795579731464386,181.77078307209743,35821.508885234696,0.0010378548176959157,186.35702258803656,35813.59740176866,0.0010488394182175398,0.10765872895717621,0.015506128780543804,30518.5455032974,19148.060437402346
0.9586195868126887,0.9843381936262683,0.7556414706503225,0.17622527486521977,-0.13586302106158643,-0.009492214295143908,-0.3597829172275127,-1.0,-165.6511183195422,-136.09792377783612,-150.87452104868916,29.55319454170609,-19.204864501953125,-19.20018434524536,-19.202524423599243,0.004680156707763672,-0.008468125015497208,-0.002152587752789259,0.07934018969535828,0.07508646696805954,-0.002163236727938056,0.008519541472196579,0.07504744082689285,0.07945283502340317,227.00827987106828,35822.79390864757,0.001053285552188754,187.0310113436933,35811.69901110725,0.0010481167118996382,0.1082426905632019,0.01618139259517193,30752.046678892275,18155.891863318182
-0.0060847624755710995,0.0012665227981230583,-0.01577328672642553,0.1171337267148736,0.19665491777699923,0.055941729829051656,-0.04200489875127078,0.0,-165.25485744943484,-141.49616905153215,-153.3755132504835,23.758688397902688,-19.214690923690796,-19.248147010803223,-19.23141896724701,-0.03345608711242676,0.008697804994881153,-0.0006060931482352316,0.07854264229536057,0.07574350386857986,0.003197210840880871,0.008114686235785484,0.07667998969554901,0.07703377306461334,200.903462693709,35822.06196598383,0.0010392233962193131,196.47741728472127,35819.144046995985,0.0010722493752837181,0.10716782510280609,0.018376775085926056,30496.6891247161,18814.459758763798
0.9448516600326912,0.8691248269828665,0.9735233183530495,0.45245491164543367,-0.23172605632325882,-0.3067727694056435,-0.48139482531216826,-1.0,-166.8457551284169,-140.07567090448077,-153.46071301644884,26.770084223936124,-19.574333429336548,-19.657896757125854,-19.6161150932312,-0.08356332778930664,-0.002972617279738188,0.007844764739274979,0.0718783587217331,0.07611110806465149,0.005249643232673407,0.00647735595703125,0.07440280169248581,0.07220999896526337,185.2049086815472,35826.15259014385,0.0010347362840548158,206.36997307095652,35825.865683040094,0.001050595659762621,0.10404113680124283,0.014168196357786655,30774.691238052976,18067.65551847698
-0.013563898420981184,0.035023173171646826,-0.08374756877129459,-0.007532477803667892,0.20164913847375615,0.20348632799373312,0.04830916089869064,0.0,-169.12656440878283,-143.87433579187936,-156.50045010033108,25.252228616903466,-19.834364652633667,-19.8082435131073,-19.821304082870483,0.026121139526367188,-0.004629750736057758,0.006662916392087936,0.07005030661821365,0.0735926553606987,0.005863274447619915,-0.005717872176319361,0.07068140059709549,0.07340637594461441,183.81986984769802,35814.75695878165,0.0010522407246753573,182.9608291601277,35814.92691433323,0.0010582011891528964,0.10029657930135727,0.013495267368853092,30767.18803609772,18544.89559448119
-0.061789437681861216,-0.07873878139069111,0.2374002217699725,0.4588508297834623,0.21470599925708944,0.008758784518455354,0.0474493585591913,0.0,-166.3022838785574,-144.4820450285476,-155.39216445355248,21.820238850009815,-19.870857000350952,-19.889588356018066,-19.88022267818451,-0.018731355667114258,0.0071229273453354836,-0.0038733885157853365,0.0712302178144455,0.07184945791959763,0.00033919638372026384,0.008107016794383526,0.06994541734457016,0.07279624044895172,194.85387672603736,35819.91976624138,0.0010347631759941578,198.69372543207092,35822.68398839746,0.0010554625187069178,0.09933241456747055,0.015360790304839611,30956.94409688286,17902.0619106183
0.9859687562825481,0.9999084792585421,0.2891162045603576,-0.23594264992220823,0.24302606264121923,0.4250765532340819,-0.1274235499881412,-0.63466006483193,-172.2274722422906,-142.6888972466997,-157.45818474449516,29.538574995590892,-20.171349048614502,-20.204601287841797,-20.18797516822815,-0.03325223922729492,0.005349399987608194,-0.005649453029036522,0.06774982064962387,0.0704454854130745,-0.0007550402078777552,-0.007787004113197327,0.06762606650590897,0.07003799825906754,194.95764563555346,35819.07952737731,0.001052356674335897,225.2590195808643,35815.50371279275,0.0010461154161021113,0.09663686156272888,0.012961417436599731,30757.71772568975,18465.498600865285
-0.0002546316051937787,0.0,0.06405491807616934,0.19618695119511756,0.24311260767775,0.1115528117966586,-0.013218512729231913,0.0,-165.9918636194497,-144.42558978448204,-155.20872670196587,21.56627383496766,-19.95303511619568,-19.89902377128601,-19.926029443740845,0.05401134490966797,-0.007787035778164864,0.0019972051959484816,0.07154321670532227,0.07018309831619263,-0.008031988516449928,0.0009507809299975634,0.07247677445411682,0.07012081891298294,200.42060228650135,35826.063383631306,0.0010456382296979427,193.63815953839557,35818.54399279485,0.0010611098259687424,0.09825991094112396,0.016996394842863083,30975.859050690688,17823.115153489078
0.969993719290903,0.9960811023978858,0.876731440662885,0.3596628649399176,0.01954185323512181,0.024310258174669475,-0.27948614988166004,-1.0,-169.41656393292237,-140.50658962129262,-154.9615767771075,28.909974311629753,-19.70056176185608,-19.693927764892578,-19.69724476337433,0.0066339969635009766,0.005948001053184271,0.005723177455365658,0.07437353581190109,0.07151398062705994,0.007452736608684063,-0.0036327738780528307,0.07285229116678238,0.07317095249891281,219.17183306523305,35825.4782141276,0.0010436372831463814,195.2210833239342,35821.12847022816,0.0010391994146630168,0.10299040377140045,0.014992468059062958,30759.487121063918,17873.00032195601
0.0,0.0023566796222748757,-0.06703186548405321,0.10585876195000787,0.1838739913110023,0.05175312675996746,-0.06960543921872775,0.0,-166.671605568492,-143.21837514137673,-154.94499035493436,23.453230427115273,-19.827760457992554,-19.803894758224487,-19.81582760810852,0.023865699768066406,0.008019868284463882,-0.0013088029809296131,0.0728917345404625,0.07088956236839294,-0.007953332737088203,0.0019304465968161821,0.07282817363739014,0.0713510662317276,203.84791542957842,35815.61720020847,0.0010495756287127733,203.93831416886812,35812.953885444906,0.001055323169566691,0.09985515475273132,0.017387039959430695,30977.12034002617,18047.343988296765
1.0,0.9316893712516762,0.9800250801898555,0.5535673247882723,-0.149374654032115,-0.4117082966161071,-0.46887395345167776,-1.0,-166.62120342302222,-141.07092456509366,-153.84606399405794,25.55027885792856,-19.854227304458618,-19.856315851211548,-19.855271577835083,-0.0020885467529296875,0.0028885090723633766,0.007583382073789835,0.07144540548324585,0.07191003859043121,0.00779113732278347,-0.0024075466208159924,0.07216562330722809,0.07114775478839874,190.8050710872356,35820.58817624077,0.0010346146300435066,179.7744780857799,35809.26282128248,0.001043976517394185,0.10148750245571136,0.013470425270497799,30764.375490222654,18069.22592248504
0.018385629534682535,0.05689651811620478,-0.10253772095428172,-0.11454535265289043,0.18677311967589927,0.24041203332909422,-0.02852847204910558,0.0,-170.5720134006326,-142.98903214829045,-156.78052277446153,27.582981252342165,-19.793747663497925,-19.775123596191406,-19.784435629844666,0.018624067306518555,0.0011429667938500643,0.008033350110054016,0.07111667096614838,0.07323215901851654,0.0037366808392107487,0.007323084399104118,0.07256589829921722,0.07209742069244385,225.53356084672717,35827.00754045575,0.0010559033835306764,217.74522289329443,35821.788266954136,0.001050683669745922,0.10216022282838821,0.013214606791734695,30766.130264222076,17911.901585694606
0.986952933701644,0.9997804293141298,-0.031465927295768574,0.0021278390119878307,-0.16971277302397203,-0.5163931972111542,-0.7908757273716944,-0.9873513193074821,-160.91142755780055,-141.2994592221367,-151.10544338996863,19.611968335663846,-19.729185104370117,-19.720823764801025,-19.72500443458557,0.008361339569091797,-0.0041233994998037815,-0.0071776551194489,0.07313460856676102,0.07229270786046982,-0.005548272281885147,-0.006135319359600544,0.07403536885976791,0.07151415944099426,192.51097338493486,35807.03986708431,0.0010391551768407226,199.19866566852752,35813.31020891127,0.0010505447862669826,0.10285044461488724,0.01407319400459528,30763.7539792363,18118.993800008986
0.41533664227158823,0.4107347183399616,0.16789140089719023,-0.22891693880694045,0.025839800013751357,0.4208816420850543,0.11488666726274144,-0.4292612804507022,-172.00046344078362,-143.51858523187155,-157.7595243363276,28.481878208912065,-19.704129695892334,-19.723175764083862,-19.713652729988098,-0.01904606819152832,0.002157466486096382,0.007937708869576454,0.07229398190975189,0.07355901598930359,0.007598156575113535,0.0032681445591151714,0.07486569881439209,0.07060367614030838,208.6520252331164,35823.47595379225,0.0010524283861741424,185.751937978396,35815.443672780915,0.0010550908045843244,0.10337518900632858,0.013888129033148289,30764.636937624262,18124.37888059681
-0.003360353749405281,0.0,0.03595785617114025,0.17246119052071382,0.21505967696961098,0.05724425175209308,-0.027464893166628257,0.0,-169.08397427874877,-145.3585372688284,-157.22125577378858,23.72543700992037,-19.700615406036377,-19.693641662597656,-19.697128534317017,0.006973743438720703,0.006803179159760475,0.004717797972261906,0.0747511088848114,0.07111544907093048,0.006637610960751772,0.004968665540218353,0.07481762766838074,0.07116508483886719,219.59481057181333,35832.0212466881,0.001050719991326332,217.22512812098174,35823.591917903854,0.0010583997936919332,0.10290937125682831,0.01461266353726387,30757.732987483247,17907.122541691675
0.9900639266774842,0.9745054208501628,0.8804513038219883,0.17878264735258975,-0.20275946757666308,-0.07196321541363093,-0.2779366995905998,-1.0,-167.70842751724865,-139.7191390725847,-153.71378329491668,27.98928844466394,-19.70962882041931,-19.7089946269989,-19.709311723709106,0.0006341934204101562,0.003267724998295307,-0.00758885033428669,0.07078573107719421,0.07491713017225266,0.006827649660408497,-0.00468679703772068,0.07209131866693497,0.07367010414600372,212.9157315753777,35811.94572394195,0.0010411880211904645,212.8492420860258,35818.52414568481,0.0010516148759052157,0.10200001299381256,0.013852874748408794,30776.44021866854,18106.160558942942
-0.001161412586196435,0.009816376388582147,-0.0025789026662475234,0.09745738887477079,0.19066870992007168,0.12098893765074259,0.0011735954132957582,0.0,-168.15444915181183,-143.746046731497,-155.95024794165442,24.408402420314843,-19.707130193710327,-19.725117683410645,-19.716123938560486,-0.017987489700317383,-0.0017802087822929025,0.008031647652387619,0.07092592120170593,0.07482949644327164,0.004844078794121742,-0.00666679535061121,0.07090248912572861,0.0745541900396347,177.36641269081716,35815.78241613053,0.0010525354882702231,188.09576735490825,35816.21361141928,0.0010663195280358195,0.10273520648479462,0.013349194079637527,30766.182315092145,17753.001213720243
0.7428010933769753,0.5604757343723641,0.9542987855229823,0.5536348043089852,-0.27126329985557524,-0.2565755171505677,-0.1260108365096958,-0.5068423431677238,-165.5310645324136,-139.4531279792373,-152.49209625582546,26.0779365531763,-19.696701765060425,-19.70641851425171,-19.701560139656067,-0.00971674919128418,-0.001458789804019034,-0.008141487836837769,0.07199560105800629,0.07396996766328812,-0.006727124564349651,-0.004824282601475716,0.0747511237859726,0.07101485133171082,205.9503915173004,35827.84576370199,0.00103932770434767,199.8156884139537,35819.720115719894,0.0010498114861547947,0.1032644659280777,0.013182369992136955,30766.31183273812,17852.75331755726
0.09769054377428077,0.1456141197254113,-0.10894916510741877,-0.12457135404809869,0.21886918291282986,0.2819292142723323,0.030052981180397564,0.0,-171.36555380606274,-143.4112031697356,-157.38837848789916,27.95435063632715,-19.714919328689575,-19.70325469970703,-19.709087014198303,0.011664628982543945,0.007448463700711727,0.003451395081356168,0.07480187714099884,0.0708218440413475,0.002654178999364376,0.007847381755709648,0.07255434989929199,0.07331034541130066,222.45648373848184,35822.52174104279,0.0010611516190692782,204.16124366702672,35815.853987229406,0.0010504428064450622,0.10220623016357422,0.014757169410586357,30754.833994463046,18061.73925928817
0.0033821775893090947,0.0,0.19007379186629172,0.3920021395100911,0.25873230771157807,0.03757567983200416,0.026144894632407212,0.0,-163.26453679078458,-141.85312816447635,-152.55883247763046,21.41140862630823,-19.708831310272217,-19.72453474998474,-19.71668303012848,-0.015703439712524414,-0.007507874630391598,-0.0034562249202281237,0.07493668794631958,0.07077856361865997,-0.00412029679864645,0.007170228287577629,0.07069471478462219,0.07475761324167252,181.39250231095642,35816.77578775897,0.0010321845766156912,197.72451946790724,35815.898340275744,0.0010644898284226656,0.10277067869901657,0.014607175253331661,30756.507595024854,17957.027176341606
-0.4915270058748507,-0.4160628347293921,-0.6200314988868976,-1.0,0.5443030752972157,0.9916222173569983,0.753168593524165,0.47544344640597525,-167.18552878697227,-139.63975488465235,-153.4126418358123,27.545773902319922,-19.713934659957886,-19.724560976028442,-19.719247817993164,-0.01062631607055664,-0.005422548856586218,-0.006190578918904066,0.07398078590631485,0.07169368118047714,-0.008263897150754929,-0.000255316001130268,0.07440421730279922,0.07106631249189377,206.20003437992082,35824.0178785895,0.00105352106038481,204.08186025285696,35813.753109260215,0.0010407324880361557,0.10287321358919144,0.015146003104746342,30760.714703834805,17893.127878490504
0.024642692301533556,0.0,0.004280749205303941,0.17680640333824046,0.2588730154306115,0.11184629078727226,-0.01716802816813423,0.0,-167.05848657545556,-146.32374203846462,-156.6911143069601,20.734744536990945,-19.691345691680908,-19.69005823135376,-19.690701961517334,0.0012874603271484375,-0.003909860737621784,0.007291249465197325,0.07100389152765274,0.07501044124364853,-0.0074456315487623215,-0.003629808546975255,0.07510268688201904,0.07092759758234024,200.18759212755344,35813.97648935869,0.0010302119189873338,220.6581596552416,35831.39753928786,0.0010685649467632174,0.10212387144565582,0.013715771026909351,30770.137348174707,19102.45204522105
0.974197993801379,0.9694710038536012,0.884739190729448,0.4563004199240396,0.011496154722118623,-0.1542264631616303,-0.397952284961057,-1.0,-164.66176480693764,-136.79934638455592,-150.73055559574678,27.862418422381722,-19.720587730407715,-19.742344617843628,-19.73146617412567,-0.021756887435913086,-0.00575137697160244,0.005935243330895901,0.07134681940078735,0.07420136779546738,0.003229570109397173,-0.007590600289404392,0.07045052945613861,0.07469873875379562,178.9188244629531,35806.45721479006,0.001038378570228815,194.07038673196308,35811.981925860826,0.0010562665993347764,0.10168372094631195,0.013773219659924507,30968.19746271818,19122.118711300966
-0.009779352428256997,0.017116377900498678,-0.004798458459308583,0.09987725753188059,0.18649881883817515,0.12739198397133678,0.014136871045440813,0.0,-169.02422342273877,-144.9827829435352,-157.00350318313698,24.041440479203573,-19.712109565734863,-19.717334508895874,-19.71472203731537,-0.005224943161010742,0.0009083246695809066,-0.008178429678082466,0.0710625946521759,0.07461736351251602,-0.00460218358784914,0.006849790457636118,0.07088787853717804,0.07469483464956284,199.73065986226013,35826.41280591588,0.001048178062774241,181.62958110973014,35816.460673853086,0.0010557974455878139,0.10269688069820404,0.013063767924904823,30769.240757351556,17730.10059402253
0.050422910068300415,-0.004089335697960984,0.31088865049051634,0.4259562034488005,0.11558697837988005,-0.023188663879089022,0.12463987888229688,0.0,-165.80624105480842,-141.68618731815326,-153.74621418648084,24.120053736655166,-19.717437028884888,-19.71487283706665,-19.71615493297577,0.0025641918182373047,0.006838446017354727,0.00464719720184803,0.0746472030878067,0.07093441486358643,0.00826168991625309,-0.00049086898798123,0.07421830296516418,0.07142623513936996,214.87997737555273,35813.91081435853,0.0010375537676736712,216.0987265261356,35824.77502450648,0.0010537788039073348,0.10264565050601959,0.014653830789029598,30758.14722617976,17892.61956244048
0.36411030141344547,0.3619988328381825,-0.09458392034789707,-0.1883681496755548,0.3041247559600178,0.44124025280205614,0.007395913568314039,-0.01681854839225916,-170.80083057098733,-142.05321515064276,-156.42702286081504,28.747615420344573,-19.730302095413208,-19.72661018371582,-19.728456139564514,0.0036919116973876953,0.0018640405032783747,0.007967771962285042,0.07194515317678452,0.07346853613853455,-0.001170093659311533,-0.008186085149645805,0.07161613553762436,0.07384096831083298,200.71642408070576,35818.686084751025,0.001051881117746234,200.45945506765003,35805.394319886094,0.0010380684398114681,0.10303658246994019,0.013676183298230171,30764.959919736557,18043.057751801396
-0.004801471356054661,0.0,0.19464283095754314,0.33111942841205466,0.2827578162345247,0.11022702032789217,0.019906893967993167,0.0,-165.43886029570973,-143.22385281626265,-154.3313565559862,22.21500747944708,-19.71412181854248,-19.724851846694946,-19.719486832618713,-0.01073002815246582,-0.008251826278865337,-0.0004883621586486697,0.07454250752925873,0.07110197097063065,0.0018972833640873432,0.008054034784436226,0.07197952270507812,0.07351553440093994,210.16480804015907,35834.22062339733,0.0010502274380996823,189.06855432499887,35814.79408115307,0.0010525803081691265,0.10164248943328857,0.01629139855504036,30749.493899684607,18365.105556457762
0.9476420491654323,0.9910810599952975,0.768690821522806,0.16193052318019996,0.02291257064559371,0.13060610332115186,-0.26855729071703865,-1.0,-167.97526292929115,-139.07407713852592,-153.52467003390854,28.901185790765226,-19.71754789352417,-19.710227251052856,-19.713887572288513,0.0073206424713134766,0.004930554889142513,-0.006581149064004421,0.07106778025627136,0.07452338188886642,-0.0032059878576546907,-0.007628316059708595,0.07280836999416351,0.07294148206710815,207.6382459788663,35820.72408739913,0.0010507439728826284,193.22101782440848,35821.32465268444,0.0010516381589695811,0.1017327606678009,0.013588689267635345,30768.46311298976,18293.33337881868
0.007275243747985149,-0.001576217428813332,-0.013012438247470226,0.10667461322510835,0.20487556119216754,0.05660336898601159,-0.06290699522004717,0.0,-167.1210451306548,-144.53995358065316,-155.83049935565398,22.581091550001645,-19.72322702407837,-19.7195565700531,-19.721391797065735,0.0036704540252685547,-0.006879286840558052,0.004535895772278309,0.0721091702580452,0.07341939955949783,0.006884861271828413,-0.004577635787427425,0.07209866493940353,0.07348793745040894,210.2976106768687,35813.08791467999,0.0010408993111923337,220.39911504554203,35814.324769670086,0.001056134351529181,0.1013527661561966,0.014677867293357849,30922.30822237667,17898.86112318956
0.9954215429420102,0.9799952197930909,0.9049287472786435,0.366574986894657,-0.18513504374226158,-0.3118269566221975,-0.4237964701833909,-1.0,-164.79993528791664,-137.11391407251605,-150.95692468021633,27.686021215400586,-19.704763889312744,-19.724518060684204,-19.714640974998474,-0.01975417137145996,0.00668044900521636,-0.004887047223746777,0.07207369059324265,0.07375851273536682,-0.005434541031718254,0.00620679697021842,0.07110224664211273,0.07437258213758469,200.25672744360386,35819.39287847747,0.0010399719467386603,162.4165551822627,35810.99335662369,0.0010476504685357213,0.10146775096654892,0.014713659882545471,30950.563778679083,18221.315636706327
-0.9940067649824437,-0.9685629047708528,-0.9777359547099779,0.23926654780296874,0.5865313282221759,0.6980606464290265,0.6869129509925391,0.9550319499589879,-170.80470294587076,-146.04431362169964,-158.4245082837852,24.760389324171115,-19.709116220474243,-19.705418348312378,-19.70726728439331,0.0036978721618652344,-0.005206379108130932,-0.00634494423866272,0.07389660179615021,0.071865513920784,0.007648817263543606,0.00319988327100873,0.07501198351383209,0.07075515389442444,221.13964019527126,35824.32436925294,0.001043348340317607,201.56045779223453,35818.669299205976,0.0010489607229828835,0.10303701460361481,0.015123235061764717,30760.40177057644,17885.285253543705
-0.1055560265363194,-0.11384371785058083,0.19618880239988384,0.44501455237476717,0.20560449603941408,-0.0769119332478852,0.007496566750971434,0.0,-168.34076959439346,-146.18402342484956,-157.2623965096215,22.156746169543908,-19.723851680755615,-19.711270332336426,-19.71756100654602,0.012581348419189453,0.008184483274817467,0.0012788374442607164,0.07464097440242767,0.07082802802324295,-0.0076325819827616215,-0.0031937132589519024,0.07495620101690292,0.07071445882320404,183.94893907204812,35811.53457681018,0.0010378831066191196,193.6102546755451,35808.62439195748,0.0010389314265921712,0.10169593244791031,0.015801653265953064,30751.24594713496,18238.789506899273
0.24647974139526677,0.21426454746843188,-0.044202405397068066,-0.24470540699295246,0.17670142297586133,0.43252800493714916,0.10097567216452852,-0.19298067609482916,-170.48875412709236,-141.7473794042461,-156.11806676566923,28.741374722846274,-19.70017433166504,-19.717252254486084,-19.70871329307556,-0.017077922821044922,-0.007010765373706818,-0.004293622449040413,0.07481451332569122,0.07106312364339828,0.0005984972813166678,-0.008255861699581146,0.0710357204079628,0.07455280423164368,207.21926265731256,35822.490168890654,0.0010514631867408752,195.58080586618362,35812.480321445335,0.0010440043406561017,0.10293824225664139,0.014526957646012306,30756.454323130332,17969.876774282486
-0.0032871257022815924,0.0,0.04375797126720449,0.19932401707617853,0.2151262082643019,0.02367879365194825,-0.02787130999479226,0.0,-165.27521812697313,-140.247625391957,-152.76142175946507,25.02759273501613,-19.684789180755615,-19.69420552253723,-19.689497351646423,-0.009416341781616211,-0.008189801126718521,-0.0011477918596938252,0.07494140416383743,0.07119117677211761,0.0021558315493166447,0.00799526832997799,0.07235712558031082,0.07365714013576508,210.24730105558854,35829.79717440851,0.0010476303286850452,212.6267650905501,35817.423104708636,0.0010558008216321468,0.10227847099304199,0.015757186338305473,30750.29885034598,18235.975324288644
0.884164677108374,0.9436809952803874,0.9846796776651602,-0.08483581435988855,-0.3932868086480797,0.18031900244380394,0.009899503641370488,-0.8026757819097298,-167.2857908802539,-138.9080912068357,-153.0969410435448,28.377699673418192,-19.72818613052368,-19.709690809249878,-19.71893846988678,0.01849532127380371,0.003935106098651886,-0.00722939008846879,0.0707131177186966,0.07468454539775848,-0.004560231696814299,-0.006926354952156544,0.07357369363307953,0.07217653095722198,211.7297338838899,35823.82685123152,0.0010582255199551582,202.54476298697983,35814.238167025316,0.0010509956628084183,0.10161899030208588,0.013768717646598816,30779.532244098442,19125.826006097435
0.0,0.0029317268642448744,-0.004427936694878815,0.0989475549274822,0.1909170122014482,0.10950209330381655,-0.004963512009522941,0.0,-169.47453713348023,-146.16332963746234,-157.81893338547127,23.311207496017886,-19.717323780059814,-19.727344512939453,-19.722334146499634,-0.010020732879638672,-0.007990889251232147,0.0018975981511175632,0.07356168329715729,0.0720677375793457,0.008119512349367142,-0.0014213572721928358,0.07371163368225098,0.07173971086740494,186.43140477812253,35816.02854235822,0.0010347615461796522,187.19131226753512,35814.25898936507,0.001059391419403255,0.10121811926364899,0.01711294800043106,30970.406398438077,17765.10135432325
0.8950283969818972,0.7647049567028389,0.9682643604157625,0.4406171551903418,-0.2902442439208449,-0.16797796712405783,-0.16030176551687214,-0.8394458850248786,-162.32237086951272,-136.96149844908678,-149.64193465929975,25.36087242042595,-19.707669019699097,-19.72254753112793,-19.715108275413513,-0.014878511428833008,3.131701669190079e-05,-0.008253813721239567,0.0713132843375206,0.07444848865270615,-0.0016749192727729678,0.008105359971523285,0.07071760296821594,0.07476780563592911,225.18618575509538,35820.60470868732,0.0010315633844584227,197.68708620901754,35808.871910535956,0.0010421754559502006,0.10280836373567581,0.013166532851755619,30767.290682823783,17744.345845815624
0.04651160735646735,0.09891196016876497,-0.10601380598023884,-0.0775812196831811,0.21989640010631606,0.25552585326758315,0.004414130051757392,0.0,-168.13750219314278,-141.2341254125128,-154.6858138028278,26.90337678062997,-19.729645252227783,-19.723503589630127,-19.726574420928955,0.00614166259765625,0.006153647787868977,-0.005403617396950722,0.07158107310533524,0.07383348047733307,0.0029476943891495466,0.007718865759670734,0.07254615426063538,0.07298044860363007,201.4689875871403,35820.1212411557,0.001059022848494351,205.47879515795344,35816.17441025061,0.0010607503354549408,0.10123009979724884,0.013728214427828789,30724.658218371125,19486.084461804377
0.005775622162049651,-0.005985561585799233,0.25267849402061726,0.47087291144107707,0.24085044477106005,-0.03116072376762502,-0.010451049922961975,0.0,-168.01612300809833,-145.98269193954218,-156.99940747382027,22.033431068556155,-19.7146999835968,-19.72964644432068,-19.72217321395874,-0.014946460723876953,-0.0008457005606032908,0.008217714726924896,0.071011021733284,0.07462020218372345,0.004817227832973003,0.006706529296934605,0.0735485851764679,0.0718659907579422,163.55658466834694,35817.26120000388,0.0010418109595775604,168.72685080346739,35821.21553452024,0.001058807596564293,0.10283717513084412,0.013297345489263535,30767.921893983126,17739.481428748844
0.4148210372494078,0.39092285261302684,0.01757391036721362,-0.23514829429726447,0.22907155886330438,0.4128558887158247,0.059791083091571995,-0.29585583506991786,-173.69659305913245,-145.1120713196662,-159.40433218939933,28.584521739466254,-19.697471857070923,-19.705382585525513,-19.701427221298218,-0.007910728454589844,0.007870158180594444,-0.002420178148895502,0.07346837967634201,0.07249850034713745,0.007694121915847063,-0.0031510796397924423,0.07303272187709808,0.07279432564973831,225.5104155239682,35819.970906969094,0.0010505574755370617,209.3570258375461,35810.86282801771,0.0010504646925255656,0.10127904266119003,0.01621587574481964,30959.97566238139,17776.862172715457
0.01343361027919758,0.0,0.024176738192524555,0.19168518334788312,0.24973796484287786,0.10931141644028197,-0.0017144276776531742,0.0,-164.17921967890499,-141.76680858786114,-152.97301413338306,22.41241109104385,-19.70920205116272,-19.703587293624878,-19.7063946723938,0.005614757537841797,0.0017777737230062485,0.008059052750468254,0.07205859571695328,0.07370185106992722,-0.0078971516340971,0.002407885855063796,0.0734400823712349,0.07242054492235184,206.91677907717053,35817.98287764315,0.0010316800326108932,208.36939113009578,35811.56920558887,0.001059038331732154,0.10296893119812012,0.013215736486017704,30766.260398319897,17853.695108390246
0.9457229861136754,0.9492625531703351,0.8590520872031062,0.39936455921170183,-0.01986553560965726,-0.1639887507415405,-0.391478009243434,-1.0,-166.78936896542257,-139.39132741814848,-153.09034819178552,27.39804154727409,-19.71731185913086,-19.719992876052856,-19.718652367591858,-0.0026810169219970703,-0.001621381612494588,0.008104270324110985,0.07082021236419678,0.07475798577070236,0.008203313685953617,0.0010063417721539736,0.07464403659105301,0.07089385390281677,183.3450183924722,35820.69702506296,0.0010469078551977873,198.12945392459133,35816.10554974146,0.0010468997061252594,0.1026286780834198,0.013401452451944351,30771.095815046236,17720.641683760063
-0.9856342494970697,-0.9832824661311661,-0.8687593777626619,-0.6196743769828793,0.5625809573464569,0.6360843188735086,0.7412680438635357,0.9671029173652693,-166.68994751686807,-143.6584575666019,-155.17420254173499,23.031489950266177,-19.695664644241333,-19.706082344055176,-19.700873494148254,-0.010417699813842773,-0.005633490160107613,-0.006025732960551977,0.0742383822798729,0.07173918932676315,0.006263767369091511,0.005404217168688774,0.07452400028705597,0.07125958055257797,201.85018868893346,35810.70740119368,0.0010466314852237701,203.0835102492195,35821.03760493089,0.0010646810987964272,0.10306964069604874,0.014977658167481422,30760.59353834508,17905.91951190487
0.03982652924847541,-0.014445059130213307,0.38089411637249265,0.39338580944774126,0.055390786142839626,-0.04284792476547328,0.14527380611552343,0.0,-166.79672136202697,-143.63033203276137,-155.21352669739417,23.1663893292656,-19.704164266586304,-19.694925546646118,-19.69954490661621,0.009238719940185547,0.004701906815171242,-0.006808646488934755,0.07105953991413116,0.07474623620510101,0.0003957316221203655,-0.008290224708616734,0.07126227766275406,0.0747029036283493,201.57288293139325,35815.96735166106,0.0010293310042470694,213.21713850746795,35804.851907922806,0.0010399791644886136,0.1018851026892662,0.013534019701182842,30778.45906278588,18112.060688154612
0.2073428917054209,0.1739226961003185,-0.09110422136830756,-0.10534338523487402,0.2528277373068034,0.4398434826326102,0.017177122091124875,0.0,-171.60310485088291,-144.25728679521302,-157.93019582304797,27.345818055669895,-19.7144877910614,-19.712936878204346,-19.713712334632874,0.001550912857055664,0.00793592818081379,0.0019864903297275305,0.07477346062660217,0.07086262851953506,0.00743041792884469,0.0036356495693325996,0.07492328435182571,0.07072054594755173,183.6723511600567,35827.29787746215,0.0010521013755351305,217.3220347995601,35822.51006192385,0.00105156353674829,0.10197800397872925,0.01584503799676895,30748.03580042081,18327.842527467645
-0.015237880814012552,0.0,0.20779599511339175,0.38479752375970133,0.3214515196654608,0.08213337768010598,-0.003654580994027379,0.0,-165.15203546078965,-142.0909183482051,-153.62147690449737,23.061117112584554,-19.7029972076416,-19.718252420425415,-19.71062481403351,-0.015255212783813477,0.002514660358428955,-0.007902472279965878,0.07082898914813995,0.07498187571763992,-0.0038673027884215117,0.007297851145267487,0.0707191750407219,0.07483873516321182,215.41546724586405,35814.47398009039,0.001047775847837329,197.29093288895453,35824.79676807344,0.001056576962582767,0.10233034193515778,0.013864047825336456,30774.064886657194,17945.153053822363
-0.04321772812345159,0.030203312996411436,-0.19517592861460487,-0.64619503144411,-0.5560021302282412,-0.25745680460643927,0.4883594613788856,-0.01332512079842191,-168.9299318145289,-138.61218215221285,-153.7710569833709,30.31774966231606,-19.712787866592407,-19.711841344833374,-19.71231460571289,0.0009465217590332031,-0.00634804368019104,-0.00524136470630765,0.07445335388183594,0.07122230529785156,-0.007168198935687542,-0.0041292947717010975,0.0748753696680069,0.07079027593135834,211.6728139741745,35820.75384392805,0.0010526659898459911,182.16089601515048,35808.569468692884,0.0010508570121601224,0.10281483829021454,0.014686101116240025,30758.857277640465,17892.68073504067
-0.9707929542782056,-0.9774737345045569,-0.8488700534136003,-0.6239341666813053,-0.4562422377019205,-0.42894598205457557,0.7302023030761411,0.9904600770823271,-167.16609740289186,-143.69033442454085,-155.42821591371637,23.475762978351014,-19.708703756332397,-19.7110915184021,-19.70989763736725,-0.0023877620697021484,-0.006165037862956524,-0.005452691577374935,0.07442661374807358,0.07132095843553543,0.0014274540590122342,0.008135614916682243,0.07187863439321518,0.07384510338306427,195.53131717004123,35828.71193239266,0.0010505914688110352,199.80899972115796,35816.40106347319,0.0010485961101949215,0.10291280597448349,0.014797812327742577,30759.421813578643,17877.393817412136
0.9852206263082561,0.9558658107865997,0.883672839815134,0.43324067097014674,-0.03956833758163064,-0.16929355918151218,-0.41754259836129026,-1.0,-164.9543834813149,-138.24371141506253,-151.5990474481887,26.710672066252357,-19.70059037208557,-19.734680652618408,-19.71763551235199,-0.034090280532836914,-0.007779537234455347,0.002767847152426839,0.0732928067445755,0.07262036949396133,0.00025870412355288863,-0.008239442482590675,0.0709817036986351,0.07432100176811218,188.32326848890455,35813.96724564789,0.0010432146955281496,180.43961205560925,35821.95454635013,0.001056767301633954,0.10127304494380951,0.01692543923854828,30965.455571219754,17792.354465832585
-0.006596330561055621,0.012762063637764687,-0.010458970835220016,0.044065786615734515,0.1772352721880348,0.14002903310360781,-0.03114720870549892,0.0,-169.9554313613931,-145.4065742673601,-157.6810028143766,24.548857094032996,-19.737250804901123,-19.755921363830566,-19.746586084365845,-0.01867055892944336,-0.006476845592260361,0.005018326453864574,0.07172252237796783,0.07356918603181839,0.007060295902192593,0.004272697493433952,0.07444591075181961,0.07048267871141434,199.97062119721372,35815.185667084,0.0010424918727949262,196.82080507221747,35814.64438344691,0.00106657890137285,0.10123727470636368,0.013967441394925117,30957.255456034436,18811.265340066566
-0.05856239554490102,-0.10387144814170131,0.2645028632176575,0.5347413181999859,0.16587579599028482,-0.06160012320692415,0.043426201223851546,0.0,-163.10178245194112,-141.92612930180115,-152.51395587687114,21.175653150139965,-19.985052347183228,-20.01364231109619,-19.99934732913971,-0.028589963912963867,0.008025167509913445,-5.633264663629234e-05,0.07208738476037979,0.06909036636352539,0.0014736396260559559,0.007866877131164074,0.06944938749074936,0.07128365337848663,183.07695099952343,35821.585216506086,0.0010419321479275823,210.77112352266784,35815.723126711615,0.0010387272341176867,0.09843096137046814,0.015904173254966736,30745.12305909158,18434.86177551941
0.19356869937467194,0.20901126073809953,-0.08355409357081232,-0.17912499032600412,0.2850292810006096,0.4376107679096426,0.0685479967642677,-0.10811204856895695,-168.81689900649326,-141.41365832624,-155.11527866636663,27.403240680253248,-20.236377716064453,-20.288825035095215,-20.262601375579834,-0.05244731903076172,-0.007548915222287178,-0.0016299490816891193,0.07038203626871109,0.06676071137189865,0.002438520547002554,0.007349154446274042,0.06778685748577118,0.06856800615787506,202.2388816048226,35824.51421245601,0.0010564051335677505,214.07232616417872,35818.12385225451,0.0010501360520720482,0.09610427916049957,0.014871793799102306,30750.212408507225,18292.66907768383
-0.0010368577707496225,0.0,0.09876853574370321,0.25741126507036644,0.2091170719052538,0.048074481939005376,-0.020808343619184377,0.0,-165.76390229125343,-142.77755562689396,-154.2707289590737,22.986346664359473,-20.295660495758057,-20.289318561553955,-20.292489528656006,0.0063419342041015625,0.005696281790733337,0.0052051180973649025,0.06953537464141846,0.06668704748153687,-0.007231558207422495,0.002744880970567465,0.0683983638882637,0.06795113533735275,193.68744299373375,35806.38262264144,0.001031379564665258,182.91638647021023,35814.66961108483,0.0010552572784945369,0.09623429924249649,0.013943602330982685,30759.65264517849,17882.359539753423
0.9378787965398269,0.9919296854727748,0.8895288962177393,0.10274665312869039,-0.1855787619584085,-0.03783087311962918,-0.304752668912481,-1.0,-165.73376060865525,-136.75501708408572,-151.2443888463705,28.978743524569524,-20.023601055145264,-19.901423454284668,-19.962512254714966,0.1221776008605957,0.0028731150086969137,-0.007411072961986065,0.06828189641237259,0.07225100696086884,0.0035113974008709192,-0.007296765223145485,0.06918831914663315,0.07332789152860641,233.63983818420638,35830.35324833758,0.0010620035463944077,185.2312531886891,35811.80115856981,0.0010421177139505744,0.09836025536060333,0.013368201442062855,30773.04966941289,18000.804038671085
0.0025140698444088235,0.0,-0.018877600992678295,0.11230093893233833,0.18987841008754291,0.0946715240926197,-0.022518036369562733,0.0,-169.66830303319483,-145.93600157576043,-157.80215230447763,23.732301457434403,-19.747843742370605,-19.757871627807617,-19.75285768508911,-0.010027885437011719,0.0007246072636917233,0.008155698888003826,0.07130100578069687,0.07380327582359314,-0.0013814111007377505,0.00810724776238203,0.07051590085029602,0.07438567280769348,198.7832260023045,35822.43943419152,0.0010470228735357523,211.22822228332296,35813.30926580647,0.0010542827658355236,0.10277869552373886,0.013067206367850304,30766.953402080875,17841.09503406557
0.7536251814791763,0.6404192922626037,0.9929127565647432,0.3402920829783348,-0.06110337654272456,0.26431087650492097,0.6717071695621081,-0.657898342228437,-168.37785073475382,-143.00502646732735,-155.6914386010406,25.372824267426466,-19.731853008270264,-19.738680124282837,-19.73526656627655,-0.006827116012573242,0.0072639742866158485,0.0008372747688554227,0.07422172278165817,0.07123594731092453,-0.0054511940106749535,-0.006193810608237982,0.0738452598452568,0.07140713930130005,188.17349903547003,35716.2106884236,0.0011145955650135875,187.92684806371236,35814.61053040251,0.0010353152174502611,0.10191768407821655,0.015353153459727764,30728.495540903572,18234.865111094172
0.14356669798793262,0.1817288701623194,-0.08929509470904538,-0.06212032695754602,0.2675250500028481,0.3193809618676615,0.012714820025853446,0.0,-171.03032226004458,-143.69836793646198,-157.3643450982533,27.331954323582607,-19.508187770843506,-19.38106656074524,-19.444627165794373,0.1271212100982666,-0.008096154779195786,0.002226443262770772,0.07521816343069077,0.0739646852016449,-0.007115429267287254,-0.004847697913646698,0.07764182984828949,0.07368390262126923,218.67953287950704,35819.41976215298,0.001041772193275392,197.77740422129224,35827.653647492574,0.0010700877755880356,0.10336533188819885,0.016986312344670296,30963.84621076407,17784.947816640244
-0.0593694671343171,-0.057420028837490956,0.2623901427420107,0.5170653956829019,0.2771136856312166,9.696128339525822e-05,0.02104438104034978,0.0,-164.78056528593595,-143.70687254268802,-154.24371891431198,21.073692743247932,-19.29489493370056,-19.308353662490845,-19.301624298095703,-0.013458728790283203,-0.008243580348789692,-0.0027699354104697704,0.07860210537910461,0.07422178238630295,-0.0017422023229300976,-0.008475465700030327,0.07539603114128113,0.07724615186452866,190.87732184548432,35815.30710737464,0.0010424135252833366,200.43597792309703,35813.23146188578,0.0010522666852921247,0.10762694478034973,0.015488889999687672,30754.875190729395,18019.093096147448
0.2951410195140617,0.36995480793234886,-0.003983419906100016,-0.22561774692635023,0.0761992509416684,0.42540051556176184,0.15021787932779362,-0.2497186673180143,-169.87230183524878,-141.38817401262435,-155.63023792393656,28.48412782262443,-19.348654747009277,-19.35309410095215,-19.350874423980713,-0.004439353942871094,0.0046901823952794075,0.007146814838051796,0.07662776857614517,0.07532061636447906,0.0033845403231680393,-0.007940385490655899,0.07367183268070221,0.07812918722629547,175.55309520171778,35826.95873007997,0.00104673916939646,182.77288144979448,35813.09377964724,0.0010439869947731495,0.10733094811439514,0.01585427112877369,30761.982947320917,18298.746423387758
-0.006641083115451552,0.0,0.020632628026370697,0.16246235356760594,0.21993102779079338,0.10453559371256876,0.0027272289249405945,0.0,-165.7101877586341,-144.87002242860234,-155.29010509361822,20.840165330031766,-19.32556390762329,-19.319006204605103,-19.322285056114197,0.0065577030181884766,0.005157114006578922,0.006910334806889296,0.0770869255065918,0.07525475323200226,-0.00861649215221405,0.0004175376961939037,0.07770986109972,0.07472904026508331,203.14125996234242,35810.31382182779,0.0010300284484401345,203.9225277101887,35820.43020345105,0.001047984347678721,0.10759523510932922,0.015843674540519714,30517.489514231816,19224.4263642684
0.9845090760876675,0.990170529163378,0.8795171259052305,0.35708589638970795,-0.06940996254567233,-0.15537127588180843,-0.40594001947133873,-1.0,-167.320875339196,-138.02065593152008,-152.67076563535804,29.30021940767591,-19.356987476348877,-19.356600046157837,-19.356793761253357,0.00038743019104003906,-0.007192840799689293,-0.004747552797198296,0.0778261050581932,0.07392317801713943,-0.0006124639185145497,-0.008613549172878265,0.07448552548885345,0.07729287445545197,201.2650001749639,35810.21017237007,0.0010414104908704758,204.2490030151523,35813.9041723942,0.0010500095086172223,0.10723373293876648,0.015262109227478504,30757.588186437777,17921.155875854107
-0.9622849038539483,-0.9576608561124406,-0.8181533841417922,-0.6065027741387969,-0.42363207379628387,-0.37583167970687403,-0.2705565652228755,1.0,-166.117316835569,-141.55110283964206,-153.83420983760553,24.566213995926944,-19.407318830490112,-19.42652940750122,-19.416924118995667,-0.0192105770111084,-0.006761846132576466,-0.0051948511973023415,0.07720638811588287,0.07367951422929764,0.008517954498529434,0.0006400992861017585,0.07709603011608124,0.07344964891672134,217.97154298157747,35831.21035893114,0.0010614288039505482,183.95836842472053,35819.727278864426,0.00106329214759171,0.10641634464263916,0.015114582143723965,30759.00279100885,17891.90324970744
0.6051928220572559,0.4388841536505508,0.9393971052717093,0.7341789392757455,-0.2773560151695325,-0.3125935495842251,0.010958565824281785,-0.4875538989217484,-164.97839816403587,-139.24456010769177,-152.11147913586382,25.733838056344098,-19.398245811462402,-19.394601583480835,-19.39642369747162,0.003644227981567383,0.007400744594633579,-0.004310191608965397,0.07509446144104004,0.07598453015089035,0.007962627336382866,-0.003194398246705532,0.07572128623723984,0.07542210817337036,205.13209154725757,35817.71149896243,0.0010434845462441444,198.45225673168915,35817.57671524027,0.0010484600206837058,0.1049860417842865,0.01595321297645569,30945.815757973705,17899.26464060806
0.16136243032325162,0.19584971669137027,-0.09929109118355123,-0.1846794222233188,0.2509664723467491,0.3226873610930401,0.014869049859112193,0.0,-171.9739932849834,-144.10071627900612,-158.03735478199476,27.873277005977286,-19.41701054573059,-19.413613080978394,-19.415311813354492,0.0033974647521972656,-0.008394807577133179,-0.001161718275398016,0.07721162587404251,0.0735064223408699,0.0009970833780243993,0.008513238281011581,0.0741499811410904,0.07664147019386292,203.80846447996154,35822.96985101862,0.00104960345197469,205.73025544577948,35824.72284440892,0.0010615624487400055,0.10512833297252655,0.01731671765446663,30748.12801779012,19048.91471485221
-0.12164658743480122,-0.11644044259070405,0.2353498383129694,0.4235179358085033,0.28987368336694835,-0.076657857188415,-0.06644739293833613,0.0,-166.25820279235285,-144.2647518160042,-155.26147730417853,21.99345097634864,-19.39986228942871,-19.423508644104004,-19.411685466766357,-0.02364635467529297,-0.0032543495763093233,0.007929490879178047,0.07332094758749008,0.07766897976398468,0.0068137990310788155,0.005170947872102261,0.0771578922867775,0.07343737035989761,196.27098159535475,35815.40515645001,0.001028927625156939,166.22505180517464,35822.33915935798,0.001059434493072331,0.1058424562215805,0.014431017450988293,30529.32780318769,18736.114806862155
0.900436587753778,0.988200833306925,0.581179203872586,-0.1899349449542159,-0.007766743728496228,0.37894726289881886,-0.2896908952393275,-0.8366881696163286,-170.3813406875992,-142.1765761699656,-156.2789584287824,28.204764517633578,-19.377284049987793,-19.36768889427185,-19.372486472129822,0.009595155715942383,-0.0021085741464048624,-0.008295715786516666,0.07500392198562622,0.07643883675336838,0.006229683756828308,-0.005942573770880699,0.07438008487224579,0.07720593363046646,198.28218691763425,35818.19167647728,0.001043147873133421,188.45374869960636,35805.22780653106,0.0010464024962857366,0.10730457305908203,0.01405276544392109,30764.926727947517,18035.556447282048
0.0021652942917022334,0.0,-0.010257585980813999,0.13705111073322856,0.1876233569901513,0.06816959056450794,-0.03645641847305592,0.0,-165.3115762089655,-143.53185038002215,-154.42171329449383,21.779725828943356,-19.36466097831726,-19.354774951934814,-19.359717965126038,0.009886026382446289,0.003683330724015832,-0.007753040641546249,0.07368383556604385,0.07792534679174423,0.006000589579343796,-0.006159244105219841,0.07438158988952637,0.0774284154176712,171.7158393536147,35821.77120672822,0.0010464516235515475,196.65225968882802,35818.40070362879,0.0010534697212278843,0.10610833764076233,0.014291426166892052,30518.18835761863,18883.683059070445
0.9667524249165794,0.9741210045487646,0.8825133624496588,0.2806545100329421,-0.1387197524047386,-0.07360189323322064,-0.28586655889256496,-1.0,-166.60324020248117,-139.7758263943798,-153.1895332984305,26.82741380810137,-19.265156984329224,-19.277963638305664,-19.271560311317444,-0.01280665397644043,0.004857330583035946,-0.007202267646789551,0.07473305612802505,0.07863281667232513,0.0006949158851057291,0.008662967011332512,0.07518813014030457,0.07797408103942871,206.84596988024555,35821.76664817127,0.0010408998932689428,183.15884875611212,35822.122804580285,0.001047230325639248,0.10730494558811188,0.014346824958920479,30785.779883187588,18059.401894398034
-0.015121909115725363,0.010071211967517089,-0.030225891340662253,0.033550986772102,0.13946402438820987,0.0907123401640717,-0.0036684022073255607,0.0,-169.74037635887044,-144.59798798510377,-157.1691821719871,25.142388373766664,-19.26343083381653,-19.259339570999146,-19.261385202407837,0.0040912628173828125,0.0076519520953297615,0.0040437402203679085,0.0787673369050026,0.07462658733129501,0.007105185650289059,-0.005071235820651054,0.075874924659729,0.07762915641069412,211.268191416714,35813.520385747,0.0010551053564995527,196.80375952400905,35814.4811625327,0.0010580029338598251,0.10799765586853027,0.015317634679377079,30755.756290653662,18002.83578416761
0.05185392695655003,-0.04370181715327531,0.39976794287403805,0.4851960611374344,0.1468484100752105,-0.06673191593620165,0.04224049600021129,0.0,-164.5089070614411,-140.58458306928821,-152.54674506536466,23.924323992152893,-19.27342176437378,-19.259052276611328,-19.266237020492554,0.014369487762451172,0.00842822715640068,-0.002176098758354783,0.07736576348543167,0.07589377462863922,0.004583300556987524,-0.007423711474984884,0.07462801784276962,0.07883409410715103,203.88470330308772,35824.685693259984,0.0010477976175025105,190.43938457306993,35816.321455878744,0.0010469782864674926,0.10615475475788116,0.01844549924135208,30975.609266019594,17904.088595335877
0.13843495498231795,0.13175260989166784,-0.11203627919523167,-0.06637538880559468,0.31759970215993283,0.38262846095129155,0.05778614237810187,0.0,-172.37218839931404,-143.28902310917755,-157.8306057542458,29.083165290136492,-19.258514642715454,-19.281647205352783,-19.27008092403412,-0.0231325626373291,0.00219015427865088,-0.00834757462143898,0.07469131052494049,0.07879386842250824,0.006900125183165073,-0.005271418951451778,0.07552912086248398,0.07758017629384995,197.87497735243514,35824.3733610438,0.0010575109627097845,210.45990159457534,35824.17839493215,0.0010584043338894844,0.10826252400875092,0.013844630680978298,30770.876447254985,17718.103374831862
-0.9673275003139985,-0.9764799682017422,-0.7231489265785802,-0.5677186675140534,-0.5636578919523823,-0.4789511592529352,-0.209198201752961,1.0,-165.58669189609986,-143.39838666715715,-154.49253928162852,22.18830522894271,-19.263057708740234,-19.267498254776,-19.265277981758118,-0.0044405460357666016,-0.006733843125402927,-0.005534750409424305,0.07845303416252136,0.07495655119419098,0.005784235429018736,-0.006502547301352024,0.07498488575220108,0.07835021615028381,192.2794444311825,35812.33057394558,0.0010427909437566996,175.76164712691437,35814.255354652625,0.0010455630254000425,0.10828547179698944,0.01564938947558403,30759.451262163562,17878.442058945864
0.9552969911925779,0.9933304475122213,0.6222272927968727,0.0761386033955456,-0.11712479532233416,-0.08955594851094617,-0.3831064141058243,-1.0,-169.31993411258952,-140.52608279478676,-154.92300845368814,28.793851317802762,-19.27748680114746,-19.270528554916382,-19.27400767803192,0.0069582462310791016,-0.007501635234802961,0.0043085659854114056,0.07618153095245361,0.07701670378446579,-0.0045548006892204285,-0.007428660988807678,0.0772629827260971,0.07604917138814926,204.93966286310223,35816.7614198394,0.0010428809328004718,173.73555725021802,35817.230064970456,0.0010382556356489658,0.10636492818593979,0.01558381225913763,30955.231491998067,18091.989178755026
0.006787569622802425,0.0,0.01401555875618224,0.17733806064357174,0.2498537464659935,0.10925252138947705,-0.03178498143407549,0.0,-167.52180385275852,-145.10528013227724,-156.31354199251788,22.41652372048128,-19.276961088180542,-19.28422451019287,-19.280592799186707,-0.0072634220123291016,0.007362734992057085,0.0045484509319067,0.07858887314796448,0.07456781715154648,0.008675459772348404,-0.0001396529987687245,0.07811786979436874,0.0749269425868988,182.46844418339384,35817.08150687413,0.001035810331813991,206.42396427281741,35813.981951942056,0.0010530154686421156,0.10821248590946198,0.015387452207505703,30756.964975840914,17927.229726027184
0.9840361850240754,1.0,0.8935348888109594,0.44119419713623886,-0.04235524874300406,-0.07062326809604447,-0.2728676207201304,-1.0,-168.6865350360008,-142.34852779842726,-155.51753141721403,26.33800723757355,-19.327975511550903,-19.37368154525757,-19.350828528404236,-0.04570603370666504,-0.006767081096768379,0.0053285653702914715,0.0751357302069664,0.0771619901061058,0.006689908914268017,-0.005418960005044937,0.07463078200817108,0.0768599584698677,181.55881651400634,35828.59088493613,0.0010405154898762703,191.31428724563037,35814.19736753776,0.0010416681179776788,0.10600767284631729,0.014801762998104095,30926.22851577084,18241.21213452203
-0.019231112316270747,0.017977037950363678,-0.0013752223724096818,0.04113811790610139,0.16385497517526887,0.14010504931086754,0.034156563791782,0.0,-170.0029035458649,-144.49218030254954,-157.2475419242072,25.51072324331537,-19.69451069831848,-19.618747234344482,-19.656628966331482,0.07576346397399902,-0.003846164559945464,0.0072814347222447395,0.07100365310907364,0.07496275752782822,-0.008339572697877884,-0.00030121824238449335,0.07531639188528061,0.07193993031978607,209.63949134822812,35822.1653524232,0.0010499127674847841,198.84511634756825,35825.00535474553,0.0010567506542429328,0.10221019387245178,0.013878533616662025,30778.781818985026,18908.345361439042
0.9905779546777972,0.9916069081092921,-0.037126926229856125,0.0,0.8335717571956246,0.45196876426152033,-0.8247802717545849,-0.9971740416007514,-164.9751455836822,-141.93948273861105,-153.45731416114663,23.03566284507116,-19.30948495864868,-19.087249040603638,-19.19836699962616,0.22223591804504395,-0.002391345798969269,0.008346503600478172,0.07412700355052948,0.07844200730323792,-0.006163951009511948,-0.0064275735057890415,0.07975810021162033,0.07679974287748337,199.29294450888696,35808.096519062434,0.0010338398860767484,194.2921027373356,35813.62914710801,0.00104220537468791,0.10710746049880981,0.014444898813962936,30774.028458305886,17846.75899758916
0.17021897346482828,0.17255493496312718,-0.09508858953892835,-0.18362047640443457,0.3446945996869945,0.4525236177470182,-0.00989770685028657,-0.03353514976509475,-168.63467010903906,-139.7786647526446,-154.20666743084183,28.856005356394462,-18.833298683166504,-18.827390670776367,-18.830344676971436,0.005908012390136719,0.006772526074200869,0.00603098887950182,0.08227638155221939,0.07893184572458267,0.00873476266860962,0.0027869942132383585,0.08299081027507782,0.07828250527381897,188.64336190342334,35821.823181570966,0.0010418298188596964,144.66138566224225,35807.78122048178,0.0010366487549617887,0.11386269330978394,0.016313401982188225,30758.996673973583,17889.16955041142
0.0149310035588612,0.0,0.0862330007301469,0.24674725828777633,0.24977937177384413,0.07843580033128017,0.019751750466755702,0.0,-166.55106339789316,-144.93575465795738,-155.74340902792528,21.615308739935784,-18.77110481262207,-18.747076988220215,-18.759090900421143,0.02402782440185547,0.00545381149277091,-0.007397200912237167,0.07919435203075409,0.08315262943506241,-0.008662473410367966,0.0032758647575974464,0.0816812589764595,0.08115783333778381,170.8394012381535,35816.089836688545,0.0010298287961632013,191.1877566639592,35814.77039381449,0.0010589289013296366,0.11338844895362854,0.014999542385339737,30752.274907730385,18574.957166174285
0.94034992871337,0.987104329358409,0.7680329989275538,0.17995577198433746,-0.03833452146039584,-0.09233396864482024,-0.36882479749220126,-1.0,-167.53918739403764,-139.6030602038552,-153.57112379894642,27.936127190182447,-18.879964351654053,-18.96437168121338,-18.922168016433716,-0.08440732955932617,-0.0043709129095077515,0.007945666089653969,0.07797782123088837,0.0823364108800888,0.005546270869672298,-0.0071516139432787895,0.07743410021066666,0.081332728266716,162.681962033493,35817.156158066224,0.001043391297571361,174.53019608878972,35815.59707739957,0.0010497051989659667,0.11235315352678299,0.015251737087965012,30772.18880419837,18942.238461229877
