0.9976322587414247,0.9333090346087088,0.7239063176228924,0.3187943044738242,0.040091285389303455,-0.19983522716216512,-0.503780323125783,-1.0,-16.489427956943842,21.409094633417652,2.459833338236905,37.898522590361495,-30.391695499420166,-30.399398803710938,-30.39554715156555,-0.007703304290771484,-0.002368077402934432,0.00022040453040972352,0.021673597395420074,0.020936939865350723,0.000722660101018846,0.002283660229295492,0.02115992270410061,0.02141629159450531,-68.53806663000907,35846.31140195752,0.0010943274246528745,-77.79281111306427,35841.437963706565,0.001104799215681851,0.02983495220541954,0.005064581986516714,30465.974962833523,19116.175987620092
0.12287342333857182,0.0,0.030672258823850745,0.12195402725983767,0.15336149166967827,0.08205564581139912,-0.02945301204297912,0.0,-19.474972251761756,15.076148507607286,-2.199411872077235,34.55112075936904,-30.516321659088135,-30.544934272766113,-30.530627965927124,-0.028612613677978516,0.001887907856144011,0.0013944904785603285,0.02152254991233349,0.02047385647892952,0.0021347934380173683,0.0009892298839986324,0.021538717672228813,0.020313169807195663,-68.10929490446568,35845.95185662782,0.001104001305066049,-52.42225664312773,35840.27889742047,0.0010926990071311593,0.030468109995126724,0.0035455634351819754,30479.313209308024,18344.43736919395
0.9102719534805345,1.0,0.9539418873419357,0.37961298668987775,-0.2687633255581947,-0.015735936123995875,0.11039715025335961,-0.568685415918254,-16.19133849032039,19.98624611259848,1.8974538111390444,36.17758460291887,-30.661237239837646,-30.680508613586426,-30.670872926712036,-0.019271373748779297,0.0020840337965637445,0.001001162687316537,0.021239563822746277,0.020057521760463715,0.002308679511770606,-0.00022959697525948286,0.020961688831448555,0.02025318518280983,-41.63395672299367,35852.50505322399,0.0011099263792857528,-82.893405164708,35840.08436836845,0.0011016606586053967,0.029774893075227737,0.0036060940474271774,30476.780629112385,18416.377161266577
0.8636893533012299,0.6803936202750642,0.1876375532799549,-0.2246242862482208,0.385609226663342,0.2699209600167921,-0.08648498404599425,0.0,-20.146981497810884,18.672626918316496,-0.7371772897471942,38.81960841612738,-30.622498989105225,-30.60227870941162,-30.612388849258423,0.020220279693603516,0.0015460471622645855,-0.0017246941570192575,0.020295370370149612,0.021194245666265488,-0.0015996587462723255,-0.001705903559923172,0.02118460088968277,0.02040221355855465,-35.637829913432775,35846.33703664158,0.001110767014324665,-43.38126959448554,35840.65527543674,0.0011018142104148865,0.028175272047519684,0.004528149031102657,31261.395921211995,17189.506155450003
0.009899682771287551,0.0,0.14927737080855125,0.3022584913598085,0.16316962474905472,0.03141612164421215,0.08084103715551316,0.0,-13.533014432388654,19.825471291644703,3.1462284296280245,33.35848572403336,-30.73160171508789,-30.736989974975586,-30.73429584503174,-0.0053882598876953125,0.002129625529050827,0.0008510045008733869,0.02108060009777546,0.019882552325725555,0.0018191419076174498,-0.0014105503214523196,0.020187323912978172,0.020762765780091286,-42.34650270437493,35851.53393002322,0.0011175149120390415,-88.28109650004686,35840.35126429911,0.0010992118623107672,0.029528822749853134,0.0036044709850102663,30476.2798276352,18431.60928080147
0.9873143357217756,0.9088564259825493,0.5953942643893971,0.24708890011286405,0.055599598804522976,-0.16419710427757123,-0.5541220992073037,-1.0,-17.22549040898963,21.805359061131725,2.289934326071048,39.03084947012135,-30.756525993347168,-30.764732360839844,-30.760629177093506,-0.008206367492675781,-0.0007712974329479039,0.0021450677886605263,0.01983458176255226,0.021012496203184128,-0.0022990768775343895,-0.00013067405961919576,0.020891789346933365,0.01991923525929451,-74.07225821014319,35847.02211341412,0.001091898768208921,-114.75463220976533,35843.34458063757,0.0010990959126502275,0.028177529573440552,0.0025933641009032726,31243.503575926243,17350.914059558454
0.019962555610352307,0.0,0.042908063166069585,0.17910806482613856,0.21709164903127887,0.12526161324999313,0.0011526079199452033,0.0,-16.333925499612633,17.97723843763461,0.8216564690109891,34.311163937247244,-30.726182460784912,-30.672025680541992,-30.699104070663452,0.05415678024291992,-0.0005219146842136979,-0.0022355318069458008,0.020283665508031845,0.020720157772302628,-0.0023239245638251305,-7.657509559066966e-05,0.02109677344560623,0.02015335112810135,-78.44123053723385,35837.49209534081,0.0011010105954483151,-84.76530271391914,35834.714088455185,0.0010870156111195683,0.029086293652653694,0.002190976869314909,31226.432622695782,18022.666503021257
0.9460451629998752,1.0,0.8257569281905108,0.1489894047012874,-0.04633601093409065,-0.014965076515621789,-0.36307731824461953,-1.0,-18.042550135265287,19.71736455242754,0.8374072085811264,37.75991468769283,-30.64100742340088,-30.640075206756592,-30.640541315078735,0.0009322166442871094,-0.0001810820249374956,-0.0023157084360718727,0.0203260388225317,0.02107689157128334,0.001601709984242916,0.001689160242676735,0.021096250042319298,0.020309925079345703,-52.51427099753339,35837.82723191954,0.0011013778857886791,-52.03571933721447,35849.429622918404,0.0011053672060370445,0.029178012162446976,0.0020000231452286243,31228.552954112234,17789.944636852393
-0.8650771017590112,-0.9514480805062079,-0.9856798316872394,-0.7945638842859554,-0.5569761662661642,0.49917572715527736,0.6195088271867614,0.9740856441036749,-19.713970572994583,18.08097241639996,-0.816499078297312,37.79494298939454,-30.669167041778564,-30.698297023773193,-30.68373203277588,-0.029129981994628906,-0.0016499563353136182,-0.0016118510393425822,0.02104238048195839,0.02022622711956501,0.0020148735493421555,0.0011404100805521011,0.02114146761596203,0.019978733733296394,-54.55344275799199,35844.55959046517,0.0010960252257063985,-66.38169008502426,35852.54746913815,0.0010933472076430917,0.029984567314386368,0.0033873121719807386,30481.585526485367,18314.705518779225
0.18935894739697157,0.010305439343953051,0.4428602582280985,0.31175221463505776,-0.04753676440496756,0.19013920275327884,0.6936954971837246,0.0,-14.383335459617054,20.376797403637568,2.9967309720102566,34.760132863254626,-30.823683738708496,-30.84160327911377,-30.832643508911133,-0.017919540405273438,0.0019318917766213417,-0.0005727422540076077,0.020504076033830643,0.020068952813744545,-0.0022042084019631147,0.0005836327327415347,0.02040649764239788,0.020055163651704788,-43.64089691052806,35737.41284196441,0.0011498273815959692,-125.39850528177185,35844.072968567205,0.0011010525049641728,0.02834167331457138,0.004825940355658531,30277.975132459702,18354.926574031244
0.9721875082891754,0.7546174670726783,0.04477183374497838,-0.20660491565166128,-0.0771981556616052,0.07057684893036109,-0.5061237108703142,-0.6849058883819222,-17.83513871141554,19.05510265179913,0.6099819701917966,36.89024136321467,-30.80315589904785,-30.784919261932373,-30.794037580490112,0.018236637115478516,-0.002264827024191618,0.00013301637955009937,0.020700545981526375,0.01993740163743496,0.0019743135198950768,-0.0011676654685288668,0.02021469734609127,0.020512476563453674,-79.30725639321078,35848.64220952387,0.0011070899199694395,-54.27379677056814,35853.655600939725,0.0011090872576460242,0.02846856229007244,0.004799313843250275,30463.23658568165,18928.673003252767
-0.019976915695900797,0.008385338790129867,0.08072461844039983,0.1730992598349927,0.14814586524462306,0.019510002425226713,-0.017695268402143305,0.0,-16.543311784840114,17.410644164483813,0.43366618982184946,33.95395594932393,-30.699987411499023,-30.698537826538086,-30.699262619018555,0.0014495849609375,-3.385972377145663e-05,-0.0023067728616297245,0.020128633826971054,0.020991813391447067,0.0008905972354114056,-0.0021361778490245342,0.019951237365603447,0.021166393533349037,-61.87769829789324,35858.33243538737,0.0011232239194214344,-33.45213343163495,35848.16505302887,0.0010977557394653559,0.028872236609458923,0.0017783237854018807,31230.4801181964,17641.38673734258
0.9928242307906684,0.923875303379624,0.7131232345291517,0.23742441098682604,-0.05663852182254653,-0.07810444790241144,-0.5060114022686399,-1.0,-13.001259344074526,24.047510478748762,5.523125567337118,37.04876982282329,-30.681209564208984,-30.705907344818115,-30.69355845451355,-0.02469778060913086,0.0010586724383756518,0.00204766565002501,0.02068549394607544,0.020533517003059387,-0.00213908264413476,0.0008799465140327811,0.02057122439146042,0.020529387518763542,-63.43176679582458,35853.99770273241,0.0010973024182021618,-91.02967557631634,35841.5284232935,0.0011019072262570262,0.029521092772483826,0.0028096309397369623,30978.110905762842,19993.54744029416
0.05274050825037972,0.0,-0.003062926911489239,0.1374045566454124,0.1543588815963003,0.04163502764997118,-0.017506968644117715,0.0,-18.385394503781697,17.07413423404188,-0.6556301348699094,35.459528737823575,-30.826361179351807,-30.920073986053467,-30.873217582702637,-0.09371280670166016,0.001671334495767951,-0.0015281597152352333,0.019908923655748367,0.020621268078684807,-0.0005854992778040469,0.0021800226531922817,0.01946735382080078,0.02061574161052704,-51.815402311352024,35843.50928986552,0.0011016791686415672,-63.01521205274616,35839.79491166684,0.001102372887544334,0.027402736246585846,0.0051259505562484264,31270.71259852319,17182.619980641597
0.9445697427016574,0.836779927587969,0.8294788996068189,0.2469256169254005,-0.19136322547303014,-0.1618481643508885,-0.32439744090867073,-1.0,-16.19735202506422,19.430989394006133,1.6168186844709567,35.62834141907035,-31.046733856201172,-31.038198471069336,-31.042466163635254,0.008535385131835938,0.0018382996786385775,0.001224828651174903,0.020279988646507263,0.01922677829861641,0.0008726231171749532,-0.002058668527752161,0.019185511395335197,0.020354093983769417,-52.59405494570114,35846.019319674815,0.001115300226956606,-64.430937742986,35849.82314842181,0.0011203383328393102,0.028594445437192917,0.0033217717427760363,30479.295955453053,18344.808680297952
0.38833234087951013,0.303181346955073,-0.07306087725110115,-0.18167901385326973,0.18101062071259277,0.17116483688167639,-0.2110691851247377,0.0,-17.87768734224892,19.393734665925138,0.7580236618381093,37.271422008174056,-30.882818698883057,-30.853900909423828,-30.868359804153442,0.028917789459228516,-0.0018635585438460112,0.001260895747691393,0.0199279822409153,0.020343687385320663,0.00028029995155520737,0.002257613930851221,0.019875509664416313,0.020525427535176277,-82.99041631789574,35845.58060089648,0.00109240657184273,-73.7545444218343,35850.03458190103,0.0011064321734011173,0.02726009301841259,0.005708112381398678,31023.076917951068,18162.02361381222
-0.005252418988418615,0.005449708358346657,0.23784479129995828,0.3646138780812786,0.15886944916890017,0.01975505055825294,0.09673310140685443,0.0,-14.348778790169888,19.503884940501848,2.57755307516598,33.852663730671736,-30.851330757141113,-30.83181858062744,-30.841574668884277,0.019512176513671875,0.0020018566865473986,0.0010632943594828248,0.020774615928530693,0.019628247246146202,-0.0007725476170890033,0.002141654724255204,0.01964874193072319,0.02084311656653881,-64.02173724634468,35851.693029647584,0.001119762659072876,-91.47745052455376,35855.88429938084,0.0011021674145013094,0.02916790172457695,0.003445578273385763,30477.99668146891,18375.253987751847
0.993547605377485,0.892322880212228,0.4608311578449409,0.11791711740447694,0.04708339045211146,-0.19012626216593592,-0.5604231605197163,-1.0,-17.684108757828767,20.86829792396105,1.5920945830661424,38.55240668178982,-30.831267833709717,-30.83113193511963,-30.831199884414673,0.00013589859008789062,0.002109733410179615,-0.0008158109849318862,0.020313704386353493,0.0201998483389616,-0.002113696886226535,0.0008506380836479366,0.020286472514271736,0.02022598683834076,-95.54019865520772,35844.78895614869,0.0011008743895217776,-89.04917765831118,35835.894405957115,0.0011057776864618063,0.027653638273477554,0.005792899057269096,30469.32392253716,19933.28971875769
0.0531290628437202,0.0,0.04212313723601849,0.13054797665924067,0.1295186338394646,0.05072302458201183,-0.025412063130992313,0.0,-15.548846063042419,17.74478390835651,1.0979689226570457,33.29362997139893,-30.829567909240723,-30.83451747894287,-30.832042694091797,-0.0049495697021484375,0.0015665767714381218,0.001638884423300624,0.020633326843380928,0.019880782812833786,-0.0012328883167356253,0.0019178451038897038,0.019687635824084282,0.02079370617866516,-97.9971304720264,35843.09696863648,0.0011066554579883814,-77.70561150001586,35833.84407960728,0.0010959518840536475,0.029381610453128815,0.0032148517202585936,30483.523219461655,18342.522756366052
0.9939133696155309,0.9996508688684614,0.8002748678910656,0.3810718989150322,0.24882807332376844,0.3779336221299544,0.16797432232666631,-1.0,-17.13307061201649,20.735977578068912,1.8014534830262114,37.8690481900854,-30.948514938354492,-31.063110828399658,-31.005812883377075,-0.11459589004516602,0.0005914546782150865,-0.0019096694886684418,0.019558656960725784,0.020427020266652107,-0.002069835551083088,0.0008036200888454914,0.01976897194981575,0.01967553049325943,-5.28709445367444,35739.644402232785,0.0011535396333783865,-94.26795348332067,35847.788188604485,0.00110839051194489,0.027332618832588196,0.0031306042801588774,31245.295307513723,17274.09773544455
0.08411194775452321,0.012537143674915305,-0.09599929642469979,0.08494076428122377,0.16238278948277884,0.04427907978186285,-0.03206389089920858,0.0,-17.679636471703873,17.523722004193985,-0.0779572337549439,35.20335847589786,-31.54740571975708,-31.52414560317993,-31.535775661468506,0.023260116577148438,-0.0011256460566073656,-0.0017521899426355958,0.018819373100996017,0.018486594781279564,-0.00046312122140079737,-0.0020507187582552433,0.01849791407585144,0.018905770033597946,-80.8359144367595,35848.64554508744,0.0011179825523868203,-67.2662354222406,35856.95533113759,0.0011103565338999033,0.026952579617500305,0.0028060360345989466,30486.3561433413,18669.91392567342
0.26442227556954634,0.0956790009695006,0.3892531091509951,0.15205537026013755,-0.20538927316719094,-0.10794201903870176,0.0908934825349218,0.0,-15.249821667167339,19.938045340269383,2.344111836551022,35.18786700743672,-31.915063858032227,-31.928420066833496,-31.92174196243286,-0.013356208801269531,0.0005597307463176548,-0.0019274416845291853,0.017357973381876945,0.018387246876955032,0.0016073427395895123,0.0011933420319110155,0.018302777782082558,0.01739090122282505,-93.78238806768924,35862.044717614124,0.0011290127877146006,-140.60646017880393,35854.40420838323,0.00112080795224756,0.024546025320887566,0.002246634801849723,31242.061977107554,17356.20410095844
0.6846015068122948,0.539211120136309,-0.0732323211224739,-0.10048362151684749,0.17335687401307864,0.4161317143511629,-0.10340841278139801,0.0,-18.7139832236401,19.42268787153091,0.35435232394540606,38.13667109517101,-31.939682960510254,-31.961312294006348,-31.9504976272583,-0.02162933349609375,-2.7768757718149573e-05,0.0019876165315508842,0.01743781566619873,0.018214082345366478,-0.0014368859119713306,0.0013877225574105978,0.017435315996408463,0.01812794990837574,-168.7397508289964,35849.28303976334,0.0011085652513429523,-101.00681203517932,35844.470011868616,0.0011365313548594713,0.025174178183078766,0.0015993197448551655,31231.147841344588,17693.188296079752
-0.005504353898202716,0.03209346901250154,0.16507687949640723,0.22176341087455576,0.13508389196591777,0.018547129151271324,0.07932199777772864,0.0,-16.288373582303564,18.86796729976396,1.289796858730199,35.156340882067525,-31.406989097595215,-31.311826705932617,-31.359407901763916,0.09516239166259766,-0.001196329714730382,-0.0017509227618575096,0.01915931887924671,0.018753526732325554,-0.0017043303232640028,0.0013235406950116158,0.018891138955950737,0.01943611539900303,-43.08108800428373,35842.64995031818,0.0011282666819170117,-88.82044764218917,35838.568072416325,0.0011008605360984802,0.02726229839026928,0.0028333936352282763,30486.044357900344,18809.045347178526
0.9885883406228251,0.8933426855819261,0.5880606517921763,0.1701155493336503,0.033207383297788495,-0.25059157127396875,-0.5726425074484867,-1.0,-17.9674440577092,20.075969851318604,1.0542628968047012,38.043413909027805,-31.48766279220581,-31.591989994049072,-31.53982639312744,-0.10432720184326172,-0.00018236201140098274,-0.0020951752085238695,0.01844635047018528,0.019112013280391693,0.002054717857390642,0.0003795826341956854,0.01905941590666771,0.018041085451841354,-91.94441984534951,35832.5696986288,0.001098445849493146,-109.77537099990371,35856.25249986455,0.0011293551651760936,0.02653557062149048,0.001820867881178856,31229.054298216615,17804.26629230496
0.06855896364224112,0.0,0.02342360255863303,0.14170161467000614,0.19745173168846075,0.10666345806250876,0.0009143056661812254,0.0,-16.48765646572926,17.614812897256854,0.5635782157637976,34.10246936298611,-32.04659700393677,-32.062110900878906,-32.05435395240784,-0.015513896942138672,0.0019340957514941692,-0.00036201157490722835,0.01783735491335392,0.017383350059390068,-0.0019102247897535563,-0.0005103444564156234,0.018079983070492744,0.017064658924937248,-130.20616161297556,35854.3791904494,0.001119945663958788,-101.87896144625539,35839.560695154374,0.0011046364670619369,0.02452254295349121,0.004454872105270624,30463.619944150756,19267.48496397483
0.9365589987054546,1.0,0.7599705194035965,0.18661614815085295,-0.05224738518442268,-0.006882189899696245,-0.36167127937273413,-1.0,-16.619110766637675,19.56317206330914,1.472030648335732,36.182282829946814,-31.59696102142334,-31.56193256378174,-31.57944679260254,0.03502845764160156,-0.0018358223605901003,0.0009719111258164048,0.018469126895070076,0.018625028431415558,0.0019110416760668159,0.00087215710664168,0.019160432741045952,0.018066180869936943,-73.8079106927905,35855.67854477457,0.0011176273692399263,-96.52668781707978,35854.37000893768,0.0011213002726435661,0.02510877698659897,0.005366843193769455,30705.79358262919,19707.69179183339
0.08122886790043453,0.02248409647535035,-0.08470315238838465,0.0481961244963561,0.15828774960880543,0.08463672990300086,0.01568294957330385,0.0,-18.490306515828877,18.363243006870135,-0.06353175447937076,36.85354952269901,-31.60269260406494,-31.622822284698486,-31.612757444381714,-0.020129680633544922,-0.0017742894124239683,0.0010628723539412022,0.018402358517050743,0.0186675526201725,-0.0007501195650547743,0.0019371664384379983,0.017937801778316498,0.019029583781957626,-93.76724303329972,35844.74578714175,0.0011065781582146883,-93.23429121160702,35855.74736015426,0.0011048836167901754,0.02510915882885456,0.0053286366164684296,31007.27881979949,18005.612462992547
0.16743235890261504,0.019573405282149632,0.3603124901019582,0.22986411857845776,-0.18784540774436884,-0.21210825150017998,0.0083907627845341,0.0,-14.912788904770537,20.636291166665103,2.861751130947283,35.54908007143564,-31.739444732666016,-31.733973026275635,-31.736708879470825,0.005471706390380859,0.0019325145985931158,0.0006669483846053481,0.0187738835811615,0.01770118810236454,0.0005251630209386349,-0.001991905737668276,0.017724530771374702,0.018772650510072708,-104.06301020440978,35854.364748274405,0.0011170681100338697,-134.44339174882245,35850.32303254267,0.0011059442767873406,0.026225125417113304,0.0032732735853642225,30475.572905508896,18469.846039858912
0.9771105512379209,0.7282971676081591,-0.03661167928819524,-0.21565284863655798,-0.0005240743711975582,0.21449383555462387,-0.5798779572021353,-0.5101327314949522,-18.825455502642626,18.995921961357453,0.08523322935741362,37.82137746400008,-31.67642593383789,-31.693642139434814,-31.685034036636353,-0.017216205596923828,0.001868480583652854,0.0008583974558860064,0.018895141780376434,0.01784680038690567,-0.0008841120870783925,-0.001867503859102726,0.018377086147665977,0.018305378034710884,-150.0372187227202,35851.01210141912,0.0011034299386665225,-93.7730780640048,35841.37364776966,0.001122991438023746,0.02658432349562645,0.003302288707345724,30475.510731847306,18463.53952575827
-0.0026021966650661686,0.026504591197319644,0.1411205020113963,0.2566646514722361,0.13622231166602797,0.019042003540886754,0.0029384996431713883,0.0,-16.55037991147225,18.113195204806544,0.781407646667148,34.66357511627879,-31.72241449356079,-31.699886322021484,-31.711150407791138,0.02252817153930664,0.0017159492708742619,0.0011129683116450906,0.018763113766908646,0.017786655575037003,0.001954231411218643,0.0006643250817433,0.018859321251511574,0.017781073227524757,-79.66201224618437,35836.385977985665,0.0011237431317567825,-119.26261159367736,35838.350000400496,0.0010971690062433481,0.02638000063598156,0.0030812998302280903,30479.145516650926,18356.981951090213
0.9984719720077735,0.9250139735238208,0.6949874954394111,0.25769542127833056,0.003166493250321367,-0.23500417984827904,-0.5281401646339855,-1.0,-16.780653828763377,21.62385142143009,2.421598796333356,38.404505250193466,-31.695280075073242,-31.7095685005188,-31.70242428779602,-0.01428842544555664,-0.0011789349373430014,-0.0016799734439700842,0.018542949110269547,0.01813187636435032,0.00011869661102537066,-0.0020595788955688477,0.01786678470671177,0.018738120794296265,-103.92362109192254,35839.98427334198,0.0010984765831381083,-88.49353978021392,35851.45800930031,0.0011220606975257397,0.026491772383451462,0.0027888049371540546,30485.964436948263,18616.358070652066
0.10148042028534637,0.0,0.058252115168272056,0.1567618310014047,0.19735183577555798,0.09683496540263159,-0.013231844338631893,0.0,-14.820097269755024,18.09320819141459,1.6365554608297828,32.913305461169614,-31.763973236083984,-31.779301166534424,-31.771637201309204,-0.015327930450439453,-0.0020324031356722116,-5.536159733310342e-06,0.018581360578536987,0.017798859626054764,-0.0010623057605698705,0.0017503544222563505,0.017650263383984566,0.018658127635717392,-118.68306260104526,35851.437992121166,0.0011137013789266348,-82.41810759589626,35835.70978526531,0.0011105960002169013,0.02576054446399212,0.0039545586332678795,30468.321269702083,18824.314609077093
0.9360066550294344,1.0,0.8665322189700875,0.20725097693439953,-0.18176398846296335,0.022723228862678524,-0.378030223146731,-1.0,-17.51334527314509,20.835461874453216,1.6610583006540622,38.34880714759831,-31.794865131378174,-31.817903518676758,-31.806384325027466,-0.023038387298583984,0.00018052545783575624,-0.0020215227268636227,0.017678456380963326,0.018569551408290863,-0.00018301029922440648,0.0020302075427025557,0.017621977254748344,0.018527980893850327,-82.7962445501389,35838.97734699536,0.0011171216610819101,-94.35966674295615,35853.22998628969,0.001134682446718216,0.025269120931625366,0.0016360317822545767,31233.89255233855,17557.624413601985
0.2586585895495889,0.21598034220130868,-0.08021551548941701,0.008754181702226693,0.22904332831449825,0.18854294036431485,0.02020700959178079,0.0,-18.5083031075838,18.505610123278302,-0.001346492152748624,37.0139132308621,-31.870336532592773,-31.86044931411743,-31.865392923355103,0.009887218475341797,0.0020053416956216097,-9.691344166640192e-05,0.018316732719540596,0.017622314393520355,0.0002505374141037464,-0.0020053850021213293,0.017520412802696228,0.01845295913517475,-86.88507837470051,35851.50074288458,0.0011195605620741844,-93.86326315052004,35857.02342388228,0.0011020033853128552,0.025179436430335045,0.004242660012096167,30465.30102410887,19027.180087505058
0.9661048761734745,0.9685907875682851,0.0,-0.017026033448257892,-0.16578630610178763,-0.4511437723977408,-0.7008524255716757,-0.9941503547758443,-15.548921472225004,17.500341966767138,0.975710247271067,33.04926343899214,-31.874854564666748,-31.8654727935791,-31.870163679122925,0.009381771087646484,-0.0007945883553475142,-0.0018439257983118296,0.017955977469682693,0.017970943823456764,-0.0014155892422422767,-0.0014481419930234551,0.018331538885831833,0.017625583335757256,-101.55392071468363,35857.92177305315,0.001122893881984055,-118.95321017667591,35850.78196493644,0.0011088456958532333,0.025643588975071907,0.0023226519115269184,30978.781153801578,19878.91739940586
0.9701934027761323,0.7396360247850248,0.1820792117260879,-0.1969927996226351,0.0036929483996240853,0.13279062635577776,-0.5485035714755947,-0.7238193885302511,-19.17226021337609,16.61104465042115,-1.280607781477471,35.78330486379724,-31.76501750946045,-31.781480312347412,-31.77324891090393,-0.01646280288696289,-0.000835321843624115,0.0018542029429227114,0.017663054168224335,0.018706079572439194,0.0017057792283594608,-0.0011274982243776321,0.017972523346543312,0.01833915337920189,-113.75693737398014,35853.49645895504,0.0011134911328554153,-105.83560176954067,35858.626196267425,0.0011311662383377552,0.02506016194820404,0.002596326172351837,31244.752048804756,17315.949147708365
-0.002823235634603515,0.0,0.06801744349578656,0.21574140728028518,0.19566128341972092,0.06619239423212092,0.025906150863380217,0.0,-18.600807244281555,15.214213950517035,-1.69329664688226,33.81502119479859,-31.744496822357178,-31.718623638153076,-31.731560230255127,0.025873184204101562,-0.0009331873152405024,0.0018173891585320234,0.017708493396639824,0.01874638721346855,-0.001972777536138892,-0.0005929000326432288,0.0188120286911726,0.017749764025211334,-85.82313991654411,35849.81784938773,0.0011220317101106048,-115.87810496712855,35850.12021027357,0.0010986573761329055,0.024853501468896866,0.0029356495942920446,31247.260623357924,17271.379889359356
0.9934435660577046,0.9575654066918269,0.742046445297968,0.3274820626704911,-0.01323753835659136,-0.2424197447334907,-0.4901221482003953,-1.0,-17.35970219456533,22.067310805783194,2.353804305608932,39.42701300034852,-31.820249557495117,-31.857588291168213,-31.838918924331665,-0.0373387336730957,-0.0019966340623795986,0.00030138209694996476,0.01833920367062092,0.01781056635081768,-0.002002042718231678,-0.00035294995177537203,0.018481438979506493,0.017501262947916985,-123.84169462080872,35853.24287922639,0.0011188362259417772,-120.33030307829249,35839.7461867671,0.001132396631874144,0.025180529803037643,0.004500274080783129,30462.18936515377,19136.370833801942
-0.003810089331086175,-0.0051555893630804706,0.9962940914346924,0.9949116791362094,-0.010596343577975101,-0.017833835707328306,-0.028638125329043914,-0.03557104834553787,-18.138156070199955,17.172153701608863,-0.4830011842955457,35.31030977180882,-31.846284866333008,-31.85342788696289,-31.84985637664795,-0.0071430206298828125,-0.0013059908524155617,-0.0015349454479292035,0.018305949866771698,0.017734713852405548,-0.0014344197697937489,-0.0014214818365871906,0.018371734768152237,0.017635660246014595,-102.27290283271351,35844.889982553395,0.0011221218155696988,-119.43248716061305,35844.38535943507,0.0011032907059416175,0.026128053665161133,0.0028493681456893682,30483.654390082604,18354.044078481955
0.8343341843881561,0.87328441484196,0.9616628184916508,0.17275308983197685,-0.2709686446389964,-0.11388453779923136,-0.39300027757068734,-0.7943381232331183,-14.522525454399897,22.391087151341992,3.9342808484710474,36.91361260574189,-31.80260419845581,-31.80983066558838,-31.806217432022095,-0.007226467132568359,-0.0019581643864512444,-0.0005263678031042218,0.018622806295752525,0.017589116469025612,0.0006559502216987312,-0.0019261372508481145,0.01755809411406517,0.01862182840704918,-90.37809604859946,35836.69552279055,0.0011094710789620876,-111.26966900080292,35845.52760853091,0.0011201085289940238,0.025957178324460983,0.003351517952978611,30473.051470721854,18525.5163155062
-0.5200939833293432,-0.5586168684709854,-0.991096759693422,-0.823131440382097,0.6034327246278014,0.7737075397820269,0.7354250884795478,0.962385993247217,-21.83484856068003,17.194509015663698,-2.320169772508166,39.02935757634373,-31.734726428985596,-31.713356971740723,-31.72404170036316,0.021369457244873047,-0.0014366136165335774,-0.0014343385118991137,0.018605051562190056,0.017900539562106133,-0.0014183430466800928,-0.0014960189582780004,0.018643386662006378,0.017949407920241356,-81.3664296032774,35847.80180408626,0.0011138995178043842,-70.22453866549705,35845.95670302106,0.001112594036385417,0.026466598734259605,0.0029988980386406183,30481.289432057005,18316.700960200757
0.056466175653737974,-0.007845628064064018,0.2915141136528992,0.3522441496751452,0.11054783277457295,-0.01973359738877095,0.1088645346076752,0.0,-15.347600954414048,20.33785428771688,2.495126666651416,35.68545524213093,-31.79365634918213,-31.796886920928955,-31.795271635055542,-0.003230571746826172,0.00037865174817852676,0.0019904577638953924,0.017897672951221466,0.018363751471042633,-0.0010001619812101126,0.0017806270625442266,0.017599264159798622,0.018634969368577003,-107.62460717150763,35849.64431898907,0.0011143251322209835,-111.86920339747779,35842.70634618101,0.0010947753908112645,0.02562258392572403,0.0018156029982492328,31228.319786702792,17877.645704614955
1.0,0.805057443007832,0.36224856287458623,-0.03605828142238899,0.33250675784660005,0.4950654482605942,0.11713909777096293,-0.7200949778590016,-12.866225481402257,22.28246601854164,4.708120268569692,35.148691499943894,-31.81941270828247,-31.837990283966064,-31.828701496124268,-0.01857757568359375,-0.0008298677857965231,-0.0016063437797129154,0.01804603822529316,0.01813334785401821,0.0018688002601265907,-0.0007983879768289626,0.018044544383883476,0.018033405765891075,-75.72472753264839,35753.775431979535,0.0011748819379135966,-95.50056762814656,35867.4323643969,0.0011370012070983648,0.025811808183789253,0.002234548330307007,31223.315922986894,18258.32200059555
0.010532027100119164,0.0,0.05524059345932063,0.20785408496042532,0.21125293275249352,0.07966093587850298,0.013597732037556653,0.0,-18.603007578951235,16.521367305509557,-1.0408201367208392,35.12437488446079,-31.750094890594482,-31.7301082611084,-31.74010157585144,0.019986629486083984,0.0010599979432299733,-0.0017369354609400034,0.017721915617585182,0.01871155947446823,-0.0005936565576121211,-0.001967652468010783,0.018137572333216667,0.01839066669344902,-87.22130551955891,35857.40003533755,0.001123985624872148,-110.38690743107395,35854.21738530346,0.0011087384773418307,0.024751467630267143,0.0032522042747586966,31251.583887737186,17236.82038644788
0.9942790779100305,0.9427872349034054,0.7137269274844148,0.3003059308394475,-0.02396214733700841,-0.22079016836317267,-0.47923432141527866,-1.0,-17.159057973256637,23.7107928863374,3.2758674565403822,40.86985085959404,-31.802067756652832,-31.812331676483154,-31.807199716567993,-0.010263919830322266,0.0018571489490568638,-0.0007968763238750398,0.018124587833881378,0.01810508780181408,-0.0012162057682871819,0.0016323656309396029,0.017623919993638992,0.018549231812357903,-122.93186505115166,35853.22753285758,0.0011224637273699045,-119.43422403102053,35837.53618019293,0.001120547647587955,0.02471788227558136,0.005202602595090866,30470.868786966967,19865.874349412585
0.06882732311750832,0.0,0.048112194588432244,0.1400182249405193,0.19243197321295674,0.08551333142045542,-0.040224186065957346,0.0,-18.32021069238516,15.466843064123765,-1.4266838141306977,33.787053756508925,-31.845409870147705,-31.84978485107422,-31.847597360610962,-0.004374980926513672,0.0011663129553198814,0.0016454875003546476,0.018229281529784203,0.017817026004195213,0.001828154199756682,-0.0008640667656436563,0.017985526472330093,0.018044255673885345,-110.60518666906411,35845.366209877204,0.0011163766030222178,-128.62950018534403,35842.40078447833,0.00111310591455549,0.026073507964611053,0.002761721843853593,30485.474962558626,18515.87820406636
0.35342802244055754,0.3272854035902571,0.5955142397219089,-0.05024770210319489,-0.14414293133017225,0.5188660041976924,0.241526594705179,-0.06959978577670933,-19.07353656176359,15.986915793550025,-1.543310384106782,35.060452355313615,-31.756832599639893,-31.75847291946411,-31.757652759552002,-0.00164031982421875,0.0020300771575421095,-0.00015507603529840708,0.018540209159255028,0.017872005701065063,-0.0013983044773340225,0.0014967024326324463,0.017804797738790512,0.018596643581986427,-207.6114016775942,35810.425152075266,0.0011212219251319766,-110.49695130240963,35849.604044150234,0.001131673576310277,0.025451982393860817,0.004316346254199743,30256.06056646491,18862.413485666413
0.2627791437907958,0.2434812349088551,-0.08324225934097876,0.02826356812721295,0.1934946029880893,0.17133605002134922,0.022868710325869346,0.0,-20.922485841423565,17.02019725031974,-1.951144295551913,37.942683091743305,-31.802825927734375,-31.806669235229492,-31.804747581481934,-0.0038433074951171875,-0.00030109024373814464,-0.0019961330108344555,0.01784823089838028,0.018374690786004066,0.0009051345405168831,0.0018269021529704332,0.018154527992010117,0.018053699284791946,-65.4512925186748,35854.788458788375,0.0011287392117083073,-82.9293368238358,35835.71823084278,0.0011103791184723377,0.02576444298028946,0.0020019058138132095,31225.479429761708,18097.04638863331
0.09419319790005763,-0.007221197505544799,0.3855678004686926,0.4224029288756717,0.09872292569486804,-0.03553238041157031,0.10971459338909173,0.0,-17.02916936410702,17.329206441648864,0.1500185387709223,34.358375805755884,-31.839287281036377,-31.851661205291748,-31.845474243164062,-0.012373924255371094,0.0013940813951194286,-0.001467555994167924,0.017659369856119156,0.01840633526444435,-0.001369410427287221,-0.0014950762270018458,0.018334688618779182,0.01768076792359352,-89.2014724937216,35850.560796820464,0.0011279339669272304,-104.88049784828858,35850.84900839713,0.001115187769755721,0.02433709055185318,0.004455497954040766,31268.44763881595,17182.7412961831
0.976553515200572,0.833951248302782,0.2630186462580138,-0.1697950507757744,-0.009100883259764547,0.040702360327976084,-0.5934333571862278,-0.7150090128838915,-19.03778212752229,18.529777323456415,-0.25400240203293833,37.567559450978706,-31.78846836090088,-31.7905855178833,-31.78952693939209,-0.002117156982421875,-0.0016459432663396,0.001175111043266952,0.017932534217834473,0.018351681530475616,-0.0017933284398168325,-0.0009675512555986643,0.018652983009815216,0.01760799251496792,-119.75109785641718,35850.64512027564,0.0011139858979731798,-112.84252137884842,35853.767577711755,0.0011137446854263544,0.02459854818880558,0.005041028838604689,31270.60245861264,17783.73412160891
-0.005871576429149214,0.008082073134949568,0.07510633771692143,0.2282618262906232,0.22605101906942193,0.06673582220597168,0.02563595818204223,0.0,-15.685425989489573,19.029253142529313,1.67191357651987,34.71467913201889,-31.707887649536133,-31.682024002075195,-31.694955825805664,0.0258636474609375,-0.0018724470864981413,-0.0008326012757606804,0.018834184855222702,0.0177744273096323,-0.0018574370769783854,-0.0008957034442573786,0.01889549382030964,0.01782120019197464,-90.615139102393,35844.814312255025,0.00112289865501225,-128.24134152281783,35843.59384078113,0.0010954212630167603,0.026343774050474167,0.0032227274496108294,30476.63442936212,18445.56734798959
0.9984025716279291,0.9686780012144096,0.7734423300096308,0.3766155592109942,0.041794176190315446,-0.22302915762569164,-0.46777371300726733,-1.0,-15.702970282031544,24.010905804515772,4.153967761242114,39.713876086547316,-31.728265285491943,-31.719777584075928,-31.724021434783936,0.008487701416015625,0.00024727039271965623,0.0020213150419294834,0.017972541972994804,0.01856173202395439,0.001779989106580615,-0.0010360532905906439,0.018161704763770103,0.01840982772409916,-117.14195164926123,35846.149645826205,0.0011078102979809046,-115.8677705428288,35836.666953164495,0.0011229731608182192,0.025832626968622208,0.0017463081749156117,31228.98693456882,17805.65553256689
0.10289716982898967,0.0,0.006010714644732115,0.0868586444793231,0.18822536282294822,0.06633780200336692,-0.035040114338654726,0.0,-16.382393017581705,18.7016376304004,1.1596223064093465,35.084030647982104,-31.55848264694214,-31.54513120651245,-31.551806926727295,0.0133514404296875,0.001910277409479022,-0.0008301021298393607,0.018634580075740814,0.01862500235438347,-0.0013490766286849976,-0.0016025733202695847,0.01895851269364357,0.018352478742599487,-105.40812433026863,35849.20976181239,0.0011165336472913623,-92.98823041776649,35834.966458396346,0.0010949558345600963,0.0254364050924778,0.005388674326241016,30702.758221640255,19680.085864339166
0.8034299669458721,0.8106815276364772,0.9728442280853046,0.03374409724905013,-0.2639133131326884,0.26312484985683715,0.16487650630776196,-0.49589511132734365,-17.394715904311937,18.171154718148898,0.38821940691848056,35.565870622460835,-31.451611518859863,-31.470329761505127,-31.460970640182495,-0.018718242645263672,-0.002038611564785242,-0.0005376856424845755,0.01938837766647339,0.018317298963665962,0.000374490482499823,-0.002090265741571784,0.018296653404831886,0.01932670921087265,-81.6104970284654,35841.884835513956,0.001105622504837811,-72.46589903751962,35852.3184850171,0.0011305573862046003,0.026969624683260918,0.0035722018219530582,30473.059379311322,18578.123289873583
0.45807619425800344,0.3970813532325483,-0.08381221744722174,-0.10672856172939084,0.257729658573193,0.20890995971257453,0.011006024157304228,0.0,-22.12170616979307,15.741360134410797,-3.190173017691137,37.86306630420387,-31.46064043045044,-31.378960609436035,-31.419800519943237,0.0816798210144043,0.0020093494094908237,0.0006038743886165321,0.0193644929677248,0.018303150311112404,0.00019545137183740735,-0.002125031314790249,0.018535684794187546,0.019489187747240067,-66.23289292592261,35851.458282678825,0.0011172955855727196,-88.67383443095709,35851.72103902193,0.0011060463730245829,0.026920784264802933,0.00370087381452322,30471.45767581629,18601.913010243334
0.03483430074601256,0.0,0.20381174899370255,0.3120340929783252,0.06866026295295824,-0.037847149497032995,0.04467871400832446,0.0,-16.921112999969864,18.93824009669268,1.0085635483614084,35.859353096662545,-31.10985040664673,-30.96592426300049,-31.03788733482361,0.14392614364624023,6.258265057113022e-05,0.002199869602918625,0.019214199855923653,0.02001148648560047,0.0022036898881196976,0.0004253037041053176,0.020486729219555855,0.019386649131774902,-80.68024967667738,35855.456275023265,0.0011140676215291023,-110.23461808423411,35846.54143149888,0.0010969751747325063,0.02749026194214821,0.0017607446061447263,31230.632849839334,17666.001149025353
0.9679885411647324,0.7594011154554031,0.22382069628131923,-0.17681060389197656,-0.24729522352670677,-0.11542797332506954,-0.6745433883292529,-0.9584948178112273,-19.905212469100775,18.37572359881986,-0.7647444351404573,38.280936067920635,-30.48640489578247,-30.550646781921387,-30.51852583885193,-0.06424188613891602,0.0019190353341400623,0.001370116719044745,0.021605590358376503,0.020534943789243698,-0.0022732107900083065,0.000631891714874655,0.021084414795041084,0.02075568214058876,-134.45013417304068,35840.33214222843,0.0010871775448322296,-80.87340089011168,35844.87481720488,0.0011192145757377148,0.030602071434259415,0.0035835905000567436,30478.710450012026,18355.521853564394
-0.017793742185362522,0.016636014294322883,0.028020469910557746,0.15153021525159646,0.21169739932969744,0.05655502556206965,-0.012562628084644256,0.0,-16.707067115062614,18.63528701038382,0.964109947660603,35.342354125446434,-30.803403854370117,-30.803682804107666,-30.80354332923889,-0.0002789497375488281,-0.0012148392852395773,0.001920048613101244,0.019764982163906097,0.02086372673511505,0.0012893901439383626,0.0018951848614960909,0.020539220422506332,0.020098380744457245,-45.23614559748738,35851.98063912469,0.0011102503631263971,-74.83057011790302,35829.459349808814,0.0010902980575338006,0.02757093496620655,0.003877114737406373,31253.16840323582,17212.483327866845
0.021069410827388446,0.011474701459325054,-0.18895008322861417,-0.699411411002537,-0.8207471338326044,-0.7168981716488929,0.2307094998736228,-0.011568612731462577,-19.440712938169014,19.860226741703286,0.20975690176713613,39.3009396798723,-31.02224111557007,-31.05355739593506,-31.037899255752563,-0.031316280364990234,-0.001707996241748333,-0.0014057767111808062,0.020274855196475983,0.01934702880680561,-0.00041156861698254943,0.0021852690260857344,0.019196273759007454,0.020276859402656555,-60.772274121621614,35832.05024709758,0.0010983397951349616,-126.31567286839656,35855.800179887985,0.0011059977114200592,0.028706204146146774,0.0032969308085739613,30480.55526035905,18334.524207635877
0.08233729989488951,0.0,-0.014726645183543871,0.10276632330648211,0.1421576284258883,0.06377753492792793,-0.022535293600823958,0.0,-20.05121284151329,16.427044190149985,-1.8120843256816528,36.478257031663276,-31.119844913482666,-31.13046407699585,-31.125154495239258,-0.010619163513183594,-0.0006879688007757068,-0.0020751599222421646,0.019484497606754303,0.019704891368746758,0.0021806417498737574,0.0002525044255889952,0.020066354423761368,0.019061576575040817,-129.3399228522493,35851.6806689523,0.0011179071152582765,-97.05480633864082,35856.73898534783,0.0011002493556588888,0.02812776528298855,0.002549484372138977,30978.405422028452,19879.538271612702
0.9697359490082003,0.9463272698223304,0.9903740258040848,0.5952077403288729,-0.06406605135794816,-0.07774931426044851,-0.1006122781748574,-1.0,-16.8939949121542,19.948155295219465,1.527080191532633,36.84215020737366,-31.042187213897705,-31.050739288330078,-31.04646325111389,-0.008552074432373047,-0.002179123228415847,0.00038029879215173423,0.020035041496157646,0.019502650946378708,-8.662586333230138e-05,0.0022179349325597286,0.019288277253508568,0.020202411338686943,-105.79400254962874,35845.626594397756,0.0011006015120074153,-120.5344579384089,35844.14414830672,0.0011076120426878333,0.027386974543333054,0.004916383419185877,30460.5309089828,19099.127464499543
0.696036174503727,0.5891985724876888,0.19168112411442145,-0.21832180907182783,0.2976118452449055,0.3578676920466204,-0.01242742706185318,0.0,-20.281793819682775,18.112297605048184,-1.0847481073172958,38.39409142473096,-31.07661247253418,-31.04600429534912,-31.06130838394165,0.030608177185058594,0.002081636805087328,-0.000696263276040554,0.019792765378952026,0.0195925310254097,-0.0016779351281002164,0.001454691169783473,0.019422221928834915,0.02009487897157669,-68.1936378489681,35851.92362838766,0.0011044885031878948,-41.323139305225965,35838.98938685425,0.0011082299752160907,0.02698967233300209,0.00562699418514967,30690.319387526695,19225.09382902524
0.03356404747024824,0.0,0.1431217073024939,0.253628321621474,0.1460538269652587,0.058081058338565916,0.06374235629103309,0.0,-14.426747221791004,21.07731529710486,3.325284037656928,35.504062518895864,-30.984549522399902,-30.967540740966797,-30.97604513168335,0.01700878143310547,0.0006840726127848029,-0.0021216855384409428,0.01931947097182274,0.0204682108014822,0.0007775330450385809,0.0021033361554145813,0.019876178354024887,0.020004907622933388,-47.95205373809714,35850.2027849424,0.0011124537559226155,-68.94221755173939,35844.3666765219,0.0011041023535653949,0.027213267982006073,0.002607487142086029,31244.107659267072,17334.298154736716
0.9869651176708687,0.9072141292532768,0.606526108386281,0.20761267330225627,0.0434176985839011,-0.2940533490251178,-0.6002684487521324,-1.0,-19.489441414810074,19.69993020798057,0.10524439658524898,39.189371622790645,-31.028389930725098,-31.235222816467285,-31.13180637359619,-0.2068328857421875,0.0020707729272544384,-0.0007573276525363326,0.019877132028341293,0.019727908074855804,0.0007630326435901225,0.0020364304073154926,0.01927836425602436,0.019392406567931175,-89.01589667712162,35851.94617775789,0.0010944304522126913,-139.2185561901956,35843.3141317312,0.001109167467802763,0.027122674509882927,0.005655616521835327,30697.79302919221,19456.531740003866
0.07254378557048902,0.0,0.09274786793402959,0.19148689868849467,0.23938251243641084,0.16089601120550734,0.02142474204102407,0.0,-12.90271556652084,19.449487928198664,3.273386180838912,32.352203494719504,-31.85227870941162,-31.776869297027588,-31.814574003219604,0.0754094123840332,0.0008881590911187232,0.0018083055038005114,0.01805719919502735,0.017962926998734474,-0.0020330557599663734,0.0002090135239996016,0.018473230302333832,0.017854537814855576,-101.9241148310356,35843.132824725304,0.0011314463336020708,-106.2959603234742,35843.97307105349,0.0011076980736106634,0.025769343599677086,0.0023708962835371494,31223.038227612356,19739.87526537366
0.9276136150805515,1.0,0.9258886312838089,0.2799961485867057,-0.09195601893808278,0.09311535017725459,-0.34755969782116974,-1.0,-19.241399393635845,19.119817482531488,-0.060790955552178616,38.36121687616733,-31.529817581176758,-31.548151969909668,-31.538984775543213,-0.018334388732910156,-0.0014846061822026968,0.001478757825680077,0.018321137875318527,0.01905379258096218,-0.0016350731020793319,0.0013167675351724029,0.018367668613791466,0.018930427730083466,-64.71143863377041,35835.2456979455,0.001107066054828465,-80.56590010506407,35850.048359564316,0.0011149198981001973,0.025230832397937775,0.004515368491411209,31268.231778363534,17179.065037264587
0.11433289285479382,0.04370575251485839,-0.08103026896861071,-0.067779348661859,0.15231275102296898,0.02746943919602396,-0.08639581657345918,0.0,-16.858125891659597,18.865669110266595,1.0037716093034987,35.72379500192619,-31.561038494110107,-31.61329746246338,-31.587167978286743,-0.052258968353271484,-0.0019009581301361322,0.0008471998735330999,0.018621936440467834,0.018626796081662178,0.002009335206821561,0.0005403106333687901,0.019036533311009407,0.01797211356461048,-111.49428338061728,35853.248304433575,0.0011170698562636971,-103.54832601109119,35858.18098239008,0.0011117691174149513,0.02549150213599205,0.005444179754704237,30699.380136182175,19735.994507620773
0.0823664473927139,-0.03575991653537719,0.31197892813033795,0.2815203065752409,-0.05753566556213521,-0.10662339898214312,0.11800824299769341,0.0,-15.534481253031515,19.30249850629133,1.8840086266299068,34.836979759322844,-31.61900520324707,-31.600213050842285,-31.609609127044678,0.018792152404785156,-0.0020802458748221397,9.912670793710276e-05,0.01885625720024109,0.01813599281013012,0.0012435209937393665,-0.0016706514870747924,0.018058963119983673,0.019008776172995567,-74.2536580941679,35847.438665768925,0.0011250951793044806,-187.5279447539242,35839.03577672945,0.001110354089178145,0.025910712778568268,0.004097518045455217,30465.13859920244,18807.97817085395
0.9721135263394228,0.7796041682060042,-0.04952806302026298,-0.20404176946033326,-0.14908019374560189,-0.08542394865554465,-0.4953076584269491,-0.6182150296649931,-21.548295384373887,18.34117095077906,-1.603562216797414,39.889466335152946,-31.646578311920166,-31.65199041366577,-31.64928436279297,-0.005412101745605469,0.0015503091271966696,0.0013620955869555473,0.01884155161678791,0.018032968044281006,-0.0016773529350757599,-0.0012160977348685265,0.01889822818338871,0.017948899418115616,-114.09803200534071,35844.74224139387,0.0011237983126193285,-78.1147883684377,35853.43266028175,0.0011217931751161814,0.026790080592036247,0.003092703875154257,30479.95146846719,18335.349337119147
-0.02648423361255145,0.008121568277192811,0.12196701563376289,0.22103502971751646,0.2092162400741028,0.09547970944717193,0.07386583103813393,0.0,-16.516092916994467,16.790177663306366,0.1370423731559498,33.30627058030083,-31.474649906158447,-31.454005241394043,-31.464327573776245,0.020644664764404297,0.0008287973469123244,-0.0019373948452994227,0.01825377158820629,0.019350700080394745,0.0010141286766156554,0.0018576821312308311,0.018950000405311584,0.01875903829932213,-136.0726312056991,35856.52490935831,0.0011268096277490258,-77.50425553730919,35855.47460245461,0.001090408768504858,0.025788553059101105,0.0028877966105937958,31246.248641112757,17286.33316300237
0.9725858508557498,0.8827665457983535,0.5967263081157776,0.038422975470161685,-0.046914624864792864,0.19590478597426453,-0.5399501913242135,-1.0,-19.092847106046804,21.341748868330512,1.124450881141854,40.43459597437732,-31.487555503845215,-31.517205238342285,-31.50238037109375,-0.029649734497070312,0.00019053163123317063,-0.0020875148475170135,0.01831626333296299,0.019237926229834557,0.001028726575896144,-0.0018428645562380552,0.018176544457674026,0.01924332045018673,-111.58751224904903,35843.533145090114,0.0010984970722347498,-110.04265629959214,35847.60602154529,0.0011276851873844862,0.0262303426861763,0.0016928084660321474,31232.880481196993,17593.69541347685
0.038441844715947346,-0.0021640326958331443,-0.05676345008605937,0.09167538005999448,0.15455614518785687,0.02942741402919552,-0.05404756370978947,0.0,-19.615710567657004,14.046026200561869,-2.7848421835475676,33.66173676821887,-31.659321784973145,-31.66757583618164,-31.663448810577393,-0.008254051208496094,0.0009860185673460364,-0.001804189058020711,0.017895424738526344,0.018920138478279114,0.0015967902727425098,0.00131148099899292,0.018830249086022377,0.017952755093574524,-94.62798140991487,35851.635192242364,0.0011377411428838968,-67.66909945025643,35854.35654834615,0.0011076462687924504,0.025239434093236923,0.0029890653677284718,31249.649020427016,17272.47777225296
0.9737438738072745,0.9106610501729737,0.7387950043647523,0.09223806331580173,-0.2695804281669209,-0.22526047223395906,-0.40792985597180487,-0.929245823141295,-15.233032613634691,21.366318791843668,3.0666430891044882,36.59935140547836,-31.795153617858887,-31.774227619171143,-31.784690618515015,0.02092599868774414,0.0006745248101651669,-0.0019146231934428215,0.017594244331121445,0.018648138269782066,-0.0019054501317441463,-0.0007554900948889554,0.018699951469898224,0.017627708613872528,-131.10218401906153,35852.50406910438,0.0011256664292886853,-179.83076774094468,35843.94002431741,0.0011181983863934875,0.02480940707027912,0.002491694875061512,31244.403805574617,17325.688547275877
0.6621702784229188,0.3926173342385931,-0.07857276441788917,0.1478299850511165,0.058929801021543105,0.03464759260583594,-0.20578407267748666,0.0,-19.11876653593822,18.684014949872136,-0.21737579303304244,37.80278148581036,-31.979594230651855,-32.004263401031494,-31.991928815841675,-0.024669170379638672,-0.0019334431272000074,0.0004164304700680077,0.017946816980838776,0.017547911033034325,0.000786732358392328,-0.0018250360153615475,0.01716727949678898,0.018211890012025833,-152.9622815049307,35834.63288570202,0.001112774945795536,-102.36525228265667,35860.3990424188,0.0011322831269353628,0.024572737514972687,0.004764468874782324,30460.92069990587,19453.366314575906
-0.06318778729362495,-0.06551583620146002,0.3034148719655541,0.3897216588183101,0.1908893453777441,0.021506626888176394,0.1477295779529446,0.0,-14.889359226462602,19.339273431782345,2.2249571026598716,34.22863265824495,-32.19832181930542,-32.17766761779785,-32.187994718551636,0.02065420150756836,-0.0017747525125741959,0.0007907047402113676,0.017297489568591118,0.017315149307250977,0.0016774877440184355,-0.000989680178463459,0.01722061075270176,0.0174734964966774,-144.8958811871147,35860.078571686325,0.0011357907205820084,-116.95115952005187,35859.46488104984,0.0011063569691032171,0.02363665960729122,0.004873843397945166,30703.5704350488,19925.900389413473
0.5945224902782786,0.42351609757551306,-0.04185054212483592,-0.21238159880192484,0.30165544434381353,0.48272812904852314,-0.629299340620359,-0.526828046438505,-17.188173342623827,20.314454076679738,1.5631403670279553,37.502627419303565,-32.23603963851929,-32.2018837928772,-32.21896171569824,0.034155845642089844,-0.001758268103003502,0.0007757332641631365,0.017231779173016548,0.017232313752174377,-0.0019365902990102768,0.00023457824136130512,0.01757681556046009,0.01701611839234829,-119.15349353301875,35836.760127981805,0.0011105695739388466,-82.23303599201547,35845.26782749915,0.001120019587688148,0.023375382646918297,0.005003370810300112,30466.825540999387,20154.55051089158
0.015856084615804192,0.0,0.07530226373630668,0.12475272100528093,0.13893535166806897,-0.032097226444678106,-0.06074267670765765,0.0,-17.114390580654685,15.966871845610939,-0.5737593675218733,33.081262426265624,-32.19573974609375,-32.20846176147461,-32.20210075378418,-0.012722015380859375,0.001221226411871612,-0.001510677277110517,0.016894297674298286,0.017718922346830368,-0.0007933310116641223,0.0017732420237734914,0.0167688000947237,0.017788207158446312,-110.1542631402443,35850.65516558907,0.0011329625267535448,-112.99254440690666,35858.54207298019,0.0011167089687660336,0.023589469492435455,0.003919841255992651,31261.73636099092,17181.222437082863
0.9869417596610491,0.9262327454325866,0.7426920645553953,0.289232818842564,0.010396471749254399,-0.08217428872719529,-0.4279861966319412,-1.0,-19.472129491191424,20.375442154617616,0.45165633171309594,39.84757164580904,-32.23393678665161,-32.2477912902832,-32.24086403846741,-0.013854503631591797,0.0005929640610702336,-0.0018343633273616433,0.016730617731809616,0.017726793885231018,-0.0019361349986866117,-7.987480785232037e-05,0.017603913322091103,0.01680215448141098,-80.17742889626244,35838.18767989797,0.0011222747853025794,-171.27111489256177,35837.50669004412,0.0011160894064232707,0.023652607575058937,0.0020321537740528584,31240.73589992765,17391.31950925857
0.10036730836820895,-0.0013792738404924383,-0.05356821924465427,0.1084354452194034,0.1638957134515721,-0.12550063040428183,-0.13612790346876624,0.0,-17.675767813833744,19.09685471502135,0.7105434505938035,36.772622528855095,-32.13084697723389,-31.87131404876709,-32.00108051300049,0.2595329284667969,-0.0014454037882387638,0.0013035534648224711,0.01713925413787365,0.01773945800960064,-0.0020201774314045906,-9.934887930285186e-05,0.018385646864771843,0.017544517293572426,-93.52430223722115,35848.498457262845,0.001110514858737588,-116.37321610251342,35843.50796796177,0.0011035912903025746,0.023609180003404617,0.004499451722949743,31265.0227421151,17198.971300145826
0.587365486905926,0.1412121755257517,0.40039738479475695,-0.06442609192978084,-0.17325447452402226,0.16429395719147916,0.29650430155321783,0.0,-14.016410777356498,21.294605418076372,3.6390973203599373,35.31101619543287,-31.646993160247803,-31.725339889526367,-31.686166524887085,-0.07834672927856445,0.0009793767239898443,-0.001820544246584177,0.017908163368701935,0.01895809732377529,0.001510104164481163,0.0013960280921310186,0.01866825856268406,0.017872221767902374,-104.57225928469927,35845.62656329188,0.001123960129916668,-88.45138353821353,35834.81712451541,0.0011168665951117873,0.02517319843173027,0.003449853044003248,31253.415709094206,17223.927026025747
0.3956296235866533,0.3409639609617686,-0.08698706635371949,0.05108363035546096,0.5440726074085747,0.46796846955030724,0.19106205758584283,-0.02898912193902814,-21.21260442136912,16.63846507566649,-2.2870696728513167,37.85106949703561,-31.99989080429077,-32.04050540924072,-32.02019810676575,-0.04061460494995117,-0.0017781476490199566,-0.0008488725288771093,0.01819993183016777,0.017200391739606857,-0.0010885598603636026,-0.0016566584818065166,0.017799949273467064,0.017445122823119164,-93.5702027836117,35862.426193682906,0.0011209757067263126,-122.61704829472966,35846.56955509154,0.0011159678688272834,0.02538670040667057,0.0032068199943751097,30475.190482867867,18475.02089411286
0.01540611642627039,0.0,0.296035598370186,0.1397332436525773,-0.058538434321409274,-0.14341744672765627,-0.017805260717897453,0.0,-15.92110282277028,17.565843434972237,0.8223703061009786,33.48694625774252,-32.14263916015625,-32.123496532440186,-32.13306784629822,0.019142627716064453,0.0019466921221464872,-0.00016740825958549976,0.017725680023431778,0.017104193568229675,7.607934821862727e-05,0.0019615807104855776,0.017103243619203568,0.017801504582166672,-116.29003215959457,35852.28496908777,0.001117974752560258,-64.27843137762325,35855.41328946108,0.0011232545366510749,0.024544449523091316,0.0040130820125341415,30466.121387081785,18962.57972849666
0.9790180453309237,0.9387336440578018,0.2206375110658969,-0.183936513271298,0.21097927595194216,0.3608471037524802,-0.1443719151534706,-0.2972324973234609,-20.19208851075706,18.390835082092053,-0.9006267143325033,38.58292359284911,-32.171010971069336,-32.182908058166504,-32.17695951461792,-0.011897087097167969,8.574705861974508e-05,0.0019355581607669592,0.01701969839632511,0.017696641385555267,-0.0004470098647288978,0.001901211217045784,0.01683896780014038,0.017820503562688828,-107.62279230108149,35846.52282517343,0.0011282010236755013,-143.60042256958536,35845.907835887716,0.0011219203006476164,0.024422796443104744,0.0016613543266430497,31228.454722351962,17796.149203886307
0.013955713620138246,-0.006021809717752377,0.07918629866517328,0.18635672982769097,0.20976851574518657,0.07992338176834185,-0.06035116957438269,0.0,-16.630173123054135,18.600655585941524,0.9852412314436947,35.23082870899566,-32.071473598480225,-32.10708141326904,-32.089277505874634,-0.03560781478881836,0.001751705538481474,-0.0008893648628145456,0.017502933740615845,0.01761949062347412,0.0010048769181594253,-0.0016893751453608274,0.016994738951325417,0.01796957105398178,-63.776079904593345,35845.34990150305,0.0011053000343963504,-159.53786398034632,35854.17043412737,0.0011219311272725463,0.02385605499148369,0.0051077865064144135,30477.214107744217,20361.857624492455
0.990019703583906,1.0,0.5677462581293496,0.28440021629987144,0.1428586361876553,0.3350747370209302,-0.21492959366805697,-1.0,-13.547679168207196,20.781505207253588,3.6169130195231958,34.329184375460784,-32.027156352996826,-32.002670764923096,-32.01491355895996,0.02448558807373047,-0.0007328715291805565,-0.0015679782954975963,0.017582770437002182,0.01774471066892147,0.0013552013551816344,-0.0014614838873967528,0.017309708520770073,0.01808233931660652,-25.043516919440165,35745.270024621044,0.0010842690244317055,-87.8058746446094,35836.668961845615,0.0011094389483332634,0.024988630786538124,0.002057204023003578,31224.6760653084,18141.27412704514
0.050864614466862246,0.0,0.010721023540103125,0.11807327062517656,0.1959142192215912,0.07731476640671464,-0.04192387867697833,0.0,-18.576411318525345,19.3453140356242,0.3844513585494269,37.921725354149544,-31.95646047592163,-31.9246768951416,-31.940568685531616,0.0317835807800293,-0.00016666983719915152,-0.001980896107852459,0.017476623877882957,0.018108850345015526,-0.0019855911377817392,0.00031804986065253615,0.01810920424759388,0.017607076093554497,-114.06841561339007,35858.43501608395,0.0011322108330205083,-160.39351716712852,35851.475945159764,0.0011049858294427395,0.02504664659500122,0.0017159408889710903,31227.767301873464,17820.108622607797
0.9762060440861607,0.8982049168721866,0.8474106894271674,0.35948206255379767,-0.2372130916497043,-0.4383126499503374,-0.4836092440041773,-0.9742167964644556,-15.893563516556469,20.049150142734078,2.0777933130888044,35.94271365929055,-31.747572422027588,-31.79434299468994,-31.770957708358765,-0.046770572662353516,-0.001973378472030163,-0.0005408484139479697,0.018742477521300316,0.017698880285024643,-0.001961878500878811,0.0005877422518096864,0.01825183629989624,0.018006406724452972,-121.95894036222218,35839.45340259995,0.001115358085371554,-159.48492046134393,35856.702234220335,0.001121186069212854,0.026242967694997787,0.0034016170538961887,30473.46653790829,18543.16287369294
0.15573110025532014,0.0,-0.06512856481688603,-0.10563784227587271,0.14325338327981546,0.20601686380836565,0.0006015059124897526,0.0,-19.992240000896572,17.960673898505064,-1.0157830511957542,37.952913899401636,-31.75447702407837,-31.725969314575195,-31.740223169326782,0.028507709503173828,-0.00045090174535289407,0.0019766977056860924,0.01770801655948162,0.018707506358623505,-0.0019031214760616422,-0.0007649865001440048,0.018806092441082,0.017725009471178055,-98.32581072625636,35845.832256508926,0.0011122887954115868,-91.41701438253315,35842.297045122046,0.0011081640841439366,0.025301694869995117,0.0017596264369785786,31236.933430108686,17480.649052868615
0.006871896798227996,0.0,0.2632810944421631,0.35691526129258194,0.1429213070091942,0.034710900473388706,0.19013550780550836,0.0,-17.44622496867467,17.19837745878192,-0.1239237549463752,34.64460242745659,-31.79892063140869,-31.824984550476074,-31.811952590942383,-0.026063919067382812,0.0019440107280388474,-0.0005815315525978804,0.018251309171319008,0.017989717423915863,-0.0018262889934703708,-0.0008908741292543709,0.018588295206427574,0.017528535798192024,-123.49792994377671,35861.057491938176,0.001111815799959004,-101.87980330065393,35849.67908450239,0.0011052668560296297,0.024886880069971085,0.0048856837674975395,30459.85038909407,19557.600934287493
0.9779548171488964,0.7744548217304913,0.26628627146186673,-0.17448900260883712,-0.1515956697277394,0.058016227306467716,-0.409970861449362,-0.6354931213337449,-19.408676387902176,17.966534399571515,-0.7210709941653306,37.37521078747369,-31.93718433380127,-31.995012760162354,-31.96609854698181,-0.057828426361083984,0.0018069450743496418,0.0008359007770195603,0.01833982579410076,0.01731579378247261,-0.001683092676103115,0.0010672667995095253,0.017553435638546944,0.017877008765935898,-144.87140264313223,35846.37413777193,0.001092807506211102,-109.29959554814485,35865.88039849359,0.0011265011271461844,0.025867801159620285,0.0032233139500021935,30475.632670713803,18462.14392014278
-0.021079750695759195,0.015737318066866592,0.06420050873763689,0.19082996649719097,0.23335501268490808,0.07813182291580106,0.005209298221593883,0.0,-15.918958778816773,17.319043462295696,0.7000423417394614,33.23800224111247,-31.990857124328613,-31.973674297332764,-31.98226571083069,0.01718282699584961,0.000467779696919024,-0.0019297930411994457,0.01722140982747078,0.018214477226138115,0.0013280755374580622,0.0014842026866972446,0.01807086355984211,0.01744336634874344,-40.38145493286711,35857.97538134311,0.0011242552427574992,-46.48107758686935,35836.30843848902,0.0010952202137559652,0.02441590465605259,0.0019597834907472134,31239.380195375274,17401.7821100326
0.9651464925224655,0.9614975700552756,0.8464826318547433,0.27048024345455773,0.02788994064964867,-0.01505465749668422,-0.5128631905556311,-1.0,-20.03497325275717,18.689030438230873,-0.6729714072631481,38.72400369098804,-32.14610815048218,-32.15482473373413,-32.150466442108154,-0.008716583251953125,0.0013982937671244144,-0.001355423009954393,0.01708133891224861,0.01773468218743801,-0.0019519589841365814,-0.00024411658523604274,0.017836706712841988,0.016936417669057846,-132.5821195237884,35856.60095552581,0.0011253738775849342,-85.85205525217845,35853.58025921019,0.0011373964371159673,0.023509016260504723,0.004222792107611895,31266.57148339855,17192.46879130013
-0.9144508803883628,-0.9654033852039804,-0.8814791556640517,-0.7296763893453327,-0.5056613371844064,-0.4830282591143714,-0.3347006275824417,1.0,-12.384582056025682,19.36596875984108,3.4906933519076997,31.750550815866763,-32.078917026519775,-32.03693151473999,-32.05792427062988,0.041985511779785156,-0.0016525654355064034,0.0005331559223122895,0.01773003861308098,0.01738465018570423,-0.001232120324857533,0.001548661501146853,0.017192842438817024,0.018058352172374725,-97.54379534510238,35741.576630504685,0.0011942402925342321,-131.4669839857072,35848.39634878036,0.0011222976027056575,0.024701200425624847,0.0041582933627069,30278.24197502297,18348.984851045796
0.6065923053351567,0.47925723159704486,0.6196617985182233,0.2814580711559831,-0.20051260269892515,0.18134526450653776,0.2783514608976222,-0.2881009232191647,-17.303479096081247,17.250730527574177,-0.026374284253535052,34.554209623655424,-31.7380690574646,-31.6908597946167,-31.71446442604065,0.04720926284790039,-0.002041025087237358,8.73683238751255e-05,0.018608324229717255,0.017881257459521294,0.0018202562350779772,-0.000976264534983784,0.01825791969895363,0.018436087295413017,-38.564745246425545,35857.44221989217,0.0011276265140622854,-96.91209878313371,35847.05159397382,0.00109585071913898,0.025501074269413948,0.004112459719181061,30466.24806293472,18901.593132018374
0.5802884608462664,0.4907104782125965,-0.07247523637870885,-0.04990555438866742,0.432723569569888,-0.047117208396913024,-0.24177097770395772,0.0,-17.153821434628526,21.193072631147345,2.0196255982594096,38.34689406577587,-31.72152042388916,-31.77351951599121,-31.747519969940186,-0.05199909210205078,-0.001607214566320181,0.0012552711414173245,0.01803102344274521,0.01853279024362564,0.0020326036028563976,-0.0001866434613475576,0.018491068854928017,0.0178507249802351,-88.03401399360074,35832.97284119763,0.0011115517700091004,-104.94969876325243,35848.34269942727,0.0011326477397233248,0.024714067578315735,0.004976170603185892,31269.802469398783,17283.777977006393
0.9909906735336431,0.9912329655180793,0.9420474537100847,0.9197772362868587,0.755221832497449,0.46240407737850375,0.2762428308002053,-1.0,-15.991699848977078,18.55979742599112,1.2840487885070218,34.5514972749682,-32.0114541053772,-32.03995704650879,-32.02570557594299,-0.028502941131591797,-0.0019498064648360014,0.0003746000584214926,0.017904724925756454,0.017457781359553337,-0.00144720368552953,-0.001359269255772233,0.017999989911913872,0.017240574583411217,-119.61541268485507,35845.445652808354,0.0011356796603649855,-133.35782229625957,35839.38384294289,0.0011035267962142825,0.024684347212314606,0.004426337778568268,30458.209138473965,19034.337045433633
0.01807406257190558,-0.17022553073508284,-0.5613178155986496,-0.8362853722006538,-0.6554650781064335,0.39649415749392636,0.03551057556981474,-0.02645909070604214,-17.535971557945174,23.135162562101414,2.7995955020781196,40.67113412004659,-32.065722942352295,-32.07425117492676,-32.069987058639526,-0.00852823257446289,-0.0014535263180732727,-0.001313402084633708,0.017943479120731354,0.017195191234350204,0.0017092227935791016,0.000987672246992588,0.018045637756586075,0.017050504684448242,-85.93600211415539,35852.882411183135,0.0011204181937500834,-165.20025754551966,35854.75573876185,0.0011134849628433585,0.025347426533699036,0.0028779630083590746,30481.436315567717,18318.952493776924
0.03218214770635644,0.0,0.090197566243337,0.20162057502285677,0.12199856832651607,0.033570009626008146,-0.006105434241411745,0.0,-15.346707151446537,19.27236622709438,1.9628295378239216,34.61907337854092,-32.092342376708984,-32.122013568878174,-32.10717797279358,-0.029671192169189453,-0.00045436088112182915,0.001908321282826364,0.017022741958498955,0.018001701682806015,-0.0008778281044214964,0.00175436120480299,0.016945647075772285,0.017957568168640137,-149.78452386658708,35843.11656332419,0.0011291156988590956,-85.87076519058208,35859.981935129144,0.0011182090966030955,0.024291476234793663,0.0019328802591189742,31240.30253765206,17399.68827948901
0.9640669977731237,0.8091581777593781,0.7026958345136212,0.13087064809261958,-0.15928558912928434,-0.1636816774043331,-0.40869814025231227,-1.0,-16.23869088519342,21.280577629576072,2.5209433721913257,37.51926851476949,-32.09196090698242,-32.00815200805664,-32.05005645751953,0.08380889892578125,0.0017792548751458526,0.0008356955368071795,0.018019290640950203,0.01700524426996708,0.0019862190820276737,-3.797926547122188e-05,0.018055126070976257,0.017315886914730072,-138.49107902400098,35844.62507027003,0.0011270527029410005,-137.0612109798974,35849.706166872085,0.0011237252037972212,0.025339491665363312,0.0030760462395846844,30476.50824202089,18419.999429301894
0.03424724152409207,0.0,-0.006888473338838477,0.18870784927751325,0.2718693636366094,0.10451005779817923,0.04086444745957485,0.0,-16.946450974510014,18.954397935221465,1.0039734803557252,35.90084890973148,-31.74009084701538,-31.775050163269043,-31.757570505142212,-0.03495931625366211,-0.001767088775523007,-0.0010072130244225264,0.0187374334782362,0.017738156020641327,0.002024389337748289,0.0002596890553832054,0.018634377047419548,0.017694473266601562,-83.42433785778347,35852.470361840715,0.0011017578653991222,-99.92237012602308,35851.832552016764,0.0011152774095535278,0.026288380846381187,0.0031491590198129416,30477.88379706359,18397.276455268166
0.52659912222794,0.47267727968493045,0.6538823540609907,-0.07568720523029245,-0.14279418045613018,0.09097404890477978,0.18092139037048893,0.0,-17.88725530975634,18.37494968016506,0.2438471852043591,36.2622049899214,-31.691911220550537,-31.629188060760498,-31.660549640655518,0.06272315979003906,-0.0011623515747487545,-0.0016949053388088942,0.018537698313593864,0.01815139874815941,0.001873860484920442,-0.0009115939610637724,0.01842786744236946,0.018527502194046974,-106.78941952362459,35852.00221738016,0.0011211181990802288,-59.66065063918999,35852.82617388353,0.0011166752083227038,0.026539061218500137,0.0027627763338387012,30486.079955879217,18984.379016999108
0.1520151469135169,0.16784247524568238,-0.08114032080098679,-0.10034996020060338,0.12020196645397829,0.19561480505904483,-0.023339549528561432,0.0,-20.210873847412557,19.6894424975672,-0.2607156749226789,39.90031634497976,-31.73098087310791,-31.695785522460938,-31.713383197784424,0.035195350646972656,0.0020243173930794,-0.00019816028361674398,0.018573835492134094,0.017948608845472336,-0.0010146873537451029,0.001796613447368145,0.01780545338988304,0.01885332353413105,-108.49801587478579,35837.46015663885,0.0011147602926939726,-118.02393624412555,35841.39077214041,0.0010896545136347413,0.0253276489675045,0.004559079650789499,30463.442286531917,19198.084990885814
-0.9923748444067242,-0.9832441342254944,-0.6676327919936879,-0.5619572174148959,-0.6313162511189212,0.5501521575270456,0.7359665650263751,0.9814657067240921,-15.083436125281764,19.72425538146885,2.320409628093543,34.807691506750615,-31.65592908859253,-31.698522567749023,-31.677225828170776,-0.04259347915649414,-0.0014742647763341665,-0.001440393622033298,0.018792128190398216,0.01804400607943535,-0.0002273991412948817,0.0020473292097449303,0.017857341095805168,0.018793217837810516,-75.2312754217811,35853.8732973042,0.001101078698411584,-161.2718502983428,35836.024407147364,0.0011114327935501933,0.02665609121322632,0.0029265317134559155,30483.308767563558,18336.491910760087
0.9889406095227468,0.8713317857219444,-0.03833550105174975,-0.1905596496926085,0.13886553022920806,0.23272075439160456,-0.11819064767299048,-0.3776768674941253,-19.024573912379594,19.40037309959132,0.18789959360586295,38.424947011970914,-31.519973278045654,-31.464579105377197,-31.492276191711426,0.05539417266845703,-0.0006104324711486697,0.001996828243136406,0.01817166805267334,0.019238712266087532,-0.0016088327392935753,0.0013771463418379426,0.01851571351289749,0.0191422738134861,-72.86819324364453,35848.6817051983,0.0011122850701212883,-73.60466781818154,35849.978025544486,0.0011162200244143605,0.025920765474438667,0.002095563104376197,31239.900569873833,17407.38454436772
0.02541400361088375,0.0,0.026180444726134455,0.182210537959676,0.1903509631362046,0.05155253271862198,-0.009466116293590399,0.0,-17.500311567070497,16.348992553717835,-0.575659506676331,33.84930412078833,-31.56111717224121,-31.582653522491455,-31.571885347366333,-0.02153635025024414,-0.0003212474985048175,-0.0020594391971826553,0.01835329644382,0.0188908651471138,-0.0020828619599342346,-0.00021849524637218565,0.019040271639823914,0.018101980909705162,-123.20012368570134,35841.23470962178,0.0011143346782773733,-163.48878022514904,35837.5188468044,0.0011061232071369886,0.02626180648803711,0.0018627089448273182,31227.827184408292,17894.921564136657
0.9826848571531522,0.9374423422799425,0.7574377860642475,0.3561689185252284,0.07800908239460236,-0.23417416062447788,-0.490503210412947,-1.0,-18.495262918971235,20.789445387906852,1.1470912344678084,39.28470830687809,-31.57845973968506,-31.63271188735962,-31.60558581352234,-0.05425214767456055,0.0007661269046366215,0.0019288667244836688,0.01854713261127472,0.01862705685198307,-0.0009471263037994504,-0.001853790134191513,0.018539734184741974,0.018400661647319794,-124.29062632927125,35849.568814063336,0.0011064147111028433,-153.14268146913625,35852.00196692388,0.0011237129801884294,0.026689888909459114,0.002479896880686283,30978.31945515537,19071.619030469057
0.12758481149457612,0.0,0.04064041688429959,0.13280909555798956,0.17456338035821956,0.11837992032024203,-0.008325836074124293,0.0,-17.3648395836251,16.953309208219082,-0.20576518770300822,34.31814879184418,-31.768479347229004,-31.76215410232544,-31.76531672477722,0.006325244903564453,-0.0007503094966523349,-0.0018887016922235489,0.018145473673939705,0.018224097788333893,-0.0018886635079979897,-0.0007903643418103456,0.018726889044046402,0.01765185408294201,-111.44353367160139,35852.01016081837,0.0011193744139745831,-78.96517427026664,35842.824156585244,0.0010991659946739674,0.026036500930786133,0.002387668238952756,30978.461741970143,19983.4523493264
0.3044411031710921,0.14064441247523796,0.4224187564360588,-0.022732835149211685,-0.2450686820642231,-0.15676032041034532,0.2753588070925649,-0.6491681270355174,-17.23492775451126,17.422808688408338,0.09394046694853841,34.6577364429196,-31.78816318511963,-31.774938106536865,-31.781550645828247,0.013225078582763672,0.00178026151843369,-0.0009793866192921996,0.01804596558213234,0.018240375444293022,0.0017457869835197926,-0.001057158806361258,0.01802781969308853,0.018312547355890274,-136.30070476138306,35850.24881794608,0.0011176761472597718,-101.06512528981021,35851.74647001775,0.0011134848464280367,0.02453838661313057,0.005237481091171503,30707.409294140572,19629.732728286734
0.2519717051295836,0.20317364623850762,-0.07100477225643886,-0.09438873685859901,0.07401715699716344,0.29108055112909503,-0.07136839625728386,0.0,-19.266543362814758,16.514380950046615,-1.3760812063840717,35.78092431286137,-31.772947311401367,-31.79927349090576,-31.786110401153564,-0.02632617950439453,0.0013745558680966496,0.0014872594038024545,0.018495649099349976,0.017850253731012344,-0.001682596979662776,0.0011578776175156236,0.017915258184075356,0.018321452662348747,-156.91523276653078,35850.04425488032,0.001099250977858901,-133.80579744689757,35841.40205147909,0.0011127078905701637,0.026474272832274437,0.0029488576110452414,30482.62856904956,18319.854469939502
-0.018267661761428793,0.05210526408583096,0.2880404220411144,0.38242819985210774,0.18219335675889448,0.0711196702646516,0.14900320808242917,0.0,-16.823822901464496,17.332825575738553,0.2545013371370288,34.15664847720305,-31.829726696014404,-31.793859004974365,-31.811792850494385,0.03586769104003906,-0.001711555290967226,0.0010819574818015099,0.017899001017212868,0.018212970346212387,0.0008597395499236882,-0.00184508110396564,0.017590604722499847,0.01865624077618122,-57.667218134204646,35865.697692355556,0.001139067462645471,-48.790891654415674,35841.15230082098,0.0010970748262479901,0.02437749318778515,0.005201277788728476,30749.012105060236,18803.51184523566
0.9713335531083005,0.8796492734041716,0.4022199115953571,-0.0216978672485916,-0.013665462718011778,-0.015486691047585266,-0.7244190647431887,-0.9170202866588862,-19.983841037382604,19.03106641655006,-0.47638731041627125,39.014907453932665,-31.674938201904297,-31.65245532989502,-31.663696765899658,0.022482872009277344,0.00189442397095263,-0.0007855481817387044,0.01840575411915779,0.018358051776885986,-0.0017714172136038542,-0.001082221744582057,0.01893404871225357,0.01790858991444111,-123.48259762308587,35850.76826664817,0.0011123502627015114,-95.74394116390293,35841.17749377275,0.0011180259753018618,0.024956941604614258,0.005275699310004711,30944.855331563973,19537.371619026988
0.021680620120375603,0.0,0.022992666243214388,0.12278865527251806,0.15309437759385586,0.018003753793054522,-0.04050645866449998,0.0,-18.76634668951141,15.967110327791232,-1.399618180860088,34.73345701730264,-31.5708589553833,-31.59219980239868,-31.58152937889099,-0.02134084701538086,0.0018272229935973883,0.0009884873870760202,0.019118262454867363,0.018073875457048416,0.001968774013221264,-0.000701568671502173,0.018630318343639374,0.018482904881238937,-102.51328871702079,35852.88493154787,0.0011257529258728027,-128.61291677992594,35843.071793686526,0.001095967018045485,0.026997225359082222,0.0032610069029033184,30476.914137660206,18408.050508484812
0.9723397967911248,0.9317576286930604,0.7531275227937276,0.3491561315335752,-0.013366242212298318,-0.0894902168267046,-0.3750183968913353,-1.0,-20.606027886008633,16.789468405536184,-1.9082797402362246,37.395496291544816,-31.685173511505127,-31.645913124084473,-31.6655433177948,0.0392603874206543,-0.0017967335879802704,0.0009918160503730178,0.01826574094593525,0.01845388486981392,0.0013331621885299683,0.0015915167750790715,0.018739543855190277,0.018140416592359543,-47.61237865484446,35862.91527698644,0.0011315766023471951,-102.56793826474333,35848.820049528294,0.0011055830400437117,0.024759087711572647,0.005196358542889357,30893.893781381168,18928.153579978225
0.09687016548154004,0.01075055909564599,-0.09115917532469306,0.1006097163778151,0.19410841997237166,-0.19308983364490256,-0.20878677762354558,0.0,-17.688687519653683,19.571932685403937,0.9416225828751266,37.26062020505762,-31.76762104034424,-31.813273429870605,-31.790447235107422,-0.04565238952636719,0.0017797339241951704,-0.0009794224752113223,0.018092099577188492,0.01828077994287014,4.827246084460057e-05,0.0020380306523293257,0.017714688554406166,0.01845836080610752,-116.9684186334129,35837.701191441316,0.0010907307732850313,-99.87358368534716,35847.85271632289,0.0011242037871852517,0.02467201091349125,0.005310732405632734,30744.296824986443,18838.012906784865
0.49730584781699405,0.38744043371817144,0.2936983281499594,0.11406612168144188,-0.2686127008212741,-0.03701936031720032,0.19119808841416208,0.0,-13.166346054408109,21.305865560228824,4.0697597529103575,34.47221161463693,-31.984944343566895,-32.003865242004395,-31.994404792785645,-0.0189208984375,-0.0016649984754621983,0.0010783971520140767,0.017570247873663902,0.01790250837802887,-0.001451715361326933,-0.0013678409159183502,0.01807425171136856,0.017312968149781227,-136.3502705661268,35843.38895285496,0.0011391143780201674,-117.69981344524976,35860.68644632043,0.0011252335971221328,0.02410881035029888,0.0052283876575529575,30740.935763844638,18922.303037546262
-0.4933610424029962,-0.7047779460244348,-0.957335443968733,-0.9384559282401647,-0.23956859410165188,-0.10446958906620851,-0.3506318986801361,1.0,-16.230808832986256,18.59632302005116,1.1827570935324516,34.827131853037415,-31.903386116027832,-31.91845178604126,-31.910918951034546,-0.015065670013427734,-0.0013620295794680715,0.0011583527084439993,0.017786962911486626,0.01804378628730774,0.00036958459531888366,-0.0019779945723712444,0.017377661541104317,0.018354417756199837,-48.55570876297002,35750.201248314836,0.0011711373226717114,-140.79861076662596,35849.962723295415,0.0011042075930163264,0.02417253516614437,0.005178110674023628,31007.956790971846,18073.572511941697
0.028184133635945418,0.0,0.23785634814129172,0.32060517447109427,-0.05354290821562119,-0.08330841890363072,0.013262935638583273,0.0,-16.446591189273704,17.457235561732574,0.505322186229435,33.90382675100628,-31.931180953979492,-31.936652660369873,-31.933916807174683,-0.005471706390380859,-0.0013610863825306296,0.0014687464572489262,0.01746196672320366,0.018223753198981285,-0.0007774676196277142,-0.001846740604378283,0.01782107725739479,0.017849992960691452,-138.4494878676325,35846.54882434212,0.0011247972724959254,-51.63939949281614,35851.776272761905,0.001113188685849309,0.024223685264587402,0.004414606839418411,31267.782229781194,17179.95456624385
0.6812590780802641,0.36400598065942946,0.20799167484994086,-0.17295457771898803,0.2399168022305298,0.4559471155587117,0.15651450933768696,0.0,-17.96530575852097,18.017788105327668,0.026241173403349194,35.98309386384864,-31.968295574188232,-31.96528673171997,-31.9667911529541,0.0030088424682617188,0.0019838002044707537,9.027324267663062e-05,0.018173184245824814,0.01736007072031498,0.001821103855036199,-0.0008322268258780241,0.01775667630136013,0.017796413972973824,-119.22541375793611,35851.78241746445,0.00112124381121248,-115.57503177609514,35862.13835404108,0.0011274470016360283,0.025127198547124863,0.0038630629424005747,30466.004968976893,18756.98548961508
-0.01319240133431226,0.0,0.0881705136791155,0.23731407874077337,0.23093799432963458,0.0902222624900767,0.09688273682067639,0.0,-16.33955489304026,18.183350625107323,0.9218978660335324,34.52290551814758,-31.898627281188965,-31.933302879333496,-31.91596508026123,-0.03467559814453125,0.0005617353599518538,0.0019150611478835344,0.017779534682631493,0.01804892159998417,-0.0006440667202696204,-0.0018997640581801534,0.01775515079498291,0.017929108813405037,-77.30658402846447,35846.02118870582,0.0010976633056998253,-103.04563753971179,35851.3611752808,0.001131605007685721,0.02543518878519535,0.0020897486247122288,31224.81923815891,18275.353903441934
0.9805882003154143,0.9357640740900939,0.754910787884026,-0.03499275352117076,-0.2191705468783572,-0.24232727869275117,-0.4667888368823863,-1.0,-17.78086624737466,20.27738565643554,1.2482597045304402,38.0582519038102,-31.894478797912598,-31.86924457550049,-31.881861686706543,0.025234222412109375,-0.001399842556566,0.0014274060958996415,0.01756228134036064,0.018276892602443695,0.0016340002184733748,0.0011910900939255953,0.018432823941111565,0.017503859475255013,-87.23552520056751,35856.508186778505,0.001128457486629486,-45.83331184535458,35843.33301941164,0.001116343541070819,0.024326836690306664,0.004401283338665962,31266.49129896974,17181.35361363509
0.011648560577050366,0.0,0.018858968583294,0.14316570298437392,0.2267962972857308,0.08712706739842307,-0.015601134688902452,0.0,-15.457439372406583,17.920717688221828,1.2316391579076225,33.37815706062841,-32.029902935028076,-32.0276403427124,-32.02877163887024,0.002262592315673828,0.001695174491032958,-0.0010074281599372625,0.01752142235636711,0.01776904985308647,-0.0019135556649416685,0.0005178970750421286,0.017796235159039497,0.0175019521266222,-116.09423786535994,35849.38133725151,0.0011190423974767327,-123.81220916733157,35846.76622809893,0.0011035756906494498,0.023801472038030624,0.005158096551895142,30752.2028742419,18948.53417719843
0.8300876867363177,0.8741492412963733,1.0,0.26792142045019646,-0.24480330619626486,-0.18606282258762258,-0.5086806043900634,-0.9161148152840273,-15.473914568626782,20.130446322745144,2.328265877059181,35.604360891371925,-32.1142578125,-32.10038185119629,-32.107319831848145,0.013875961303710938,0.0017020741943269968,0.0009662550291977823,0.017954155802726746,0.016982097178697586,-0.0007116605993360281,-0.0018461726140230894,0.017457041889429092,0.017546439543366432,-63.4410119057053,35844.51166544468,0.0011120213894173503,-174.75594653190635,35856.01047536056,0.0011417657369747758,0.02527802810072899,0.0029855631291866302,30478.648612734993,18374.82704498018
0.23314782753467111,0.21701038653461302,-0.08376386842358989,-0.0015564214403048227,0.1298134974170318,0.10963581348246054,0.010767012271516774,0.0,-19.2715344290379,16.51062216744117,-1.3804561307983647,35.78215659647907,-31.685714721679688,-31.62285089492798,-31.654282808303833,0.06286382675170898,0.0017290760297328234,0.001099137938581407,0.018841657787561417,0.017863497138023376,0.0018240633653476834,0.000995929935015738,0.019014062359929085,0.017954016104340553,-84.17104303821237,35851.51092907375,0.0011243947083130479,-73.51033558494767,35844.87878643928,0.0011118517722934484,0.02658504620194435,0.0031674904748797417,30477.783970667602,18382.452703509996
0.074037113937843,0.0,0.25773729824414365,0.3142444146543989,0.21039450351128122,0.046201624730584645,0.08060197235611488,0.0,-13.39588841599354,19.751391252336816,3.1777514181716384,33.147279668330356,-31.505579948425293,-31.485402584075928,-31.49549126625061,0.020177364349365234,0.002094762399792671,-0.00012871109356638044,0.01909809745848179,0.018381914123892784,-0.0020274086855351925,-0.0006176106981001794,0.01932462863624096,0.01823173649609089,-142.37137077678275,35850.241579681955,0.0011140789138153195,-153.03104892897633,35845.54155288419,0.0010972918244078755,0.026331741362810135,0.0041166990995407104,30468.969129990594,18948.969365469085
0.9712100959738417,0.7548092340503071,0.3146747666703203,-0.07648010123358429,-0.030751823768444153,-0.3146109343963683,-0.6692430308325993,-1.0,-20.201237261817653,19.148332572761262,-0.5264523445281952,39.349569834578915,-31.524834632873535,-31.595633029937744,-31.56023383140564,-0.07079839706420898,-0.0012310459278523922,0.0016890796832740307,0.01822584681212902,0.0191666092723608,-0.0016151340678334236,0.0013237108942121267,0.018257245421409607,0.01883717253804207,-109.35366331362486,35842.31176375828,0.0011079914402216673,-146.81288519058603,35861.7773532655,0.0011320274788886309,0.02552345208823681,0.0036524366587400436,31254.505280459867,17214.470302029356
0.08317141073125647,0.0,0.12509893270097208,0.231066589723419,0.2020798051959205,0.13985721917617344,0.01979539254250129,0.0,-17.26737899147281,17.058263305495757,-0.10455784298852677,34.32564229696857,-31.66346549987793,-31.590442657470703,-31.626954078674316,0.07302284240722656,0.0019019446335732937,-0.0008080573170445859,0.018417587503790855,0.0183933787047863,0.0019925949163734913,0.0006302953697741032,0.01909729838371277,0.0180077962577343,-101.74913536115861,35840.956382768,0.0011246083304286003,-89.80039405466327,35828.24384529983,0.0010955730685964227,0.02511332370340824,0.00524514215067029,30705.333557727186,19696.362086387362
0.9707467310408052,0.9690495585144248,0.7391428956592557,0.38788788078563474,0.08688603252637722,-0.05476164095759839,-0.37602249924680403,-1.0,-16.062773117838447,22.799655630270337,3.368441256215945,38.86242874810878,-31.514663696289062,-31.491990089416504,-31.503326892852783,0.022673606872558594,-0.0004555683699436486,0.0020454167388379574,0.01820010505616665,0.019233422353863716,-0.0015375139191746712,0.0014507845044136047,0.018415626138448715,0.019121939316391945,-100.51070818855098,35856.54119903422,0.0011031239992007613,-103.83813489083248,35844.79002071587,0.0011174207320436835,0.025875885039567947,0.001961196307092905,31237.73456828598,17432.537928669586
0.07515012955039695,0.0,0.03754181453085714,0.06212381642400561,0.09219912718912987,-0.027597964387098273,-0.0956904752431953,0.0,-17.369761712240688,18.6421760359234,0.6362071618413552,36.01193774816409,-31.257312297821045,-31.24882936477661,-31.253070831298828,0.008482933044433594,0.0004901885404251516,0.00209682434797287,0.019083870574831963,0.0194885041564703,0.0016878040041774511,0.0013654213398694992,0.019769063219428062,0.018829965963959694,-143.35666554759098,35844.13041963874,0.0010916410246863961,-69.05687684844058,35865.4876154433,0.001116714091040194,0.027560852468013763,0.002153600100427866,31226.0244862985,18130.032978617633
0.7365809262370577,0.9883890729390267,0.7647748587500462,0.030254654293405348,-0.23511710355514243,0.10198510414021184,0.27805062548148607,-0.44274241033854533,-16.965942978833766,19.380474136384436,1.2072655787753348,36.3464171152182,-30.88162899017334,-30.730996131896973,-30.806312561035156,0.1506328582763672,0.0022539810743182898,-0.00014051736798137426,0.020512770861387253,0.019758593291044235,5.4864729463588446e-05,-0.002308208029717207,0.020024381577968597,0.020947029814124107,-14.759519447039676,35841.49111039358,0.0011165603064000607,-52.43461002525687,35834.24757402079,0.0010963832028210163,0.028139427304267883,0.004627718590199947,30463.964680918125,18899.30725174675
0.051246221078509055,0.0,-0.06255319907801787,-0.023952435264122746,0.16022724793700616,0.13816059445201356,-0.11818608561569266,0.0,-19.82130041430088,17.569652043832406,-1.1258241852342366,37.390952458133285,-31.016461849212646,-31.031742095947266,-31.024101972579956,-0.01528024673461914,-6.859012501081452e-05,-0.0022070943377912045,0.019434800371527672,0.02021721377968788,0.0004253704100847244,0.002184134442359209,0.01954408548772335,0.020040491595864296,-63.0915829099174,35853.358822925744,0.001085235271602869,-94.53565078884024,35837.11709766367,0.0010914040030911565,0.027952633798122406,0.001894530956633389,31229.224527125065,17781.461040848215
0.08796534365459155,-0.0003557948992278171,0.1886999600440689,0.18508835280199126,-0.1069910073291933,-0.259682016752985,-0.03256169013610122,0.0,-14.806415856268302,19.72602838413826,2.459806263934979,34.53244424040656,-30.70091485977173,-30.678603649139404,-30.689759254455566,0.02231121063232422,0.001742769731208682,0.0015056491829454899,0.021022001281380653,0.02009303867816925,0.0009168171091005206,0.0021354611963033676,0.020608926191926003,0.020620696246623993,-59.62491557663055,35854.38450241147,0.0011120770359411836,-43.260288387157495,35855.928396976386,0.0011014716001227498,0.029897943139076233,0.0033340437803417444,30482.251179765317,18316.802350500482
0.9758109898569168,0.6926867265481955,0.011628594283099036,-0.18736752587355388,0.15575016467905817,0.15928485276183596,-0.6153547623493937,-0.911635938472086,-18.903336255418708,19.25480242402344,0.17573308430236523,38.158138679442146,-30.53973913192749,-30.401594638824463,-30.470666885375977,0.13814449310302734,0.001058290945366025,0.0020908676087856293,0.02101161703467369,0.020884284749627113,-0.0014202301390469074,-0.0019306624308228493,0.02155226282775402,0.021010272204875946,-13.02659119514479,35840.581137627356,0.001092970254831016,-99.51211136010895,35833.5114071521,0.0010999026708304882,0.03000130131840706,0.003009370295330882,30731.842393977782,18984.9862264249
0.048518453933114436,-0.004995145361530778,0.14418100640290943,0.21840414852628004,0.1717659535505967,-0.17400947918906734,-0.013393126746123363,0.0,-17.154014302043834,20.68809153023267,1.7670386140944174,37.8421058322765,-30.175275802612305,-30.149202346801758,-30.16223907470703,0.026073455810546875,0.0017531870398670435,-0.0017002299427986145,0.021426692605018616,0.022257070988416672,-0.00024764356203377247,0.0024557888973504305,0.0213517714291811,0.0224552433937788,-68.60092121473724,35843.35929991662,0.001089113182388246,-70.27089169008893,35840.04461454501,0.0010978023055940866,0.029539208859205246,0.005534032825380564,31264.935621017503,17181.53743112322
0.0002729842089387313,-0.16856102880730783,-0.5152154038826475,0.10380980006034574,-0.008272213955749686,0.26340345396576925,0.13610690956612087,0.008343938760172614,-13.765215250724452,22.95921470725966,4.596999728267605,36.724429957984114,-30.130972862243652,-30.15190362930298,-30.141438245773315,-0.020930767059326172,-0.0016420737374573946,-0.0018291634041815996,0.022327937185764313,0.021580403670668602,-0.0014494936913251877,0.0019956754986196756,0.021330494433641434,0.022462280467152596,-89.52081794450642,35849.89835730845,0.001086134579963982,-51.53163402445721,35845.86453156189,0.001093846163712442,0.03182850778102875,0.003428164403885603,30484.782751568313,18395.631418666457
0.07707630818066807,-0.009411929440761774,0.029788147432883612,0.1864811463802909,0.27198524206976105,0.09865803437576298,-0.0367054049225789,0.0,-19.048274070372713,17.199565251643918,-0.9243544093643976,36.24783932201663,-30.209686756134033,-30.2288818359375,-30.219284296035767,-0.019195079803466797,0.0019922200590372086,-0.0013900523772463202,0.021519271656870842,0.02199738286435604,0.0008690712274983525,-0.002286551520228386,0.021059740334749222,0.022342033684253693,-63.399736558769405,35828.69292854244,0.001077426946721971,-57.8311152954551,35842.47908364284,0.0010852429550141096,0.029318388551473618,0.006065728142857552,31019.318445093104,18109.685014738687
0.973248901894871,0.9746202052676917,0.8475330447967833,0.279578550692393,-0.2871649761464047,0.06713153252217541,-0.2600083587496699,-0.81915166391913,-15.446627844875763,19.85698610079197,2.205179127958104,35.303613945667735,-30.17122507095337,-30.157058238983154,-30.16414165496826,0.014166831970214844,0.001795485382899642,0.001652624225243926,0.022320842370390892,0.021381443366408348,0.002451564883813262,0.0003230475995223969,0.022453418001532555,0.021312246099114418,-97.52497715033661,35842.47621649206,0.0010897318134084344,-31.550241751355216,35839.841794128144,0.0010957616614177823,0.031722646206617355,0.0035363961942493916,30482.392384644307,18334.464118840508
0.021897804255622856,0.0,-0.06899456825470161,-0.0463611374717183,0.11775763693007435,0.10409678033414915,0.0077123057488877045,0.0,-17.271869595528415,18.239357214857392,0.4837438096644888,35.51122681038581,-30.10906457901001,-30.09716033935547,-30.10311245918274,0.011904239654541016,0.0023270549718290567,-0.0008015588391572237,0.022117000073194504,0.021908452734351158,0.001410326105542481,-0.0020368886180222034,0.02145293541252613,0.022616583853960037,-63.990577893513574,35849.82310492747,0.001093612052500248,-28.504387412471864,35845.537372978746,0.001069753896445036,0.030162163078784943,0.006189333740621805,30459.276733881277,19921.11467295991
0.005060817321037744,0.0,0.3297592582523572,0.4731552337872573,0.13651224590292427,0.03342394169963392,0.15321251293279337,0.0,-18.655643642226323,15.94117105511583,-1.3572362935552462,34.596814697342154,-30.078113079071045,-30.091466903686523,-30.084789991378784,-0.013353824615478516,0.0019166351994499564,-0.0015635164454579353,0.021757112815976143,0.022420626133680344,0.0008559031412005424,-0.0023359721526503563,0.02139447256922722,0.022699039429426193,-59.39729872913995,35838.05558968281,0.0011002051178365946,-30.878082322872938,35840.47704484651,0.0010882593924179673,0.029772724956274033,0.0059355818666517735,31273.43183449016,17293.572438625368
0.9828805690776579,0.7766024198803213,0.3212631844919269,-0.21630395989834506,0.1451666691892855,0.03440772251601765,-0.40813492492671105,-0.4884917923605785,-19.23100322537161,19.82601641696698,0.29750659579768524,39.05701964233859,-30.14402151107788,-30.135438442230225,-30.139729976654053,0.00858306884765625,-0.001463801134377718,0.001958908047527075,0.021376820281147957,0.022459590807557106,-0.0024381750263273716,0.00039520475547760725,0.022253738716244698,0.021632514894008636,-47.3940545841977,35842.17732588289,0.0010836230358108878,-59.29496323197521,35838.55636198283,0.0011066441657021642,0.029854666441679,0.004380261991173029,31257.342399292433,17204.97719558613
-0.0016714176697431382,0.004288444668056112,0.09352879355355573,0.2132329169729917,0.1940093276248773,0.10549001573488787,0.054642829867403764,0.0,-16.882785671486886,17.499026814512206,0.30812057151266004,34.38181248599909,-30.13960361480713,-30.1259183883667,-30.132761001586914,0.013685226440429688,0.0005879546515643597,0.0023750076070427895,0.021721219643950462,0.02214878425002098,0.0016410229727625847,0.00184747448656708,0.022345537319779396,0.021586883813142776,-36.863519337057845,35855.94823360862,0.0011040469398722053,-59.68579326925531,35844.97394322319,0.0010902886278927326,0.031117241829633713,0.0024137727450579405,31225.781913497627,18080.879143588532
0.014332118800937432,-0.032706338707144456,-0.202109550228053,-0.5214128586037278,-0.5821563478107368,0.42132734284490975,0.21794253168452796,-0.021251961743821515,-19.820994962224518,19.60482983168538,-0.10808256526956939,39.4258247939099,-30.01112699508667,-30.016119480133057,-30.013623237609863,-0.004992485046386719,-0.0018457061378285289,-0.0016756376717239618,0.02273966744542122,0.02177462726831436,0.002066365908831358,0.0014119429979473352,0.02283601090312004,0.021645978093147278,-41.47967159429038,35832.39159121038,0.0010822179028764367,-75.51635833406112,35852.35114964978,0.0011068173917010427,0.03226161748170853,0.0036739150527864695,30481.264388248204,18316.56006826287
0.03414053328633296,-0.003307681094503581,-0.07956967841583382,0.08380317975265406,0.085674574294894,-0.014707674008067106,-0.07146564596921035,0.0,-16.119168103315133,19.379252478681792,1.6300421876833298,35.498420581996925,-30.09816884994507,-30.104427337646484,-30.101298093795776,-0.006258487701416016,0.002027316950261593,0.001388557138852775,0.02260340377688408,0.02146386168897152,-0.0006856278050690889,0.0023811114951968193,0.02138001099228859,0.022649426013231277,-74.90306340202598,35832.759744541334,0.001088080694898963,-77.05279647563727,35834.23293846587,0.0010758349671959877,0.03194136545062065,0.0037273475900292397,30479.653035966698,18345.238806019122
0.9474002662272782,0.9485791337206476,0.808290272411005,0.10650681020233624,-0.25153016350364926,-0.10850567708183156,-0.35214045789176107,-0.9738554911699269,-17.691117716551645,18.00371549374904,0.15629888859869823,35.694833210300686,-30.198440551757812,-30.19731044769287,-30.197875499725342,0.0011301040649414062,-0.0024340024683624506,0.00017462992400396615,0.022185174748301506,0.021382201462984085,5.221091123530641e-05,0.0024502770975232124,0.021331720054149628,0.022238144651055336,-43.818077263789974,35843.841225972916,0.001095323357731104,-91.03482983296485,35844.235524949516,0.0010934890015050769,0.030462021008133888,0.005067073740065098,30465.310057681323,19005.014603818185
0.5302736842621364,0.2915285607467094,-0.08563561466440338,0.11458222595258707,0.20499032823059332,-0.02811368357874755,-0.289038412812224,0.0,-19.108917594237653,19.492228467037194,0.19165543639977045,38.60114606127485,-30.194766521453857,-30.208308696746826,-30.201537609100342,-0.01354217529296875,-0.0023433922324329615,0.0006596125895157456,0.021968699991703033,0.021623915061354637,0.0020595260430127382,-0.0013334936229512095,0.021551700308918953,0.021969791501760483,-97.60195897283423,35835.588543717044,0.0010867887176573277,-51.998987270060866,35845.616152260496,0.001095938147045672,0.029977157711982727,0.006069132126867771,30457.33188692006,19685.451944820055
0.007007099429658159,-0.02019688896838936,0.22328478629491652,0.32790828087941554,0.15723379959140552,0.05674087966477431,0.054936060131835496,0.0,-15.008026586580627,17.522836645418153,1.2574050294187629,32.53086323199878,-30.313193798065186,-30.555133819580078,-30.434163808822632,-0.24194002151489258,0.0007194275967776775,0.0023087626323103905,0.021358124911785126,0.02164268121123314,0.001313919434323907,0.0019476348534226418,0.021128112450242043,0.020690366625785828,-84.3576327033862,35845.338766463894,0.0011013159528374672,-84.7758279039402,35845.979459504546,0.0010746155166998506,0.0305788516998291,0.0024412283673882484,31225.021416520394,18150.774205534875
0.7881550779263925,0.5464265476876577,-0.06920962569388758,-0.17720208740942095,0.5291862361582116,0.5012007144039041,-0.04329465979440872,-0.5447539087263601,-18.860919385480827,20.096733862494602,0.6179072385068878,38.95765324797543,-30.878429412841797,-30.858757495880127,-30.868593454360962,0.019671916961669922,0.001741128508001566,0.0014307359233498573,0.020602833479642868,0.019680503755807877,-0.0019255089573562145,0.0012032660888507962,0.020015068352222443,0.020367324352264404,-54.0391077971221,35840.56969837637,0.0010944033274427056,-67.87237215508037,35855.54678616215,0.0011231600074097514,0.029126957058906555,0.00336840539239347,30480.3366245328,18325.56339276964
0.00923736481053095,0.0,0.23750286096795512,0.20991028268054526,0.13544349017262108,-0.020967559088180487,-0.05230379654870265,0.0,-16.23885632081584,18.1015109003734,0.9313272897787783,34.34036722118924,-30.613629817962646,-30.595626831054688,-30.604628324508667,0.018002986907958984,0.002314652781933546,-0.0002248837990919128,0.021129265427589417,0.020405396819114685,0.001635648077353835,-0.0016787557397037745,0.020376190543174744,0.021240485832095146,-75.66343209068633,35842.77853032487,0.001109675969928503,-33.00700004695802,35846.8532210499,0.001103073707781732,0.029238225892186165,0.004856098908931017,30464.578551175196,18955.914836483167
0.9813644471261451,0.981679996926961,0.628838801387958,0.13486814869460145,-0.06399061223261676,-0.061733325871141165,-0.40664662562371384,-1.0,-19.492337558027714,18.32597936271256,-0.5831790976575775,37.81831692074027,-30.358240604400635,-30.349795818328857,-30.354018211364746,0.008444786071777344,0.002388483379036188,0.00014114777150098234,0.02189110964536667,0.020877672359347343,-0.0024096465203911066,6.036231206962839e-05,0.021843092516064644,0.020968642085790634,-48.09600487976756,35852.71514117719,0.001106681302189827,-94.8485012705342,35846.36062527101,0.0011006426066160202,0.03008328191936016,0.004653343465179205,30466.584578950944,18752.639930123252
0.06062354394808956,-0.009519426843724385,0.0092039801451433,0.16479251447876647,0.18932090247696454,0.054501256133775045,-0.10434019925255134,0.0,-18.46134336136197,17.86335636870342,-0.29899349632927397,36.32469973006539,-30.29759168624878,-30.294837951660156,-30.296214818954468,0.002753734588623047,-0.0021798661909997463,-0.0010102589149028063,0.02214624360203743,0.020917542278766632,-0.0013768661301583052,-0.0020002909004688263,0.021782657131552696,0.021306879818439484,-10.4182658283265,35835.66357629619,0.0010754495160654187,-84.49830796483107,35849.57388983837,0.0010830035898834467,0.031036140397191048,0.0038564708083868027,30475.571769440852,18449.835678384985
0.8921973507088022,1.0,0.6560117519947246,0.10861265588920202,-0.31660808450260697,-0.3000214817770092,-0.37305871976570304,-0.8641942675374439,-16.87089222036377,20.034085385515368,1.5815965825757985,36.90497760587914,-30.23350954055786,-30.247411727905273,-30.240460634231567,-0.01390218734741211,-0.0022764261811971664,-0.0008675304125063121,0.022325795143842697,0.021054135635495186,-0.002247700933367014,0.0009382901480421424,0.021681325510144234,0.02164742909371853,-75.21657155681385,35837.96389130027,0.0011135553941130638,-81.09961757346153,35833.97236826147,0.0010972167365252972,0.0313638374209404,0.003934741020202637,30475.055596311253,18480.932386084154
0.21012216849721616,0.07163645617797598,-0.0767320506022392,0.006191467048349553,0.27588220827025484,0.13235750583352518,-0.1028253397303247,0.0,-20.625445245598826,17.469947995079934,-1.5777486252594457,38.09539324067876,-30.214807987213135,-30.225391387939453,-30.220099687576294,-0.01058340072631836,-0.0024177823215723038,0.00019698661344591528,0.022131145000457764,0.021355794742703438,0.0010929238051176071,0.0021877409890294075,0.021790310740470886,0.021647794172167778,-49.94366928391593,35852.60890832945,0.001102010952308774,-130.0249019397063,35845.56930688641,0.0010833985870704055,0.030167654156684875,0.005363808944821358,30462.55916698524,19058.119583746575
0.49739500879630355,0.26661563504793057,0.7812953609137128,0.5511202432404695,-0.227376939704168,-0.42520460138349775,0.08727268403258293,0.0,-15.411277166952232,20.944563578224205,2.7666432056359866,36.35584074517644,-30.31097650527954,-30.321052074432373,-30.316014289855957,-0.010075569152832031,0.0007641182746738195,-0.002287553623318672,0.0208718404173851,0.022123469039797783,0.0012223260710015893,0.002082032850012183,0.02163250371813774,0.021329494193196297,-79.5151182173232,35837.671981858046,0.0011014369083568454,-43.621852043065374,35860.63491824239,0.001113040605559945,0.029619857668876648,0.002871175529435277,31244.038973772338,17331.448738026127
0.5466021119461276,0.31247311304935077,-0.022028736260928786,-0.20105830252569817,0.16739586506392473,0.30504439457720744,0.022966562505257082,0.0,-18.131473132609074,19.449449650100973,0.6589882587459499,37.58092278271005,-30.350258350372314,-30.367155075073242,-30.35870671272278,-0.016896724700927734,-0.00034001711173914373,-0.0023671784438192844,0.021087603643536568,0.021728096529841423,0.0009276348864659667,-0.002211160957813263,0.02072771266102791,0.021989688277244568,-89.70603220733251,35833.60975571828,0.0010914847953245044,-99.76343718066684,35839.03241757364,0.001099982880987227,0.030380815267562866,0.0021638202015310526,31227.88895744835,17916.81170060662
-0.017566744671092788,0.03791929509134854,0.16130527665207858,0.33716090493014433,0.17806110479055096,0.03598541180603998,0.14931560965203694,0.0,-17.707485220737794,16.996492358639784,-0.35549643104900497,34.70397757937758,-30.34353256225586,-30.353028774261475,-30.348280668258667,-0.009496212005615234,0.0017137075774371624,-0.0016631202306598425,0.021016903221607208,0.021829640492796898,0.001770131173543632,0.001625455217435956,0.021865075454115868,0.020930156111717224,-42.19458126908047,35850.901098543116,0.0010974061442539096,-70.92216414460702,35841.80017323371,0.0010895940940827131,0.02889280393719673,0.005360973067581654,31268.393588041992,17178.0367702289
0.9811933444898449,0.9088644513803233,0.6801938321331672,0.10521663076652654,-0.133312214100855,-0.2798632082749135,-0.6059684608522939,-1.0,-17.87101942546485,21.321247405459644,1.7251139899973964,39.192266830924495,-30.33748149871826,-30.32423496246338,-30.33085823059082,0.013246536254882812,0.0022443332709372044,0.0008502380806021392,0.0220567025244236,0.020808091387152672,-0.0019772497471421957,0.001398480380885303,0.021214785054326057,0.021728515625,-53.06258768785679,35846.69671575354,0.0010900609195232391,-7.806497197205353,35846.25217754185,0.0011114698136225343,0.030924614518880844,0.003921825438737869,30475.22679769003,18483.33293784135
0.008895872268366665,0.0,-0.025360083259756555,0.10866358731477799,0.21140756471416622,0.10558002975734404,-0.016953705614380365,0.0,-16.221929479060407,18.41624715172577,1.0971588363326816,34.63817663078618,-30.27200222015381,-30.25489091873169,-30.26344656944275,0.01711130142211914,0.002359617268666625,0.0005220838356763124,0.022192249074578285,0.02099890448153019,-0.0020336380694061518,0.0013349001528695226,0.021434659138321877,0.021854883059859276,-49.30446723900258,35843.39507208114,0.0010998891666531563,-73.041919117196,35843.06589968561,0.001092434162274003,0.030836137011647224,0.004155386704951525,30471.981289394338,18581.880907140745
0.9042241770281303,0.9757386663426691,0.9116727225241312,0.28255912907046143,-0.05436909391501804,0.020565377056423806,-0.4452407032948483,-1.0,-18.242814106573974,18.98444842712692,0.3708171602764736,37.227262533700895,-30.247700214385986,-30.283236503601074,-30.26546835899353,-0.03553628921508789,-0.0005186004564166069,0.002365745371207595,0.02105453796684742,0.022257616743445396,0.0012365533038973808,0.002090281108394265,0.02173113264143467,0.021417822688817978,-25.911184551128333,35845.726535762245,0.0010943517554551363,-111.1622428413787,35856.57212979943,0.0011187208583578467,0.030018221586942673,0.0022733781952410936,31237.432809651207,17448.26631411315
0.20285621738355422,0.13458440619564924,-0.09827048737417218,-0.0019892443270137228,0.06695380809290341,-0.02070638513221157,-0.08636539209789584,0.0,-18.10059435180773,18.806237236258482,0.3528214422253768,36.90683158806621,-30.261433124542236,-30.268659591674805,-30.26504635810852,-0.007226467132568359,-0.0023778299801051617,-0.00039552897214889526,0.022190673276782036,0.02105569653213024,0.002196168527007103,-0.001055041328072548,0.0215622428804636,0.021659795194864273,-52.90644317123267,35841.445151804655,0.0010988645954057574,-30.822111040946425,35834.81401113874,0.0010855233995243907,0.030794136226177216,0.004427229519933462,30470.834220874796,18712.195831476864
0.08196062280722402,-0.03439818338663651,0.2269223016377493,0.2578941616734175,0.060763061476413305,-0.06471540547864069,0.1412903517878501,0.0,-14.58075822821749,20.32726988261811,2.8732558272003104,34.9080281108356,-30.21916151046753,-30.189800262451172,-30.20448088645935,0.029361248016357422,0.0019609909504652023,-0.0014434806071221828,0.021467091515660286,0.02200053073465824,0.0022456953302025795,-0.0010008304379880428,0.02179734967648983,0.02181900292634964,-70.17025676728113,35855.04531952738,0.0011084278812631965,-90.18462471735825,35849.11624897502,0.0011035635834559798,0.029326913878321648,0.0062473793514072895,31009.436559753794,18059.70155927956
0.9657981016583312,0.8006283080989981,0.24652093308998252,-0.00769428466638572,0.0987449361738374,-0.24186494962077598,-0.7359740077549809,-0.9876018329785257,-20.447147688869507,18.837415126258577,-0.8048662813054648,39.28456281512808,-30.107200145721436,-30.150761604309082,-30.12898087501526,-0.043561458587646484,-0.0022229424212127924,-0.0010503808734938502,0.02263559214770794,0.021382320672273636,-0.0016189259476959705,0.0018546570790931582,0.0213991180062294,0.022403089329600334,-67.04721892235187,35833.49105840558,0.0010864281794056296,-66.47884356312747,35861.91953845508,0.0011191627709195018,0.03177972137928009,0.003993924241513014,30474.70703048296,18469.978702003427
0.03329131885612679,0.0,0.18112513464524232,0.2720868741739342,0.18666235189614974,0.0874771620954033,0.06103131988331112,0.0,-17.266399462427103,14.688816930732372,-1.2887912658473653,31.955216393159475,-30.230731964111328,-30.212430953979492,-30.22158145904541,0.018301010131835938,0.001579734613187611,-0.0018487644847482443,0.021203000098466873,0.02219860628247261,-0.0009739929810166359,-0.0022462583146989346,0.0217474102973938,0.021755889058113098,-70.91426021047172,35839.601530615415,0.0011138225672766566,-81.03428554725771,35832.52058983018,0.001082047587260604,0.029356490820646286,0.0051006898283958435,31263.595166211315,17177.288136137624
0.9738777156448852,0.9353879010189964,0.6832730312734905,0.28285769951697076,0.08600775423294632,-0.05936089526666832,-0.3821865453912992,-1.0,-18.386537157662303,21.32655610036835,1.4700094713530234,39.71309325803065,-30.15136480331421,-30.14878511428833,-30.15007495880127,0.0025796890258789062,0.0012918445281684399,0.0020728465169668198,0.02208026871085167,0.021731162443757057,0.0005493232747539878,-0.0024062893353402615,0.021285848692059517,0.02251981385052204,-57.56363269135693,35843.72218822992,0.0010855381842702627,-55.38164927085156,35848.53514452319,0.0011042207479476929,0.03151918947696686,0.003285040147602558,30486.49791500762,19285.679492261097
0.021464291395089825,0.0,0.04639449170677791,0.09610529984648461,0.14072905826731313,0.010832178815676052,-0.10202700266100306,0.0,-16.735149075561935,18.33174794687818,0.798299435658123,35.066897022440116,-30.21744728088379,-30.220417976379395,-30.218932628631592,-0.0029706954956054688,-0.002196825575083494,-0.0010436837328597903,0.022355593740940094,0.0211062990128994,-0.0019794071558862925,-0.0014297282323241234,0.022286217659711838,0.021163078024983406,-57.31660337225387,35838.54140876122,0.0010809729574248195,-49.8583185712931,35835.87749492301,0.001083836192265153,0.031531400978565216,0.0038489894941449165,30476.85520067915,18424.91844551156
0.7719111712964613,0.9753243868871391,0.6764011238308066,-0.07992900958435403,-0.26715433170521113,0.3374300398559965,0.2759935761999248,-0.6460284695983911,-14.947157516044683,21.63842138758571,3.3456319357705127,36.58557890363039,-30.151898860931396,-30.13077735900879,-30.141338109970093,0.021121501922607422,-0.001932250801473856,0.0015125734498724341,0.021593838930130005,0.022210650146007538,0.00010626694711390883,0.0024705426767468452,0.021515587344765663,0.022389745339751244,-49.89114746365908,35843.301732299915,0.0011016007047146559,-75.43943829248853,35849.16176284245,0.0011120726121589541,0.029505208134651184,0.006157920230180025,31270.134078252886,17957.241080297936
0.07473686646528105,-0.007898937528776816,-0.0738023876495696,0.07742957168468872,0.23926671976048852,0.12410947439967102,-0.14280258072266172,0.0,-20.651206775969086,18.10699426452888,-1.2721062557201037,38.758201040497966,-30.219061374664307,-30.265991687774658,-30.242526531219482,-0.04693031311035156,-0.0005891628097742796,-0.002345066051930189,0.021530931815505028,0.021940434351563454,-0.00221101101487875,0.0010120440274477005,0.021591003984212875,0.021645013242959976,-30.68460936562787,35835.64027985587,0.0010835517896339297,-100.0600791327984,35849.80913420576,0.0010873927967622876,0.03102187067270279,0.0027060359716415405,31224.080056187464,18755.28975099186
0.6183372371571391,0.6809032353447838,0.6118013843122752,0.3874576525664195,-0.16900823209030166,-0.364647490732124,0.06975707866032355,0.0,-15.451918915607905,19.88988748307878,2.2189842837354377,35.341806398686685,-30.372583866119385,-30.394423007965088,-30.383503437042236,-0.021839141845703125,0.002087789122015238,-0.001179364393465221,0.021231351420283318,0.021477116271853447,-0.00213433476164937,-0.001094634411856532,0.021909542381763458,0.020673679187893867,-89.06957749425096,35840.98700308066,0.0011180505389347672,-95.46153078697297,35843.76330045275,0.0011076461523771286,0.029112592339515686,0.006227497477084398,30707.90554731982,20123.440280276784
0.978070041296916,0.6088533068951372,-0.04999780710357084,-0.15944836742059543,0.3605097115948807,0.2016997766676369,-0.5557712168181275,-0.4736038829693342,-21.08652761663967,18.92455489402846,-1.0809863613056052,40.01108251066813,-30.363974571228027,-30.3766131401062,-30.370293855667114,-0.012638568878173828,-0.0023662960156798363,0.00026322578196413815,0.021726246923208237,0.021021638065576553,0.0003437791601754725,0.0023812432773411274,0.02102222852408886,0.021661315113306046,-32.71342850865053,35851.329180163455,0.001088494318537414,-107.38000477047945,35856.39648401709,0.0010969843715429306,0.029571007937192917,0.005393604747951031,30460.940909226836,19118.90757123989
-0.007646177700064098,0.0011776548083207471,0.1950105161555249,0.3230160085580699,0.051274726006433236,-0.11772898636112517,-0.02113546962349966,0.0,-15.625161951894881,19.883922957182904,2.129380502644011,35.509084909077785,-30.366954803466797,-30.3664231300354,-30.3666889667511,0.0005316734313964844,-0.0021332271862775087,0.0010849597165361047,0.021299898624420166,0.021437423303723335,-0.00015402355347760022,-0.002397404983639717,0.0209667831659317,0.02176492102444172,-88.3832513475655,35838.51757368898,0.0010973606258630753,-40.99125991560938,35854.14411364576,0.0011055627837777138,0.029118577018380165,0.006241024937480688,30471.35805459503,20129.140246564522
0.9381119515660561,0.7978720746218152,0.4502617127202705,-0.11758665785843163,0.1340407929748798,0.4300155233673129,0.30136164500043394,-0.12861787673413128,-17.441584666107985,18.289745713680304,0.42408052378615935,35.73133037978829,-30.357155799865723,-30.355842113494873,-30.356498956680298,0.0013136863708496094,-0.00035023619420826435,-0.002371466252952814,0.021073512732982635,0.02170743979513645,-0.00015318830264732242,0.002397659234702587,0.02087881788611412,0.02190054953098297,-95.14545918830972,35844.91067152352,0.0010933787561953068,-75.24746065625983,35847.95454915962,0.0010855022119358182,0.03032257780432701,0.0021746193524450064,31227.25679717676,17886.851520780525
-0.0010735431375220213,0.0,0.010677976678623025,0.212704580609865,0.2574449547610763,0.11070488882886642,0.035686832101771926,0.0,-18.554674913689553,17.111297799674333,-0.7216885570076101,35.665972713363885,-30.373480319976807,-30.44945001602173,-30.411465167999268,-0.07596969604492188,0.0008448605658486485,0.0022274779621511698,0.021291019394993782,0.02141527831554413,-0.0012085093185305595,0.0020481031388044357,0.020565325394272804,0.02175080217421055,-30.007895010339883,35831.975617063414,0.0010829935781657696,-50.997244115126136,35848.835416923386,0.001097613712772727,0.03053119406104088,0.002856064587831497,30978.137751733055,19459.30555840574
0.9111282988207702,0.9667607535356738,0.8074429249312869,-0.01564349912346287,-0.2782275916598899,-0.30508706498127103,-0.5323444294642252,-1.0,-15.122370179782479,21.449854094330846,3.1637419572741834,36.572224274113324,-30.532405376434326,-30.50398826599121,-30.51819682121277,0.028417110443115234,0.0005747014656662941,-0.0022765567991882563,0.0203623715788126,0.0215519517660141,0.0012217892799526453,0.0020338022150099277,0.021194512024521828,0.020870942622423172,-61.95770734377319,35839.924132440196,0.001108874916099012,-46.450986484694624,35829.89655559322,0.0011058658128604293,0.029003169387578964,0.0024659496266394854,31241.233040884556,17380.22512280798
0.05881068716616019,-0.0002014167092634527,-0.044913484595660996,0.09361624997894119,0.17058892010275534,0.10911644350772703,-0.01657309322967282,0.0,-21.018081154440154,16.764695377468655,-2.1266928884857492,37.78277653190881,-30.413084030151367,-30.38282871246338,-30.397956371307373,0.03025531768798828,0.002306837122887373,0.0005327098770067096,0.021834153681993484,0.0206623338162899,0.00210912199690938,0.001146588008850813,0.021931443363428116,0.020709242671728134,-31.276012231865014,35852.39659124451,0.0010954831959679723,-66.46434743285788,35840.05665883688,0.0010777759598568082,0.030202124267816544,0.00425348524004221,30470.733434841823,18646.827929402847
0.6378334657670675,0.5064174104987887,0.9953168785454074,0.5489080548904041,-0.19544559069901235,-0.49969116245389145,-0.010672522141013108,-0.22647477588959908,-17.336106799380957,17.580449099860516,0.12217115023977954,34.91655589924147,-30.25054693222046,-30.328176021575928,-30.289361476898193,-0.07762908935546875,0.0022682195995002985,-0.0008586901822127402,0.02172279544174671,0.021591197699308395,-0.0016144474502652884,0.0018035778775811195,0.02098042704164982,0.021935850381851196,-74.34389958691476,35835.68879560589,0.0010916860774159431,-79.32944585812533,35846.77394311818,0.0011120960116386414,0.029678624123334885,0.0060784234665334225,30707.53038340009,19686.20338972784
0.5666892258065991,0.4096134992888841,-0.07627689946458424,-0.1571956178762201,0.15923406331311518,0.2840090191400779,-0.08154820607850644,0.0,-13.887114188096916,24.04332383342731,5.078104822665196,37.930438021524225,-30.395965576171875,-30.37799835205078,-30.386981964111328,0.01796722412109375,0.0023249820806086063,-0.00048314942978322506,0.021545587107539177,0.021047741174697876,0.001608437392860651,0.0017828664276748896,0.02171829529106617,0.020956922322511673,-90.48678734891189,35842.34062791592,0.0011000283993780613,-73.64825269579816,35851.73678165326,0.0010935214813798666,0.029580555856227875,0.005387550685554743,30464.841899881474,19414.791324807276
0.02159630023850655,-0.021466710635559577,0.2711971933758748,0.3298511087388131,0.17905958642138128,0.08158351168847283,0.09719112806769359,0.0,-14.449156054938499,19.954068982000308,2.752456463530905,34.40322503693881,-30.21127700805664,-30.201570987701416,-30.20642399787903,0.00970602035522461,-0.0006464626058004797,0.002358660101890564,0.021123385056853294,0.02236822247505188,0.002243395196273923,-0.0010018744505941868,0.021763011813163757,0.021794084459543228,-41.532769275660335,35841.291830623195,0.0011015005875378847,-56.80945449404662,35850.37050872637,0.0010838599409908056,0.029888425022363663,0.0027176551520824432,31241.637106640297,17353.598855957003
0.9782278090778155,0.8602346792824056,0.5468004647538128,0.28091244720899555,-0.04380358353414743,-0.12808647137994822,-0.6438990593631526,-1.0,-13.407281897258798,23.61927203632777,5.105995069534487,37.02655393358657,-30.0823712348938,-30.131025314331055,-30.106698274612427,-0.04865407943725586,-0.002298702485859394,-0.0008961062412708998,0.022713065147399902,0.02142992615699768,0.001456382335163653,-0.002002023160457611,0.02138083055615425,0.022516917437314987,-117.58432307342996,35840.73255938403,0.0010780206648632884,-48.714393994099765,35839.26054154788,0.0010992055758833885,0.031965143978595734,0.003944512456655502,30476.29846532722,18453.391807347543
-0.026594163847771867,0.0015157930135483492,0.04085909685937204,0.13755248603902623,0.2329449901304282,0.12667540614747475,0.04445426583020329,0.0,-17.94796940679379,15.178898581404354,-1.3845354126947171,33.12686798819814,-30.21195650100708,-30.17270565032959,-30.192331075668335,0.039250850677490234,-0.002315209712833166,-0.0007597628282383084,0.022375214844942093,0.02111348696053028,0.002172123873606324,0.001137052895501256,0.02246819995343685,0.021217506378889084,-24.75129072480004,35865.17408917705,0.0011088543105870485,-34.33631750016245,35843.868072574456,0.001074673025868833,0.031215379014611244,0.004013148136436939,30473.282959058153,18507.43923717844
0.9250264152331581,1.0,0.8478717265681761,0.3205347428801799,0.004610650175512543,0.03037184782085367,-0.3945490710532789,-1.0,-16.954867285433693,21.187279812468347,2.116206263517327,38.14214709790204,-30.036087036132812,-30.052318572998047,-30.04420280456543,-0.016231536865234375,0.0008234629640355706,0.002339815953746438,0.02209976501762867,0.022297367453575134,-0.00027658671024255455,-0.0024793148040771484,0.021783411502838135,0.022522982209920883,-69.26950528709223,35845.880832396506,0.001097781816497445,-48.16038403386752,35841.86914260346,0.0011108487378805876,0.03167958930134773,0.0028397173155099154,31223.08116593263,18949.46809318113
0.07679136511898814,-0.006202562877823733,-0.030155558187780027,-0.03905923887751006,0.06988027538947578,-0.08336872701882603,-0.1834183431651687,0.0,-16.4266617635858,20.66487449058573,2.1191063634999665,37.09153625417153,-30.13643503189087,-30.155704021453857,-30.146069526672363,-0.01926898956298828,-0.002422441029921174,0.00034664233680814505,0.022267181426286697,0.021616131067276,-0.001729143550619483,0.0017523509450256824,0.021441886201500893,0.02233758568763733,-68.0531842677064,35844.98639433508,0.0010898757027462125,-77.62448730044933,35845.95027392276,0.0010783959878608584,0.03067389503121376,0.005446964874863625,30464.861437151547,19252.49184657481
0.03564711287346913,-0.01519784069574518,0.24682839850348798,0.22171526412909645,-0.03575894193104298,0.12633662236436854,0.22965056802262596,0.0,-17.408151353646304,17.468579202797912,0.030213924575804185,34.876730556444215,-30.174708366394043,-30.152227878570557,-30.1634681224823,0.022480487823486328,0.0021488931961357594,-0.0011724485084414482,0.02173936553299427,0.021953996270895004,0.002080773003399372,0.0013101452495902777,0.02249818854033947,0.02129180170595646,-16.134066725957293,35844.22131622492,0.0011150711216032505,-93.58458216861158,35838.792922603396,0.0011010738089680672,0.029537474736571312,0.006283475086092949,30945.09171650259,19554.115385054287
0.9829332878899213,0.8721618455893521,0.21887157923946693,0.006369478497787157,0.19660076131995213,-0.17277124359262397,-0.6782294316459537,-1.0,-19.025331891782344,22.401260673372406,1.687964390795031,41.42659256515475,-30.06925106048584,-30.051603317260742,-30.06042718887329,0.017647743225097656,0.0022136119659990072,0.0010774964466691017,0.02272797003388405,0.021483927965164185,0.0013967066770419478,-0.0020616515539586544,0.021555403247475624,0.022745365276932716,-39.1167760889183,35845.94131947879,0.0010823167394846678,-79.57658397873642,35833.31372664732,0.0010957395425066352,0.03190726786851883,0.003963250666856766,30475.461988944615,18453.369109582443
0.042563806544241675,-0.010886789644901468,0.10879427191190355,0.15091206003181779,0.06199750217748101,-0.018943447054448892,0.011516196029320858,0.0,-15.562701112165826,18.698215446393192,1.5677571671136832,34.26091655855902,-30.095345973968506,-30.12458324432373,-30.109964609146118,-0.02923727035522461,-0.0010816390858963132,0.0022123954258859158,0.021403752267360687,0.022673770785331726,-0.002382456324994564,0.0006605628877878189,0.022149937227368355,0.021794237196445465,-100.39300518750693,35845.68554916871,0.0011054271599277854,-59.989924934740536,35835.38028342231,0.0010740177240222692,0.030186399817466736,0.0037656945642083883,31250.794389784354,17247.89197153907
0.9885827065264008,0.9165843006834662,0.644079184807218,0.30081856039499844,0.13344276128331634,-0.060026061847505974,-0.4595000888265775,-1.0,-18.361326267800564,20.17955590613255,0.9091148191659926,38.54088217393311,-30.10443687438965,-30.129075050354004,-30.116755962371826,-0.02463817596435547,0.0024603891652077436,8.264494681498036e-05,0.022517496719956398,0.021520720794796944,0.001174619421362877,-0.0021730028092861176,0.02132309600710869,0.02258186787366867,-66.3505942709295,35837.98570492609,0.0010849920799955726,-68.85914678244802,35840.41082685472,0.001088706194423139,0.030964164063334465,0.004861286375671625,30466.841681118796,18805.56378848606
0.01948104260382521,0.0,0.014501676737560865,0.14450887408104782,0.14704597894955834,0.05690082368071431,-0.058415973007839406,0.0,-17.9223883330898,16.20807560049647,-0.8571563662966639,34.13046393358627,-30.108540058135986,-30.107178688049316,-30.10785937309265,0.0013613700866699219,0.001824638107791543,0.0016524046659469604,0.022485287860035896,0.021532990038394928,-0.0008064433932304382,0.0023382760118693113,0.021364636719226837,0.02265078015625477,-74.45689879790316,35838.49979485468,0.0010764054022729397,-44.545518155748574,35850.23245512953,0.0010917623294517398,0.03195810317993164,0.0035992308985441923,30481.850474112543,18307.346353386118
0.7767779154395863,0.9883231790169488,0.5888358301514758,-0.10545581026365575,-0.18057947815645056,0.276087525251955,0.2137916108524458,-0.3869145791397097,-16.215884661497284,19.974107770570242,1.879111554536479,36.18999243206753,-30.08563995361328,-30.083472728729248,-30.084556341171265,0.002167224884033203,0.0024483846500515938,-0.00036686795647256076,0.022398440167307854,0.021740617230534554,0.0003099538735114038,0.002472403459250927,0.021718697622418404,0.022428829222917557,-57.409327189225785,35838.64064083439,0.0011020121164619923,-31.51763523601979,35835.06440837214,0.0010948857525363564,0.030773453414440155,0.00535370921716094,30465.385012873176,19237.076786755704
0.08971454044189409,-0.0031617861980050097,0.01039378445477604,0.15924723869535498,0.2114399121256244,0.2138709313704168,-0.06725394267743656,0.0,-19.931752213955065,18.546036571339926,-0.6928578213075696,38.47778878529499,-30.207533836364746,-30.20134210586548,-30.204437971115112,0.006191730499267578,-0.0014920963440090418,0.0019062998471781611,0.021242409944534302,0.02227638103067875,0.0018717352068051696,0.0015894579701125622,0.02228240855038166,0.02126409485936165,-53.01421446215472,35848.11109681778,0.0010725944302976131,-75.13667385806419,35838.22454142073,0.0010921945795416832,0.029539931565523148,0.004351393785327673,31257.09517169812,17207.795674057124
0.25644954138154974,0.23433747930670729,0.2868467006751976,0.205443180813365,-0.20974489293096266,-0.325637965943802,0.05895200023954916,0.0,-15.795913313011681,19.63090716285774,1.9174969249230287,35.42682047586942,-30.204496383666992,-30.188329219818115,-30.196412801742554,0.016167163848876953,-0.002061051782220602,0.0013014063006266952,0.02158515155315399,0.021957779303193092,-0.0020687305368483067,0.0013282501604408026,0.021610230207443237,0.022011738270521164,-35.4072520417754,35846.4352720559,0.0011067800223827362,-40.764091607402165,35846.27170622779,0.0010950297582894564,0.029538080096244812,0.006325669586658478,30745.917084567223,18752.45437636637
0.44975238119289956,0.23982970295118922,-0.08225569080966344,-0.07519483534517302,0.3617050915400472,0.40577032316176503,-0.008689630189540165,0.0,-18.45846204233709,18.961666047097594,0.25160200238025254,37.420128089434684,-30.248401165008545,-30.251996517181396,-30.25019884109497,-0.0035953521728515625,-0.0020762435160577297,-0.0012298261281102896,0.022244542837142944,0.02106574736535549,-0.0016436409205198288,-0.0017987805185839534,0.022044166922569275,0.0212542861700058,-82.17943391640742,35835.1169784812,0.0010860322508960962,-96.4152840256782,35844.67439459335,0.0011014771880581975,0.03124583140015602,0.0037424664478749037,30477.762762284918,18402.035958783916
0.02399785067741786,0.0,0.25651183158363783,0.3489889093836803,0.09387953279605216,-0.18959299664624374,-0.0015638983398610362,0.0,-19.84936539960674,17.11479824872015,-1.3672835754432953,36.96416364832689,-30.2394437789917,-30.252232551574707,-30.245838165283203,-0.012788772583007812,-0.0011567785404622555,0.002133025322109461,0.02106572687625885,0.02228688821196556,0.002288469346240163,0.00083542411448434,0.0222797654569149,0.021006019786000252,-72.46548277297731,35838.52597004398,0.0010936526814475656,-87.52579434704317,35845.50223495865,0.0010783043690025806,0.029707450419664383,0.0035717703867703676,31249.03621662622,17262.667622818033
0.9691652931702363,0.7211201463126573,0.44433262666978207,-0.13284603023835284,-0.2096049253018406,-0.03675009222410286,-0.3804480770237295,-0.7599410487453305,-17.946762992994422,19.16962377321198,0.6114303901087794,37.1163867662064,-30.2862811088562,-30.272397994995117,-30.27933955192566,0.013883113861083984,-0.0019614228513091803,0.0014153486117720604,0.02131034806370735,0.021822601556777954,-0.0024214591830968857,-0.00021157486480660737,0.022135404869914055,0.021055174991488457,-49.56609230935091,35838.58339599285,0.0011003584368154407,-69.72376410557835,35835.71324871256,0.001085829921066761,0.029120422899723053,0.006013479083776474,31037.37436263806,18094.857629557617
0.00299945383247633,0.0,0.007314122361109024,0.17274103008237912,0.24666816042019463,0.13297581060535846,0.0339751495011823,0.0,-20.356318808663247,15.055168154776538,-2.650575326943354,35.411486963439785,-30.25261163711548,-30.28099298477173,-30.266802310943604,-0.02838134765625,-7.053851732052863e-05,0.002414123620837927,0.021162664517760277,0.02213147096335888,-0.000634922762401402,0.0023419633507728577,0.02094930410385132,0.022194286808371544,-48.933809666064754,35839.66133433219,0.0010819043964147568,-42.86875472841914,35842.87494283467,0.0010882054921239614,0.030375149101018906,0.0019450149266049266,31231.293555574266,17679.713725400783
0.9172417893702896,0.9698598822088019,0.8800096192870096,0.11978163017363977,-0.2706429119860284,-0.28906419251404425,-0.5300139955633305,-1.0,-17.354244554109755,20.141128991489666,1.3934422186899553,37.49537354559942,-30.29832124710083,-30.327422618865967,-30.3128719329834,-0.02910137176513672,-0.001346988370642066,0.0019977621268481016,0.020962243899703026,0.022099634632468224,0.0023676385171711445,0.0004843884671572596,0.022056635469198227,0.02085772715508938,-58.179331791925954,35849.34543416561,0.0011113275540992618,-52.2202690219063,35843.808217453276,0.0011015719501301646,0.029404493048787117,0.004355119075626135,31256.102435848014,17202.84006489573
0.04754362417417876,0.0,-0.06900807925649344,0.05684945792159449,0.19107965223231793,0.13647365707870868,-0.008615397528572766,0.0,-18.504916427568105,18.076889949516328,-0.21401323902588842,36.58180637708443,-30.405285358428955,-30.386011600494385,-30.39564847946167,0.019273757934570312,0.0014795330353081226,0.0018503224710002542,0.02157653123140335,0.020970027893781662,-0.0011205381015315652,0.002122108358889818,0.02069743722677231,0.02192738652229309,-38.54449412267793,35855.59830968169,0.0011034071212634444,-81.18707289522338,35846.36987573153,0.0010797727154567838,0.03066049888730049,0.003319880459457636,30484.123379748282,18375.05762858095
0.5396814292044905,0.4250172580386887,0.9944207465269068,0.7000237130516388,-0.08197697636627686,-0.4877278520915815,-0.19420531277412978,-0.15405765373047597,-17.93783988897553,19.548938717228737,0.8055494141266024,37.48677860620427,-30.364701747894287,-30.348095893859863,-30.356398820877075,0.016605854034423828,0.0015306533314287663,-0.0018461465369910002,0.020866241306066513,0.021870126947760582,0.0010574457701295614,-0.0021655785385519266,0.020780809223651886,0.022030115127563477,-40.19980951577115,35835.02071950387,0.001097177155315876,-70.11802540412718,35846.52707148683,0.0011028035078197718,0.028953127562999725,0.004838218912482262,31262.528647268387,17183.156095893148
0.02102522980611299,-0.18413779765435256,-0.9833439870066176,-0.9791427482118179,-0.4241994256632641,0.8058724168400886,0.5723299579182146,0.8979091706607137,-20.919414130790642,18.22707639628635,-1.3461688672521461,39.14649052707699,-30.910680294036865,-31.129772663116455,-31.02022647857666,-0.21909236907958984,-0.001626182347536087,-0.0015397465322166681,0.02047594077885151,0.01966099813580513,-0.001060819486156106,0.0019332931842654943,0.019004054367542267,0.020122792571783066,-150.36006501766403,35836.89245609193,0.0010945027461275458,-128.733332062859,35853.71494037551,0.001112501136958599,0.029179204255342484,0.0033206234220415354,30480.9308433675,18324.58140076722
0.04158413501002981,-0.006941259111023979,0.17909622008573942,0.26288886851112514,0.1980972255485245,0.06397136237773349,0.10611547073086425,0.0,-13.507546975116185,20.32949904788461,3.4109760363842128,33.837046023000795,-31.706092357635498,-31.83950662612915,-31.772799491882324,-0.13341426849365234,-8.964947483036667e-06,0.002048267051577568,0.017915962263941765,0.018707161769270897,-0.0017147710314020514,0.001093583065085113,0.01786911115050316,0.018200796097517014,-67.81731138961327,35835.199438593554,0.0011167698539793491,-107.10301223426366,35854.92390267297,0.0011128825135529041,0.025531470775604248,0.0015462826704606414,31233.727256511593,17585.98017639761
0.9845563486927412,0.8976039366712865,0.5568414317874795,0.09965103910916662,-0.32853436953533033,-0.22198283765337873,-0.5841581331913175,-1.0,-18.640498475735512,20.435186267421784,0.8973438958431359,39.0756847431573,-31.367919445037842,-31.340208053588867,-31.354063749313354,0.02771139144897461,-0.0013260474661365151,-0.0016721434658393264,0.019311662763357162,0.01876998506486416,0.002120300894603133,0.00038475473411381245,0.019615424796938896,0.018576065078377724,-124.03774442196583,35844.330161389116,0.0010959450155496597,-50.38107912778789,35845.26039367824,0.001124667120166123,0.027645941823720932,0.0029852823354303837,30484.408463602806,18405.079599303746
-0.01518639013627205,0.013415513330897471,0.014765469098240239,0.12442126121974234,0.22896454139955763,0.09607786574867977,-0.0058426624259326765,0.0,-16.13524471599976,16.710818811001246,0.2877870475007427,32.84606352700101,-31.40143394470215,-31.398422718048096,-31.399928331375122,0.0030112266540527344,-0.0019026544177904725,-0.0009340016404166818,0.01950768195092678,0.01841614954173565,0.001631281804293394,-0.00138203171081841,0.018663128837943077,0.019282519817352295,-61.88322933131329,35851.699691841684,0.001115342485718429,-31.56809407545721,35828.63107867715,0.0010950479190796614,0.027371181175112724,0.003309184918180108,30477.19386037517,18408.478192506078
0.954931231840397,0.9794550649447612,0.9670809425229033,0.21447216631242022,-0.14114366689476446,0.19403286740390047,-0.5609449697519442,-1.0,-15.024044127774403,20.261579247252826,2.6187675597392115,35.28562337502723,-31.383516788482666,-31.419944763183594,-31.40173077583313,-0.036427974700927734,-0.001974141923710704,0.000789385405369103,0.019046679139137268,0.018970878794789314,0.00013162200048100203,-0.0021271982695907354,0.018471211194992065,0.019374949857592583,-58.148475839787174,35860.65154925221,0.0010976423509418964,-108.63230082408496,35846.082466596956,0.0011379417264834046,0.02599019557237625,0.005322813522070646,30461.83156941505,19969.425114838923
0.13777279107037624,0.12597015062341274,-0.08769397814137371,0.02332939252573893,0.10378396434323023,0.05768798144748932,-0.01592108727873265,0.0,-20.803125651928355,17.10963398207221,-1.8467458349280719,37.912759634000565,-31.371777057647705,-31.324007511138916,-31.34789228439331,0.04776954650878906,-0.0004975259071215987,0.002064282074570656,0.018498538061976433,0.01955643855035305,-0.001916311914101243,-0.000978674739599228,0.019685175269842148,0.018576525151729584,-58.52715841996316,35844.865579044614,0.0011112201027572155,-54.17475424517041,35832.1800434441,0.0010908497497439384,0.0265041496604681,0.0018749797018244863,31237.410925048993,17477.25076146672
0.08407660158498993,-0.00225122539575447,0.3107221242513977,0.29281812386759415,0.03865483333021055,-0.07017473128654322,0.06543788772883241,0.0,-16.966295586695537,18.897314342313024,0.9655093778087434,35.86360992900856,-31.376850605010986,-31.3857102394104,-31.381280422210693,-0.008859634399414062,-0.0015617521712556481,0.0014534502988681197,0.01867394708096981,0.0193659458309412,-0.0017587852198630571,-0.001219320110976696,0.019498558714985847,0.018494579941034317,-55.85323523507256,35862.83651995758,0.0011266696965321898,-128.59450881984841,35851.66323119089,0.0011113057844340801,0.025594517588615417,0.004978002514690161,31273.978065556625,17217.518497429537
0.9724817163700327,0.6680072803232892,-0.07358488992253166,-0.12678705438286392,-0.10045923536638385,0.13102966109192826,-0.5229959822673944,-0.5446435685244329,-19.38499779480702,18.621326297301096,-0.38183574875296244,38.006324092108116,-31.36363983154297,-31.402387619018555,-31.38301372528076,-0.03874778747558594,-0.0016113384626805782,0.0013828291557729244,0.01874442957341671,0.019356248900294304,-0.0021250618156045675,0.00019202465773560107,0.019300365820527077,0.018627425655722618,-125.20583471882246,35843.18962898427,0.0011107483878731728,-70.74781415471517,35855.92724817712,0.00113274238537997,0.025860149413347244,0.004889223258942366,31273.450217874917,17187.893795580625
-0.02085878078719972,0.02331326187152931,0.1594906639713046,0.24953155833175822,0.18225130929323505,0.08875089584488688,0.051504342765698374,0.0,-16.667564555525985,18.552505847740576,0.9424706461072958,35.22007040326656,-31.364870071411133,-31.316919326782227,-31.34089469909668,0.04795074462890625,0.0021132533438503742,-0.00028716804808937013,0.01934001035988331,0.018754614517092705,-0.0018954554107040167,-0.0010262923315167427,0.019693447276949883,0.018599729984998703,-67.90042026861802,35865.5229263646,0.0011237631551921368,-44.87216721631379,35849.227576686746,0.0010772215900942683,0.02652936615049839,0.004586752504110336,30462.09902543871,19019.43722716
0.9702811471361487,0.8910029611988762,0.5796649462493257,0.014439651056053576,-0.08284074730697386,0.01704083522811839,-0.690291899136291,-1.0,-17.533155034630113,21.945709945781374,2.2062774555756306,39.47886498041149,-31.306638717651367,-31.319451332092285,-31.313045024871826,-0.012812614440917969,-0.000616212491877377,0.0020510018803179264,0.01862356998026371,0.01971684955060482,0.0019859406165778637,-0.0008596890838816762,0.019144127145409584,0.019152464345097542,-85.95046642505739,35854.513087822605,0.0011026974534615874,-51.12883697486968,35842.13730829937,0.001116961590014398,0.026447271928191185,0.0022255019284784794,31240.00362287729,17393.34867241706
0.0034548557303982937,0.0,-0.060290134721855675,0.06891020686925697,0.14569111487466163,0.008943463550778241,-0.05616380069973537,0.0,-18.30230622039676,16.01715147218914,-1.1425773741038086,34.3194576925859,-31.217341423034668,-31.227340698242188,-31.222341060638428,-0.009999275207519531,0.001768221496604383,0.0012427906040102243,0.019865836948156357,0.01887410692870617,-0.002104387152940035,-0.0005395574262365699,0.01989426091313362,0.01879669725894928,-44.11989506139108,35853.50750174053,0.0011114595690742135,-54.90568866643736,35847.40307050598,0.0011040976969525218,0.028199724853038788,0.003295889822766185,30479.397039145737,18345.47534513545
0.018157921808783173,-0.04309629891824929,-0.2425718033207972,-0.6919769977064025,-0.8004821242376505,-0.6142639985162499,0.3093842667629409,-0.010964113682294094,-16.171742563700036,20.424062357437663,2.1261598968688133,36.5958049211377,-31.253058910369873,-31.263513565063477,-31.258286237716675,-0.010454654693603516,-0.0016481021884828806,-0.0014033776242285967,0.019732659682631493,0.018849467858672142,0.0011453225743025541,-0.0018418014515191317,0.018734391778707504,0.019796032458543777,-42.090987002841864,35855.00765426745,0.0011132369982078671,-157.65955066816863,35848.62826025742,0.0011075722286477685,0.027814742177724838,0.0031409866642206907,30481.2007943851,18324.542563675648
0.12219414801702548,0.021352159596641218,-0.08310815671099399,0.014560267474606814,0.011342968037943046,0.02935303288020563,-0.04582094459953612,0.0,-19.690601158769482,17.49014245439642,-1.1002293521865312,37.1807436131659,-31.190099716186523,-31.17485761642456,-31.182478666305542,0.01524209976196289,0.0003647432604338974,-0.002135810675099492,0.018915366381406784,0.019945504143834114,0.0004378925368655473,-0.0021445085294544697,0.018920347094535828,0.02000528946518898,-111.23713288810325,35842.0364314471,0.0011011987226083875,-48.61726237176236,35856.1990838006,0.001123223453760147,0.027171196416020393,0.001785246771760285,31234.756545067034,17524.814067152387
-0.021428537445765325,0.0,0.28234031092839507,0.25238782417362154,-0.028819797343558856,-0.09922043841921263,0.08289874795020524,0.0,-16.412672136094386,19.779161915698438,1.683244889802026,36.191834051792824,-30.829954147338867,-30.77589511871338,-30.802924633026123,0.05405902862548828,-0.0017051200848072767,0.0015099404845386744,0.019912322983145714,0.0205999668687582,-0.00015308300498872995,-0.002287530107423663,0.01999877765774727,0.020765015855431557,-88.49557785028546,35857.231081895974,0.0011185836046934128,-60.524011006994634,35848.72241394156,0.0010842650663107634,0.027378618717193604,0.005475296638906002,31271.69420867897,17262.65190831791
0.416740901992074,0.2847409616220674,-0.07503887786326634,-0.17893935492558,0.359370385444361,0.49016284951369915,-0.19084642511972116,-0.03876950171681026,-18.943384644885725,19.52636196360848,0.29148865936137724,38.469746608494205,-30.6198787689209,-30.638599395751953,-30.629239082336426,-0.018720626831054688,9.269847942050546e-05,-0.0023135202936828136,0.020279258489608765,0.021222084760665894,0.000584083260037005,-0.002258758060634136,0.020105203613638878,0.021297764033079147,-87.00780780249708,35840.84887982886,0.0010979091748595238,-85.7306937053237,35838.66771778924,0.0011052035260945559,0.029093746095895767,0.0018295460613444448,31231.853452378087,17659.429958626166
-0.004229802758781973,0.005014279131446177,0.03231876470630113,0.18119982303115384,0.09764343267362458,0.0032789333184786718,0.04632236315340488,0.0,-17.04649537794961,16.90492131985735,-0.0707870290461301,33.95141669780696,-30.92212677001953,-31.051201820373535,-30.986664295196533,-0.1290750503540039,-0.00012105399946449324,-0.0022414212580770254,0.01965612731873989,0.020427871495485306,-0.002106206491589546,-0.0007074085297062993,0.020319391041994095,0.01916256733238697,-46.50600778256991,35855.97341460099,0.0011214400874450803,-65.0521023979226,35843.09658908451,0.0010930754942819476,0.028258690610527992,0.0017767148092389107,31229.269019497493,17707.69461660638
0.9851674361318398,0.8796879124653912,0.5588656458640042,0.09508498836457446,-0.06651036875594707,-0.13069947671030663,-0.4968214961553852,-1.0,-16.839744869029687,21.949924612239442,2.5550898716048778,38.78966948126913,-31.66670560836792,-31.735570430755615,-31.701138019561768,-0.06886482238769531,0.0013322578743100166,-0.0015688533894717693,0.01797500066459179,0.018813535571098328,-0.0019016553414985538,0.0007853849674575031,0.018269257619976997,0.018236476927995682,-84.62392622917332,35858.7808749488,0.0011134424712508917,-128.57777483660527,35845.903522003195,0.0011110042687505484,0.024852033704519272,0.0041559673845767975,31262.108199588354,17183.089724102967
0.019817699153143017,0.0,0.01710411133234556,0.20713672460012278,0.16971361639312332,0.08611849845589731,-0.02946526416279205,0.0,-17.433004625786765,16.893717257111007,-0.2696436843378791,34.32672188289777,-31.896462440490723,-31.94692611694336,-31.92169427871704,-0.05046367645263672,-0.0015144369099289179,0.0012976564466953278,0.01762918382883072,0.01820480078458786,-0.0018145330250263214,0.0008468830492347479,0.017787868157029152,0.01784089393913746,-176.8453492010659,35840.982225224354,0.0011123368749395013,-79.65805105129165,35845.62753871459,0.001136137987487018,0.024312350898981094,0.004803556017577648,31266.392948814802,17251.11297161465
0.8777050168731125,0.9878852759392704,0.7735467834347226,0.15914241246243568,-0.05127572445541356,-0.0771878232672829,-0.2935340895092974,-1.0,-17.440205304618814,20.872129931533863,1.7159623134575241,38.31233523615268,-31.92249059677124,-31.892070770263672,-31.907280683517456,0.03041982650756836,-0.00062227388843894,0.001899725990369916,0.01734265312552452,0.018372684717178345,0.002006503753364086,-0.00019829373923130333,0.01823330856859684,0.01761576719582081,-48.31783637707157,35869.43121291228,0.0011418850626796484,-58.07563977020554,35835.811387068105,0.0011015173513442278,0.02454516291618347,0.002263360656797886,31241.20909765008,17358.59610996854
0.035193446710810004,-0.0009169251091678132,-0.06549246417241077,0.03927584848276325,0.1831580720855407,0.06259279661486761,-0.15357909478337983,0.0,-17.248739910901463,17.15785535891675,-0.045442275992357395,34.40659526981821,-31.912612915039062,-31.910195350646973,-31.911404132843018,0.0024175643920898438,0.0017222859896719456,-0.0010033443104475737,0.017768679186701775,0.018002301454544067,-0.0019876097794622183,0.00029794234433211386,0.018151499330997467,0.01762452907860279,-32.83240735730777,35856.57201769027,0.0010997947538271546,-127.54059313106659,35841.0767149761,0.0011105522280558944,0.024187907576560974,0.005188369657844305,30991.955381058477,18405.399059343097
0.013468855545812192,0.0,0.07184330621003193,0.14348354473450367,-0.21663867608650716,-0.23627821998767312,0.06749283322604438,0.0,-16.641224222339133,18.002640514320206,0.6807081459905362,34.64386473665934,-31.86223030090332,-31.843984127044678,-31.853107213974,0.018246173858642578,0.000986265018582344,-0.0017599757993593812,0.017475981265306473,0.018488198518753052,-0.0020271334797143936,0.0001247074396815151,0.018366921693086624,0.017679568380117416,-94.12337170997016,35849.73324349569,0.0011292812414467335,-120.91368997399518,35841.93857705419,0.0011240534950047731,0.02461186610162258,0.0032925461418926716,31250.802470599694,17231.882300955018
0.9062443800207653,0.6867477060024422,-0.04040023567636277,-0.20161437762294848,0.3982959859242469,0.49201796438997225,-0.29466251152283807,-0.5712859244202783,-18.459921513586153,20.900571022864312,1.2203247546390799,39.360492536450465,-31.743276119232178,-31.77021026611328,-31.75674319267273,-0.026934146881103516,0.002009059302508831,-0.00028321470017544925,0.018511341884732246,0.01796087622642517,0.0010630885371938348,-0.0017478311201557517,0.017666717991232872,0.018680015578866005,-65.51359588628064,35837.9712963441,0.0010994412004947662,-102.72934519878552,35846.19399324946,0.0011132073123008013,0.025213975459337234,0.00461580790579319,30464.646307003994,19342.16293711705
-0.004432609946791699,0.0,0.16418933436605293,0.13300001415514737,0.0014732257127640924,-0.06567088939413102,-0.0011036807891229294,0.0,-15.793376060087326,17.22924107935708,0.7179325096348776,33.02261713944441,-31.71308994293213,-31.693410873413086,-31.703250408172607,0.01967906951904297,0.0014689320232719183,-0.0014385873218998313,0.017942771315574646,0.018651485443115234,-0.0020419233478605747,-0.0002851791796274483,0.01881614327430725,0.017855295911431313,-105.32100204138798,35853.3087913813,0.0011202739551663399,-72.47157158921935,35856.51631540098,0.0011061719851568341,0.024796348065137863,0.004774464759975672,31271.348308666096,17188.76283944552
0.9903982465236367,0.9619394399435293,0.442694904202394,-0.057090348480922065,-0.0891905898085674,-0.08708277943032106,-0.5024989792051736,-1.0,-20.061519033332644,18.182103662990897,-0.9397076851708732,38.24362269632354,-31.719398498535156,-31.703121662139893,-31.711260080337524,0.016276836395263672,0.00022652314510196447,0.0020289269741624594,0.017985017970204353,0.018586041405797005,-0.0005833888426423073,-0.001973555190488696,0.018186651170253754,0.01845555566251278,-106.52363160045707,35850.09426299276,0.0011175894178450108,-111.65865681475934,35854.925962674664,0.001116737024858594,0.025799421593546867,0.0018709711730480194,31227.813686371548,17919.717228664555
0.012177970851882373,-0.004109724942869346,-0.002867909272389016,0.13944448399542933,0.19617240525546747,-0.0037061322842456557,-0.056664103463335724,0.0,-19.737350931649132,16.85394346689958,-1.4417037323747763,36.59129439854871,-31.733241081237793,-31.773183345794678,-31.753212213516235,-0.039942264556884766,0.0017801886424422264,-0.0009981615003198385,0.018157238140702248,0.01835966482758522,0.0018132766708731651,-0.0009410392958670855,0.018101030960679054,0.0182473286986351,-124.77284734526003,35840.68616585617,0.0011018698569387197,-128.54971521903195,35839.830858928806,0.0011245515197515488,0.02476327121257782,0.005272882524877787,30985.96085629775,18567.214690560493
0.9463803235075541,0.7159641508867948,0.7025533550274061,0.03661423408427206,-0.2823499806402938,-0.01840070615579764,-0.24007580388901606,-0.7920132746041968,-18.602797466388267,17.860853952020932,-0.3709717571836677,36.4636514184092,-31.755492687225342,-31.732587814331055,-31.7440402507782,0.02290487289428711,-0.0020306347869336605,0.00017576676327735186,0.018533088266849518,0.017884891480207443,-0.00040379862184636295,-0.0020131836645305157,0.01803530752658844,0.0184808187186718,-91.36390250605974,35858.18519857931,0.0011274894932284951,-84.50415692943886,35838.6609411711,0.0011118171969428658,0.025464273989200592,0.004327647387981415,30462.7113547509,18956.7625952101
0.02845173829471569,0.0,-0.10695222233826782,0.014002048584343924,0.18953006464052347,0.11259224056186001,-0.04930138012746477,0.0,-21.17046434178735,18.04946554402477,-1.5604993988812907,39.21992988581212,-31.735775470733643,-31.71980619430542,-31.72779083251953,0.015969276428222656,-0.0019545170944184065,-0.0005634456174448133,0.018759610131382942,0.017733467742800713,0.00203701457940042,0.00029729760717600584,0.0187618937343359,0.01779775694012642,-72.64127864572306,35847.10614230038,0.001103127608075738,-77.66585656504024,35850.6196493703,0.0011147144250571728,0.0260109044611454,0.0035756195429712534,30471.738331876764,18606.416281366965
-0.7860709134209458,-0.8957176859854087,-0.6550446294866945,-0.8850896358215341,-0.9790112240594617,-0.8220848531869344,-0.11961828158789156,1.0,-16.388699558255688,18.21532118303162,0.9133108123879659,34.60402074128731,-31.687989234924316,-31.700448989868164,-31.69421911239624,-0.012459754943847656,-0.0018137521110475063,0.00018245280080009252,0.01867104135453701,0.018056148663163185,0.0002604784385766834,-0.0020459205843508244,0.017845934256911278,0.0187957976013422,-45.73066653652831,35736.67203788269,0.0011751388665288687,-120.39188633833238,35848.658296756854,0.0011244365014135838,0.026101509109139442,0.003921425435692072,30278.692735424873,18296.987408568235
0.9842974316329355,0.74311605886913,0.14283517041030352,-0.19454297358866868,0.18701028738834924,0.11249294196010129,-0.4015731428441958,-0.5185197086015274,-20.613266569643827,20.0831737018037,-0.26504643392006244,40.69644027144753,-31.71055316925049,-31.713242530822754,-31.71189785003662,-0.002689361572265625,0.0020324219949543476,0.00023661124578211457,0.018759289756417274,0.017842210829257965,-0.0019576516933739185,0.0006484702462330461,0.018398046493530273,0.01820119470357895,-67.09352865349805,35836.56949154779,0.001112921629101038,-157.3274111579895,35845.63019139851,0.0011205434566363692,0.025760626420378685,0.0039300862699747086,30468.248794937706,18759.816746132998
0.013694058828183187,0.0,0.11462136226026688,0.23380218883713477,-0.003372395964093,-0.03686568417656089,-0.00826782767082479,0.0,-16.50945146080187,18.442680458116797,0.9666144986574636,34.95213191891867,-31.71046257019043,-31.714754104614258,-31.712608337402344,-0.004291534423828125,0.0004110359004698694,0.0020068581216037273,0.018085738644003868,0.018524732440710068,-0.001819708733819425,-0.0009545259526930749,0.018813779577612877,0.017765391618013382,-118.17825249515418,35840.683000516394,0.0011192884994670749,-67.99698946517597,35853.03820118325,0.0011055771028622985,0.02603335492312908,0.0019246345618739724,31226.61193063476,17962.13057865473
0.030838113072415352,0.027190519865321505,-0.31053013365064497,-0.7222785685787827,-0.6999090505204189,-0.5422286260290317,-0.7310629201380285,0.0,-19.20146150226111,19.574583109975208,0.18656080385704854,38.77604461223632,-31.726789474487305,-31.727724075317383,-31.727256774902344,-0.000934600830078125,-0.0016781275626271963,-0.0011642691679298878,0.01873842254281044,0.017793970182538033,-0.0012070415541529655,-0.0016667642630636692,0.018492834642529488,0.018043307587504387,-103.08384936367246,35863.509695213266,0.0011332174763083458,-39.51041298099678,35855.039216894416,0.0011164784664288163,0.026458946987986565,0.0031004261691123247,30479.03488402745,18359.3911380538
0.013680650988059566,0.0,0.012730834097670618,0.16149990422017302,0.2003297561144205,0.06242066581828781,-0.09769697899952623,0.0,-14.863146708631803,19.44723520112501,2.292044246246604,34.31038190975681,-31.718769073486328,-31.735591888427734,-31.72718048095703,-0.01682281494140625,0.0007022174540907145,-0.0019175017951056361,0.017754200845956802,0.018809199333190918,0.0010735240066424012,-0.0017516794614493847,0.01774248667061329,0.018749620765447617,-65.39504369082991,35857.69494514019,0.0010918345069512725,-131.75058111990054,35835.40875217903,0.0011045723222196102,0.025088898837566376,0.0024814698845148087,31245.206541783187,17321.51040121869
0.9323649565820173,1.0,0.5381656897515527,0.05219601071181679,-0.31237957477749406,0.04232658120313659,-0.06145826853115233,-0.8224122492410684,-17.677610961915605,18.983112925138016,0.6527509816112058,36.66072388705362,-31.66710138320923,-31.63792133331299,-31.65251135826111,0.029180049896240234,-0.0010402139741927385,-0.0017796022584661841,0.01851816102862358,0.018277104943990707,-0.0013927221298217773,0.0015509016811847687,0.018040120601654053,0.018868638202548027,-78.54329150354666,35841.2061937122,0.0011265856446698308,-104.58514713492407,35841.64816025812,0.0011195263359695673,0.026503771543502808,0.002702531637623906,30730.906508576412,19459.04446723396
0.17330684331482718,0.028180892661580487,-0.05336107016967202,0.01986829198457221,0.284190619274757,0.168885789774334,0.027739464741465047,0.0,-19.80217302488694,18.079383537841238,-0.8613947435228511,37.88155656272818,-31.70053482055664,-31.698856353759766,-31.699695587158203,0.001678466796875,0.0010787311475723982,-0.0017372614238411188,0.017829766497015953,0.018812689930200577,-0.0003384384326636791,0.002037432976067066,0.017827101051807404,0.01881992816925049,-92.44741862739517,35836.9572651739,0.001110730110667646,-72.65530120276814,35852.54863172841,0.0011151392245665193,0.02495318278670311,0.0031340396963059902,31250.123131846252,17252.85473224068
0.06510713063843362,0.0,0.33369843916338393,0.11716253920084166,-0.057811101794631586,-0.1379570267781724,0.0011837097592137802,0.0,-16.03457289033412,16.5882731829374,0.2768501463016406,32.62284607327152,-31.702933311462402,-31.717212200164795,-31.7100727558136,-0.014278888702392578,0.0018423221772536635,-0.0009151240810751915,0.018271345645189285,0.018372613936662674,-0.0003670543956104666,0.002027642447501421,0.017785605043172836,0.01878390647470951,-118.17158497271241,35849.44999659351,0.0011193506652489305,-60.86197817232049,35858.081461108515,0.0011160658905282617,0.025104589760303497,0.005277569871395826,30463.405256224676,20156.791818898822
0.5265434800847053,0.3741029299275643,-0.0504282179796343,-0.18602798332064163,0.22943602597979518,0.49337251012881156,-0.06934772217480689,-0.09149965533312698,-18.654495190245683,19.169461394457187,0.257483102105752,37.82395658470287,-31.643543243408203,-31.631009578704834,-31.63727641105652,0.01253366470336914,0.001022587064653635,0.0017822853988036513,0.018559565767645836,0.018337110057473183,0.00019351954688318074,0.002070280024781823,0.01814976893365383,0.01879284344613552,-71.7065160002756,35853.823101089045,0.0011079821269959211,-109.75955750643114,35849.24826187925,0.0010977389756590128,0.026464711874723434,0.0027080823201686144,30486.939127300553,19318.509828019785
0.05836067977856604,0.0,0.09057121291686421,0.20953309183987368,0.1108201732120977,-0.1510025738564852,-0.006530959837895978,0.0,-18.579274009403946,17.5077693740931,-0.5357523176554224,36.08704338349705,-31.774404048919678,-31.801912784576416,-31.788158416748047,-0.02750873565673828,0.0002317543257959187,-0.002020686399191618,0.017705455422401428,0.01862736977636814,0.0013643326237797737,-0.0015125933568924665,0.01770574413239956,0.018513767048716545,-94.56633500622277,35859.08534670049,0.001126289484091103,-111.16834114810355,35842.21764766952,0.0011181426234543324,0.025403045117855072,0.0016403320478275418,31232.61111499048,17541.301149334595
0.9863392284107843,0.8880452152813951,0.7420134458172186,0.24846819858653496,-0.02636278410930487,-0.098185917660297,-0.40596929950523636,-1.0,-18.442874848178803,18.800968519132994,0.1790468354770951,37.2438433673118,-31.741914749145508,-31.741485595703125,-31.741700172424316,0.0004291534423828125,0.0019920915365219116,-0.00047491962322965264,0.018427183851599693,0.018050873652100563,-0.0008503750432282686,0.0018660884816199541,0.017695307731628418,0.018770350143313408,-103.21771652098802,35842.13200142075,0.0011182358721271157,-133.91330428095148,35839.16747232762,0.0011128215119242668,0.025220967829227448,0.004840777721256018,30459.205713496653,19338.11774885112
0.004929537523612502,0.0,0.01968880351971422,0.15822818300393535,0.2159214575256535,0.08087666886928785,-0.07396583288201719,0.0,-19.14375986048708,17.88616575005733,-0.628797055214875,37.02992561054441,-31.71581268310547,-31.735243797302246,-31.725528240203857,-0.019431114196777344,0.001453376142308116,0.0014347807737067342,0.018651172518730164,0.017932895570993423,-0.0006802793359383941,-0.001936184475198388,0.018176330253481865,0.01833106391131878,-66.03862321021865,35836.6550152186,0.001101155998185277,-83.11442444296424,35847.123349914655,0.0011094671208411455,0.02644374594092369,0.002972965594381094,30482.007176962485,18313.986999204386
2.9592502775233065e-05,-0.003134071693391416,-0.5489179541377083,0.13372449826996077,-0.007373965650915787,0.48062200102068564,0.8501432766895691,0.439887118375231,-14.83912859051324,21.235003017898748,3.1979372136927537,36.07413160841199,-31.73121213912964,-31.721789836883545,-31.726500988006592,0.00942230224609375,-0.0013592923060059547,-0.001529546221718192,0.01857156679034233,0.017948569729924202,0.0014402710366994143,-0.0014657896244898438,0.017904626205563545,0.01865210197865963,-85.11571742305586,35850.313981485524,0.0011188368080183864,-73.73320057488935,35850.958067187996,0.0011220942251384258,0.02646271139383316,0.0028510657139122486,30484.398755849586,18413.968788677477
0.2845824648650496,0.16622948389958894,-0.05164530136374154,-0.011658155840124917,0.2801283940499163,0.2616954893959681,-0.04657831374719146,0.0,-20.24291697085596,16.71361302006102,-1.76465197539747,36.95652999091698,-31.916611194610596,-31.948952674865723,-31.93278193473816,-0.03234148025512695,0.0016756827244535089,-0.0010738435667008162,0.017718605697155,0.01803549937903881,-0.0017365770181640983,-0.0010031413985416293,0.01830638200044632,0.017299478873610497,-86.33683100694077,35859.68139149292,0.0011127283796668053,-133.82376667476717,35849.495112992714,0.0011046193540096283,0.024084754288196564,0.004980721510946751,31029.507873162987,17875.85043319942
0.029281917781487886,0.005181382802946497,0.38218275300423366,0.46238703766054345,-0.1670819284022848,-0.13220506287862338,0.020648345979720095,0.0,-15.354492933217898,18.208968352808512,1.4272377097953068,33.56346128602641,-32.11261034011841,-32.16336250305176,-32.13798642158508,-0.05075216293334961,0.001930285943672061,-0.00033800373785197735,0.017719484865665436,0.01723330467939377,-0.0019473498687148094,0.0001788674562703818,0.017678964883089066,0.017067348584532738,-181.66681123239135,35854.44446042695,0.0011173574021086097,-119.72779925247048,35841.26451522428,0.0011286356020718813,0.024513833224773407,0.004251154605299234,30465.42442937277,19200.47480466658
0.9852791229883344,0.9619243655722594,0.40992082962900944,0.06853637661018747,0.09324678371530448,-0.013681677335173226,-0.5427854173526693,-1.0,-18.113688416202848,20.025920081595615,0.9561158326963834,38.13960849779846,-32.163331508636475,-32.13340759277344,-32.148369550704956,0.02992391586303711,0.000940896337851882,0.0016915570013225079,0.017471205443143845,0.017282336950302124,0.0019322785083204508,-0.0003493657859507948,0.01766730099916458,0.017201190814375877,-81.2052043233171,35833.67218194509,0.0011138535337522626,-134.4339651702808,35838.18251010574,0.0011089668842032552,0.02492116019129753,0.002529328456148505,30487.290838228993,20081.26894512118
0.022845350657437865,0.0,0.14921234807315764,0.3549557793212228,0.4229517687536495,0.3701602115040629,0.6335610735663256,0.0,-15.448271907098999,17.404595484377012,0.9781617886390066,32.85286739147601,-32.14316368103027,-32.14754104614258,-32.145352363586426,-0.0043773651123046875,0.0016442050691694021,0.0005215375567786396,0.017802437767386436,0.017046842724084854,0.001536657684482634,-0.0012074708938598633,0.017155954614281654,0.01765604503452778,-94.43453176530043,35745.862863693255,0.0011839627986773849,-106.78057054849273,35858.04912762811,0.0011369322892278433,0.025255775079131126,0.0030852833297103643,30276.98498619087,18247.47252055683
0.9881486760154216,0.6961053587782905,0.511091859163596,-0.09916539768292354,-0.33847666362774165,-0.136303654602003,-0.4005284557726887,-0.9905556433526282,-15.967023766448733,21.981089611982213,3.00703292276674,37.948113378430946,-31.97868824005127,-31.92237138748169,-31.95052981376648,0.05631685256958008,0.0019290748750790954,-0.00047250272473320365,0.017926720902323723,0.017571259289979935,-0.002013993449509144,5.361723742680624e-05,0.018225422129034996,0.017496051266789436,-112.80960950115968,35859.725451049504,0.0011367512634024024,-85.33438044406591,35841.90690313039,0.001108968281187117,0.02461346611380577,0.004649040289223194,30457.949913339264,19306.834812876743
0.012279400792711018,0.0,-0.013187363001992275,0.16653366274515197,0.1966719354379689,0.04830092054877366,-0.044458498839618055,0.0,-21.031486922252725,16.216797253944463,-2.407344834154131,37.24828417619719,-31.488680839538574,-31.430838108062744,-31.45975947380066,0.05784273147583008,0.001993657322600484,-0.0006518105510622263,0.018887165933847427,0.018672678619623184,-0.0018764450214803219,0.0009937835857272148,0.018819535151124,0.01899017207324505,-45.256538877023246,35854.45005004001,0.0011086281156167388,-87.39117709293434,35844.392937249526,0.0011031193425878882,0.025570005178451538,0.005321647506207228,30693.249257688803,19245.412792662515
1.0,0.9503994514598613,0.6525994843691738,0.047758415096417886,-0.027055408163916085,0.29964087866463235,-0.037308354441936364,-0.6898058212680864,-12.073518758516792,23.14086699746636,5.533674119474784,35.21438575598315,-30.882136821746826,-30.788655281066895,-30.83539605140686,0.09348154067993164,-0.0014230140950530767,-0.001372270518913865,0.02036569081246853,0.019937679171562195,-0.0016087826807051897,0.0016343900933861732,0.019931400194764137,0.02077062986791134,-29.87590245227851,35716.65972606477,0.0010649209143593907,-66.69022839494679,35850.06238579328,0.001111700781621039,0.029001504182815552,0.003176246304064989,30244.443692512563,20147.86071417931
0.11383415989688635,0.00920526993555165,-0.08537763255772426,-0.07197899474930686,0.14057735436497587,0.10255357653845698,-0.046463443573972585,0.0,-19.709345137757253,17.44976999361893,-1.1297875720691621,37.15911513137618,-30.55241823196411,-30.518856048583984,-30.535637140274048,0.03356218338012695,0.0022894975263625383,0.0004434791044332087,0.021472303196787834,0.02034846693277359,-0.002045239321887493,0.001178899547085166,0.020856108516454697,0.02113858237862587,-86.49591639619585,35838.2855323081,0.0010915574384853244,-96.94031103790604,35849.186637254315,0.0010951374424621463,0.029693929478526115,0.004234607331454754,30470.958012130024,18680.80647410468
0.12133983799109677,-0.0011532954064067858,0.3862216150152764,0.43140184473105864,-0.027930314926788522,0.11123103065869114,0.6770714617625047,0.0,-14.649489151562147,18.280716020622947,1.8156134345304,32.9302051721851,-30.425467491149902,-30.471715927124023,-30.448591709136963,-0.046248435974121094,-0.0002895875950343907,-0.002093925606459379,0.020898962393403053,0.021574130281805992,0.0019082336220890284,-0.0014177369885146618,0.020833786576986313,0.02138635329902172,-63.511138864674976,35749.78623533138,0.0011551197385415435,-64.6963298499184,35843.27202785027,0.0010957906488329172,0.029766786843538284,0.0019222708651795983,31237.076625332546,17595.494718557602
0.9758379825598202,0.9156073471505397,-0.052014520639049065,-0.19643925141656973,0.32281887338880644,0.35291160225396767,-0.29444183298880927,-0.5405451400457292,-19.101305973047772,17.512875868306423,-0.7942150523706744,36.614181841354196,-30.923502445220947,-30.952954292297363,-30.938228368759155,-0.029451847076416016,0.002202768111601472,-0.00038722227327525616,0.020311035215854645,0.019771279767155647,0.0010860858019441366,-0.0019722171127796173,0.019394703209400177,0.020536694675683975,-39.120493976021194,35858.12096995743,0.0011125243036076427,-54.30875733428272,35829.66471620144,0.0010910575510933995,0.027702396735548973,0.0051679667085409164,30459.12224095177,19168.38914991776
0.0,-0.004139492198722218,0.1320788693771896,0.21698244221555718,0.10838706307419638,-0.053715305983594364,-0.04937628722614329,0.0,-16.76735038046786,18.638032643788364,0.9353411316602518,35.405383024256224,-31.300556659698486,-31.337270736694336,-31.31891369819641,-0.03671407699584961,0.0002215070853708312,-0.0021391273476183414,0.018704388290643692,0.019665606319904327,0.0013287253677845001,-0.0016902765491977334,0.01863367110490799,0.019573945552110672,-37.78220173599917,35842.45397008566,0.0011081717675551772,-112.11823468514058,35858.386702659474,0.0011169972131028771,0.026745948940515518,0.0017232721438631415,31235.116643101086,17527.00090389914
0.9904480602563008,0.644632436588906,0.2972381104567711,-0.15044478222593982,-0.25804079535010255,-0.042158634890243185,-0.2568789762759488,-0.5422983881544035,-19.477167560278303,18.93016138974656,-0.2735030852658724,38.40732895002486,-31.178488731384277,-31.149702072143555,-31.164095401763916,0.028786659240722656,0.0014107170281931758,0.0016549037536606193,0.01976972632110119,0.01915132813155651,-0.0011896406067535281,0.001849442021921277,0.01898503303527832,0.020053602755069733,-117.83251056807926,35847.57482932542,0.0011134949745610356,-71.98703686110522,35859.61205173749,0.0011153708910569549,0.02824225276708603,0.0030957008711993694,30483.42632769291,18365.365463241465
0.04253049509792893,0.0,-0.007691175507653192,0.16660299691947306,0.20391499693431148,0.06061330534209941,-0.012937265179277624,0.0,-18.079301842563666,17.32510069726885,-0.37710057264740726,35.40440253983252,-30.79555034637451,-30.74871301651001,-30.77213168144226,0.04683732986450195,0.0013828466180711985,-0.0017981668934226036,0.01984405145049095,0.020825091749429703,-0.0014041706454008818,0.0018267976120114326,0.01992916129529476,0.020956246182322502,-89.94499506887142,35844.119399154886,0.0010952394222840667,-73.74529007451326,35843.7252007065,0.00110057822894305,0.027540091425180435,0.004232227336615324,31259.036059371934,17195.205798816605
0.05007237160842404,0.028859070411365373,-0.2301122573916906,-0.7699255763271786,-0.8481289885811545,-0.6914519074740795,-0.7279814421551452,0.0,-15.404347293249195,20.715050236710937,2.655351471730871,36.11939752996013,-30.495898723602295,-30.440940856933594,-30.468419790267944,0.05495786666870117,-0.0013590960297733545,0.0015989945968613029,0.020781107246875763,0.021350286900997162,-0.0001817809243220836,0.002381234895437956,0.020664000883698463,0.02169675938785076,-13.964870567097526,35735.420941625285,0.0011574281379580498,-56.81661308629317,35834.24102338251,0.001104703638702631,0.028464607894420624,0.005663469433784485,31250.25237697519,17151.63650096499
0.10141936000140103,0.0,-0.06003146981528871,0.05632113384819515,0.2085032297818903,0.13979527600632202,0.0065701083023465,0.0,-20.073918446184393,17.432697485634094,-1.3206104802751497,37.50661593181849,-30.207204818725586,-30.174429416656494,-30.19081711769104,0.0327754020690918,0.0017061763210222125,0.0017320335609838367,0.02217540517449379,0.021348297595977783,0.000754130189307034,-0.002342573367059231,0.02119656652212143,0.022478461265563965,-37.06767323415779,35840.14550183684,0.001099626999348402,-69.85571456516777,35840.95279298097,0.0011003692634403706,0.03146152198314667,0.0035372821148484945,30481.962439483563,18312.476271072846
0.6255981671222688,0.324103479681783,0.6842671182437752,0.5485916161545434,-0.22097396086816745,-0.4782914453371546,-0.04060226155962676,0.0,-15.849538875102553,18.985115331060342,1.5677882279788946,34.834654206162895,-30.11662721633911,-30.1641845703125,-30.140405893325806,-0.04755735397338867,-0.0007461626082658768,0.002348171081393957,0.02134857326745987,0.02262013405561447,0.002192521234974265,-0.0011222787434235215,0.02179027907550335,0.02195490524172783,-66.68070955924411,35843.17428354881,0.0011030499590560794,-55.35491769994505,35853.60893388957,0.0011025015264749527,0.03031875565648079,0.002882178872823715,31241.9446206837,17340.592456669827
0.9773016677826024,0.8412747234181301,0.14602630375336134,-0.18593229604703895,0.2674526007896611,0.25604428605060126,-0.12073687473841754,-0.3092893316074562,-17.4139842299503,21.766593106486795,2.1763044382682466,39.180577336437096,-30.741233825683594,-30.86989402770996,-30.805563926696777,-0.1286602020263672,0.0022022174671292305,0.0006029201904311776,0.021037667989730835,0.019882120192050934,0.0017928201705217361,0.0013891361886635423,0.0206639114767313,0.019655629992485046,-85.74059140898068,35851.30103907685,0.001107491203583777,-68.23496113386632,35858.5163838976,0.0011042803525924683,0.029300417751073837,0.003892559790983796,30472.72266467933,18569.783440166353
0.00475877045491419,0.0,0.09052024859388706,0.21196383073486208,0.17628688461509362,0.0703686667311384,-0.07305863529823009,0.0,-17.20385229786274,16.860672278968195,-0.17159000944727154,34.064524576830934,-31.36359214782715,-31.386985778808594,-31.37528896331787,-0.023393630981445312,0.0018201061757281423,0.0010983513202518225,0.01956491358578205,0.018526455387473106,-0.0010456624440848827,0.001866290345788002,0.018452048301696777,0.01953345164656639,-60.58685194968666,35859.952169742224,0.0011105380253866315,-91.66571377106513,35840.105368174336,0.001115459599532187,0.02753874659538269,0.0032500415109097958,30478.438191312973,18377.38028743975
0.9871004948793584,0.976642140592837,0.5129183469620142,0.12194836454005092,-0.2734402234723877,-0.3126385677023781,-0.49383296503451024,-1.0,-15.90326899030913,23.37506432955331,3.7358976696220907,39.27833331986244,-31.435861587524414,-31.43153429031372,-31.433697938919067,0.004327297210693359,9.666722326073796e-05,0.002109757624566555,0.01852191984653473,0.019260238856077194,-0.0021292741876095533,0.00012056512787239626,0.019260868430137634,0.01853821612894535,-87.12811629472512,35848.86132983677,0.0011268152156844735,-93.14759962946097,35838.80761440534,0.00110511330422014,0.02668622136116028,0.0016727169277146459,31229.895839617748,17693.49052439179
0.1007426429126798,-0.00858959845651845,0.0022033910716270227,0.19700028995528954,0.2720075999665181,0.09159447240270957,-0.0508681723820158,0.0,-19.63544196185731,18.251373274904353,-0.6920343434764789,37.88681523676166,-31.36531114578247,-31.389639377593994,-31.377475261688232,-0.024328231811523438,0.001956668682396412,0.0008281816262751818,0.019587865099310875,0.01849449798464775,0.0016157723730430007,-0.0014020074158906937,0.01867198757827282,0.019311830401420593,-63.10108750513311,35838.155676789545,0.001106391311623156,-91.00430863587835,35845.83169635732,0.00109918846283108,0.027294998988509178,0.0034538039471954107,30475.214971912654,18494.47903686623
0.4013680904704618,0.3628624715723008,0.6653333784196815,-0.048739724470225405,-0.11180765543718428,0.05214987653222747,0.19804907669901128,0.0,-15.170447283884783,19.245891363742913,2.037722039929065,34.4163386476277,-31.39580488204956,-31.386289596557617,-31.39104723930359,0.00951528549194336,0.00043313985224813223,-0.0020830933935940266,0.018447469919919968,0.01950128562748432,-0.001054329564794898,0.0018643024377524853,0.018453912809491158,0.019534388557076454,-104.34538210860488,35852.217573512826,0.0011100200936198235,-40.06468259452819,35860.056084551376,0.0011220326414331794,0.026340313255786896,0.0020793306175619364,31239.637910582864,17407.046932931287
0.3265980181025371,0.24925229771895405,-0.06788896435853942,-0.08990679023142115,0.264027037679613,0.3174242988615501,3.945712422259717e-05,0.0,-18.06359702544114,20.73185308307859,1.334128028818725,38.79545010851973,-31.390554904937744,-31.375703811645508,-31.383129358291626,0.014851093292236328,0.001066832453943789,0.0018265547696501017,0.01911514811217785,0.018871936947107315,-0.0017815690953284502,0.001190381939522922,0.018824294209480286,0.019223816692829132,-69.32598358095491,35853.15084565777,0.0011206375202164054,-69.84249478727673,35854.28890569781,0.0011097732931375504,0.027265043929219246,0.0027973935939371586,30486.847244482262,19592.653425535453
0.3362282516329376,0.30846649185195507,0.5915188423568807,0.48871343547340795,0.18067876470884078,-0.48750802655092845,0.06442651236137642,0.0,-14.79356243547852,19.432338443127122,2.319388003824301,34.22590087860564,-31.349763870239258,-31.38965368270874,-31.369708776474,-0.03988981246948242,0.0021214927546679974,0.00024340626259800047,0.019560815766453743,0.018592441454529762,-2.007995681196917e-05,-0.0021378095261752605,0.018584327772259712,0.01939629204571247,-112.88393557309827,35849.273977585326,0.0011135321110486984,-112.27587106923573,35838.87738840935,0.001111266785301268,0.027254698798060417,0.0038283532485365868,30471.299434306005,18694.40251739769
0.9820270558964382,0.5610954113125559,0.27334820367873425,-0.1529237968868119,0.13376779159072993,0.3867196224113867,-0.10891149154593471,-0.34585896697065754,-18.087192898248645,20.48977359829101,1.201290350021182,38.576966496539654,-31.380631923675537,-31.358132362365723,-31.36938214302063,0.022499561309814453,-0.0018537401920184493,0.0010497434996068478,0.01890370063483715,0.019125521183013916,0.00010530212603043765,0.0021452244836837053,0.018688775599002838,0.01943117007613182,-70.19603512538869,35843.53054114167,0.0011117163812741637,-93.87051864099067,35832.57575864847,0.001096540130674839,0.025741957128047943,0.005487112328410149,30743.75609782344,18940.73565313027
0.005603510870857607,-0.0007534991420855282,0.15674667132649658,0.33950177035385415,0.45518653378234386,0.504525448628947,0.6472132660305597,0.0,-13.861604158700686,17.10242608249868,1.6204109618989975,30.964030241199367,-31.334426403045654,-31.329643726348877,-31.332035064697266,0.004782676696777344,7.363451004493982e-06,-0.0018945130286738276,0.018752366304397583,0.019499147310853004,-0.002151749562472105,5.120640707900748e-06,0.01953388750553131,0.018710019066929817,7.98798642122874,35739.45832582919,0.0011555285891517997,-68.44185449509683,35851.73367207343,0.0011180518195033073,0.026459118351340294,0.0020019826479256153,31241.785506098116,17436.835960318847
0.9891305095851713,0.9615938157857182,0.6642479914370529,0.12794874042128496,-0.14669046150593434,-0.22571278965674346,-0.4143570666320201,-1.0,-18.871850042453445,20.032317277031353,0.580233617288954,38.9041673194848,-31.08168601989746,-31.044788360595703,-31.063237190246582,0.03689765930175781,0.001131548429839313,0.0018867937615141273,0.019820455461740494,0.019540641456842422,-0.0007324130274355412,0.0020991279743611813,0.01917310245335102,0.020337842404842377,-73.11282304135236,35848.20257377972,0.001113693113438785,-84.66789996138174,35856.80841295653,0.0011132382787764072,0.02847367525100708,0.002941074315458536,30486.371638042958,19627.967575599665
-0.8604786502206615,-0.9843448296407573,-0.9118769761370475,-0.6569007672484006,-0.48258465354172775,0.5350014133205607,0.649141448904322,0.9740506436615484,-18.18576287968324,18.876560363058786,0.34539874168777374,37.062323242742025,-30.857980251312256,-30.83315372467041,-30.845566987991333,0.024826526641845703,-0.001613702392205596,-0.0015768683515489101,0.020592717453837395,0.01978844217956066,-0.0021548003423959017,0.0007599134114570916,0.02033410780131817,0.020167842507362366,-55.363788004409514,35848.9052391041,0.0011100891279056668,-117.5499698795217,35844.71027032879,0.0010924909729510546,0.029157746583223343,0.003254120470955968,30482.211904959884,18310.446883348843
0.7496752406729907,0.662215179918978,0.9094383909662817,0.5279525217655343,-0.27438456107080794,0.08028315939462927,0.2584788988591187,-0.004744526792742065,-13.87010843106475,22.462559598187823,4.296225583561537,36.332668029252574,-30.826561450958252,-30.82597017288208,-30.826265811920166,0.000591278076171875,-0.0003912030078936368,-0.0022353692911565304,0.01999274268746376,0.020538566634058952,0.002128083258867264,-0.0008201907039619982,0.02031819336116314,0.02021816559135914,-92.48214935300231,35841.52533936845,0.0011137932306155562,-45.16112478023822,35844.099113803226,0.0011190219083800912,0.02870955877006054,0.001964050577953458,31228.089435662852,17834.798710498413
0.3458626603424386,0.3536728778829891,-0.06930841519958159,-0.11779742073712411,0.28418177755672835,0.3078233998007138,0.010500718263543596,0.0,-18.824365353431688,18.46168132946687,-0.18134201198240874,37.28604668289856,-30.789353847503662,-30.777158737182617,-30.78325629234314,0.012195110321044922,0.00221923622302711,0.00048599118599668145,0.020905224606394768,0.01978927291929722,-0.0005319453775882721,-0.0022332537919282913,0.020171362906694412,0.02059115096926689,-71.10454507366553,35852.59202512161,0.0011049339082092047,-25.099900608886585,35843.699481937474,0.001101858913898468,0.029042083770036697,0.004038029350340366,30471.235152673038,18643.960273829678
0.0,0.011014124959068068,0.2503542666259199,0.344543368571006,0.10043154510945043,-0.002098007978618699,-0.030431417777023073,0.0,-18.114758482270474,17.005067290714294,-0.5548455957780902,35.11982577298477,-30.751614570617676,-30.775258541107178,-30.763436555862427,-0.023643970489501953,-0.0022814590483903885,-0.00017700972966849804,0.020933523774147034,0.019940750673413277,0.0008960734703578055,0.002109348541125655,0.020376700907945633,0.02039739117026329,-39.94994249372642,35861.79893441149,0.001109521952457726,-106.26323275651418,35837.78297849727,0.0011064920108765364,0.028931867331266403,0.00428752088919282,30467.835799144657,18701.882664199722
0.9869755853763421,0.8398034452602481,0.011075562719425447,-0.1727754677987842,-0.03770031154728254,0.2469230524336954,-0.16549926920030233,-0.3564129718456255,-18.867188792632533,18.139929751058503,-0.3636295207870148,37.007118543691035,-30.817749500274658,-30.817277431488037,-30.817513465881348,0.00047206878662109375,0.0011754932347685099,0.0019384296610951424,0.02044038474559784,0.02013510651886463,-0.001927228644490242,0.001231195405125618,0.020102372393012047,0.020472560077905655,-80.5836636382607,35841.29733847064,0.0011090381303802133,-83.23587367987447,35832.75673031242,0.0010963415261358023,0.029279913753271103,0.0030305476393550634,30486.640528112228,19047.89540386963
0.027016768810469445,0.0,0.07175555456353572,0.2171050923299013,0.24687172368796773,0.11710276546124493,0.026245816301337377,0.0,-17.9483459782154,16.13014537581884,-0.9091003011982792,34.07849135403424,-30.857102870941162,-30.854225158691406,-30.855664014816284,0.0028777122497558594,-0.0021536839194595814,0.0006850104546174407,0.020319608971476555,0.020072486251592636,-0.0003411682555451989,0.0022440014872699976,0.01965625211596489,0.02073458768427372,-47.76714711008214,35843.90396387858,0.0011124636512249708,-86.3232444174243,35842.54771447908,0.001102608279325068,0.02766111120581627,0.00557892257347703,30452.275450276695,19491.07373688973
0.9661652594370205,0.9735493340758353,0.7617130890722252,0.08688484981494683,-0.1792978092634699,-0.09170187911068456,-0.35972465789007296,-1.0,-16.358957269444716,20.130167207311302,1.8856049689332934,36.48912447675602,-30.78038454055786,-30.797832012176514,-30.789108276367188,-0.017447471618652344,-0.0010799536248669028,-0.0020113929640501738,0.02046779729425907,0.02028265967965126,0.0022729854099452496,-0.00023947408772073686,0.020673956722021103,0.019988562911748886,-85.3732176952038,35851.21333442216,0.0011092202039435506,-88.23172205623179,35848.173410231735,0.0011010526213794947,0.029393810778856277,0.0028975959867239,30732.233584710648,19152.483647389254
0.021875272404543487,0.0,-0.047507350807248994,0.09035854079533964,0.20589406276371408,0.0874947661447234,-0.04626799548560834,0.0,-17.092202593840398,19.68425250642224,1.2960249562909212,36.77645510026264,-30.823650360107422,-30.789523124694824,-30.806586742401123,0.034127235412597656,-0.0021282911766320467,0.0007764141773805022,0.02034737914800644,0.020201440900564194,-0.0010249800980091095,-0.0020467801950871944,0.020415855571627617,0.02029101923108101,-34.20454741460746,35840.499933931205,0.001104256371036172,-91.29968472851289,35843.66698105395,0.0010968369897454977,0.027622580528259277,0.005733143538236618,30451.15354097316,20823.03587626315
0.472801129844516,0.29602024153955286,0.5796520360004223,0.23077846790228343,-0.19383293049279468,-0.48686597967014,0.0918107242885362,0.0,-15.357734795241555,21.592290770841885,3.117277987800165,36.95002556608344,-30.852839946746826,-30.854814052581787,-30.853826999664307,-0.0019741058349609375,-0.0020716937724500895,-0.000898677040822804,0.020785987377166748,0.019609907642006874,-0.0022647341247648,-0.0002129125059582293,0.020700184628367424,0.019689077511429787,-70.95458889759563,35832.591332254815,0.0010928468545898795,-69.73637197561582,35858.07942979988,0.0011207317002117634,0.02917509898543358,0.003571870969608426,30476.47568809946,18443.770233262843
0.43445403046206843,0.23584702278503514,-0.07574157025300682,-0.11685165781697573,0.1617540388361322,0.2529997937655304,-0.012930051123705932,0.0,-19.06226288563886,18.85706979249497,-0.10259654657194517,37.91933267813383,-30.886986255645752,-30.927932262420654,-30.907459259033203,-0.040946006774902344,-0.0014449605951085687,0.0017169106286019087,0.01966431736946106,0.020580297335982323,-0.00011197951243957505,-0.0022541088983416557,0.019634956493973732,0.020420439541339874,-107.07341266467144,35854.63972682174,0.0011152155930176377,-68.20741287313221,35855.26956912889,0.0011092338245362043,0.02737017348408699,0.004322180990129709,31260.131603113678,17189.71969159636
-0.0070750840341319374,0.015009978467974288,0.27572194672568495,0.34219809649032723,0.18183189050483908,0.07413414013541764,0.17725266465437983,0.0,-17.589168297774563,17.026013103840626,-0.2815775969669687,34.61518140161519,-31.08333110809326,-24.44633722305298,-27.76483416557312,6.636993885040283,-0.0012555420398712158,-0.001814636867493391,0.01988726109266281,0.019464319571852684,-0.0034621923696249723,0.0032668975181877613,0.041436031460762024,0.04304235056042671,-84.87756729515577,35850.772142669506,0.0011115561937913299,-199.82601055522244,35829.03922895662,0.0010424074716866016,0.028316088020801544,0.0029811307322233915,30485.524120434984,18706.16469825749
0.9769141153811771,0.9220145983108408,0.48738502906108877,-0.16342976438611836,-0.06806862599214097,-0.08779878531271801,-0.5540899302719613,-0.9765091502553209,-20.04450644884443,18.898684774870617,-0.5729108369869067,38.94319122371505,-24.77956533432007,-24.825847148895264,-24.802706241607666,-0.04628181457519531,0.0045516276732087135,-6.20458013145253e-05,0.041499700397253036,0.0397992879152298,0.004332994110882282,-0.0014288771199062467,0.04064445197582245,0.04023522883653641,-193.4211152546814,35832.35282986809,0.0010606171563267708,-168.0305679906038,35835.19798471631,0.0010752715170383453,0.057214684784412384,0.009494742378592491,30466.11986268993,18925.200949235634
-0.011161194773867211,0.0,-0.012676884442024874,0.17553589744053633,0.22290571119231023,0.09164745970022853,-0.012545877737881295,0.0,-17.24098772411486,15.771118929910756,-0.7349343971020517,33.012106654025615,-24.860873222351074,-24.793691635131836,-24.827282428741455,0.06718158721923828,-0.0044995518401265144,-6.893405225127935e-05,0.04114597290754318,0.03939518705010414,-0.002008672570809722,0.004107522778213024,0.039392001926898956,0.04175509512424469,-189.14324573700796,35854.28133979487,0.001078909495845437,-210.97383896842362,35839.53680871616,0.001062180963344872,0.056613557040691376,0.008877594023942947,30465.392810627058,18781.948879341988
0.926750842066095,0.9724196601644777,0.8160764023463143,0.3007901741867033,-0.028994765725556038,-0.26435147438470147,-0.3697027573108665,-1.0,-18.37542676607501,19.62281783176155,0.6236955328432714,37.99824459783656,-24.207959175109863,-24.1593599319458,-24.183659553527832,0.0485992431640625,-0.00487774983048439,-0.0001250381174031645,0.04438931122422218,0.042434826493263245,-0.0016051474958658218,0.004662407096475363,0.042355023324489594,0.04493745416402817,-212.00029414229581,35827.67576101794,0.0010602875845506787,-233.13285474002322,35835.70262425587,0.0010805153287947178,0.06122707203030586,0.009546964429318905,30465.743110988566,18775.724839359274
-0.8778818152684943,-0.9550288014083315,-0.8514334956205571,-0.6557620320664703,-0.4647032766111463,-0.36318165218178655,-0.27177040864928914,1.0,-21.00428010623648,16.228336732024843,-2.387971687105818,37.23261683826132,-23.77938985824585,-23.73941659927368,-23.759403228759766,0.03997325897216797,-0.004203952848911285,-0.0028690698090940714,0.0467795804142952,0.04443298652768135,0.004186141304671764,-0.00302312383428216,0.045248959213495255,0.046401750296354294,-203.31121531632624,35841.81746353087,0.0010564322583377361,-177.8319348218621,35833.85183699221,0.001042176503688097,0.06593696773052216,0.007831709459424019,30478.263272158114,18355.2980595678
0.004470256312872303,0.0,0.3361216754877109,0.37216862718865173,0.034981215961692264,-0.0685788949724937,0.20975669522545448,0.0,-16.26226321459211,17.53299198814537,0.6353643867766294,33.79525520273748,-23.789856433868408,-23.828120231628418,-23.808988332748413,-0.038263797760009766,0.00508590042591095,-0.0005332445725798607,0.046326011419296265,0.04479053616523743,-0.003789508016780019,-0.003445619950070977,0.046368613839149475,0.044334039092063904,-197.97284741785825,35840.71528057943,0.0010692612268030643,-181.46727940473068,35832.415186101214,0.0010589940939098597,0.06378759443759918,0.010668412782251835,30463.82903374921,18903.516647319288
-0.046599761883903246,-0.23162045047357993,0.3086826371411149,-0.005822228243276188,0.8939510951276157,0.9814783655556185,0.6911511299619681,0.6890001121318803,-18.416896946842634,18.193779739966573,-0.1115586034380307,36.61067668680921,-24.012231826782227,-24.081003665924072,-24.04661774635315,-0.0687718391418457,-0.0033862562850117683,-0.0028793353121727705,0.04504776746034622,0.0438271202147007,-0.0027511061634868383,0.004152582958340645,0.04284743219614029,0.045241475105285645,-126.7167074990701,35727.7960288238,0.0011084037832915783,-188.77613746703747,35838.57986976771,0.0010744835017248988,0.0644703358411789,0.007280098274350166,30252.832562494365,19086.344683503474
0.0,0.01761088610314176,0.12949568742187445,0.32272324130302177,0.23106670034848767,0.08312991527615426,0.049515374257206535,0.0,-16.54432702690019,18.663734034294805,1.0597035036973068,35.208061061195,-23.995895385742188,-23.980379104614258,-23.988137245178223,0.015516281127929688,0.004874073434621096,0.001066525699570775,0.04570835828781128,0.043251458555459976,0.0017117185052484274,0.004720612429082394,0.04441741108894348,0.04473230615258217,-193.1203242004451,35834.928026838,0.001068735378794372,-206.7544209626527,35844.76834033458,0.0010658696992322803,0.06348176300525665,0.00854211300611496,30472.45225744142,18583.620945724666
0.9903055639875662,0.943802363204014,0.74461977694622,0.21340987420380647,-0.09041780311051961,-0.2745076124823524,-0.45520782274988497,-1.0,-18.542786954656748,22.46827950001341,1.9627462726783307,41.01106645467016,-23.880553245544434,-23.885316848754883,-23.882935047149658,-0.004763603210449219,-0.003725682385265827,0.0033944793976843357,0.044288940727710724,0.04588214308023453,-0.0023257501889020205,-0.004515191540122032,0.04525483027100563,0.044875431805849075,-208.27560923396365,35817.20311870061,0.0010470906272530556,-206.85488922423576,35839.62886016523,0.001068766345269978,0.06093776971101761,0.011363266967236996,31266.20350119013,17188.24763770014
0.060636624391066256,-0.0041920724467466265,0.03539304677211308,0.1514588096119736,0.1926980774921207,0.12574447006463174,-0.008127136792888234,0.0,-20.47405481021633,13.012856474018577,-3.730599168098877,33.48691128423491,-23.95141363143921,-24.034948348999023,-23.993180990219116,-0.08353471755981445,0.0009267095592804253,0.0049146851524710655,0.044160567224025726,0.04528456926345825,0.00046140822814777493,0.004966089501976967,0.04352407157421112,0.04505490884184837,-247.8029860399887,35834.864329639255,0.0010575560154393315,-204.63136170548495,35838.29087888293,0.001051159342750907,0.0638594776391983,0.005088835954666138,31225.32453538079,18212.64871805904
0.9885413036247019,0.9413698671105308,0.9411250376857765,0.3926227376160397,-0.15802360618898548,-0.06934180679432705,-0.0681188357518554,-1.0,-21.01952720946386,19.018325699821503,-1.0006007548211784,40.03785290928536,-24.24628973007202,-24.256815910339355,-24.25155282020569,-0.010526180267333984,-0.004814073909074068,0.0005088696489110589,0.043947599828243256,0.04250601306557655,0.002575594000518322,0.004129881504923105,0.04355941340327263,0.04279448091983795,-195.37271121709418,35823.66475407049,0.001054435153491795,-191.7489569070329,35826.388450575636,0.0010570598533377051,0.059979148209095,0.01075670775026083,30461.85112349217,19101.91147749908
0.3867013042514787,0.34113580828429085,-0.013153749877721554,-0.24188138919707636,0.258590911527283,0.3855812766045178,0.03029726078504391,0.0,-18.00330345412715,19.473097630203483,0.7348970880381671,37.47640108433063,-24.48923349380493,-24.494147300720215,-24.491690397262573,-0.004913806915283203,-0.0005001898389309645,0.004656647332012653,0.040998972952365875,0.04305915907025337,0.0009807308670133352,0.0046472856774926186,0.041535764932632446,0.04248693212866783,-195.8236624851637,35840.02341045685,0.0010525446850806475,-171.32304197096678,35834.20622122159,0.001067575067281723,0.058974772691726685,0.003667352255433798,31233.31442031832,17574.058728131666
-0.011456068117698734,0.08054667814282916,0.3195163671842054,0.43925216661739985,0.30107032336808826,-0.024115132497078362,0.02566819277277188,0.0,-15.129174980293271,18.339657650830475,1.6052413352686017,33.468832631123746,-25.327346324920654,-25.356316566467285,-25.34183144569397,-0.02897024154663086,0.0028544035740196705,-0.0032156885135918856,0.03730892762541771,0.03901589289307594,0.0019326959736645222,0.0038290824741125107,0.03818468004465103,0.03790409490466118,-230.921046128214,35846.14025188202,0.0010956372134387493,-260.34067040408775,35809.45622262309,0.0010436892043799162,0.05160113051533699,0.00944556761533022,31268.00821830265,17154.936139685757
0.9860753369004469,0.9117311514837886,0.4999006130044684,0.0641873468004335,-0.03755858462177769,-0.17028469428681897,-0.6754689476081827,-1.0,-17.46064202183726,21.143988625574735,1.8416733018687381,38.604630647411994,-24.779562950134277,-24.926369190216064,-24.85296607017517,-0.1468062400817871,-0.00296718068420887,0.00345241348259151,0.03972959145903587,0.04156641662120819,0.003088786732405424,0.00329595897346735,0.040724016726017,0.03921094536781311,-217.92173388189087,35846.20380197952,0.0010457190219312906,-314.8690747681514,35822.76542378763,0.0010648408206179738,0.054951585829257965,0.009195975959300995,31264.019577783307,17165.37236256951
-0.009586182535060083,-0.0035105256185362747,0.03570485087283312,0.31782210240847164,0.443079028745103,0.5017445621888933,0.6611393184186678,0.0,-15.870618695062612,13.778933758962921,-1.0458424680498455,29.64955245402553,-26.29061460494995,-31.551127433776855,-28.920871019363403,-5.260512828826904,0.003073311410844326,-0.0013225516304373741,0.0344151146709919,0.033966243267059326,0.0020141862332820892,-0.0005976390093564987,0.01877499371767044,0.018513396382331848,-229.97450233721798,35730.69107950181,0.001244119368493557,-78.58233880939046,35831.31083877702,0.0010962114902213216,0.046900998800992966,0.008667336776852608,30277.270765256042,18415.752604376674
0.010021022704393978,-0.11585141036178737,-0.2734029477144445,-0.9450129781598985,-0.09809307060452699,0.48166550876983705,0.446933710837862,-0.14030552777388752,-15.681762681755714,21.067164835232745,2.6927010767385156,36.74892751698846,-28.71830701828003,-31.460883617401123,-30.089595317840576,-2.7425765991210938,-0.0018083013128489256,0.001731557073071599,0.02539733797311783,0.026305807754397392,0.0014689883682876825,0.0015297868521884084,0.01920066773891449,0.018471257761120796,1832.2671932473243,36079.202028548316,0.0013957400806248188,-124.75681205775501,35852.53495346368,0.0011125114979222417,0.025457466021180153,0.005111131351441145,30463.04043844927,19896.949750927273
0.19110158502880598,0.007313575930245506,-0.09493572293883173,0.09352314096854589,0.039608617511138866,-0.0377971715910968,-0.1972315168255706,0.0,-17.830037369238056,18.87932398203381,0.524643306397877,36.709361351271866,-30.997097492218018,-30.97395420074463,-30.985525846481323,0.023143291473388672,-0.0008883659029379487,-0.002036343328654766,0.019870378077030182,0.019876908510923386,0.0004517816996667534,-0.0022006737999618053,0.019362660124897957,0.020473066717386246,-106.72088380659488,35834.65001504822,0.0010902374051511288,-66.9287728339499,35852.63241191113,0.0011085569858551025,0.028592439368367195,0.0027310061268508434,30977.675201023347,19947.517956163454
0.04249458975286592,0.0,0.3102585106794776,0.24116797002025112,0.0548073496417347,-0.0346385081248578,0.10447454597232586,0.0,-14.72969584623661,19.963693240140316,2.6169986969518533,34.693389086376925,-30.71861505508423,-30.708138942718506,-30.713376998901367,0.010476112365722656,-0.002232578583061695,0.0005649211816489697,0.020715536549687386,0.020323893055319786,-0.0020830181892961264,0.0009956953581422567,0.020497381687164307,0.02059299871325493,-95.46785985890949,35843.56292193778,0.0011056807124987245,-108.00987949892153,35844.00259822085,0.0010949746938422322,0.028443630784749985,0.005213402211666107,30462.51158517833,19301.022094486227
0.4892787504266088,0.35806686212861794,-0.0726030894711449,-0.07535412926551649,0.42209471439230306,0.4546620969463412,0.03071703940600312,0.0,-20.823125582769677,17.969674841352827,-1.426725370708425,38.792800424122504,-31.071302890777588,-31.11605405807495,-31.09367847442627,-0.04475116729736328,-0.0003928767691832036,0.002157064387574792,0.019175393506884575,0.020221039652824402,0.0019676208030432463,0.0010056395549327135,0.02016407810151577,0.01902393065392971,-77.33000786359246,35836.654882485,0.0010918410262092948,-73.04588610276032,35850.62285604845,0.0011251622345298529,0.027432698756456375,0.0018233541632071137,31235.42418924043,17539.79842199741
0.003703950094076756,0.0,0.16639089075233837,0.11966139599200708,0.10563874136408902,-0.04532305657477653,-0.019974519043353234,0.0,-15.600280008666743,18.634104253767987,1.5169121225506217,34.23438426243473,-31.23225212097168,-31.222290992736816,-31.227271556854248,0.009961128234863281,0.0019049032125622034,0.0010341948363929987,0.01988118328154087,0.01878843829035759,-0.0021712935995310545,-0.00023409593268297613,0.01985231786966324,0.018862927332520485,-79.29484226778936,35849.23969828416,0.0011104349978268147,-62.07455143146123,35836.03656351694,0.001113622565753758,0.028125222772359848,0.0033327825367450714,30477.85436761227,18376.055593077523
0.9890656284244169,0.9401984590576016,0.6334968382024718,0.1426779287734563,-0.044378778554933385,-0.03717688123944218,-0.41316556425586104,-1.0,-14.705965699583487,22.408235221912776,3.8511347611646443,37.11420092149626,-31.075310707092285,-31.007626056671143,-31.041468381881714,0.06768465042114258,0.0012271394953131676,-0.0018228013068437576,0.019174272194504738,0.020203743129968643,0.0005919737741351128,-0.0021525321062654257,0.019263701513409615,0.020417165011167526,-72.35481743945522,35856.124719894644,0.0011095372028648853,-108.62356117714062,35850.91864547263,0.0011061102850362659,0.026634741574525833,0.004034747835248709,31257.47364842798,17197.447163624296
0.03550341368858518,-0.008231751076850763,-0.0241555586827807,0.1528156031737168,0.1904929988399936,-0.049690361981585884,-0.1425201418769021,0.0,-19.872309536421028,16.30536933670402,-1.783470099858505,36.177678873125046,-30.952963829040527,-30.998454093933105,-30.975708961486816,-0.045490264892578125,0.001633757958188653,-0.0015265120891854167,0.01961049623787403,0.020332416519522667,0.0019916517194360495,0.0010034770239144564,0.020440608263015747,0.019282612949609756,-54.6175384401105,35832.687310004956,0.0010934830643236637,-94.99193865228678,35851.13437141971,0.001108188764192164,0.027016259729862213,0.004938197787851095,31269.26861540784,17183.812392482854
-0.0350605095547073,0.022739502345540008,-0.4855845907590734,-0.761012966989625,-0.9863924620193723,-0.4829035017557147,-0.2468326108541804,0.6045188773172999,-16.52795268730688,19.914856886024836,1.6934520993589786,36.442809573331715,-31.205286979675293,-31.232898235321045,-31.21909260749817,-0.027611255645751953,-0.0017221136949956417,-0.0013248618924990296,0.019877061247825623,0.01891656033694744,-0.002109814900904894,-0.0005426889401860535,0.019887685775756836,0.018777303397655487,-95.35085892224475,35844.234317465816,0.0011193942045792937,-90.93808537145543,35843.60110492892,0.0011214604601264,0.028204575181007385,0.003212658455595374,30480.743461243495,18319.70731914349
0.21934686300174608,0.10936009245442482,-0.06180955605628096,-0.034402424113252505,0.2538797156812472,0.11807683533260849,-0.08111687985196558,0.0,-18.115411096872833,19.263345667230823,0.5739672851789948,37.378756764103656,-31.24751567840576,-31.232423782348633,-31.239969730377197,0.015091896057128906,0.0006206443649716675,0.0020616212859749794,0.019176902249455452,0.019440531730651855,0.0012266933917999268,0.0017936420626938343,0.019553659483790398,0.01912766881287098,-46.15078063103974,35858.20466707832,0.0011058349628001451,-149.4161248205497,35847.49887160262,0.001089600846171379,0.027468014508485794,0.002416699193418026,31223.815368512314,18705.74585679871
0.249401057202778,0.1647437327637275,0.4054542073308538,0.386140863655635,-0.21527188782798878,-0.29250659326940687,0.07434339645411814,0.0,-15.257194962671122,21.298265799108464,3.020535418218671,36.555460761779585,-31.096794605255127,-31.058642864227295,-31.07771873474121,0.03815174102783203,0.0018896961119025946,-0.0011250174138695002,0.019505292177200317,0.019787048920989037,-0.0006979141617193818,-0.002103733830153942,0.019628599286079407,0.01983632519841194,-114.35829034214376,35837.45620276402,0.0011024981504306197,-73.2474805728188,35852.31116590308,0.00110534206032753,0.026705140247941017,0.0057342625223100185,30743.69129309818,18712.895831653863
0.8543972283081743,0.4471428858683699,0.13489616635884066,-0.1835669912314734,0.31695532311298213,0.47633285723910235,0.006282659781266187,0.0,-18.444032444811967,18.03083770388605,-0.20659737046295845,36.47487014869802,-30.860888957977295,-30.83829164505005,-30.849590301513672,0.022597312927246094,-0.0011489121243357658,-0.0019490851555019617,0.02032504603266716,0.020048873499035835,-0.00037314114160835743,0.0022483430802822113,0.019685031846165657,0.020779019221663475,-99.681524664706,35841.06639888042,0.0011021035024896264,-90.7852125388626,35839.19577065481,0.0010962983360514045,0.029131650924682617,0.0029867186676710844,30486.909462587046,19720.177475442055
-0.013589294063629796,0.0,0.06486884716165155,0.20581564426867102,0.1818561544796493,0.06585429033928925,0.06361808346731723,0.0,-16.38880295565906,18.83582443818341,1.2235107412621744,35.22462739384247,-31.015329360961914,-31.09360694885254,-31.054468154907227,-0.078277587890625,0.002167473314329982,-0.00045627279905602336,0.020058657974004745,0.01960289664566517,-0.0007621644763275981,0.0020784386433660984,0.019066808745265007,0.020222434774041176,-78.29713317033878,35858.68351800177,0.0011152958031743765,-86.17219694764815,35843.11713552589,0.0011048107407987118,0.02738570235669613,0.005111722741276026,30459.759703586355,19254.32793643242
0.9736368903888287,0.9154449668504119,0.6508106881316893,0.08961075018584086,-0.18821585952262027,-0.24091306411395308,-0.5549237564133442,-1.0,-17.69610250778294,20.45538048784499,1.379638990031026,38.15148299562793,-31.234962940216064,-31.228435039520264,-31.231698989868164,0.006527900695800781,-0.0021178172901272774,0.0004337242862675339,0.01956513337790966,0.019105689600110054,0.0006631838041357696,0.002081614453345537,0.019241321831941605,0.019458303228020668,-88.73411750191646,35856.05506608754,0.0011150786885991693,-37.56100858782162,35861.87995959493,0.0011148565681651235,0.02686631679534912,0.004999848548322916,30458.73917980426,19206.35890155711
-0.0019464192425464556,0.0,-0.05901553688279665,0.06536041896443887,0.17162040227136827,0.053313344366253734,-0.05581259134226979,0.0,-19.372206902702573,15.340504890485164,-2.0158510061087043,34.71271179318774,-31.207427978515625,-31.1659836769104,-31.186705827713013,0.04144430160522461,0.0016676525119692087,0.001386802876368165,0.01984035223722458,0.018945641815662384,0.0021529081277549267,0.000410903652664274,0.02001940831542015,0.018946293741464615,-71.52051499674766,35845.0675563923,0.0011063162237405777,-61.37561471211293,35823.0200837025,0.0010867122327908874,0.028055261820554733,0.0032245218753814697,30480.547385987906,18331.558719329198
0.2718355961305668,0.26871162962320244,0.6798441178887735,0.19603867642249778,-0.23570501484944928,0.3214026120769701,0.16413146759320385,0.0,-15.081495644458073,20.56753836572767,2.743021360634799,35.649034010185744,-30.86190700531006,-30.818991661071777,-30.840449333190918,0.04291534423828125,0.002235432155430317,0.00034475719439797103,0.020711300894618034,0.019644781947135925,-0.0013223853893578053,0.001864516525529325,0.019747089594602585,0.02080773375928402,-73.33536760498217,35859.75156715702,0.0011085420846939087,-94.81933062332776,35838.01444467173,0.001101809786632657,0.02876988984644413,0.003941624891012907,30470.837330879935,18603.88810352267
-0.4141245184945751,-0.5449920561859183,-0.9629337794603118,-0.8930238632678297,-0.37800030079927494,-0.16280589955867297,-0.23489161341425568,1.0,-19.17518862028055,18.882704126969486,-0.14624224665553243,38.05789274725004,-30.58243989944458,-30.54783582687378,-30.56513786315918,0.03460407257080078,-0.0018634380539879203,-0.0013857146259397268,0.021354278549551964,0.020324721932411194,8.292165148304775e-06,-0.0023570836056023836,0.020470310002565384,0.021375181153416634,-65.58813342938593,35841.92576182123,0.001093673286959529,-56.29687789480363,35849.83827305159,0.0010997136123478413,0.030222244560718536,0.003526691347360611,30479.3782039782,18353.867890575733
0.024508069610945836,0.0,0.1739944299771111,0.31688144549729397,0.18627202566212392,0.06574421418887061,0.08419837280833942,0.0,-15.91503330938474,19.056831572558735,1.570899131586998,34.971864881943475,-30.71876287460327,-30.7677960395813,-30.743279457092285,-0.049033164978027344,-0.0022127642296254635,-0.0006508801598101854,0.021101972088217735,0.019921228289604187,-0.002083973027765751,0.0009716240456327796,0.020370563492178917,0.02043789066374302,-41.41790038457559,35850.68553208824,0.0011166500626131892,-76.16101948302888,35839.0459382123,0.001091702375560999,0.02941557765007019,0.0037940931506454945,30473.695085153056,18515.315585804794
0.9972859479892153,0.9013116817194429,0.5307618163806288,0.12869500643529455,0.053196436280964376,-0.30766324892826935,-0.5736635820829428,-1.0,-17.40652555671096,19.149201915826893,0.8713381795579664,36.55572747253785,-31.115176677703857,-31.210789680480957,-31.162983179092407,-0.09561300277709961,0.000767023186199367,-0.0020523022394627333,0.019028469920158386,0.02016572281718254,-0.0008834396721795201,-0.0019987619016319513,0.019395191222429276,0.01938418112695217,-120.74653234655132,35837.70748224675,0.0010866433149203658,-95.54819907893271,35851.80991663961,0.0011344056110829115,0.027018610388040543,0.002582197543233633,31244.444412660305,17340.136650822533
-0.9666752016883017,-0.9912817626759578,-0.8708535588796775,-0.6688183887107035,0.48832680359216646,0.5694890922144241,0.7199442124574108,0.966703758475932,-16.420266413201205,18.43646929185624,1.0081014393275183,34.856735705057446,-31.299502849578857,-31.27260446548462,-31.28605365753174,0.02689838409423828,-0.0014797837939113379,-0.0015518417349085212,0.019546587020158768,0.018834222108125687,0.0018979604355990887,0.001032490050420165,0.019794978201389313,0.01869470253586769,-117.97151365192993,35844.96090048322,0.0011120577109977603,-95.88947863584744,35852.309956080164,0.001099213375709951,0.027803566306829453,0.0030542833264917135,30483.650353358218,18318.72673925231
0.9651653409937995,0.9236325510423519,0.7489783822735673,0.259259947714093,-0.02741645367269202,-0.08292357120742233,-0.3397930430058977,-1.0,-16.53093040068711,21.87519085331192,2.6721302263124045,38.40612125399903,-31.186089515686035,-31.1551833152771,-31.170636415481567,0.030906200408935547,0.001978312386199832,-0.0009064385667443275,0.019429652020335197,0.019461875781416893,-0.0006307036383077502,0.002106856554746628,0.018935954198241234,0.020075835287570953,-73.34528407682686,35839.87787087112,0.0011045957216992974,-105.88409336207165,35849.346371349144,0.0011197072453796864,0.026426833122968674,0.005572684109210968,30472.5884012146,19804.631258062054
0.1189243555169303,0.0,-0.032366217638106314,0.06373787353315685,0.06650472495617166,0.06410219668057626,-0.0696278588103546,0.0,-18.66883891209193,18.262095404606725,-0.2033717537426014,36.930934316698654,-30.875532627105713,-30.850396156311035,-30.862964391708374,0.025136470794677734,-0.002183913718909025,0.0005268672248348594,0.020352279767394066,0.019953954964876175,-0.0015076727140694857,0.0017087854212149978,0.01974417455494404,0.020667415112257004,-129.44198211745388,35842.76076052179,0.001091142650693655,-58.7822296221806,35852.69872577303,0.0011054235510528088,0.02783289924263954,0.005457851104438305,30456.868038701,19382.52885657799
-0.14911657579580212,-0.20626675208918266,0.33659096489840734,0.28209578937463303,-0.019742771394209158,-0.155587982090497,0.22927928281196697,-0.08915250075571723,-13.763892947222814,19.678348046518835,2.9572275496480103,33.44224099374165,-23.828182220458984,-23.852736949920654,-23.84045958518982,-0.024554729461669922,-0.0045279860496521,-0.0023132208734750748,0.04664970561861992,0.04404181241989136,0.0036761886440217495,-0.0035469275899231434,0.04433949664235115,0.04611175134778023,-242.9500394694437,35849.578035784485,0.001082156552001834,-169.67579181169802,35786.98568657426,0.001054406282491982,0.06554511189460754,0.007729210890829563,30478.175470262537,18350.532636040465
0.9433894201900297,0.775608400686609,0.060334367864615296,-0.2183833562395028,0.4760431197659534,0.4710810304559976,-0.09750485398152786,-0.23341939290396352,-20.071357286243398,19.855253539526615,-0.1080518733583915,39.92661082577001,-23.932764530181885,-30.56624174118042,-27.249503135681152,-6.633477210998535,0.0018875482492148876,0.004622248001396656,0.04474668949842453,0.044899776577949524,-0.001798176090233028,-0.0015206404495984316,0.02136792242527008,0.020386910066008568,-149.449001898296,35826.59367799368,0.0010400101309642196,-64.11652525083818,35844.788900395484,0.0011002339888364077,0.06421160697937012,0.00621401984244585,30733.230704834266,19466.436720548172
0.0046853781768795445,0.0,0.126800984474847,0.13265192417070654,0.15392915610530927,0.010554921180094434,-0.040016946328362946,0.0,-17.91642205949256,16.448508972563616,-0.7339565434644726,34.36493103205618,-30.824038982391357,-30.86822271347046,-30.846130847930908,-0.04418373107910156,0.00109947775490582,0.0019874568097293377,0.02037987858057022,0.020166166126728058,-0.002255601342767477,0.0002595982514321804,0.02050192467868328,0.019832191988825798,-77.74465594349559,35848.579890441266,0.0011197860585525632,-56.46042985524884,35842.20355912976,0.0010952218435704708,0.029275652021169662,0.0029158175457268953,30731.687668249837,19064.16330480982
0.9845491617584903,0.957822766765472,0.7097812523936771,0.2310620038576403,-0.07956998903128495,-0.17795436618735722,-0.4717520941100509,-1.0,-16.630828530396855,20.940431100784792,2.154801285193969,37.57125963118165,-30.964739322662354,-30.94815731048584,-30.956448316574097,0.016582012176513672,0.0003175011370331049,0.0022047841921448708,0.0196476262062788,0.02024383284151554,0.00024053765810094774,0.0022352230735123158,0.01964602805674076,0.02031862363219261,-61.58415433585335,35844.52364262703,0.0011050213361158967,-103.45366748641352,35852.77623449807,0.001099865767173469,0.028119798749685287,0.0019738164264708757,31227.697407393527,17870.197328978524
0.9948665894931222,0.9779650996484405,0.9008322454886907,-0.20397734916016919,-0.30185950723788907,-0.49899338730403475,-0.7309127457479143,-0.9098770414918387,-20.153208706152896,15.22667164175374,-2.463268532199578,35.379880347906635,-30.903027057647705,-25.90568780899048,-28.404357433319092,4.997339248657227,-0.0005993625964038074,0.002159689087420702,0.01951543800532818,0.020649168640375137,0.0010161392856389284,0.0035412609577178955,0.03570159524679184,0.03576108440756798,-49.99913930480646,35831.13044832624,0.0010798968141898513,-314.3246895247257,35898.9877096379,0.0011488166637718678,0.027822505682706833,0.0021127094514667988,31239.675604698496,17435.97967486655
0.9407075875451671,0.9919369282293241,0.5985099042967414,0.32317746556912696,-0.19808392265536767,-0.008411071294523675,0.228569069748356,-0.05065391959022103,-14.235655860769782,17.80698626162382,1.7856652004270188,32.0426421223936,-30.862815380096436,-30.7623553276062,-30.81258535385132,0.10046005249023438,-0.001420257962308824,-0.0017715997528284788,0.020478151738643646,0.019882386550307274,0.0005252636619843543,-0.0022435064893215895,0.019830014556646347,0.020987289026379585,-23.18262023650828,35833.64286149146,0.0011028700973838568,-62.51135713858752,35838.21586832334,0.0011091779451817274,0.029118560254573822,0.0030585352797061205,30485.70726167181,18644.40572324956
0.37805426048649887,0.24750225337398213,-0.065597290130927,-0.06963567309193328,0.2822941698964089,0.2528437630302489,-0.0791685192742938,0.0,-16.38207665060125,21.05529955270805,2.3366114510534004,37.4373762033093,-30.770769119262695,-30.79631805419922,-30.783543586730957,-0.025548934936523438,9.219605999533087e-06,-0.0022726356983184814,0.01995956152677536,0.020828627049922943,0.0022354668471962214,0.0004896138561889529,0.020898936316370964,0.019760223105549812,-76.32848729945054,35845.386621082806,0.0011040039826184511,-146.00602305605815,35841.34714740017,0.0010926489485427737,0.028561092913150787,0.0017468950245529413,31231.79343819018,17662.739046161456
0.05566211036618189,0.0,0.24786948647326296,0.24001634885947243,-0.10925827347713607,-0.24776010356200673,0.06900380529926098,0.0,-15.139758237146822,18.901992357468032,1.881117060160605,34.041750594614854,-30.868711471557617,-30.87266206741333,-30.870686769485474,-0.003950595855712891,-0.002246697200462222,-0.00018769588496070355,0.02065844088792801,0.019668592140078545,-0.0019737875554710627,-0.0011110501363873482,0.020726604387164116,0.0195765383541584,-84.98836250154444,35846.17263876228,0.001111202989704907,-103.0186677594482,35847.031357127344,0.001112115802243352,0.028725793585181236,0.00413971533998847,30470.116534625173,18725.590435563216
0.9842453464167997,0.5495341156453123,0.20309004528529764,-0.1630248834026599,-0.053671228800968585,0.03586308710777053,-0.29318851466709334,-0.57826442826738,-19.623735240823578,19.300336156578595,-0.16169954212249138,38.92407139740217,-30.838172435760498,-30.823495388031006,-30.830833911895752,0.014677047729492188,-0.0017966883024200797,0.0013730882201343775,0.019969791173934937,0.020508024841547012,-0.002278669271618128,0.0001002345306915231,0.020674463361501694,0.019865550100803375,-86.55039463682529,35849.629817496934,0.0011092156637459993,-59.8273188897418,35842.522336222595,0.0011131707578897476,0.027396447956562042,0.005461631342768669,31271.800573165296,17317.603225372808
0.02979766875088969,0.0,0.062450782401468966,0.2197380907815025,0.23563705411274177,0.10062751984193286,0.021793661340045567,0.0,-18.32018893891444,16.756386347793097,-0.7819012955606723,35.07657528670754,-30.683209896087646,-30.706543922424316,-30.69487690925598,-0.023334026336669922,-0.00219680811278522,0.0006914144032634795,0.0207345150411129,0.020474640652537346,0.0022832234390079975,-0.00034143333323299885,0.02084890939295292,0.020244741812348366,-73.71108864199613,35848.05860356188,0.001103469985537231,-88.2324529360294,35845.51133101734,0.001102062757126987,0.02818666212260723,0.005713647231459618,30453.278864712862,19619.24592265768
0.9693029645215744,0.9825755202645856,0.744629136168068,0.1059997671221048,-0.25701969539789826,-0.22715459681980849,-0.5400988626640019,-1.0,-20.08112123639637,18.394049765009584,-0.8435357356933935,38.475171001405954,-30.888378620147705,-30.911483764648438,-30.89993119239807,-0.023105144500732422,0.0016397172585129738,0.0015405954327434301,0.020541392266750336,0.019697649404406548,0.002155381254851818,-0.0006770987529307604,0.020189199596643448,0.01994934305548668,-91.82566566891738,35854.41743984632,0.001119508408010006,-79.19916303141291,35851.75220826236,0.0011066246079280972,0.029208755120635033,0.0033008153550326824,30481.288387674354,18333.52954012172
0.0152930816794659,0.0,-0.07876600167794691,0.03255413698514942,0.15770449794992508,0.055483576319909245,-0.04760336653146113,0.0,-19.337499603409242,16.7697266814493,-1.2838864609799714,36.10722628485854,-31.019258499145508,-30.993683338165283,-31.006470918655396,0.02557516098022461,-0.002191336825489998,-0.0003101726761087775,0.020330388098955154,0.019302615895867348,0.002235705964267254,-5.17945118190255e-05,0.020287152379751205,0.01946573331952095,-69.99394557846834,35853.74708977471,0.0011137871770188212,-25.8855367571494,35835.583050284295,0.0010925785172730684,0.028115877881646156,0.004122268408536911,30469.372820901786,18701.59300275905
0.019318498832225982,0.0,0.23521930802412275,0.17691677069303263,-0.022751308058216513,0.08150242702851102,-0.05835622271699392,0.0,-17.12175776612341,19.455739090724876,1.1669906623007336,36.577496856848285,-30.90792417526245,-30.914020538330078,-30.910972356796265,-0.006096363067626953,9.033476817421615e-05,-0.002244527917355299,0.019611019641160965,0.02053559012711048,0.0022355327382683754,0.0003473914403002709,0.020592371001839638,0.019520409405231476,-104.67899454247508,35848.22559611221,0.0011056737275794148,-95.11882173155495,35844.78834199366,0.0011108462931588292,0.028045766055583954,0.0017729605315253139,31233.70052084454,17587.77804593746
0.9882941337076304,0.9906404707263445,0.9035482139346809,0.7628968134700319,0.6358895510135477,0.30042304825553345,-0.7320525711600944,-0.9633853360518253,-20.712394565067427,19.329557185422402,-0.6914186898225125,40.04195175048983,-30.831964015960693,-28.053741455078125,-29.44285273551941,2.7782225608825684,0.0019239301327615976,-0.0011906966101378202,0.020096102729439735,0.020413033664226532,0.0024882000871002674,-0.001040745759382844,0.027683377265930176,0.02813819795846939,-59.41355418907083,35843.38265774445,0.0010971343144774437,1545.8040644203552,36435.819639381465,0.0016263752477243543,0.027419837191700935,0.005699557717889547,31022.971133600655,17799.0173210788
0.005132847385034656,0.0,0.13277511775372033,0.34116640241663415,0.22607172145589247,0.07854370237988983,0.030216465007598114,0.0,-15.18447988567766,19.540199327062652,2.1778597206924957,34.72467921274031,-24.274070262908936,-30.699048042297363,-27.48655915260315,-6.424977779388428,0.000997241702862084,-0.004730918910354376,0.04190405085682869,0.0442524179816246,0.002310502342879772,0.00016306733596138656,0.021057887002825737,0.02006302773952484,15.773514531501878,35856.891962508445,0.0011055793147534132,-85.47001172257366,35835.30876760505,0.001104107592254877,0.05908060818910599,0.004764348268508911,31237.690426836813,17410.115864868454
0.9947710527463498,0.9362081836141094,0.6993276850675909,0.28193391937744466,0.04964441869397507,-0.24100725476057633,-0.5022711531341469,-1.0,-19.265716573532757,20.050556041869015,0.39241973416812925,39.31627261540177,-30.594215393066406,-30.61727523803711,-30.605745315551758,-0.023059844970703125,0.00021247539552859962,0.002317518461495638,0.020450426265597343,0.021177543327212334,0.0015064228791743517,0.0017859358340501785,0.02109898254275322,0.02041764184832573,-80.95177030166207,35842.768119134926,0.0010863201459869742,-85.20510102440822,35846.29727349171,0.001113945385441184,0.029456214979290962,0.0020939358510077,31227.759156212374,17860.219660911287
0.03697329102865168,0.0,-0.005572347132284064,0.13142891242569502,0.20894211846795968,0.14384285023883536,0.030764870900586994,0.0,-13.988323979128836,17.32521134402336,1.6684436824472613,31.313535323152195,-30.84620475769043,-30.759265422821045,-30.802735090255737,0.08693933486938477,-0.0014379386557266116,0.001752120559103787,0.019739504903554916,0.020692409947514534,0.002283873036503792,-7.049710984574631e-05,0.02083452045917511,0.02000759355723858,-27.91722411364595,35843.48419004293,0.0010946294059976935,-98.94082698468557,35849.980935452746,0.0010912506841123104,0.027212144806981087,0.004834056831896305,31264.672273092237,17168.72358880114
0.9466029961404955,0.8688026732791163,0.8727483654695345,0.2957024323695851,-0.09620828664560555,-0.19089401955867558,-0.2762834115222022,-1.0,-16.400113931915087,19.619673466898263,1.6097797674915881,36.01978739881335,-30.94456434249878,-30.972633361816406,-30.958598852157593,-0.028069019317626953,-0.0007586143910884857,-0.0021062458399683237,0.019913071766495705,0.020074613392353058,8.92999378265813e-05,-0.0022431681863963604,0.019459396600723267,0.020387286320328712,-65.90828149011469,35841.08048604469,0.0011069104075431824,-98.24278397398311,35854.59906551661,0.0011158630950376391,0.028486527502536774,0.0024841881822794676,31223.618881992985,18638.523789532795
0.5990278808430671,0.41308742911658575,-0.08158605069255309,-0.07491591033140282,-0.019383278810224835,0.28064177521538514,-0.12492645723055884,0.0,-21.591379521418844,16.1289101310187,-2.7312346952000723,37.72028965243754,-31.01602792739868,-31.04416847229004,-31.03009819984436,-0.028140544891357422,0.0011783915106207132,0.0018692485755309463,0.019995739683508873,0.019664427265524864,-0.0012385776499286294,-0.0018481911392882466,0.019972607493400574,0.019555961713194847,-129.68305255389305,35841.148500353236,0.0010911060962826014,-71.04252890962883,35844.28263308515,0.0011115188244730234,0.02875344082713127,0.003058530855923891,30485.31784876722,18498.828937842783
0.001382543433645347,0.0,0.23303132751165656,0.29424162144928157,0.14161422020494846,0.029078289687464398,0.06924376001166588,0.0,-13.659070365210681,22.00232084198646,4.17162523838789,35.66139120719714,-31.032869815826416,-31.00459337234497,-31.018731594085693,0.028276443481445312,-0.0013257998507469893,-0.0017785290256142616,0.02004372328519821,0.019536307081580162,0.0017613249365240335,0.0013689470943063498,0.020343203097581863,0.019356295466423035,-111.9645698285705,35847.47353669683,0.001109644421376288,-83.63988211320734,35853.43711688534,0.0010875825537368655,0.028497755527496338,0.002951226197183132,30486.439722209558,18903.108366171386
0.9671849364986086,0.9151146938669606,0.3326217939586022,-0.1857728895923314,-0.13093155295830877,-0.09593658102331254,-0.6589847780968558,-0.9923042636825543,-20.67569809558256,18.960321329734995,-0.8576883829237829,39.636019425317556,-31.04323387145996,-31.042239665985107,-31.042736768722534,0.0009942054748535156,-0.0017936929361894727,0.0012817294336855412,0.01953618973493576,0.019998421892523766,0.000590022886171937,-0.0021412521600723267,0.019189419224858284,0.020334040746092796,-66.83694429531326,35836.19043629757,0.0010954211466014385,-85.81861689365813,35852.10969975921,0.0011235781712457538,0.026655178517103195,0.005326343700289726,31269.423467430068,17383.664110145557
0.023997991254279163,0.0,0.0685214216530954,0.08822195182838763,0.16661490690237024,0.02434629919845127,-0.06643139457908054,0.0,-15.784597712994639,17.52128025423832,0.8683412706218405,33.30587796723296,-30.962889194488525,-30.961592197418213,-30.96224069595337,0.0012969970703125,0.0003166111127939075,0.0022036463487893343,0.019652655348181725,0.020247509703040123,0.0008852998726069927,-0.0020668241195380688,0.019358353689312935,0.020532483235001564,-73.31685593080364,35849.55318059803,0.0011086987797170877,-53.23224799655422,35838.63773534722,0.0010964949615299702,0.028329620137810707,0.0019325335742905736,31227.821320658084,17834.399406021657
-0.004867310500499822,0.003312465679324972,-0.24244054847487972,-0.6573201710204347,0.204037603202759,0.4917563249709401,0.3810024022344679,-0.027714399087909458,-16.45335720464692,19.389183711412585,1.4679132533828323,35.842540916059505,-30.836708545684814,-30.809381008148193,-30.823044776916504,0.027327537536621094,-0.0015666510444134474,-0.001639799913391471,0.020615773275494576,0.019864778965711594,0.002148230327293277,-0.0007777357241138816,0.020384090021252632,0.020229632034897804,-71.07513250697775,35851.9286773518,0.0011046862928196788,-104.48652527912496,35852.28153251598,0.0011034692870453,0.02919691614806652,0.003195065539330244,30483.26949628106,18338.59401157443
0.060846167374536554,-0.00411171125093778,-0.07215851727595163,0.0591227008639805,0.15434598237776676,0.004076638460201398,-0.13391225436933807,0.0,-21.600693493615154,15.044855350742523,-3.2779190714363153,36.64554884435768,-30.953328609466553,-31.001665592193604,-30.977497100830078,-0.04833698272705078,0.0018765267450362444,-0.0012073307298123837,0.019794486463069916,0.020152170211076736,0.0007413630373775959,-0.0021131671965122223,0.019268585368990898,0.02043844759464264,-28.257513844507912,35839.346329338485,0.0010937327751889825,-103.9510403008747,35854.06279926339,0.0011085651349276304,0.02699422277510166,0.0055348617024719715,31039.95086716972,17772.195224616156
-0.009800527578026845,0.0,-0.0049047726932981844,0.14802546769773683,-0.13395184324615692,-0.187859899976628,0.04450313653844906,0.0,-16.64167535072147,18.51998841255252,0.9391565309155254,35.16166376327399,-31.151978969573975,-31.182808876037598,-31.167393922805786,-0.030829906463623047,-0.0008634082623757422,0.0020148504991084337,0.018943823873996735,0.020083285868167877,-0.001118985703215003,-0.0018858967814594507,0.019596431404352188,0.019306927919387817,-94.93339931592884,35843.312059598604,0.0011108755134046078,-90.8029909311554,35837.17179343019,0.0011170657817274332,0.02682478353381157,0.003039964707568288,31247.228255691018,17285.242022463728
0.9809459247964243,0.7297341221396633,0.12524370398059712,-0.19012870584378141,0.2800453453789324,0.2980227639292775,-0.24412921047595643,-0.3328582127168168,-21.882866278505617,17.364139762249266,-2.2593632581281753,39.24700604075488,-31.06574296951294,-31.066594123840332,-31.066168546676636,-0.0008511543273925781,0.00098044250626117,-0.0019638517405837774,0.019154394045472145,0.020265372470021248,0.002044369000941515,0.0008630984229966998,0.02028917707502842,0.019122391939163208,-68.20831720267478,35851.34663786459,0.0011003385297954082,-149.21041406659072,35846.2079695295,0.0011040281970053911,0.02696075662970543,0.0028108067344874144,31245.17760329376,17318.525526811685
0.01939373137151309,0.0,0.12042587419167884,0.2018193511087601,0.0736077052307964,-0.01835883702852026,0.0023004197266560666,0.0,-16.48831585056422,19.18058451896846,1.3461343342021195,35.66890036953268,-31.019675731658936,-31.01212978363037,-31.015902757644653,0.007545948028564453,-0.0003506164357531816,0.002188801998272538,0.01929185725748539,0.020338337868452072,0.0016966485418379307,0.0014503294369205832,0.02029588632285595,0.019370276480913162,-82.38246448360509,35840.54495908305,0.0011063867714256048,-92.33636547301836,35853.242747156386,0.001094378880225122,0.027613218873739243,0.001882927375845611,31236.477224815804,17477.179214933778
0.987521264087462,0.7451272978830998,0.5453124028438637,-0.12499037296522017,-0.2318795065534558,-0.07168783096308107,-0.4143547884622007,-0.8849096261249387,-17.857152881512206,21.27851246415989,1.710679791323841,39.135665345672095,-31.010849475860596,-31.028125286102295,-31.019487380981445,-0.01727581024169922,0.0021987459622323513,0.0003207090776413679,0.02035346068441868,0.019316978752613068,-0.0019077769247815013,0.0011431199964135885,0.01964729093015194,0.01995590701699257,-89.83522896321416,35844.48212420134,0.0011033554328605533,-93.48247434259787,35834.16892505156,0.0010974803008139133,0.02827417105436325,0.004042789805680513,30469.726890323363,18672.34710339024
0.02864704188661924,0.0,0.01772180046636164,0.1514469326876654,0.23309448413850226,0.08537689535383286,0.035829151943760795,0.0,-22.065465810188925,14.746986619408801,-3.659239595390062,36.81245242959773,-31.1434268951416,-31.196417808532715,-31.169922351837158,-0.05299091339111328,-9.71146218944341e-05,-0.0021735718473792076,0.019157851114869118,0.019919006153941154,0.001084356103092432,0.0018941328162327409,0.019542980939149857,0.019300565123558044,-116.93080953421726,35845.74495659032,0.0010906577808782458,-97.56738703984064,35845.20879408952,0.0011058608070015907,0.027549544349312782,0.001935263630002737,31228.64242043842,17850.347891583566
0.9522623553667712,0.968685620687196,0.8250428189777366,0.09003628108960424,-0.25475413207626746,-0.10381405619177847,-0.23904600783913654,-0.7804360713725986,-16.034460283273063,20.716057840610404,2.3407987786686704,36.75051812388347,-31.503376960754395,-31.518750190734863,-31.51106357574463,-0.01537322998046875,-0.002056020312011242,0.00040195847395807505,0.01897982880473137,0.018514126539230347,0.001945520518347621,0.0008062607957981527,0.019260911270976067,0.018151530995965004,-123.86879139733813,35852.9335769315,0.0011238573351874948,-81.46571888263338,35862.77103109644,0.0011319832410663366,0.026138771325349808,0.004696939140558243,30464.896714441977,19316.67936085973
0.162977057820961,0.16645436238619843,-0.08268385981005485,-0.06253647324160175,0.14262536108481316,0.14166614753354734,-0.05669957450810337,0.0,-18.71262083382868,20.013961296911305,0.6506702315413122,38.726582130739985,-31.500113010406494,-31.44481897354126,-31.472465991973877,0.055294036865234375,0.001296746893785894,0.0016410083044320345,0.01901543140411377,0.018492328003048897,-9.679909271653742e-05,-0.002127220155671239,0.018497329205274582,0.019243508577346802,-67.41034775264309,35853.16592109113,0.0011264848290011287,-44.348689144389915,35833.571506919994,0.0010961653897538781,0.027111336588859558,0.0029418449848890305,30483.812918648877,18365.797607769833
0.014129066133230698,0.0,0.31251891688928085,0.3279880398095069,0.08879124891388793,0.017458496703138204,0.006305544805667251,0.0,-16.72888866561334,17.223892667498006,0.2475020009423332,33.952781333111346,-30.946125984191895,-30.877196788787842,-30.911661386489868,0.06892919540405273,0.00032398616895079613,-0.002214499283581972,0.019456319510936737,0.020510630682110786,0.0006280539091676474,0.0021803700365126133,0.019994957372546196,0.02030179277062416,-94.5019956775601,35852.10820936276,0.0010952315060421824,-80.93070161140933,35837.766798248354,0.0011016607750207186,0.027726486325263977,0.0019430540269240737,31236.895216487905,17475.463086825977
0.9025011982153087,0.6262443611171115,0.1536581958440647,-0.03484609890797411,0.6128907952767256,0.7513276199080396,0.5547515679139082,0.0,-17.122487989020097,21.33481477568958,2.1061633933347412,38.45730276470968,-30.560474395751953,-30.48306941986084,-30.521771907806396,0.07740497589111328,0.0020717717707157135,-0.0002574287645984441,0.021240388974547386,0.020577020943164825,-0.00031275456422008574,0.002355525502935052,0.020526429638266563,0.02162756770849228,-40.761811760106454,35739.5061645807,0.0011487429728731513,-54.92787448909962,35850.43014803262,0.0011006894055753946,0.02953575737774372,0.00456626433879137,30278.47679608656,18307.202848431374
0.022553252826877507,0.0,0.05256670597191597,0.18282262664240598,0.18392593212907088,0.08491082675479578,0.008382061239674443,0.0,-17.710942250762457,16.515054914914145,-0.5979436679241559,34.2259971656766,-30.228471755981445,-30.216689109802246,-30.222580432891846,0.011782646179199219,0.002268629614263773,0.0008522202842868865,0.022330814972519875,0.02107638493180275,-0.0024344059638679028,-0.00021574419224634767,0.022275742143392563,0.021193116903305054,-31.982936757143722,35845.638594488446,0.0010995384072884917,-52.56855855088528,35840.4531910392,0.0010953547898679972,0.031181108206510544,0.003950337879359722,30474.64825445049,18497.727453706873
0.9930158205106796,0.9403388680646162,0.7659910581223404,0.29647256877130623,0.02068932091053105,-0.23406569139540978,-0.5012022684654395,-1.0,-16.095329320777182,22.324140736589044,3.114405707905931,38.419470057366226,-30.426783561706543,-30.57094097137451,-30.498862266540527,-0.14415740966796875,0.0021906220354139805,-0.0009077886934392154,0.021251650527119637,0.021193120628595352,-0.0023559851106256247,-4.6499757445417345e-05,0.021331798285245895,0.020401280373334885,-86.62013410604105,35842.893045182806,0.0010996358469128609,-80.47707973861579,35847.10303011538,0.0010998549405485392,0.029010966420173645,0.006059696432203054,30704.948899344516,19776.81256803914
0.04362345778213764,0.0,-0.014628452780329496,0.11068159871114669,0.18318969718535766,0.07270859340010566,-0.018688660474926455,0.0,-17.103851896989966,17.657019839031335,0.27658397102068477,34.7608717360213,-31.30577325820923,-31.366431713104248,-31.33610248565674,-0.06065845489501953,0.0021339221857488155,0.00017701572505757213,0.019638728350400925,0.01870991289615631,-0.0007270031492225826,-0.0020049987360835075,0.018974801525473595,0.01911715418100357,-98.44449534257852,35853.15196761015,0.0011255512945353985,-100.22753101302699,35855.59477742296,0.001095062354579568,0.027193475514650345,0.004043785855174065,30467.78145860102,18717.12421898163
0.006856759137362278,-0.31075503104902424,-0.1478160334830071,-0.6858549719435889,-1.0,0.4855082813112587,0.8898587474980523,0.3686162675110596,-18.943771964714472,16.72274309180534,-1.1105144364545652,35.66651505651981,-31.579997539520264,-31.592915058135986,-31.586456298828125,-0.012917518615722656,-0.0015106347855180502,-0.0014365134993568063,0.018968923017382622,0.01818953827023506,0.0004657265089917928,-0.002039414830505848,0.01802639290690422,0.019069183617830276,-73.11133224043081,35840.77683417198,0.0011142706498503685,-110.7105809711275,35854.46368321963,0.0011141758877784014,0.026831943541765213,0.0030165542848408222,30481.87299905233,18328.727642449092
0.32839529005250856,0.1944856182297625,-0.0792182172101942,-0.11376105275737912,0.07729284025755478,0.3317088557371729,-0.03028812721951335,0.0,-20.253370907834494,17.473754582737087,-1.3898081625487038,37.72712549057158,-31.091792583465576,-31.049084663391113,-31.070438623428345,0.04270792007446289,0.0016882221680134535,0.0013978740898892283,0.020107043907046318,0.019199427217245102,-0.002224275842308998,-3.8637095713056624e-05,0.02019023895263672,0.019308196380734444,-122.29765713708434,35842.64981042736,0.0010961232474073768,-77.2837843359519,35847.143463536704,0.0011063149431720376,0.028547827154397964,0.003300680546090007,30479.732843478694,18334.592909666142
-0.007882889814366918,0.07047548341669041,0.7097097240430535,0.563519738901497,0.03323607169154119,-0.22929896412710565,0.21752059160840798,0.0,-15.522225152857459,18.84216383466378,1.6599693409031602,34.36438898752124,-30.774173736572266,-25.78322410583496,-28.278698921203613,4.990949630737305,0.0006679913494735956,0.0021874771919101477,0.02024795673787594,0.020530804991722107,-0.0034398124553263187,0.0022548073902726173,0.03586798533797264,0.03656527027487755,-111.73685186122164,35846.65943603717,0.0011151330545544624,-414.15133002199195,35825.442780832665,0.0011834840988740325,0.028972122818231583,0.0023093896452337503,31225.087750169776,18161.838645035794
0.23560513323818172,0.31855058428807714,0.06907162044340691,-0.21248688475992328,0.05091733147747002,0.36251733005687814,0.2630861034999803,0.0,-24.75426184501083,16.57145991777861,-4.09140096361611,41.32572176278944,-29.323112964630127,-30.165486335754395,-29.74429965019226,-0.8423733711242676,0.0016084337839856744,0.00202349666506052,0.02440386824309826,0.02379981242120266,0.0017617101548239589,0.0017218434950336814,0.022317208349704742,0.021412286907434464,-869.4837639210471,36493.45276485659,0.0011669566156342626,-34.02371385361587,35833.81424667751,0.0010842292103916407,0.0337405689060688,0.003917753230780363,30482.30677885595,18297.8954704691
0.005278623222487486,0.0,0.03292933272423677,0.11282066097131949,0.14657303912148745,0.019480347486553362,-0.07886240081314755,0.0,-19.79863311586189,14.831351486745405,-2.4836408145582425,34.629984602607294,-30.882301330566406,-31.197898387908936,-31.04009985923767,-0.3155970573425293,-2.41746092797257e-05,0.002248181030154228,0.01969989575445652,0.02056718058884144,-0.0021152812987565994,0.0005341828800737858,0.019599182531237602,0.019236860796809196,-89.70582642998521,35849.783715343954,0.0011074597714468837,-77.71536053771193,35839.53170639404,0.0011114423396065831,0.02839227020740509,0.0018174266442656517,31229.520451404856,17705.235891780812
0.9572736053567608,0.972314629174515,0.7057429429913729,0.08455140613427332,-0.16553762649779674,-0.006427208903918458,-0.2279169662592841,-1.0,-17.963426143532786,20.27675482544987,1.1566643409585424,38.240180968982656,-30.981502532958984,-30.85399627685547,-30.917749404907227,0.12750625610351562,0.0004506987752392888,0.0021830014884471893,0.019668441265821457,0.020147018134593964,-0.002197411609813571,0.0005924524739384651,0.020373594015836716,0.020030558109283447,-75.89609009795527,35847.90782733355,0.0011183867463842034,-83.35543468499088,35857.817652042606,0.0011113608488813043,0.028213877230882645,0.002148394240066409,31226.194110330565,18040.384080547192
0.11868269465683505,0.04183857948716335,-0.09580049077684097,0.10024924943264618,0.1790027447562355,0.014634526048418417,-0.20665728592952604,0.0,-15.21455086690878,21.02291559594417,2.9041823645176947,36.23746646285295,-30.8288836479187,-30.80008029937744,-30.81448197364807,0.028803348541259766,0.0022615406196564436,7.870821718825027e-05,0.020708756521344185,0.01980598084628582,-0.0022358009591698647,0.000483453506603837,0.020559219643473625,0.02009562961757183,-31.38745333109648,35846.338800880294,0.0010979451471939683,-117.10195061379142,35842.81573600354,0.0011000103550031781,0.02859322726726532,0.004376112949103117,30467.698901127635,18786.35105859467
0.3650576785113743,0.3540071668254204,0.43353705711127644,0.49079521532966053,-0.1948420766954373,-0.04836936504503836,0.1195368818409932,0.0,-17.261832849931977,17.67279374281739,0.20548044644270647,34.93462659274937,-30.773296356201172,-30.78176498413086,-30.777530670166016,-0.0084686279296875,0.00016346832853741944,-0.002288804156705737,0.01989310421049595,0.02087804675102234,-0.0015779848909005523,-0.0016609486192464828,0.020755818113684654,0.019980259239673615,-69.37184275241238,35843.77991768788,0.001105698524042964,-71.31381677433245,35840.53781814912,0.0011052822228521109,0.028541112318634987,0.0018688463605940342,31233.228197416815,17554.115255159893
0.00020296599328446362,-0.0004895407461242265,-0.009975708805879883,-0.010423253082811949,-0.017086099030302254,-0.04173752213979192,-0.07041552497688994,0.0,-16.613156712864097,17.66843334062806,0.5276383138819813,34.28159005349215,-30.746090412139893,-30.74496030807495,-30.745525360107422,0.0011301040649414062,0.0006565606454387307,-0.0019316580146551132,0.0200228001922369,0.020906416699290276,0.0017726396908983588,-0.0009499157895334065,0.02052963897585869,0.020417187362909317,-31.06862814420214,35743.3403245576,0.0011537796817719936,-29.924374493183052,35740.089508823185,0.0011515874648466706,0.02790660411119461,0.003381571266800165,31245.41213129839,17253.608432322955
0.018958095778349678,0.0,0.21766605272681097,0.2903980160445558,0.18546357409222655,0.023807636961274914,0.05761241474555723,0.0,-16.704947393623087,15.223101091272099,-0.7409231511754939,31.928048484895186,-30.744802951812744,-30.742692947387695,-30.74374794960022,0.002110004425048828,-0.0007594416383653879,-0.002159260679036379,0.02036631852388382,0.020551802590489388,9.833225340116769e-05,0.002301036147400737,0.020053287968039513,0.02086559496819973,-67.0620172642335,35843.18731886647,0.0011107499012723565,-74.42294039680581,35853.5642482542,0.0011069091269746423,0.029204994440078735,0.002512906910851598,31223.8947910533,18619.78221846929
0.9836419343743615,0.7995431399584367,0.5101347045021231,-0.12989211228482847,-0.28651028476581003,-0.09852846748217298,-0.4086056702469392,-0.8693958207334846,-16.712708834407124,20.876060652109118,2.081675908850997,37.58876948651624,-30.734798908233643,-30.744798183441162,-30.739798545837402,-0.009999275207519531,-0.001900154398754239,0.0012924314942210913,0.020269939675927162,0.020692847669124603,-0.00020462379325181246,0.0022935778833925724,0.01994437538087368,0.02096003293991089,-73.23214459534195,35842.40403904767,0.0011018208460882306,-66.01273739296809,35838.812798838655,0.00109915214125067,0.02774163708090782,0.005856653675436974,31019.975721381372,17926.874430631226
0.029975161841820745,0.0,-0.0026021839013005282,0.1646352733733706,0.2352657948267472,0.08047553456799067,0.0013518379219192855,0.0,-22.19839056537586,13.984211216069014,-4.107089674653423,36.18260178144487,-30.83688735961914,-30.871429443359375,-30.854158401489258,-0.034542083740234375,-0.0006252665771171451,-0.0021722654346376657,0.02009074203670025,0.02039562352001667,0.002265497110784054,-0.00012936869461555034,0.02054586261510849,0.019771544262766838,-69.87801242031333,35854.67214580829,0.0011044895509257913,-64.73359541257177,35845.42258098171,0.0011038808152079582,0.028912264853715897,0.0025978225748986006,30978.362123431893,19366.556394759875
0.9605351723909856,0.982422398507339,0.848922813297117,0.060950067647462414,-0.2762391804704783,-0.11057613432361274,-0.28079763193145124,-0.7325376634261975,-16.48411085234767,20.49413600504704,2.005012576349685,36.97824685739471,-31.094775199890137,-31.112406253814697,-31.103590726852417,-0.017631053924560547,-0.002201132010668516,-7.106781413313001e-05,0.020093191415071487,0.01919882744550705,-0.00160451780539006,0.001519176410511136,0.01923411712050438,0.019979972392320633,-85.63076361424372,35846.32117177734,0.0011057498631998897,-89.460873257393,35858.74159565641,0.0011183833703398705,0.027826907113194466,0.004213282838463783,30467.794160257778,18783.040969308757
0.06633415655864335,0.06793186175629272,-0.07662913353939209,-0.05067813868658963,0.13365566713398103,0.11522037186920209,-0.037464792172162475,0.0,-19.61708332080076,18.87712417167367,-0.36997957456354413,38.49420749247443,-31.23807191848755,-31.238315105438232,-31.23819351196289,-0.00024318695068359375,-0.00028609775472432375,-0.0021384586580097675,0.019029129296541214,0.019626358523964882,-0.001855270704254508,0.0011311324778944254,0.019171399995684624,0.0194846261292696,-75.74750179055957,35843.930427287596,0.0011091672349721193,-96.17915230265822,35823.39925553937,0.0010873108403757215,0.027399737387895584,0.00203413562849164,31226.960484248895,17969.949908223567
0.037470806230074066,0.0,0.38248031744393773,0.39949848242696157,0.10432204620708038,-0.06786327365135852,0.007129121270198158,0.0,-14.912562595754139,18.13361612055334,1.6105267623996014,33.04617871630748,-31.3321590423584,-31.390292644500732,-31.361225843429565,-0.058133602142333984,0.0021162526682019234,0.0003310670144855976,0.01962159015238285,0.018607687205076218,-0.001337834051810205,-0.0016674147918820381,0.019274935126304626,0.018707318231463432,-81.99536337592487,35866.44659130876,0.0011263209162279963,-131.66480763965865,35841.837707016166,0.001119913998991251,0.027284741401672363,0.003711206838488579,30471.156734420863,18596.76685473225
0.9101287950488643,0.7471080533841358,-0.06856712365685788,-0.20649965675436346,0.4014580301336299,0.479600782439881,0.10266809689421685,-0.0545111361075864,-18.184259472896372,19.544334236809675,0.6800373819566516,37.72859370970605,-31.543846130371094,-31.54803991317749,-31.545943021774292,-0.004193782806396484,0.00037640490336343646,-0.0020494498312473297,0.01815815083682537,0.019151341170072556,0.002060879021883011,0.00038619188126176596,0.019155316054821014,0.01813381537795067,-72.15297459938601,35856.04601344231,0.0011223048204556108,-86.93948854012193,35859.54162355729,0.0011175943072885275,0.026014985516667366,0.0017197193810716271,31235.6843670514,17497.44499663183
0.04867439828630179,0.0,0.08627056212621775,0.20334469521294424,0.16875798347462895,0.026819474383933894,-0.0001916631721537998,0.0,-20.250846225343906,15.103228742021258,-2.573808741661324,35.354074967365165,-31.788718700408936,-31.69752597808838,-31.743122339248657,0.09119272232055664,-0.0019243553979322314,0.0006565256626345217,0.018235083669424057,0.018048811703920364,0.001027271500788629,-0.00179021037183702,0.017808295786380768,0.01884337328374386,-98.6709564538042,35832.95427605791,0.0011177095584571362,-125.53589154556894,35843.63916154078,0.0011127874022349715,0.02472516894340515,0.005089686252176762,30705.849617567896,19602.857479044626
0.9915898005241306,0.9365379300899952,0.7173088724820801,0.2911045006305316,0.024005955217533126,-0.24489675823263263,-0.510195806575043,-1.0,-17.32830858222161,20.409693975192283,1.540692696485337,37.73800255741389,-31.698598861694336,-31.61181926727295,-31.655209064483643,0.08677959442138672,-0.001795657561160624,-0.0009829599875956774,0.0188378244638443,0.017811423167586327,-0.0015729274600744247,0.0013708010083064437,0.01819368079304695,0.018830491229891777,-104.02416361132808,35855.971622209414,0.0011051155161112547,-122.50750234120584,35841.594154342725,0.0011238869046792388,0.026547715067863464,0.0031886978540569544,30477.737135038933,18400.23102195155
0.08693574762989409,0.0,0.0542249420075854,0.17073831483754287,0.2057926056814835,0.12612678489622303,0.002538963055738863,0.0,-18.42373318531827,15.847051055385577,-1.288341064966346,34.27078424070385,-31.328747272491455,-31.301567554473877,-31.315157413482666,0.027179718017578125,-0.0019850325770676136,0.0007924837991595268,0.019166648387908936,0.019091637805104256,0.0002644612395670265,0.0021416039671748877,0.018877364695072174,0.019494393840432167,-66.71624080326464,35862.001117435146,0.001117805251851678,-48.68538215220752,35851.96023684734,0.0010990194277837873,0.02609497308731079,0.005488399416208267,30691.973338239542,19313.458362857924
0.9655937799983539,0.9351957768665091,0.795669722781111,0.35306945025485265,-0.06861513675763814,-0.014701328058979557,-0.1414809902576879,-1.0,-17.437269672808213,19.644345376936627,1.103537852064207,37.08161504974484,-31.24372959136963,-31.230802536010742,-31.237266063690186,0.012927055358886719,0.0020626334007829428,-0.0006523256888613105,0.01943621039390564,0.019197167828679085,-0.0007012073765508831,-0.002063893713057041,0.01925128512084484,0.019438449293375015,-97.46849349508409,35840.41344755764,0.0011091424385085702,-80.82467472854644,35846.31840619819,0.0011075669899582863,0.026482295244932175,0.005291863810271025,30456.629721479807,19565.917843098992
0.16062998626278624,0.07084465448729395,-0.08078436400736884,-0.05437656851313957,0.06540566434865863,0.1360799847700832,-0.06155767627815012,0.0,-18.52277762025335,17.869242512648782,-0.3267675538022843,36.39202013290213,-31.05776071548462,-31.04222297668457,-31.049991846084595,0.015537738800048828,-0.0013132122112438083,-0.001763385720551014,0.019981399178504944,0.019487004727125168,0.001326188212260604,-0.0017855431651696563,0.01925763301551342,0.020269181579351425,-122.9042132012681,35851.091683936866,0.0010987434070557356,-74.73265825536961,35850.08683635703,0.0011174249229952693,0.02865263819694519,0.003065297147259116,30484.70065079974,18432.1718956544
-0.01626416257143802,0.002343138164000589,0.24647639284051726,0.3380711259740112,0.12657538345140698,-0.09617438272173007,0.06382100328038276,0.0,-13.508201212354606,21.22867835985079,3.8602385737480915,34.736879572205396,-30.842645168304443,-30.819122791290283,-30.830883979797363,0.023522377014160156,-0.0012842256110161543,0.0018651338759809732,0.019692474976181984,0.020753666758537292,0.002158411778509617,-0.0007431510020978749,0.02037907764315605,0.02018889971077442,-47.46420620441321,35860.16203740747,0.0011181029258295894,-36.75792269652897,35839.049619015066,0.0010893006110563874,0.027365228161215782,0.004459898453205824,31260.341010084863,17178.86414525064
-0.3228526285593709,-0.4599080321213204,-0.926069200585825,-0.9631445349636926,-0.35895557665820954,0.016605620414696598,-0.46092183641447393,0.9225888873542277,-17.54228235165581,17.518400846194396,-0.01194075273070716,35.06068319785021,-30.926551818847656,-30.97527503967285,-30.950913429260254,-0.04872322082519531,-0.0016649237368255854,0.0011016649659723043,0.020004209131002426,0.020092839375138283,0.0019821226596832275,-0.0010421593906357884,0.0198390930891037,0.020006468519568443,-65.55470021348034,35739.84059488703,0.0011470853351056576,-80.65180635533791,35843.24320227138,0.001124997972510755,0.02730967104434967,0.005797899328172207,30520.374783091353,18904.394590689095
0.01810836855073823,0.0,0.07934961952398716,0.13659777989815383,0.13840583042331195,0.01775802641417268,-0.0018714289516768012,0.0,-19.316983250450505,15.409713986575639,-1.9536346319374331,34.726697237026144,-31.191513538360596,-31.218631267547607,-31.2050724029541,-0.02711772918701172,-0.002086347434669733,0.0005999192362651229,0.01958300545811653,0.019283533096313477,-0.0021272809244692326,0.0004755939298775047,0.01958698034286499,0.019155388697981834,-91.71573052943468,35843.519750919666,0.0011035368079319596,-100.26912340975912,35852.241777360985,0.0010953310411423445,0.026827450841665268,0.005374431144446135,30462.12305939956,19791.52588029515
0.988682027703803,0.9283031278131821,0.7037729740802419,0.25689076232495345,-0.026833723179783775,-0.09859475252166716,-0.42968720395806553,-1.0,-18.76806555262675,20.638068376603826,0.9350014119885373,39.40613392923058,-31.243293285369873,-31.221907138824463,-31.232600212097168,0.021386146545410156,0.0020061153918504715,-0.0008074258221313357,0.019355980679392815,0.01928010955452919,-0.0003534670395310968,-0.002147288527339697,0.019091671332716942,0.019634993746876717,-44.046859130186206,35841.211324039716,0.0011096412781625986,-113.05915820919745,35836.791879913006,0.0011111826170235872,0.026232894510030746,0.005492758005857468,30464.922839848743,20161.24199335347
0.08355637614749781,-0.005296065271913234,0.02171243618846784,0.13968233664366578,0.2185354050331333,-0.0824952931490115,-0.08265668057886744,0.0,-18.462736058117173,18.405485252367185,-0.02862540287499371,36.86822131048436,-31.199240684509277,-31.20652437210083,-31.202882528305054,-0.007283687591552734,0.002053814474493265,-0.00068278843536973,0.01951862871646881,0.01931447722017765,0.0016061501810327172,0.001482062041759491,0.01982099376618862,0.01896815001964569,-83.24642590559463,35849.33011280232,0.0011132633080706,-70.98015441209671,35840.14702362519,0.0011088184546679258,0.026640277355909348,0.005463861860334873,30452.182720294953,19792.24100161463
0.48144011146112353,0.20702146419640996,0.36593163947367396,-0.0985812588438714,-0.24295862611543004,0.15597413253186654,0.28033014380907495,-0.008396128910035494,-18.502273471609755,17.14376589201254,-0.679253789798608,35.64603936362229,-31.209676265716553,-31.2020206451416,-31.205848455429077,0.007655620574951172,0.0002221236500190571,0.0021560294553637505,0.019056111574172974,0.019724512472748756,0.0021701580844819546,-0.00023384498490486294,0.019729943946003914,0.019083751365542412,-129.2855741091782,35852.77932592594,0.0011263382621109486,-63.873071918081344,35863.2083463957,0.0011174832470715046,0.02747540920972824,0.001862945850007236,31228.525366438542,17809.865731373455
0.270027644427618,0.1589174500955607,-0.05219313045500004,-0.011911949704357466,0.2642125051182349,0.24864228907066965,-0.002455035899448621,0.0,-21.693363394920766,16.527982086928375,-2.5826906539961954,38.22134548184914,-31.228737831115723,-31.25455617904663,-31.241647005081177,-0.025818347930908203,0.00029742938932031393,0.002138824202120304,0.019060276448726654,0.01963714323937893,-0.0021710447035729885,-2.355523974983953e-05,0.01971476897597313,0.018860584124922752,-41.06255980609374,35837.15693196919,0.0011030117748305202,-101.97391397969395,35846.318792098806,0.0010894050356000662,0.02740776352584362,0.0021765276324003935,31225.355260724587,18106.029646974628
0.028361522443885144,0.0,0.25787898219589467,0.2646438886705204,-0.1959123457239903,-0.13919099644209437,-0.016557233128989712,0.0,-18.81386140719667,16.103028671876245,-1.3554163676602116,34.916890079072914,-31.296744346618652,-31.3033390045166,-31.300041675567627,-0.006594657897949219,0.0021401529666036367,0.00021004077279940248,0.019673308357596397,0.018713703379034996,-0.0003373772487975657,0.0021301708184182644,0.018663711845874786,0.019691497087478638,-123.7083110864313,35850.278536776204,0.0011143775191158056,-42.51470720291176,35834.08281074157,0.0011005462147295475,0.02732536382973194,0.004025115631520748,30468.487526273486,18693.997339698464
0.9772466060736219,0.9070654917010328,0.165952940717133,-0.167002842621127,0.28968018618883024,0.25707825672871826,-0.36822628525576495,-0.4671852266670744,-18.39249153991716,19.430669420507854,0.5190889402953474,37.823160960425014,-31.342549324035645,-31.325232982635498,-31.33389115333557,0.017316341400146484,-0.0009933669352903962,0.0018880433635786176,0.018553853034973145,0.019628698006272316,0.001075647072866559,-0.0018604389624670148,0.018590036779642105,0.019667431712150574,-106.44245466929854,35857.20118628092,0.0011076219379901886,-44.79545193903301,35856.45747088986,0.0010951374424621463,0.026125192642211914,0.0031111296266317368,31249.720601919897,17266.60987319156
-0.024421901142329956,0.0007490666282303618,0.09943393613139073,0.2452977339167755,0.21480866662345055,0.1025204412090302,-0.02189646960258551,0.0,-17.322172110357627,17.85995069448896,0.2688892920656656,35.182122804846585,-31.19704246520996,-31.172218322753906,-31.184630393981934,0.024824142456054688,-0.00014245825877878815,0.0021655112504959106,0.01895086281001568,0.019880885258316994,-0.00047435317537747324,-0.0021375450305640697,0.019260184839367867,0.019690021872520447,-82.723452359867,35834.22736110796,0.0011039676610380411,-74.56185995416217,35840.97053796121,0.0011063171550631523,0.027078941464424133,0.001680265530012548,31233.93948343429,17572.418494909743
0.9890628030114921,0.8661247890535171,0.6076569103560957,-0.10284592028661216,-0.25341650911383073,-0.26193657928532715,-0.5120327674749747,-1.0,-19.298987625720088,18.945527765568784,-0.17672993007565196,38.24451539128887,-30.851385593414307,-30.770790576934814,-30.81108808517456,0.08059501647949219,0.0022514620795845985,0.00021131632092874497,0.0207031462341547,0.019703971222043037,0.0021134561393409967,0.0009167770622298121,0.020991776138544083,0.01978420652449131,-53.320618208493734,35851.12401771355,0.0011180139845237136,-37.983113382117644,35841.96438759868,0.0011199632426723838,0.02865663357079029,0.004304441157728434,30468.623198368838,18749.816214413517
0.0345997672096817,0.0,-0.013294106673538808,0.11889867803017148,0.16054856807792006,0.07704692419695441,-0.016433328294325533,0.0,-20.9867704406889,15.169135061158386,-2.9088176897652573,36.155905501847286,-30.45955181121826,-30.405166149139404,-30.432358980178833,0.05438566207885742,-0.001046932302415371,0.0021157381124794483,0.02053327113389969,0.021734828129410744,-9.329650492873043e-05,0.0023885443806648254,0.020779171958565712,0.021758655086159706,-54.88232707140748,35848.31748777834,0.0010977467754855752,-66.89159418131158,35842.691454800384,0.0010805735364556313,0.028943398967385292,0.003100648056715727,31247.37098604959,17306.58402066421
0.9664646490710785,0.8845045755477388,0.9909768015715497,0.13227230070388718,0.005743486042415091,-0.2163229001530485,-0.35786257240026054,-1.0,-17.819635284942024,18.76358688090039,0.47197579797918365,36.583222165842415,-30.178611278533936,-30.183420181274414,-30.181015729904175,-0.004808902740478516,0.0002387250860920176,0.0024322327226400375,0.02146037109196186,0.022207818925380707,-0.0018251716392114758,0.0016487439861521125,0.02142920158803463,0.022212276235222816,-45.62077662281391,35836.78690082267,0.0011030419263988733,-62.96557031600749,35854.63229597842,0.0011176379630342126,0.03084486722946167,0.0020912368781864643,31228.14447915816,17800.40392457426
0.2715614166682152,0.24454458681676167,-0.09426472453602777,-0.04929339919703127,0.145232433091107,0.12394351223293387,-0.057458579254251574,0.0,-19.051206037696545,19.675420486410275,0.3121072243568648,38.72662652410682,-30.138869285583496,-30.14430522918701,-30.141587257385254,-0.005435943603515625,0.0017879297956824303,-0.001667679287493229,0.021542418748140335,0.022326581180095673,-0.00011276791337877512,0.002459046896547079,0.02140302211046219,0.02243143692612648,-57.537807969678866,35836.25737795283,0.001093097380362451,-77.99734926297229,35838.19730299829,0.0010863450588658452,0.02967993915081024,0.005390239413827658,31267.493632104663,17171.25636237812
0.05147182632775221,-0.019555101121180637,0.2868878579318662,0.3289241260744794,0.06479617668232407,-0.03475565838101563,0.0785249681355864,0.0,-14.373233787601578,19.353274023992412,2.4900201181954174,33.72650781159399,-30.493226051330566,-30.582942962646484,-30.538084506988525,-0.08971691131591797,0.002268461976200342,0.000671842135488987,0.021660134196281433,0.020442195236682892,0.0021155178546905518,-0.001020562369376421,0.020795397460460663,0.020890798419713974,-31.285739372643338,35856.11022650454,0.0011136638931930065,-75.78221414804524,35846.612108828456,0.0011013706680387259,0.03023754432797432,0.003834516741335392,30474.086544363206,18494.75454363101
0.9727356796773622,0.8300036499359489,0.24010871760366215,-0.015762223836925326,-0.266055817368431,-0.18664861681269496,-0.7236464447400502,-0.9263887226294811,-18.927697234159325,18.89663484784424,-0.015531193157542589,37.824332082003565,-31.147477626800537,-31.28201961517334,-31.21474862098694,-0.13454198837280273,-0.0007726440671831369,0.0020445482805371284,0.01896134577691555,0.020087245851755142,0.0006202060030773282,0.0020710641983896494,0.01909589022397995,0.01936643011868,-119.84224009847107,35840.01408640836,0.0011014197953045368,-77.7733981693692,35846.76926065035,0.001114990678615868,0.027016617357730865,0.002483950462192297,31242.30058854662,17350.932395575277
0.9800445072868593,0.9969049985755748,0.9376056992674192,-0.13011019453964803,-0.22047648385025959,-0.40909400053860834,-0.7098794813497735,-0.9886574225973175,-15.687999066385032,17.963053575486782,1.137527254550875,33.651052641871814,-32.175397872924805,-32.100536823272705,-32.137967348098755,0.07486104965209961,0.00030244828667491674,-0.0019162651151418686,0.016886306926608086,0.017806507647037506,-0.0013729806523770094,-0.0014113789657130837,0.017839672043919563,0.01715773530304432,-126.32909182392513,35852.99254530913,0.0011360240168869495,-91.62007543740184,35852.52933443311,0.0010993495816364884,0.02405305579304695,0.0016672833589836955,31237.73378581582,17458.081371952732
-0.03683223011918213,0.004521722171074374,-0.01848173402821701,-0.12400152323533918,-0.319171000508681,-0.5283258233230508,-0.7138315600198097,0.0,-18.160262754880733,19.76812540320782,0.8039313241635426,37.92838815808855,-31.9808030128479,-31.98235511779785,-31.981579065322876,-0.0015521049499511719,-0.0007218939135782421,0.0018453439697623253,0.01722313091158867,0.018253492191433907,-0.0013920136261731386,-0.0014335948508232832,0.01808282546699047,0.01739381067454815,-69.8110262961606,35837.32571437337,0.0011140821734443307,-70.00657449885477,35864.97761992929,0.0011417294153943658,0.024341337382793427,0.0023925735149532557,31244.69089320655,17336.734332160155
0.04581498937576878,0.0,0.017542411521743462,0.008365963717819752,0.1426554927757393,-0.035028876095995365,-0.16074315985562215,0.0,-15.485132750779542,18.764127341807296,1.639497295513877,34.24926009258684,-31.934852600097656,-31.946494579315186,-31.94067358970642,-0.011641979217529297,-0.0005813664756715298,-0.0019085608655586839,0.017719954252243042,0.017958728596568108,0.000755119719542563,-0.0018583718920126557,0.01728031039237976,0.0183342844247818,-86.46633529425677,35850.18062291504,0.001116314553655684,-59.99980534758157,35831.85971542816,0.0011062875855714083,0.02559058368206024,0.0021008828189224005,31224.920272188072,18321.877709361295
0.5947189036507288,0.64518710910721,0.7396325614806711,0.18397479102807607,-0.20677377603020058,0.20479970486771226,0.29028526553681155,-0.09181943436246698,-14.507248336704976,21.64791002380761,3.570330843551318,36.15515836051259,-31.762704849243164,-31.658241748809814,-31.71047329902649,0.10446310043334961,0.0005037822993472219,-0.0019760397262871265,0.017672212794423103,0.01870630867779255,-0.001362378359772265,-0.0015612681163474917,0.018727274611592293,0.018100010231137276,-68.49767634730277,35854.59319411423,0.0011220277519896626,-115.12539172614225,35846.58770425077,0.0010871072299778461,0.024956386536359787,0.0021335685160011053,31241.583333081213,17373.5892539951
0.4230588726909525,0.3162967206987413,-0.07678504313653933,-0.07217133085213073,0.29230343458737906,0.07275782584842816,-0.3132112206409356,0.0,-21.102953818116532,19.152325638108437,-0.9753140900040478,40.25527945622497,-31.601626873016357,-31.61562442779541,-31.608625650405884,-0.013997554779052734,0.002038381528109312,-0.0003596603055484593,0.018780851736664772,0.018291175365447998,-0.0019456971203908324,0.0007315701805055141,0.01856139302253723,0.018452651798725128,-36.25973685321389,35832.9395725583,0.001098587759770453,-101.3313372985528,35856.87621273363,0.001106847426854074,0.02558102458715439,0.00494699040427804,30453.988096728393,19224.677402395155
-0.0016947775559870478,0.026759147874751487,0.03992291265262985,0.1744525565780235,-0.05064282808305967,-0.1347955078512822,-0.0028634188765106483,0.0,-16.205954040814447,18.592626729854402,1.1933363445199774,34.79858077066885,-31.693553924560547,-31.71748399734497,-31.70551896095276,-0.023930072784423828,-0.0006178559269756079,-0.0019645029678940773,0.018226100131869316,0.018456852063536644,0.0020436642225831747,-0.00027905424940399826,0.018573066219687462,0.01800425536930561,-118.02302205510667,35844.394786742334,0.0011171329533681273,-115.42273873539851,35834.35119972226,0.0011058952659368515,0.02625102549791336,0.002165905199944973,31224.5822693841,18339.396087130426
0.9859914953367438,0.690466791720025,0.24066774443294842,-0.15707051174740783,0.07367392605764217,-0.1379701500048517,-0.5930715863819457,-0.8375444793431361,-20.18975585803986,17.877675151390065,-1.1560403533248973,38.067431009429924,-31.59083127975464,-31.593852043151855,-31.592341661453247,-0.003020763397216797,-0.002034162636846304,0.000388329935958609,0.01879512518644333,0.018323423340916634,0.0019776448607444763,-0.000683826336171478,0.018638189882040024,0.018467549234628677,-59.06870895194034,35855.01269688797,0.0011098776012659073,-140.32246584743288,35858.01575504844,0.0011053410125896335,0.025513704866170883,0.004876189865171909,30460.469919830066,19315.991336833544
0.04605139374161982,0.0,0.08446884754439436,0.19418026705740868,0.08132123671730968,0.0010997043692310138,-0.029138547967087036,0.0,-17.196641300456605,18.002787864660405,0.4030732821019001,35.19942916511701,-31.650612354278564,-31.626501083374023,-31.638556718826294,0.024111270904541016,-0.0005575536051765084,-0.001986495219171047,0.018283065408468246,0.018581915646791458,-0.0019167095888406038,0.0008030181634239852,0.018498947843909264,0.018468689173460007,-129.55309086773917,35842.778821508604,0.0011090050684288144,-53.6187689122413,35854.76842274939,0.0011169766075909138,0.026336148381233215,0.0021620590705424547,31224.929060905226,18287.279758299093
0.9344478728621127,0.7850211671933665,0.6601261741097323,-0.04175539378326204,-0.29984464010091144,-0.03462729292563388,-0.15581632021186897,-0.7587906001537794,-17.55796179717248,19.63943762515123,1.0407379139893749,37.19739942232371,-31.502814292907715,-31.523005962371826,-31.51291012763977,-0.020191669464111328,-0.0019098826451227069,-0.000879238301422447,0.019284363836050034,0.018198341131210327,0.0016795877600088716,0.00127169000916183,0.019170641899108887,0.018227824941277504,-125.17684640526707,35850.191759793765,0.0011306671658530831,-106.39640760843083,35853.65407883275,0.0011082205455750227,0.027103904634714127,0.0033147460781037807,30476.326502579697,18430.107404071983
0.007912326695147218,0.0,0.010977808730810862,0.15824833371713368,0.21541184667253405,0.10622590650221464,0.023199155813551586,0.0,-17.619244335956182,18.927242828926666,0.6539992464852418,36.54648716488285,-31.568069458007812,-31.609809398651123,-31.588939428329468,-0.04173994064331055,-0.002040156163275242,0.0003648108395282179,0.01885470375418663,0.018361400812864304,0.0009638244519010186,-0.0018452955409884453,0.017975345253944397,0.019047914072871208,-58.527818812181835,35846.95594570747,0.0011109906481578946,-104.6537264331725,35842.56658782303,0.0011061946861445904,0.02572421357035637,0.004755837377160788,30462.40700100947,19250.641209211262
0.9664227751361859,0.8120612416198724,0.9951362922898734,-0.07402272987379163,-0.2123496759851519,-0.14009454877995503,0.13996975017428936,-0.0660058608942804,-16.558185422873635,19.610405749627688,1.5261101633770267,36.16859117250132,-31.766748428344727,-31.75856113433838,-31.762654781341553,0.008187294006347656,0.0016196020878851414,-0.0012381691485643387,0.01794089749455452,0.018432021141052246,-0.0018391178455203772,-0.0009088774677366018,0.01873049885034561,0.017663173377513885,-87.62100853006638,35851.57286804803,0.0011273677228018641,-44.48119057290429,35843.704048803265,0.0011162885930389166,0.02465791627764702,0.005130200181156397,31271.94187246294,18188.323866448707
0.421264138903919,0.4045377550417192,-0.0744329125955204,-0.08809096084461232,0.2751877491382575,0.3691574659166733,0.03212778176888742,0.0,-21.034139934915572,16.46027390856682,-2.2869330131743766,37.49441384348239,-31.823410987854004,-31.808128356933594,-31.8157696723938,0.015282630920410156,0.0006925406632944942,0.0018953284015879035,0.018001992255449295,0.018138304352760315,-0.000863731256686151,-0.001843601232394576,0.0181276835501194,0.01807485520839691,-85.51443045748599,35861.8777539914,0.0011235176352784038,-110.55723083496166,35852.83742026214,0.001111749792471528,0.025818664580583572,0.002454296452924609,30977.073497814385,19888.139829719465
0.004734616252809851,-0.014739007264398902,0.23096470201972108,0.2819175542892596,0.1859346287837554,-0.01317275822093028,0.03239763969475895,0.0,-16.05419106311615,18.6556409018867,1.3007249193852743,34.70983196500285,-31.97503089904785,-32.01619863510132,-31.995614767074585,-0.0411677360534668,-0.0010793352266773582,-0.0016734609380364418,0.01792016066610813,0.017592547461390495,0.0015748054720461369,0.0012120360042899847,0.018109116703271866,0.017225539311766624,-78.39954603642684,35830.3369563609,0.0011021778918802738,-111.37898576911674,35858.72652154504,0.0011233409168198705,0.02559649385511875,0.0026225028559565544,30486.931428250005,19570.10891013165
0.9873358972162588,0.8382085456951683,0.009614821581825611,-0.1737163514891729,-0.02155668900754576,0.048571208021990886,-0.3722476890293919,-0.5123561013510558,-19.319363874407827,17.71393309786049,-0.8027153882736684,37.03329697226832,-32.25499629974365,-32.24002122879028,-32.24750876426697,0.01497507095336914,-0.0010725930333137512,0.0015912993112578988,0.016740206629037857,0.017636900767683983,-0.0015982396434992552,-0.0011067078448832035,0.01767480932176113,0.01675870642066002,-102.1143940807426,35841.949075164805,0.0011311464477330446,-109.68928609454122,35842.78327003206,0.0011200741864740849,0.023439889773726463,0.003225608728826046,31253.50200875306,17228.032261120352
0.025379726724187795,0.0,0.06905511482402751,0.16594921622745537,0.20080765012699064,0.08230994485136395,-0.020470221691211488,0.0,-17.53137696656637,17.475386661898284,-0.027995152334042928,35.006763628464654,-32.26905822753906,-32.24693775177002,-32.25799798965454,0.02212047576904297,0.0006553754210472107,0.0017981815617531538,0.01710248738527298,0.017230670899152756,-0.0010640791151672602,-0.0016170917078852654,0.01738029532134533,0.017037034034729004,-90.29812411941428,35856.87975422905,0.0011342376237735152,-152.577370731421,35845.06904420904,0.0011088522151112556,0.0244491845369339,0.002208229387179017,31222.9239313621,19562.149241762
0.9755790627886848,0.9385858854975851,0.7179514546741224,0.37703617101857206,-0.12678974063584703,-0.20195532797549381,-0.5055004608825209,-1.0,-17.412627553552795,22.21621071682884,2.4017915816380224,39.628838270381635,-32.200801372528076,-32.25403308868408,-32.22741723060608,-0.05323171615600586,-0.001931247767060995,-4.6714900236111134e-05,0.01768716424703598,0.016908012330532074,-0.0019370627123862505,-0.0001515329204266891,0.017610929906368256,0.016768697649240494,-173.57197618410567,35842.10621161799,0.001114564249292016,-87.36986784915618,35856.156354408806,0.0011371405562385917,0.02455107867717743,0.0038039181381464005,30467.67633057552,18820.987280588903
0.9809590444869093,0.998514777979125,0.9145529698624117,-0.19535827977851367,-0.29552304386730827,-0.46966502622345235,-0.7345325853213027,-0.9901093685347918,-14.258531388323718,21.275451639445805,3.5084601255610437,35.53398302776952,-32.24914073944092,-32.20206022262573,-32.225600481033325,0.04708051681518555,-0.0017942235572263598,-0.0007045927923172712,0.017695339396595955,0.01670147478580475,-0.0013476995518431067,-0.0013982041273266077,0.01762639544904232,0.016965046525001526,-109.74906429436153,35862.82131231601,0.0011392723536118865,-103.13056745403917,35858.23787282494,0.0011025040876120329,0.02477242425084114,0.0030614500865340233,30475.786123822683,18447.935760972017
-0.030268519425575575,0.0,0.40926094032646826,0.1311419147787412,-0.23133863297888016,0.04487558436352124,0.16124642763554442,0.0,-17.579435372809087,19.588013711358343,1.004289169274628,37.16744908416743,-32.137532234191895,-32.16000318527222,-32.148767709732056,-0.022470951080322266,0.0019065284868702292,-0.0004329170333221555,0.017616629600524902,0.017237210646271706,-0.0013097816845402122,-0.0014480320969596505,0.017692850902676582,0.017067085951566696,-79.21837909679277,35838.51819134888,0.0011159991845488548,-77.89305728091512,35854.23153051879,0.0011185279581695795,0.024058615788817406,0.0045077004469931126,30456.986125537278,19172.520883481
0.5523901935699228,0.42376180165480387,0.1254203420707566,-0.23726912968584235,0.2911380009899233,0.3176563324921423,-0.020632727239762838,0.0,-21.51408266660121,16.04350320465619,-2.735289730972511,37.5575858712574,-32.19945669174194,-32.210631370544434,-32.20504403114319,-0.011174678802490234,-0.0002546719624660909,0.0019113633316010237,0.01685742288827896,0.01774103008210659,0.00030228320974856615,-0.0019222389673814178,0.016810020431876183,0.017740434035658836,-96.40574942745543,35849.78607017756,0.0011288144160062075,-89.52833852763646,35840.85778570902,0.0011306996457278728,0.02438030019402504,0.001551380380988121,31232.234982913527,17606.91258680357
0.024770900273505876,0.0,0.19363827438869544,0.3160112994052442,0.13559883677607149,0.04251740231841622,0.04315832613347681,0.0,-16.53215005714975,17.904799756452576,0.6863248496514132,34.436949813602325,-32.24897384643555,-32.1016001701355,-32.17528700828552,0.14737367630004883,-0.001910247141495347,0.0002594929246697575,0.017470598220825195,0.016937078908085823,-0.0019700767006725073,-9.002560545923188e-05,0.017903519794344902,0.017086327075958252,-36.165622758163316,35857.66331312454,0.0011351134162396193,-90.72461727967344,35840.93218199322,0.0011039924575015903,0.02386976033449173,0.004118464421480894,30462.81852896575,19021.8312116918
0.9994156730511742,0.9037991054114461,0.5473845877512976,0.1655612595836616,0.07571016269700398,-0.2919209231925405,-0.6045884650832658,-1.0,-19.417403502245065,18.56846816416251,-0.4244676690412774,37.985871666407576,-31.602561473846436,-31.65583610534668,-31.629198789596558,-0.05327463150024414,0.002010649535804987,0.000495038228109479,0.019047588109970093,0.018009014427661896,0.0010800648014992476,0.0017701683100312948,0.0185690987855196,0.018272435292601585,-92.18866056119005,35844.00982210982,0.001101250178180635,-74.87938121093477,35845.98206312678,0.0011199298314750195,0.02653433009982109,0.0036376395728439093,30472.286029264516,18619.75617550154
0.05215146285722783,0.0,0.021744755321425627,0.14742501429602325,0.18122526981108167,0.07569415560717324,0.004042079568976176,0.0,-18.58853618886883,15.541377429479127,-1.5235793796948514,34.129913618347956,-31.856634616851807,-31.912734508514404,-31.884684562683105,-0.056099891662597656,0.0018325430573895574,-0.0008281933260150254,0.017991235479712486,0.018011242151260376,0.0017895521596074104,0.0009020163561217487,0.0183948315680027,0.01736023649573326,-139.92113764843862,35858.86450395032,0.001129478681832552,-67.61298602839462,35852.032823848895,0.00109426851850003,0.02458076924085617,0.005225748289376497,30476.157031397823,19836.548413183344
0.9759965715717223,0.9269125582573102,0.7740257623868076,0.3201078611588053,0.07102318367917959,-0.03784411296812029,-0.30506698783772446,-1.0,-19.03150572645245,20.762113718834144,0.8653039961908462,39.793619445286595,-32.0389199256897,-32.074477672576904,-32.0566987991333,-0.03555774688720703,-0.0017678973963484168,0.0008706627413630486,0.017583368346095085,0.01767115853726864,0.00011799466301454231,-0.0019719868432730436,0.01712898351252079,0.01797010749578476,-96.99901265327472,35834.454330835746,0.001118339248932898,-101.49494114229182,35854.11746078417,0.0011265004286542535,0.02382281981408596,0.005055615678429604,30712.081259704646,19497.643050974642
0.0762144361108897,0.0,-0.02888357578351171,0.05362516560506603,0.06508768642437057,0.025808000962444066,-0.08034760932458551,0.0,-17.513733925991716,17.746157060350868,0.11621156717957604,35.25989098634258,-32.140464782714844,-32.12155342102051,-32.131009101867676,0.018911361694335938,-0.0006284093833528459,-0.0018366796430200338,0.017336387187242508,0.017508797347545624,-0.001907074125483632,0.0004639970138669014,0.017635010182857513,0.017282841727137566,-146.83599639537852,35846.12032276995,0.0011126995086669922,-79.83211539289334,35850.54282980186,0.001124853384681046,0.02500254474580288,0.0022210737224668264,31223.79917302311,19022.612332552108
0.08041834291039847,0.21401246418838682,0.2493458659978391,0.13036147362819966,-0.1616079941511469,-0.03280696922764548,0.2626860463377817,0.0,-16.51342681605206,18.368201611169297,0.9273873975586184,34.88162842722136,-31.97763442993164,-31.86539888381958,-31.92151665687561,0.11223554611206055,-0.0018581439508125186,0.0007206910522654653,0.01779710128903389,0.01770610362291336,0.0017822127556428313,0.000961699231993407,0.01849166862666607,0.017457829788327217,-71.59166550441493,35847.24316429559,0.0011259065940976143,-56.19665459637512,35824.26609508034,0.0010899772169068456,0.024269917979836464,0.004954843316227198,30464.458270312654,21319.47732908326
0.31192181704480937,0.2696344080832014,-0.015067565698326856,0.05404236736257255,0.6033260532642496,0.8779992534307255,0.48441204439369295,0.0,-18.50682261011108,16.101396059157565,-1.202713275476757,34.608218669268645,-31.51930809020996,-31.51777982711792,-31.51854395866394,0.0015282630920410156,-0.000863425899296999,-0.0016529319109395146,0.018679417669773102,0.018772512674331665,-0.0017780119087547064,-0.00112709600944072,0.01922333426773548,0.018195750191807747,-54.01351333928333,35752.22005213124,0.0011492149205878377,-115.37226504064428,35839.09845876091,0.001108353491872549,0.02677549235522747,0.0024859090335667133,31218.96366277762,19256.902011481663
-3.681572787660714e-06,0.02181090409064002,0.0840745258121616,0.23453228103663415,0.04903713315200289,-0.06353130042687938,0.034028260004417055,0.0,-16.06710130783472,19.953937489712644,1.9434180909389625,36.02103879754736,-31.21140956878662,-31.128218173980713,-31.169813871383667,0.0831913948059082,-0.0021369815804064274,-0.00037938245804980397,0.01990448124706745,0.018859704956412315,0.0021933098323643208,-0.0001950737787410617,0.01992236264050007,0.019221613183617592,-46.20604007117245,35852.93756864844,0.0011238044826313853,-48.28729526597736,35838.01499506197,0.0010923984227702022,0.027713164687156677,0.0037857552524656057,30471.215018505653,18611.732861297336
0.980274497937911,0.7532931349278756,0.3180667555433308,-0.1569147536752493,-0.014190060707681695,0.06637836594533397,-0.42966628112100774,-0.7919797585963985,-17.449588501561266,21.33459926004869,1.9425053792437126,38.78418776160996,-30.89280128479004,-30.867927074432373,-30.880364179611206,0.024874210357666016,-0.002031336771324277,0.0009666155674494803,0.020078113302588463,0.02014913782477379,-0.0007529876893386245,-0.002137382049113512,0.020080873742699623,0.020260272547602654,-65.50642685056721,35853.16477315351,0.001101683359593153,-107.69126103141028,35842.46267718169,0.00108986790291965,0.02725968137383461,0.005820869468152523,30943.23950876031,19469.63676573988
0.05313128846783398,0.0,0.055766640372092696,0.18688468461930746,0.10539407090887842,0.005107641949291475,-0.023526511239838843,0.0,-18.51061247009278,17.751346681221094,-0.3796328944358436,36.261959151313874,-30.762765407562256,-30.806126594543457,-30.784446001052856,-0.04336118698120117,0.00034843682078644633,0.002258805325254798,0.020118197426199913,0.020711354911327362,-0.0015876693651080132,0.0016455366276204586,0.019885653629899025,0.020734593272209167,-93.45595064791426,35839.94159842545,0.00110407336615026,-60.326377282922415,35858.13774543695,0.001115111750550568,0.029003126546740532,0.0020948220044374466,31227.033622494655,17924.15680775865
0.9744328646484384,0.9297631110552174,0.7656476836659025,0.29869484077638925,-0.033218406996675,-0.12335682106933843,-0.4252520170620616,-1.0,-17.082602598945016,21.51052490407585,2.2139611525654175,38.59312750302087,-30.99224090576172,-31.031529903411865,-31.011885404586792,-0.039288997650146484,-0.001694817328825593,0.0014445716515183449,0.01956266723573208,0.020201267674565315,-0.0019081712234765291,-0.0011569419875741005,0.0203417856246233,0.019230561330914497,-95.3757340604682,35846.16878663138,0.0011119939154013991,-72.93824982348066,35856.47121788088,0.0011101736454293132,0.026838168501853943,0.005323254503309727,31271.223002852545,17250.767419512515
0.01285995249178596,0.0,-0.006188879169876288,0.1282629881210948,0.19807573166915843,0.0698608547330074,-0.08838887691926611,0.0,-19.979139708955017,17.45949418245047,-1.2598227632522736,37.43863389140549,-31.46265983581543,-31.534135341644287,-31.49839758872986,-0.07147550582885742,-0.0015842714346945286,0.0013886361848562956,0.018521901220083237,0.019145755097270012,-0.0008125393651425838,0.0019338319543749094,0.018121574074029922,0.019225284457206726,-64.18708370511138,35834.08295279865,0.0011055931681767106,-51.96195409619766,35851.216296913655,0.001110526965931058,0.02540825679898262,0.004735669121146202,31271.904061823603,17186.830698307946
0.9734610401826771,0.8841004049877835,0.7688283336914841,-0.021123209557061776,-0.266057101764117,-0.33847597947955566,-0.39990195936201045,-0.7421648918438786,-14.029724810036157,22.24939775961542,4.109836474789631,36.27912256965158,-31.696982383728027,-31.730477809906006,-31.713730096817017,-0.033495426177978516,0.002038169652223587,-0.00027394131757318974,0.018617983907461166,0.018047010526061058,0.0004215408116579056,0.002017534337937832,0.018051769584417343,0.018472695723176003,-77.0963379926301,35851.755873985465,0.0011336846509948373,-79.28088505283017,35846.9581830269,0.0011179831344634295,0.025836989283561707,0.004320749547332525,30464.53226722569,19008.556044719146
0.235569734444275,0.10987172988934121,-0.0759559293865442,-0.022084236835657217,0.22485516402881978,0.2573456872971247,0.006081088682799107,0.0,-20.95582953107356,16.736146328100062,-2.1098416014867496,37.691975859173624,-31.612298488616943,-31.567564010620117,-31.58993124961853,0.04473447799682617,0.001285312231630087,0.0016104195965453982,0.018770279362797737,0.0182566586881876,0.0019049177644774318,-0.0008698207093402743,0.018586410209536552,0.01863269880414009,-22.537625245176706,35844.61647328207,0.001115915016271174,-91.07632279954659,35837.78003209818,0.0011022768449038267,0.02663939818739891,0.002926425077021122,30483.732769464485,18347.219835009037
0.12528508851420575,0.0,0.33843240145153075,0.2667619804287252,-0.03852543684846452,-0.33306496711310557,0.09578941944914587,0.0,-18.251964756292864,17.380611221733858,-0.435676767279503,35.63257597802672,-31.253952980041504,-31.187515258789062,-31.220734119415283,0.0664377212524414,0.0005956008099019527,0.0020815879106521606,0.019141290336847305,0.019445693120360374,6.348720489768311e-05,-0.002188675105571747,0.01899455487728119,0.01987898349761963,-75.37699407604896,35851.785241543505,0.0011019865050911903,-93.25756838209563,35842.19868918628,0.001108887023292482,0.02752361074090004,0.0022786876652389765,31224.65130784896,18344.046742876853
0.7202426173869408,0.3164181862281722,0.004880640209623019,-0.19881763941354988,0.1338555503551278,0.3165455994033706,0.026099784007588722,0.0,-20.156154360579364,17.354610285055514,-1.400772037761925,37.51076464563488,-30.804836750030518,-30.772745609283447,-30.788791179656982,0.03209114074707031,0.002220533322542906,-0.00044925996917299926,0.020562099292874336,0.02007250487804413,0.0014921948313713074,-0.0017492889892309904,0.0199111495167017,0.020862875506281853,-77.86120434877347,35850.48071553067,0.0011089240433648229,-42.705754840299015,35838.821279513875,0.0011050929315388203,0.02810577303171158,0.005407919175922871,30460.540800324296,19368.774533125914
-0.0008453565780125478,0.0,0.12279922824606054,0.2529595262443872,0.21996716120866222,0.07874149505783251,0.10805425079617592,0.0,-18.63807459837591,16.715025220682293,-0.9615246888468079,35.3530998190582,-30.621180534362793,-30.64661979675293,-30.63390016555786,-0.02543926239013672,0.0015744005795568228,-0.0017009400762617588,0.020311327651143074,0.021185001358389854,-0.0014797365292906761,0.001796371885575354,0.02019008994102478,0.02118036337196827,-74.13194569005626,35852.134244810644,0.0011037563672289252,-70.23806276669481,35847.00586800943,0.0011018776567652822,0.02802877686917782,0.004861874505877495,31263.374732932363,17176.74999999069
0.9838915073628437,0.9367638803297067,0.673188575677602,-0.06920451553068621,-0.23751482116307143,-0.2912465078190134,-0.5668635132481652,-1.0,-16.452810131752244,22.717548565761433,3.1323692170045945,39.17035869751368,-30.93045711517334,-31.007325649261475,-30.968891382217407,-0.07686853408813477,-0.0022081476636230946,-0.0004063255328219384,0.020561393350362778,0.01947660930454731,0.0013734500389546156,-0.0017560027772560716,0.019353430718183517,0.020333822816610336,-57.23499588126123,35849.22746278911,0.0011036554351449013,-40.302542050914326,35850.79749844624,0.0011089063482359052,0.028644034639000893,0.003952944651246071,30471.397014714854,18631.50086313972
0.016522225061042176,0.0,0.010030076926760154,0.14911776782110267,0.21127305216442938,0.07904312213689646,-0.004126660277293359,0.0,-18.52053037817896,15.148075031558164,-1.6862276733103982,33.668605409737125,-31.72715425491333,-31.843388080596924,-31.785271167755127,-0.11623382568359375,-0.0020403070375323296,-8.519823313690722e-05,0.018684882670640945,0.01784864254295826,0.0009914108086377382,0.0017701080068945885,0.018134240061044693,0.017920907586812973,-105.15457448068459,35853.38243745556,0.001119433087296784,-104.67952757357844,35858.22467196731,0.0011179543798789382,0.02571590058505535,0.00400206446647644,30468.354378861255,18825.25243549235
0.935644251565981,0.9392229096181303,0.8801235126193367,0.2710990364810206,-0.17174143899643093,-0.3462983880402969,-0.4531545820620678,-1.0,-16.226803696962122,21.563591104473886,2.668393703755882,37.79039480143601,-32.141547203063965,-32.13533639907837,-32.13844180107117,0.006210803985595703,0.0019492714200168848,0.00014277183800004423,0.017837435007095337,0.01699206419289112,-0.0010775502305477858,-0.001641476759687066,0.017602233216166496,0.017259903252124786,-83.0685486692996,35835.71396543616,0.0011228661751374602,-126.74948249893758,35855.92182845086,0.0011284261709079146,0.024742722511291504,0.0036075026728212833,30469.219622318076,18705.60397864378
0.06684684758007585,0.0,-0.08331535920914901,0.02326725054850129,0.1378808711457029,0.1010086966722632,-0.050116683226386405,0.0,-17.734836855014976,18.46576337171649,0.36546325835075777,36.20060022673147,-31.838085651397705,-31.85882806777954,-31.848456859588623,-0.020742416381835938,-0.0011695566354319453,0.001636788947507739,0.017576951533555984,0.018491316586732864,-0.0019974461756646633,-0.0003227282431907952,0.018472662195563316,0.0175063144415617,-121.95886642485901,35845.52894215889,0.0011183388996869326,-109.84896487189467,35853.74900988922,0.001113825710490346,0.024535782635211945,0.003548680804669857,31255.947506812576,17212.511694261517
0.20610639236358,-0.008080609100810883,0.5653106902811359,0.5906179573075673,-0.14774805335090133,-0.09427826552201807,0.24070646452526268,0.0,-17.81933524028372,16.75035401760536,-0.5344906113391801,34.56968925788908,-32.10536479949951,-32.1356463432312,-32.120505571365356,-0.030281543731689453,-0.001959845656529069,-0.00013976656191516668,0.017909759655594826,0.017064986750483513,0.001910074264742434,-0.0004370803071651608,0.017615463584661484,0.017245600000023842,-108.9002600394306,35843.373985172526,0.00113121815957129,-90.52810122721407,35854.46084314083,0.0011193781392648816,0.02473507635295391,0.003663573879748583,30469.05187517625,18729.50764915908
0.9559831194894588,0.7896590125045492,0.056677110326792624,-0.21339261425855807,0.19707497528645257,0.4894594277584977,-0.3023470403279961,-0.20144286496586583,-20.357134043001736,18.988113835609084,-0.6845101036963257,39.34524787861082,-32.2518515586853,-32.15754508972168,-32.20469832420349,0.09430646896362305,0.001905726850964129,0.0001805287174647674,0.017614642158150673,0.01677701249718666,-0.00016334738756995648,-0.0019483468495309353,0.017071662470698357,0.01769786700606346,-152.70141935191208,35858.3643996339,0.0011153898667544127,-121.31548194362502,35847.03865912023,0.001125201117247343,0.024406462907791138,0.003758464241400361,30468.44066065115,18781.66799353588
-0.008762922131961667,0.04496478456483031,0.2043654748142125,0.32015165888071595,0.23280775069615806,0.01886913493428022,0.07885964097142861,0.0,-12.455838658777395,21.361318569961327,4.452739955591966,33.81715722873872,-31.658430099487305,-31.58583641052246,-31.622133255004883,0.07259368896484375,0.0018002623692154884,-0.0010123960673809052,0.018311070278286934,0.018520912155508995,0.0015188144752755761,-0.0014319231268018484,0.018219010904431343,0.018915638327598572,-55.8486894017698,35851.14815637417,0.0011311201378703117,-94.71013227998088,35827.77302542872,0.0011021862737834454,0.024984117597341537,0.005381994880735874,30472.558190043583,19821.265600143317
0.9927183145788744,0.9023152459363374,0.573346068100147,-0.01892284627900219,-0.11968797030011333,-0.11606637101544476,-0.6204123131148636,-1.0,-21.24547104264508,16.61591804059489,-2.3147765010250936,37.86138908323997,-31.37996196746826,-31.366455554962158,-31.37320876121521,0.013506412506103516,-0.00212580943480134,-6.335060606943443e-05,0.019436538219451904,0.018587199971079826,-0.0003302883415017277,0.002115818904712796,0.01852787472307682,0.01954956166446209,-67.23173498939319,35852.24439503708,0.0010973653988912702,-110.95397359492001,35840.25641142355,0.001120520755648613,0.026691842824220657,0.004341990686953068,30466.243339288867,18860.005305634124
0.005360267656422596,0.0,-0.04448871369299806,0.10769434121206134,0.16840645609345717,0.04183411296664252,-0.03939343471815726,0.0,-14.659345538690928,20.400823024028938,2.8707387426690048,35.060168562719866,-31.329491138458252,-31.32188320159912,-31.325687170028687,0.007607936859130859,0.00029163292492739856,0.00211080233566463,0.01883559115231037,0.019415803253650665,-0.00012528200750239193,-0.002146464306861162,0.018777089193463326,0.019503386691212654,-107.41363683551815,35840.24871176911,0.0011024859268218279,-86.56451224534446,35836.138453385116,0.001092705875635147,0.027092980220913887,0.0017853952012956142,31229.730735172463,17808.910532073893
0.001302609925767917,-0.033077707810425294,-0.14335609097859936,-0.6205881912034845,0.25208062443596213,0.34002547019102264,0.3064574871681765,-0.026250812292694464,-15.904033813954896,21.116708999394746,2.6063375927199246,37.02074281334964,-31.231768131256104,-31.2320613861084,-31.23191475868225,-0.0002932548522949219,-0.0014495598152279854,-0.0016061356291174889,0.019676851108670235,0.01900498941540718,-0.002069323556497693,0.0006838678382337093,0.01944887638092041,0.01923510991036892,-88.23638631224735,35855.310763128145,0.001106400042772293,-133.05197897658516,35857.55652386591,0.0011210910743102431,0.02792520262300968,0.003032929264008999,30483.969887702922,18394.759317999527
0.043057284786813005,0.0,-0.08501753184859506,-0.031125833126287084,0.06346018873670689,0.054045102195801165,-0.08203573840416312,0.0,-21.767510242211927,15.070518311528957,-3.3484959653414847,36.838028553740884,-31.23009204864502,-31.242096424102783,-31.2360942363739,-0.012004375457763672,0.00167298864107579,0.0013602538965642452,0.019791437312960625,0.018894165754318237,0.0021646376699209213,-0.0001421205815859139,0.01967691257596016,0.018957145512104034,-110.42823876953933,35846.44208015513,0.0011020987294614315,-63.231591763609664,35843.21525504052,0.001096916850656271,0.028042498975992203,0.003276150906458497,30479.090248717202,18348.45019161971
-0.02684986110002291,-0.02575759695606203,0.19165352192279414,0.26382429115605344,0.14381838029584335,0.007938233638152159,0.10153151415877659,0.0,-17.094619548617743,16.20418839040076,-0.44521557910849197,33.2988079390185,-31.1529803276062,-31.08738422393799,-31.120182275772095,0.06559610366821289,0.001157097052782774,-0.001855014357715845,0.018981028348207474,0.020044341683387756,0.00032877776538953185,0.002182689495384693,0.019376683980226517,0.019954383373260498,-108.53548094248355,35858.48934923733,0.0011187683558091521,-58.96763014865914,35856.154743511914,0.0011075475485995412,0.026583164930343628,0.0038568361196666956,31255.61321946259,17211.103496022573
0.38974200373755113,0.2772356445115329,-0.05142393195247466,-0.2114429827090875,0.2823658171378604,0.4950633229048177,-0.15378697859944856,-0.16218300951343756,-21.380939361555903,16.4098875211113,-2.485525920222301,37.790826882667204,-30.794427394866943,-30.91057777404785,-30.852502584457397,-0.1161503791809082,-0.0022670687176287174,-1.1636584531515837e-06,0.020774435251951218,0.019902635365724564,-0.0021439921110868454,0.0007128807483240962,0.020174765959382057,0.019968148320913315,-95.93085112269303,35842.94423532572,0.0010865594958886504,-109.55304243416873,35841.11315365159,0.0011207809438928962,0.02846057154238224,0.0047522964887320995,30465.896230648596,18950.489401397972
0.0,0.0051289078298516755,0.0618137536759823,0.16956882993580732,0.09275846823053774,-0.03847023000984817,0.03294525930996872,0.0,-15.559221786895932,18.49779813846351,1.4692881757837881,34.05701992535944,-31.0024356842041,-30.951032638549805,-30.976734161376953,0.051403045654296875,-0.0021919095888733864,-0.00036055431701242924,0.0203823484480381,0.019326357170939445,-0.0004754125839099288,0.002192005980759859,0.019412871450185776,0.020529119297862053,-55.70915579187985,35850.78289287066,0.0011206557974219322,-56.073509567478354,35845.875056292774,0.001093406230211258,0.02838563174009323,0.003918754402548075,30471.581375555757,18658.46390969006
0.9838871857511364,0.8220582975963945,0.5553935514261401,0.04310454069787212,-0.09433268847185614,-0.14992905571285642,-0.5296123402779365,-1.0,-16.971702371281935,20.590946273054158,1.809621950886111,37.56264864433609,-30.49872875213623,-30.43529748916626,-30.467013120651245,0.0634312629699707,-0.001722922082990408,0.0015990581596270204,0.020669544115662575,0.021418599411845207,0.002328940900042653,-0.0005423640250228345,0.021418221294879913,0.020980238914489746,-70.62097864663626,35843.40604246008,0.0010951602598652244,-79.84333812549828,35850.96995304714,0.0010961167281493545,0.028359392657876015,0.0054063573479652405,31267.82618156152,17196.42896512943
0.06304699875367548,0.0,0.01021483065497543,0.19381420498020147,0.18030185434655494,-0.010737111683543576,-0.08342042384805248,0.0,-20.29708614402091,15.905175509996866,-2.1959553170120216,36.202261654017775,-30.371110439300537,-30.416901111602783,-30.39400577545166,-0.045790672302246094,0.0009446463081985712,0.00218578870408237,0.02134750783443451,0.021370813250541687,0.002216194523498416,-0.0008937839884310961,0.02128036692738533,0.021210944280028343,-75.85654363537904,35833.69908617371,0.0010837631998583674,-61.14007935456431,35848.4117427985,0.0010893561411648989,0.03074367716908455,0.0029855507891625166,30732.919159999186,19481.12405557156
0.8580864859219234,0.9027824539556208,0.7537190244428245,-0.06787578252910065,-0.23734245113091035,0.35136305390532074,0.287138418699581,-0.424556547614365,-17.385065994133214,18.490133934535123,0.5525339702009546,35.87519992866834,-30.41729211807251,-30.359935760498047,-30.38861393928528,0.05735635757446289,0.0008143121376633644,-0.0022433530539274216,0.0206155963242054,0.021856073290109634,0.0014741873601451516,-0.0019045985536649823,0.02084454335272312,0.021912720054388046,-89.06954870189624,35840.7541512771,0.0011099603725597262,-63.5486517660779,35850.64703054676,0.001099389512091875,0.029190076515078545,0.0028950280975550413,31244.212595611738,17327.33952412108
0.08208474418908429,0.0,-0.06551581097086356,0.04189965407210838,0.25243541714376966,0.14294546488206394,-0.08357415061551532,0.0,-22.776562335861286,16.130408293929634,-3.323077020965826,38.90697062979092,-30.20444393157959,-30.185015201568604,-30.194729566574097,0.019428730010986328,3.1700910767540336e-06,0.0024202740751206875,0.021313240751624107,0.02222394570708275,-0.0024551968090236187,5.159858847036958e-05,0.0222636591643095,0.02136802114546299,-52.36275788576406,35840.48602670118,0.0010985343251377344,-13.385259402804559,35847.075461144945,0.001087453798390925,0.030696529895067215,0.002155010588467121,31228.38704107086,17821.165894405887
0.055158890075602984,-0.0011623656889152628,0.3538751196405447,0.2197903974079664,-0.10096460561768623,-0.2940472037912023,-0.03415138275530161,0.0,-15.90280301046846,17.488288440447832,0.7927427149896857,33.39109145091629,-30.291926860809326,-30.32390832901001,-30.307917594909668,-0.031981468200683594,0.0021060353610664606,-0.001180753344669938,0.021434783935546875,0.021672824397683144,-0.0006602689391002059,-0.0023228065110743046,0.021303080022335052,0.02164435386657715,-65.38701837867782,35847.469224292305,0.0010984172113239765,-72.51723072001371,35851.0148583452,0.0010949312709271908,0.029386449605226517,0.006267224904149771,30724.353897189496,19332.616927750023
0.9438004447088667,0.581846744962901,-0.05159152413698371,-0.18797193162953524,0.35134528947079324,0.5073244387778515,-0.09790735539191564,-0.1324317239066879,-17.669668968600945,21.020560786572304,1.6754459089856795,38.69022975517325,-30.385143756866455,-30.37404775619507,-30.37959575653076,0.011096000671386719,-0.0022289520129561424,0.0008471739711239934,0.021386586129665375,0.021261800080537796,0.001977295149117708,-0.0013705227756872773,0.021107548847794533,0.02159074693918228,-20.449821732353847,35836.82164435349,0.001097820233553648,-99.78494990704424,35834.285110742836,0.0010992219904437661,0.028983544558286667,0.0060942466370761395,30695.088966257616,19394.979672507758
0.018447381803447578,0.0,0.10640566803614122,0.17343319529625856,0.06514605872669965,-0.11481404228926723,-0.07601323186723008,0.0,-18.55465428008125,18.07980380692223,-0.23742523657951153,36.63445808700348,-30.378925800323486,-30.38182497024536,-30.380375385284424,-0.002899169921875,0.001668384880758822,0.0017029711743816733,0.021741528064012527,0.020930103957653046,-0.0011812462471425533,-0.0020868617575615644,0.021458659321069717,0.021204030141234398,-57.083212995104475,35841.16558925772,0.001103268121369183,-59.73652963545115,35854.120003326716,0.0010829250095412135,0.030956752598285675,0.0034507594536989927,30482.376375005628,18319.981679888537
0.9549781402575481,0.8211749433454618,0.6562126533648566,-0.011165972000122634,-0.27030341518593903,-0.22856054424130606,-0.43708321532475797,-1.0,-17.440921494289825,19.409940920851824,0.9845097132809997,36.85086241514165,-30.33055067062378,-30.334196090698242,-30.33237338066101,-0.0036454200744628906,-0.0013772071106359363,0.0019680021796375513,0.02089686505496502,0.022005993872880936,-0.00240804860368371,-0.00017787350225262344,0.02196086384356022,0.020924272015690804,-88.29062717160538,35842.09706998412,0.0011109240585938096,-84.863405158836,35843.202332732806,0.0010903467191383243,0.02920377440750599,0.0044136750511825085,31257.20156998611,17197.671342993228
0.02759255535214333,0.0,0.035721957267656035,0.2116987053894342,0.27979738046614017,0.10595999046135784,0.012045380442474385,0.0,-19.77986801368513,15.780871193820985,-1.9994984099320732,35.56073920750612,-30.381979942321777,-30.448753833770752,-30.415366888046265,-0.06677389144897461,-0.002373058581724763,-0.00020781530474778265,0.021846259012818336,0.020805511623620987,-0.0004785110359080136,-0.0023249429650604725,0.02091158740222454,0.021421976387500763,-20.877316674135994,35838.97213061417,0.0010901502100750804,-42.88810485282444,35848.664566302046,0.0010910459095612168,0.030061772093176842,0.00461597042158246,30466.45773637475,18746.725453272928
0.7459696009788631,0.6728571004851861,0.8063490886535765,-0.07627109470854444,-0.2282172282694752,0.023899599192344412,0.23465281234510205,-0.10263538734993294,-17.471880736890512,18.548008317009817,0.5380637900596525,36.01988905390033,-30.72221279144287,-30.792207717895508,-30.75721025466919,-0.06999492645263672,0.0011368152918294072,0.0019996268674731255,0.020635901018977165,0.020387854427099228,0.0022626626305282116,0.0003646855475381017,0.020887257531285286,0.01979210041463375,-50.95067517522332,35851.891286549,0.0011200238950550556,-74.85867829568367,35850.32140081362,0.001110212062485516,0.02956073358654976,0.002954128198325634,30731.450899939653,19252.117831872496
0.40863193070008885,0.2798360835837911,-0.08237051074161796,-0.12359249547000306,0.42670042483560783,0.33704729812508616,0.12983879297414824,0.0,-19.34464622664848,18.71479190594792,-0.3149271603502797,38.0594381325964,-31.55125856399536,-31.73084259033203,-31.641050577163696,-0.17958402633666992,-9.4722599897068e-05,0.0020771375857293606,0.01821153424680233,0.01906975731253624,-0.001766781322658062,0.0010490500135347247,0.018130149692296982,0.018394948914647102,-62.23972868369721,35839.60382436391,0.0011123541044071317,-128.1260559834265,35841.3533328695,0.0011136255925521255,0.02609200030565262,0.0016268582548946142,31231.423953129604,17659.95911517236
0.09357241745650398,0.0,0.2655079057192201,0.3137363723348021,-0.023893144075009476,-0.32169286124294283,0.010695385690497883,0.0,-17.537664079311753,17.973938633686657,0.21813727718745213,35.51160271299841,-32.2564959526062,-32.27207899093628,-32.26428747177124,-0.015583038330078125,7.464936061296612e-06,-0.0019258224638178945,0.016815336421132088,0.017558692023158073,-0.0010170580353587866,0.0016375931445509195,0.016679177060723305,0.017627550289034843,-90.59541578475609,35852.062345251354,0.0011248262599110603,-139.94017812859877,35858.51887076381,0.0011268918169662356,0.024198200553655624,0.0015430869534611702,31230.385205225157,17640.916467064646
0.9690871766609556,0.5693536114012197,0.35219844048215976,-0.15963513310067995,0.03764649761605959,0.07008043113033408,-0.31529580618561986,-0.636275551717219,-18.955620166569076,17.781665691441958,-0.5869772375635591,36.737285858011035,-32.18722105026245,-32.22367525100708,-32.205448150634766,-0.036454200744628906,0.0012306955177336931,0.0015017313417047262,0.017586812376976013,0.01706662029027939,-0.0012870371574535966,-0.001459214254282415,0.017556706443428993,0.016948748379945755,-73.15201706704227,35846.21202543057,0.0011375467292964458,-107.00191253935577,35840.43642946501,0.0011174093233421445,0.02504725754261017,0.002710494678467512,30483.881970432558,18379.211145533507
-0.04361554443786215,0.0,0.08157270718543362,0.21326165323469945,0.22600485213504168,0.10039527571338158,0.05042653676646369,0.0,-16.781289427703598,18.210540044582274,0.7146253084393379,34.99182947228587,-31.939659118652344,-31.871483325958252,-31.905571222305298,0.0681757926940918,-0.0002198418660555035,0.0019805366173386574,0.01737605780363083,0.01827257312834263,0.0018121760804206133,-0.0008919400861486793,0.01792302168905735,0.018016472458839417,-41.54299756936408,35849.947737516486,0.001119265565648675,-76.05131879943758,35858.24365261343,0.0011265304638072848,0.024788865819573402,0.0015847787726670504,31233.545479004217,17528.53366146689
0.9835226698971196,0.9726287460212253,0.810393618602625,0.22076623158372705,-0.055180313572738116,-0.2040265113405338,-0.5287558656930844,-1.0,-18.66538112450155,18.743344363546214,0.03898161952233181,37.408725488047764,-32.340779304504395,-32.36685752868652,-32.35381841659546,-0.026078224182128906,-0.00030712876468896866,0.0018818278331309557,0.016566971316933632,0.017471125349402428,-0.0018597764428704977,-0.00043687940342351794,0.017447780817747116,0.0164855495095253,-114.62806350391466,35853.69283114869,0.0011265871580690145,-122.12795482732724,35840.33351163283,0.0011232270626351237,0.023854076862335205,0.0016424701316282153,31236.061869303998,17503.614156942756
0.07541028164549007,0.0,-0.07532856741612033,0.1027997195506346,0.1989017612578013,0.07232575276419417,-0.052528982391999546,0.0,-17.774754528946403,18.202137477408257,0.21369147423092727,35.97689200635466,-32.29910612106323,-32.347145080566406,-32.32312560081482,-0.04803895950317383,0.0008864594274200499,-0.001689740689471364,0.016620969399809837,0.01758030615746975,0.001288867206312716,0.00141523452475667,0.017314188182353973,0.016704512760043144,-44.5691056283213,35844.68998672702,0.0011195173719897866,-147.86712161257276,35836.46520395015,0.0011160679860040545,0.023264899849891663,0.0027045083697885275,31249.2710824485,17273.475216670344
0.967723795116995,0.8799617520887475,0.9044546065080923,0.49877447783338646,-0.07553374358289659,-0.4853420106409896,-0.4000060943610549,-0.8296477407506229,-15.880614569505497,20.35392354443107,2.2366544874627863,36.234538113936566,-32.3189640045166,-32.33787536621094,-32.32841968536377,-0.018911361694335938,0.0017410373548045754,-0.0007955622859299183,0.017053749412298203,0.017081668600440025,-0.0011822199448943138,0.0015132550615817308,0.01659766584634781,0.017451664432883263,-113.5487435428705,35851.10257286708,0.00112147384788841,-142.98901403352312,35845.65086403077,0.0011441630776971579,0.023364320397377014,0.004882188979536295,30463.57414347164,20163.217346488964
0.25772567822196235,0.05064620749821892,-0.06758616712307154,-0.12892367127256066,0.17061384042084415,0.2880353048131996,0.027345429655364017,0.0,-19.403744291483093,17.30953532138824,-1.0471044850474271,36.71327961287133,-32.46154308319092,-32.36899137496948,-32.4152672290802,0.09255170822143555,-0.00046245724661275744,0.0018153986893594265,0.016314610838890076,0.017253030091524124,-0.0018941848538815975,-0.00024228000256698579,0.01740601845085621,0.016521112993359566,-120.63614646652393,35850.68811653097,0.0011469407472759485,-124.3792865258179,35836.45823386628,0.0011144131422042847,0.023334799334406853,0.0017040956299751997,31238.058705726624,17452.653523906734
-0.025580780867516834,0.003217252286559351,0.21319539675893512,0.29710584416460795,0.180040289644551,0.09257387044205584,0.19732813550876327,0.0,-16.97098552953787,18.93851459802397,0.9837645342430505,35.90950012756184,-31.935420036315918,-31.940417289733887,-31.937918663024902,-0.00499725341796875,0.00021634300355799496,0.0019852989353239536,0.017537984997034073,0.018133966252207756,0.001232008682563901,-0.0015865147579461336,0.01737595908343792,0.018267858773469925,-69.50753952873788,35848.85935246144,0.0011169101344421506,-92.44667195471592,35853.88197412798,0.0011223895708099008,0.025091469287872314,0.0017027148278430104,31229.10626135398,17793.313421480423
0.9893641545773955,0.8564477730246888,0.4626875698451735,-0.1732321869414437,-0.16791146768079662,-0.22003493128625767,-0.585743044765251,-0.8895585548801725,-19.883271128529515,17.98315072935179,-0.9500601995888616,37.866421857881306,-31.955506801605225,-31.92263126373291,-31.939069032669067,0.03287553787231445,0.00020909997692797333,-0.001976640895009041,0.017346829175949097,0.01823708787560463,0.0019449507817626,-0.0005422823596745729,0.01800609938800335,0.017720099538564682,-99.05005301625135,35843.89664848147,0.001108091790229082,-88.86230619474256,35838.86823997197,0.0011199056170880795,0.024966005235910416,0.001607219222933054,31233.722530873958,17593.04945637882
0.01105324948560909,0.0,0.019678264761628317,0.18886641548754277,0.2263837839231121,0.12751085461646916,0.011841153563822426,0.0,-17.32388892387337,17.422791822493224,0.0494514493099274,34.74668074636659,-32.05472707748413,-32.036919593811035,-32.04582333564758,0.017807483673095703,-0.00032418110640719533,-0.0019444935023784637,0.01734757423400879,0.017839057371020317,0.0008175608818419278,-0.0018067543860524893,0.0171061959117651,0.018140053376555443,-75.89374415977457,35849.79734030576,0.0011180973378941417,-128.67100313669005,35834.79079109029,0.0011144587770104408,0.024824239313602448,0.001781233586370945,31227.20183538539,17919.02700297337
0.968691695178501,0.9703888645706008,0.8106653176804751,0.38852798896773905,0.06953177634699859,-0.23192407492974115,-0.4529517604169968,-1.0,-18.885243558437594,18.160269716344573,-0.3624869210465107,37.04551327478217,-31.92251682281494,-31.953368186950684,-31.937942504882812,-0.030851364135742188,-0.0008479455718770623,0.0018139485036954284,0.017341699451208115,0.018373118713498116,0.001199184451252222,0.0016091938596218824,0.01803186908364296,0.01756681315600872,-116.15039548785538,35860.67179466917,0.0011228518560528755,-155.1637485209322,35837.29943884378,0.0011205789633095264,0.024553988128900528,0.002704798709601164,31244.64205548654,17295.87070292864
0.1778795480303779,0.0,0.020143347695602512,0.10492224733299349,0.22680300567667455,0.14524494904662022,0.06406654576974558,0.0,-18.138504404147056,16.83345706779005,-0.6525236681785032,34.97196147193711,-31.920700073242188,-31.841952800750732,-31.88132643699646,0.07874727249145508,-0.0017895945347845554,-0.0008743354119360447,0.018370529636740685,0.017353400588035583,-0.0017388495616614819,-0.0010546434205025434,0.018524672836065292,0.01752263493835926,-99.30752054806742,35846.98806242682,0.0011158222332596779,-87.52603060539415,35834.152691396346,0.0011170887155458331,0.025760745629668236,0.0031609907746315002,30476.358024632405,18448.8724788012
0.04456761903691667,0.0,0.3783499539851778,0.24362130469501647,-0.13460039453068728,-0.14580256866458619,0.26133155373307226,-0.2182025356508931,-16.343735515392098,19.45046739365054,1.5533659391292218,35.79420290904264,-31.74891471862793,-31.786131858825684,-31.767523288726807,-0.037217140197753906,-0.001439804444089532,0.0014488454908132553,0.017860377207398415,0.01858348213136196,-0.0018291238229721785,-0.0009065481717698276,0.01867092400789261,0.017607826739549637,-82.44945304275211,35855.6875341607,0.0011253326665610075,-92.09293684105769,35857.25598224924,0.0011378760682418942,0.024568604305386543,0.004607604816555977,31269.46211151747,17189.9070350429
0.9866398759346762,0.8182861605012308,0.37094240272096707,-0.22822071270379907,0.3618065364460342,0.28580028250179323,-0.2108387040073868,-0.11886871194596549,-18.99650919492575,18.923395507944036,-0.03655684349085675,37.919904702869786,-31.865475177764893,-31.894187927246094,-31.879831552505493,-0.028712749481201172,-0.0002323533408343792,0.0019885317888110876,0.017528437077999115,0.018426960334181786,0.0018107960931956768,0.0008930888143368065,0.018440186977386475,0.017389707267284393,-108.58584204839865,35849.618893079365,0.0011168636847287416,-89.52318182206577,35831.53276606564,0.0011124559678137302,0.025293294340372086,0.0015663141384720802,31233.601464141702,17580.587048924157
0.027128001431587688,0.0,0.1225458334435817,0.27652044236429507,0.0810205418785376,0.0153802536378978,0.07239504583154621,0.0,-19.1920252015218,15.687139419948778,-1.7524428907865115,34.87916462147058,-32.049560546875,-32.097885608673096,-32.07372307777405,-0.0483250617980957,-0.0019673597998917103,-6.777077214792371e-05,0.018003124743700027,0.017199140042066574,0.001118819578550756,0.0016221029218286276,0.017700426280498505,0.017312053591012955,-51.65511694959885,35856.893914359884,0.001130220596678555,-102.42215210930979,35850.667383472835,0.0011191447265446186,0.02470744214951992,0.003857556264847517,30466.076765998092,18797.056751365053
0.9961031281441742,0.9461962803909233,0.7152686458533811,0.3220866812572018,0.07544265139778938,-0.2388827017076678,-0.5233289198046974,-1.0,-19.766697658231465,18.7000353464978,-0.5333311558668328,38.466733004729264,-32.19899892807007,-32.25884437561035,-32.22892165184021,-0.0598454475402832,0.0018321536481380463,-0.0006181642529554665,0.017396623268723488,0.017213864251971245,-0.0011034747585654259,-0.0015894125681370497,0.01738184690475464,0.016987578943371773,-98.06484946952925,35858.90625654837,0.0011146378237754107,-126.21221786984195,35837.02489149612,0.0011380494106560946,0.02373369038105011,0.004878295585513115,30696.699796548684,19242.588672693077
0.09264439647196898,0.0,0.02508548353596375,0.17189897744652413,0.20127163553816108,0.12387741675165087,-0.0036243337570442957,0.0,-16.663405185794204,18.04857192917393,0.6925833716898637,34.711977114968136,-32.44468927383423,-32.44585037231445,-32.44526982307434,-0.0011610984802246094,-0.0014898276422172785,0.0011402228847146034,0.016596604138612747,0.01704646274447441,-0.0001424054498784244,-0.001887601800262928,0.01650777831673622,0.01712619885802269,-112.02349919006727,35858.61235742931,0.001139546511694789,-84.4037311797055,35837.25342004185,0.0011098821414634585,0.0227715652436018,0.004712358117103577,31279.818442338423,17297.46298603798
0.9552164080349841,1.0,0.8405141490773338,0.4439144324965553,0.06712740870399753,0.04126090118409187,-0.12645452576652194,-1.0,-17.261474482574386,21.64205707980281,2.1902912986142127,38.9035315623772,-32.421021461486816,-32.42411136627197,-32.422566413879395,-0.00308990478515625,0.0015503161121159792,-0.0010769686195999384,0.016682283952832222,0.017052842304110527,0.0018810215406119823,-0.00026403414085507393,0.017113009467720985,0.01660696044564247,-96.08543006758286,35858.294733176335,0.0011181201552972198,-106.41008153414144,35855.39231822944,0.0011337925679981709,0.022701822221279144,0.0047458261251449585,31020.303632735966,17925.812826586964
0.06004778473176798,0.0,-0.008973896090682915,-0.1046270356398504,0.09838595832183922,0.035231230510682554,0.033664819041545724,0.0,-21.399838304942364,14.137225807378968,-3.631306248781698,35.53706411232133,-32.420573234558105,-32.41068363189697,-32.41562843322754,0.009889602661132812,-0.00046820385614410043,-0.0018258921336382627,0.016713924705982208,0.01702386885881424,-0.0009384768782183528,0.0016519123455509543,0.016399452462792397,0.017363017424941063,-79.36964892780784,35857.22465102722,0.001129940035752952,-42.36846114559703,35843.96408123011,0.0011250792304053903,0.024179982021450996,0.0021156235598027706,31223.71768818256,18797.895893017765
0.031193154421747887,-0.018090607802501053,0.22015892531498413,0.3218654067527487,-0.04856691106097075,-0.085714133262978,0.11219182858013232,0.0,-17.956909842826974,17.70116428070648,-0.12787278106024758,35.65807412353345,-32.37760782241821,-32.31358766555786,-32.34559774398804,0.06402015686035156,-0.0007784118060953915,0.0017324129585176706,0.016452820971608162,0.017438804730772972,-0.0015985136851668358,0.001079005654901266,0.016894234344363213,0.0172588974237442,-72.02469929126651,35859.26104769877,0.0011301994090899825,-89.54631209091202,35854.73335347082,0.001127735711634159,0.023094244301319122,0.0026354475412517786,31248.158255253118,17288.48544860006
0.9955259532641298,0.8425299847734977,0.07889160274425379,-0.22249377121743436,0.4383541849352305,-0.14563698031075872,-0.670525040729045,-0.7347547402501807,-21.207311688670984,16.609767910829817,-2.2987718889205837,37.8170795995008,-32.343502044677734,-32.406675815582275,-32.375088930130005,-0.06317377090454102,-0.0005366980913095176,0.0018226162064820528,0.01653001457452774,0.01749638095498085,-0.0018820754485204816,0.0002826173440553248,0.01714487187564373,0.01664293371140957,-113.66431937234563,35846.51439820478,0.001117962528951466,-136.40238035737133,35851.49126935011,0.0011312194401398301,0.023651767522096634,0.0017814337043091655,31237.43062417031,17447.30645743277
0.06096597276527723,-0.002266250460278274,0.14003350568467285,0.2581844258077914,0.18947741472564428,0.08678668851913568,0.0453393801117109,0.0,-16.060971071751453,19.038427190858442,1.4887280595534946,35.099398262609895,-32.46246576309204,-32.45236396789551,-32.457414865493774,0.010101795196533203,0.0007161173271015286,0.001735564088448882,0.016763342544436455,0.016813326627016068,-0.0018740866798907518,-0.0002572694211266935,0.017241744324564934,0.01636115275323391,-126.85913825551935,35861.98635870008,0.0011320038465783,-96.42719526483648,35853.680222194715,0.001114767394028604,0.024014368653297424,0.0021486906334757805,31223.123145212394,19081.221354285783
-0.008619985714360191,1.0,0.9809621447467356,0.8504226940062327,0.6570727766813957,0.4720674199881649,0.26890674040202633,-0.009618317336865023,-19.860529016622024,18.90336798252258,-0.47858051704972127,38.763896999144606,-32.20776557922363,-32.1312952041626,-32.169530391693115,0.07647037506103516,-0.0008206443162634969,0.001742601627483964,0.016788300126791,0.017774302512407303,-0.001434685429558158,-0.001346019678749144,0.01781022921204567,0.017061464488506317,-142.92579818795338,35851.93253674641,0.0011045538121834397,-99.79319297892752,35860.01914801113,0.001140961772762239,0.02364584431052208,0.002511696657165885,31246.884342257992,17316.428914946664
0.023532464363551456,0.0,0.003941923094400349,0.06858208514201014,0.1332723266901405,0.003593286826148956,-0.10834433515540709,0.0,-20.947883024066357,14.35396882518134,-3.2969570994425084,35.3018518492477,-32.08646774291992,-32.09839344024658,-32.09243059158325,-0.011925697326660156,0.0006217388436198235,0.001863786717876792,0.017439359799027443,0.017621802166104317,0.0013836303260177374,-0.0013947240076959133,0.01715199463069439,0.017854196950793266,-123.39148978511672,35851.28058688523,0.0011131514329463243,-105.12315357826114,35855.10962802202,0.0011168336495757103,0.02523866668343544,0.0023025337141007185,30978.542849320864,19297.750960077195
0.9059500232822263,0.9922164193053156,0.815845040536208,0.1598012286190133,-0.23734304534669773,-0.05609385629724156,-0.17611222629741752,-0.98896634167199,-19.294882478620053,18.704189968458024,-0.2953462550810144,37.99907244707808,-32.03156232833862,-32.041566371917725,-32.036564350128174,-0.010004043579101562,6.243740790523589e-05,0.00197188975289464,0.017279399558901787,0.01799774169921875,-0.0019512742292135954,0.0003285168204456568,0.017862243577837944,0.017377346754074097,-97.25936363079646,35848.16674331428,0.0011288850801065564,-139.29581647615805,35853.6959036353,0.001106681884266436,0.02471059560775757,0.0016318074194714427,31229.759319611487,17719.17617757784
0.19692772916072518,0.0936442404570518,-0.07731735860028265,-0.03588358727321536,0.2848580954591712,-0.002982731537182648,-0.23291763988807151,0.0,-20.636350217488143,17.839375968571886,-1.3984871244581285,38.47572618606003,-31.855599880218506,-31.82398796081543,-31.839793920516968,0.03161191940307617,0.0008649304509162903,0.0018146075308322906,0.018032269552350044,0.017974572256207466,6.414455128833652e-05,-0.002032709773629904,0.017647843807935715,0.018478956073522568,-54.37920147869909,35830.95448090335,0.0010986829875037074,-103.09578221519376,35857.851266324506,0.00111167982686311,0.02591979317367077,0.0026207438204437494,30731.67081570346,19310.555687936667
0.05556166367003499,0.0,0.19339729180635512,0.2846207200171973,0.07923656717274893,-0.06629386851622981,0.0529208963511546,0.0,-15.756689378467456,18.412706850647083,1.3280087360898136,34.16939622911454,-31.848413944244385,-31.871943473815918,-31.86017870903015,-0.023529529571533203,0.0019280280685052276,0.0005898963427171111,0.018531879410147667,0.017489228397607803,0.0005706647643819451,0.0019424781203269958,0.01783578284084797,0.01810040883719921,-151.37404083167849,35846.5571930075,0.0011334636947140098,-127.3409498145956,35853.92638116276,0.0010996590135619044,0.026006251573562622,0.0033212085254490376,30474.50662620094,18516.771150811455
0.9905737609691869,0.8022127463711437,0.22320031694314374,-0.03804229139159254,0.06497501094434088,-0.07128940875910222,-0.6051861060401309,-1.0,-21.292295580037546,18.40849156511635,-1.4419020074605982,39.700787145153896,-31.893205642700195,-31.94106101989746,-31.917133331298828,-0.047855377197265625,0.0018941611051559448,-0.0006435465766116977,0.01801273785531521,0.017838282510638237,0.0010128056164830923,0.0017361684003844857,0.01794811710715294,0.017703209072351456,-80.11901790005462,35839.06026520956,0.0011130374623462558,-111.88533005272716,35849.912067394864,0.001115577993914485,0.024355169385671616,0.005085262469947338,30698.510229036296,19485.161415758706
-0.01069757424014622,0.0,0.10928974569820304,0.18720048103042322,0.0816246642808151,-0.0004046460944312491,-0.00813646697388637,0.0,-16.748888430120815,18.997919603900584,1.1245155868898848,35.7468080340214,-32.151780128479004,-32.20304250717163,-32.17741131782532,-0.05126237869262695,0.0014245263300836086,0.0013305486645549536,0.017761750146746635,0.01702960766851902,0.0011283252388238907,-0.001578286406584084,0.01683928072452545,0.017742950469255447,-136.4828591599584,35857.30533514941,0.001126209506765008,-112.85028525170155,35846.40932505467,0.0011182469315826893,0.025296634063124657,0.002820234512910247,30482.05792444991,18319.957335328098
0.9141515142059129,1.0,0.608857908060889,0.0011751448306772938,-0.18626716162613197,-0.12629843620222542,-0.4426699526573161,-1.0,-18.728954787139514,20.031902750085038,0.6514739814727619,38.76085753722455,-32.182350158691406,-32.19414710998535,-32.18824863433838,-0.011796951293945312,0.0014163169544190168,-0.0013247847091406584,0.017022812739014626,0.017648685723543167,-0.001482115127146244,0.0012721546227112412,0.01702239364385605,0.017600998282432556,-96.72600093090873,35855.385903862996,0.001134012476541102,-86.37054745211915,35826.52093401096,0.001096460153348744,0.02341632731258869,0.004349173046648502,31271.105798891538,17194.346879605047
0.027736416234752887,-0.005514866882320955,0.016363789125958983,0.1527416436097649,0.2091496781127149,0.09314443154546415,-0.09206525944568811,0.0,-19.4251015194684,17.23154041041957,-1.0967805545244147,36.65664192988797,-32.21234321594238,-32.3160982131958,-32.26422071456909,-0.10375499725341797,-0.00036681038909591734,0.0018915743567049503,0.01680292747914791,0.017742564901709557,-0.0008124187588691711,-0.0017410290893167257,0.01709912344813347,0.017046809196472168,-69.49348094743758,35860.808102959825,0.0010954526951536536,-143.80711707446412,35842.80479847688,0.0011216795537620783,0.024010278284549713,0.001640578731894493,31236.001045041707,17493.377753520184
0.8915755086674858,1.0,0.5344566314411471,0.06150794292604127,-0.2744042942489507,-0.2146782487980487,-0.22121363969372687,-0.7623327026131782,-16.860222785813903,22.140079465673097,2.6399283399295967,39.000302251487,-32.43186712265015,-32.404584884643555,-32.41822600364685,0.027282238006591797,-0.0017509341705590487,-0.000703785102814436,0.017331784591078758,0.016348732635378838,0.0003343098796904087,-0.0018750636372715235,0.016431180760264397,0.017355728894472122,-94.4581004972316,35851.78020312574,0.0011387018021196127,-86.39612482978552,35835.11942470503,0.0011223193723708391,0.024323882535099983,0.003027401166036725,30475.39629387934,18483.047692359603
0.22390285889513972,0.1367328648838526,-0.07491476165709031,-0.025978200704275728,0.21587344084993115,0.16457639671668334,-0.05166585801165302,0.0,-19.8088570128416,18.748570009876715,-0.530143501482442,38.557427022718315,-32.3502779006958,-32.28342533111572,-32.31685161590576,0.06685256958007812,0.0013446537777781487,-0.0013313258532434702,0.016680799424648285,0.017327329143881798,-0.0017273637931793928,-0.00086346355965361,0.017628012225031853,0.016631867736577988,-76.33180471557813,35858.91276566841,0.0011163706658408046,-143.8651487674036,35847.71742917744,0.001105342642404139,0.02290748432278633,0.003966836258769035,31265.484419695676,17186.079302908794
0.24687309282879016,0.11709360842884227,0.435788762192365,0.5540279530704325,-0.16854494975266207,-0.22021272513228946,0.00659887125639691,0.0,-16.288983503698233,17.927176746153634,0.8190966212277004,34.21616024985187,-32.312724590301514,-32.36292362213135,-32.33782410621643,-0.050199031829833984,0.0013872998533770442,-0.0013245726004242897,0.016757870092988014,0.017395850270986557,-3.112698323093355e-05,0.001912449486553669,0.016601411625742912,0.01735246740281582,-159.86494394332004,35836.155906193926,0.0011199432192370296,-87.4403225502529,35862.68539443674,0.001135232043452561,0.023187659680843353,0.00451671052724123,31266.3862730464,17218.86144176353
0.8960127880966997,0.6082924836179295,0.0801820489103609,-0.17426761159608312,0.4195530410318599,0.5350276437313983,-0.13587511012344256,-0.2815732263522561,-19.19878331978444,17.529377455591373,-0.8347029320965333,36.72816077537581,-32.262301445007324,-32.233338356018066,-32.247819900512695,0.028963088989257812,-0.0008571861544623971,0.0017164654564112425,0.01668609119951725,0.017659863457083702,-0.0008418456418439746,-0.0017449524020776153,0.01727539859712124,0.017197638750076294,-131.4477170158861,35852.56110533295,0.0011346441460773349,-102.57723218900658,35861.276486198476,0.001103874878026545,0.02349139377474785,0.002632968360558152,31247.726314779604,17289.262526756655
-0.021280510656768843,0.0,0.11530900613744488,0.22885883531453582,0.18837113241041448,0.06905952543906368,-0.021855741577487375,0.0,-19.834949536851923,16.00947151569062,-1.9127390105806512,35.84442105254254,-32.40986108779907,-32.41600036621094,-32.412930727005005,-0.006139278411865234,-0.0004156286013312638,-0.0018421311397105455,0.016705133020877838,0.017073577269911766,-0.0018445950699970126,0.0004458213516045362,0.01704263500869274,0.016711406409740448,-98.050383858777,35838.89326234904,0.0011303219944238663,-74.65020463043477,35862.949316361235,0.001124515663832426,0.023980652913451195,0.001965214964002371,31224.997435191533,18219.210760652357
0.9934064962161095,0.9537958336104353,0.7466593371537068,0.1839620068238686,-0.043944535047883815,-0.22182068592093052,-0.5552824839878577,-1.0,-18.0650085220463,21.918881025866824,1.9269362519102629,39.98388954791312,-32.45234727859497,-32.47645139694214,-32.464399337768555,-0.02410411834716797,0.0010090204887092113,-0.001583780045621097,0.016350500285625458,0.017253411933779716,-0.00043630515574477613,-0.0018321656389161944,0.01658826880156994,0.016931654885411263,-110.37430851900187,35846.52934378863,0.0011263592168688774,-131.07884084627034,35843.43221492353,0.0011353726731613278,0.023027952760457993,0.0031756458338350058,31254.539121526846,17228.327126437227
0.9769622016585153,0.9853133259741904,0.8805465328841579,0.8278918335308656,0.7129134654427284,0.5144977524004046,0.25198789809808364,-1.0,-19.267614531285915,17.119470433753094,-1.0740720487664106,36.38708496503901,-32.416675090789795,-32.35994577407837,-32.38831043243408,0.05672931671142578,-0.0008159473654814065,0.0017061198595911264,0.016389023512601852,0.017351020127534866,-0.00141855888068676,-0.0012761757243424654,0.017359767109155655,0.016606301069259644,-29.114773682303444,35860.754238143214,0.0011378860799595714,-112.00297443937642,35838.83882610582,0.0011142827570438385,0.02300197072327137,0.0024677675683051348,31244.899989395733,17304.36219070888
0.9772630523329409,0.9410866315598486,0.7525217015536008,0.3423201365134652,0.010139073933446041,-0.35896435529129544,-0.49379250631272353,-1.0,-13.986868900542277,23.354725487099472,4.683928293278598,37.34159438764175,-32.38558292388916,-32.42531061172485,-32.40544676780701,-0.03972768783569336,0.0018980572931468487,3.7956742744427174e-05,0.017308637499809265,0.016557792201638222,0.0005407622666098177,-0.0018233825685456395,0.01636098138988018,0.01734350249171257,-110.3475438377338,35856.15470583907,0.0011221433524042368,-95.10688073712231,35850.161538681044,0.00114685227163136,0.02404593676328659,0.003579349024221301,30467.712138481536,18754.71912382103
0.1483011405966109,0.0,-0.07262711662405186,0.016547665881679635,0.13014642359697914,0.10655629025087643,-0.033683561543610296,0.0,-20.81090807208568,14.862043556138246,-2.9744322579737172,35.67295162822393,-32.42012023925781,-32.42988348007202,-32.42500185966492,-0.009763240814208984,0.0018647576216608286,-0.00025151294539682567,0.017128314822912216,0.01660904847085476,0.0018492137314751744,-0.0004140881937928498,0.017032651230692863,0.016667084768414497,-133.18527680694442,35855.154518982934,0.0011292886920273304,-78.56552139292229,35865.39900287692,0.0011223370674997568,0.023453980684280396,0.004364567808806896,30460.363516594487,19200.548733146225
0.27475075021375617,0.08157168597595549,0.7334769677903231,0.5799346699550503,-0.1692319420479548,-0.30729201178073745,0.2572811418116536,-0.10497683273111624,-18.222162456066258,15.655525695570446,-1.2833183802479056,33.877688151636704,-32.45127201080322,-32.498130798339844,-32.47470140457153,-0.046858787536621094,-0.001538081094622612,0.0010851806728169322,0.016618022695183754,0.016999538987874985,0.0015471000224351883,0.00106695550493896,0.017157431691884995,0.016268804669380188,-93.08354317341451,35834.43066640491,0.0011248696828261018,-122.42234423307328,35854.21825138568,0.0011223008623346686,0.022635772824287415,0.00471848389133811,31028.316181384187,17856.17013201031
1.0,0.7129193168905764,0.025880181078981546,-0.2111863014783743,-0.08829945312893411,0.3060971995125077,-0.11018313746199149,-0.13831813023995476,-22.855085981950026,17.5254310749786,-2.6648274534857137,40.380517056928625,-31.86732053756714,-31.787006855010986,-31.827163696289062,0.08031368255615234,9.022586891660467e-05,0.002000594511628151,0.01763438992202282,0.01831798627972603,-0.0011865522246807814,0.0016649870667606592,0.017665591090917587,0.018612360581755638,-159.18477923041658,35805.19384906764,0.0011204860638827085,-50.539305066660134,35841.878626031474,0.0011215413687750697,0.025443488731980324,0.0019244818249717355,31226.755923737106,18010.55340770284
-0.9756605563403662,-0.9466915251344754,-0.7624840807332627,-0.6368409276443872,-0.5904918671768167,-0.46606605972167403,-0.20498188922625105,1.0,-17.419949804681607,15.637880269291259,-0.8910347676951744,33.057830073972866,-31.992182731628418,-32.00307369232178,-31.997628211975098,-0.010890960693359375,-0.0015503892209380865,-0.0012360860127955675,0.01814030110836029,0.017294269055128098,-0.0018575619906187057,-0.000735108507797122,0.018213780596852303,0.017169104889035225,-91.34941800319196,35858.33937265862,0.0011258533922955394,-13.912089828718711,35852.39764071514,0.0010929713025689125,0.0256706103682518,0.0029231798835098743,30480.727870984043,18328.522552524715
0.9708032116267299,0.7721618134440752,0.5312035470534029,-0.15801983869767694,0.03982870603199867,0.3118030773259375,-0.5892174404297813,-0.9564420389397684,-18.421604838807184,18.171205810929735,-0.12519951393872475,36.59281064973692,-32.15020179748535,-32.1904730796814,-32.170337438583374,-0.04027128219604492,-5.3091418521944433e-05,-0.0019498735200613737,0.017047513276338577,0.017750665545463562,-0.0016372859245166183,-0.0010646090377122164,0.017787376418709755,0.01684274710714817,-114.96413424088874,35836.291791627424,0.0011056847870349884,-93.73935298638236,35851.928873360004,0.0011353319277986884,0.02444051392376423,0.0016397520666942,31230.555899823325,17728.852910313788
0.028263629766534314,0.0,0.006322974149026564,0.08329851316902964,0.17338562520791684,0.04015604662377026,-0.06103622526004748,0.0,-16.73437053724811,17.14995917140604,0.20779431707896379,33.88432970865415,-32.30337142944336,-32.269179821014404,-32.28627562522888,0.03419160842895508,0.0009312871261499822,-0.0016709862975403666,0.016613684594631195,0.017570218071341515,0.0010290732607245445,-0.0016321457223966718,0.016688987612724304,0.01762930117547512,-98.00310649920289,35846.42401049872,0.001135538099333644,-100.50371017137712,35843.84231966664,0.0011136960238218307,0.02338501065969467,0.002987654646858573,31252.326971427134,17245.73931165141
0.9689890163372364,0.9488506095632864,0.7701968383108907,0.21220704569858084,-0.12279928538501089,-0.11012651991108763,-0.3835849068593431,-1.0,-17.06021017025273,19.5975996722309,1.2686947509890842,36.65780984248363,-32.38929748535156,-32.37624168395996,-32.38276958465576,0.013055801391601562,0.0016212400514632463,-0.0009831261122599244,0.016803625971078873,0.017055882140994072,0.0019106657709926367,2.880428291973658e-05,0.017328009009361267,0.016573628410696983,-73.55304244071536,35858.364723463514,0.0011372483568266034,-105.35641687390589,35850.232012298984,0.001124530448578298,0.022818828001618385,0.004863273352384567,30752.326585772807,18731.062396683672
0.04237351123900773,-0.006068917458146826,-0.06835086078116329,0.05640349660666738,0.16967457766498534,-0.07162866852565997,-0.11834635154364159,0.0,-20.36293210818377,18.790367747371278,-0.7862821804062463,39.15329985555505,-32.16662883758545,-32.100703716278076,-32.13366627693176,0.06592512130737305,0.0018894143868237734,-0.00045225731446407735,0.01754404976963997,0.017194172367453575,-0.0018835334340110421,-0.0005856875795871019,0.018004298210144043,0.01698380894958973,-95.15857573986109,35830.8703263781,0.0011105495505034924,-102.0915836065999,35849.76859002855,0.0011254602577537298,0.02391449734568596,0.004735114518553019,30456.215065358097,19420.610662192605
0.023369203125403654,0.0,0.13095351920458453,0.15871092095727388,-0.08771325913687444,-0.029361239574450027,0.1268639249603546,0.0,-18.29057033941075,17.0631751189743,-0.6136976102182246,35.35374545838505,-31.437764167785645,-31.33042573928833,-31.384094953536987,0.10733842849731445,0.00019658112432807684,-0.002110856119543314,0.018413757905364037,0.01935466192662716,-0.001727632130496204,0.0012872314546257257,0.018871193751692772,0.01937449909746647,-89.78573430552268,35842.00033220323,0.0011207035277038813,-94.47443480985706,35839.41735392642,0.001107728690840304,0.026371967047452927,0.0017255011480301619,31233.09563655493,17550.81329757788
0.7161705868024721,0.5356068697290897,-0.06379681047985841,-0.20250571545072246,0.5082582057899159,0.502498006963169,-0.1632199148221094,-0.15560535499001582,-20.410923869637145,18.919309876151885,-0.7458069967426297,39.33023374578903,-30.86015224456787,-30.80434560775757,-30.83224892616272,0.055806636810302734,0.0002767089463304728,0.002234941814094782,0.019869718700647354,0.020504770800471306,-0.0013648932799696922,0.0018376137595623732,0.01979147084057331,0.020832423120737076,-44.51082008579187,35852.150586410404,0.0011047212174162269,-75.55189421017337,35849.5868199373,0.0011020306264981627,0.028598155826330185,0.0021516375709325075,31225.985918229308,18005.63593448075
0.010336626371532716,0.0,0.2181185786903872,0.3269588597459126,-0.016908976540511322,-0.12428973591619374,-0.02801385555155933,0.0,-18.269864850647025,19.069605588554765,0.39987036895387007,37.33947043920179,-30.78012228012085,-30.858066082000732,-30.81909418106079,-0.07794380187988281,0.0019770017825067043,0.0011445636628195643,0.020934144034981728,0.019802087917923927,0.0020723955240100622,0.0009297099895775318,0.020777570083737373,0.01959209516644478,-84.663580293786,35838.39425234901,0.0011050396133214235,-78.65124791507657,35850.97142070571,0.0011037209769710898,0.029518697410821915,0.0035251176450401545,30477.723523857385,18381.887132109783
0.9758615948719112,0.6757380058213925,0.2846610614286539,-0.16788696326714228,-0.03064580340328177,0.004552555150417137,-0.3540982266370872,-0.6264919819994641,-16.963708416699262,21.743418685179876,2.3898551342403067,38.70712710187914,-31.175053119659424,-31.158618927001953,-31.16683602333069,0.016434192657470703,0.002167416736483574,-0.00019136718765366822,0.01981256902217865,0.019122637808322906,0.0020116548985242844,0.0008843649411574006,0.020072322338819504,0.018923873081803322,-77.48688002704749,35839.90813352107,0.0011137970723211765,-88.79356298100375,35841.585247829134,0.0011193040991201997,0.02721397951245308,0.0046152034774422646,30463.59111351807,18981.149784398185
0.0029386196497654393,0.0,0.07551277945112003,0.21071116337179996,0.24357780909427457,0.11583183757006987,0.06487132332504608,0.0,-15.98061155953053,18.83986728175711,1.429627861113289,34.82047884128764,-31.426303386688232,-31.48883819580078,-31.457570791244507,-0.06253480911254883,0.0018481200095266104,-0.0010178822558373213,0.018820589408278465,0.019010405987501144,-0.0021104186307638884,0.00013726644101552665,0.01912924088537693,0.01842191442847252,-96.04335599910817,35855.41252538912,0.0011147543555125594,-75.11516359701267,35851.37576481547,0.0011245898203924298,0.025621937587857246,0.005528387613594532,30737.860186073893,18896.429862325494
0.9649197425490452,0.9731362914297745,0.7862894828540613,0.26920234546699173,-0.04338106534812253,-0.16338077654774935,-0.48906838507364636,-1.0,-15.326736556005926,21.809957276740136,3.2416103603671047,37.13669383274606,-31.956069469451904,-31.99456214904785,-31.975315809249878,-0.038492679595947266,-0.0008064036956056952,-0.0018210879061371088,0.017799410969018936,0.017792873084545135,-0.0019702904392033815,-0.00028431048849597573,0.018177805468440056,0.01724391058087349,-106.96038811647333,35859.6965411296,0.001130855642259121,-116.9980146400737,35858.36886028468,0.001117546926252544,0.025604184716939926,0.0023767382372170687,30978.037694597595,19414.244075830647
0.027393577950518156,-0.0007552069567511152,0.07494177947820393,0.31091572638851617,0.4859477657016679,0.4941657151376144,0.6321333495262157,0.0,-13.470495647773749,17.229202817186092,1.8793535847061715,30.69969846495984,-31.738338470458984,-31.657984256744385,-31.698161363601685,0.08035421371459961,0.0011613006936386228,-0.0013793252874165773,0.018021468073129654,0.018496396020054817,-0.0011744156945496798,0.0017114528454840183,0.01792287826538086,0.01889755390584469,-36.531270708709464,35744.00177363372,0.0011796383187174797,-88.36918273340818,35829.86619049938,0.001092508900910616,0.024568703025579453,0.0050547742284834385,31250.66033188397,17223.626805566073
0.7838789675261373,0.7689252305068457,0.9940880859080714,0.1346391346091021,-0.2419914558373274,0.23763537065361,-0.011400772007157278,-0.307335494203015,-17.402125584987743,19.30887413246171,0.9533742737369835,36.710999717449454,-31.43871307373047,-31.412861347198486,-31.425787210464478,0.025851726531982422,0.0001972446625586599,-0.002103715669363737,0.01841587945818901,0.019349368289113045,0.00028503057546913624,0.002114822855219245,0.018649080768227577,0.01923413574695587,-98.55385128324595,35858.008607689226,0.0011106199817731977,-97.0837188451987,35843.05740958921,0.0011121921706944704,0.02632547728717327,0.0017128330655395985,31234.91211391767,17542.391738476934
-0.5024984163280777,-0.5908361387613017,-0.9740209482614379,-0.8435186450835401,-0.4240468879810406,-0.36541204489412193,0.6592140408198693,0.984183433806835,-21.305638127130578,16.78343658207885,-2.2611007725258645,38.08907470920943,-31.365466117858887,-31.394145488739014,-31.37980580329895,-0.028679370880126953,-0.001659789471887052,-0.0013267737813293934,0.019490310922265053,0.01859656162559986,-0.0017187398625537753,0.0012640964705497026,0.018741551786661148,0.019225383177399635,-83.8760189240319,35853.13831212386,0.0011115535162389278,-102.75499580774377,35855.57112564155,0.0011096573434770107,0.027662379667162895,0.003229720052331686,30479.33229210154,18345.537154412592
0.03385126728260188,-0.012168891145134099,0.2801741282919114,0.365218484009015,0.08486425060510683,-0.03136252757327579,0.05399960660870484,0.0,-13.053177280868056,19.93144289549889,3.439132807315417,32.984620176366946,-31.500272750854492,-31.483442783355713,-31.491857767105103,0.016829967498779297,0.0005395092885009944,-0.0020347055979073048,0.018210913985967636,0.01928297057747841,0.0020865423139184713,-0.00031970313284546137,0.019062044098973274,0.01851573772728443,-55.14908077214307,35847.251781110994,0.0011245696805417538,-136.94599701895666,35833.91355579495,0.001097010332159698,0.02575160562992096,0.002359105506911874,31241.78986008801,17348.60689380802
0.9844290715628049,0.8752843721428761,0.40969966787736456,0.07769041922262676,0.08153855366726831,-0.21761991002245373,-0.620219172359597,-1.0,-19.618450137137586,18.574748833676352,-0.5218506517306167,38.19319897081394,-31.497654914855957,-31.539287567138672,-31.518471240997314,-0.041632652282714844,0.0013178115477785468,0.0016252207569777966,0.019029835239052773,0.01848825253546238,0.001958623994141817,0.0007657320238649845,0.019215352833271027,0.018108511343598366,-101.45586536897201,35857.22292501436,0.001112338388338685,-115.25886388752554,35838.07321058909,0.0011213672114536166,0.027178365737199783,0.0029658302664756775,30483.63929291475,18344.625104814186
-0.9303795577079123,-0.9892454119460935,-0.8043213696485525,-0.6397718500272129,-0.5770723706337424,0.5502111899832041,0.7414078017409553,0.9779125106643439,-18.683841883665593,15.191166830844622,-1.7463375264104855,33.875008714510216,-31.595852375030518,-31.624760627746582,-31.61030650138855,-0.028908252716064453,-0.0014995196834206581,-0.0014414035249501467,0.018925143405795097,0.01816602796316147,9.705331467557698e-05,-0.002074484946206212,0.018050499260425568,0.018914656713604927,-133.868915103981,35851.3430400981,0.0011202001478523016,-103.41673933151667,35855.41715570707,0.001096886582672596,0.026932980865240097,0.003017066279426217,30481.927731047814,18321.82797365112
0.9724636971140165,0.9336288800780757,0.7639829897124427,0.32161506484832736,0.04074660796870555,-0.10972969490780593,-0.4544995764692601,-1.0,-20.005309048485913,19.767803838952688,-0.11875260476661254,39.7731128874386,-31.841707229614258,-31.861205101013184,-31.85145616531372,-0.01949787139892578,0.0017114984802901745,-0.0010716330725699663,0.01788000762462616,0.01818259432911873,0.0019882647320628166,0.0003757153754122555,0.018475990742444992,0.01749260164797306,-72.24853161820201,35839.89667325697,0.001108989934436977,-133.96968789445583,35848.642023996705,0.0011088128667324781,0.024309318512678146,0.0050606392323970795,31047.760796773284,17729.43677988677
0.024902980158612042,0.0,0.005908513353684697,0.12289313472322685,0.11664763472400014,0.04646920719259112,-0.05320356556679173,0.0,-19.431972965604984,14.678425489687925,-2.37677373795853,34.11039845529291,-31.715431213378906,-31.696114540100098,-31.705772876739502,0.019316673278808594,-0.001859002048149705,0.0008445042767561972,0.01828257367014885,0.01831020414829254,-0.00034695747308433056,0.002032797085121274,0.01783328503370285,0.018825765699148178,-125.5994534307688,35851.978352946615,0.0011095557129010558,-83.40423010698566,35834.461099079264,0.0011117082322016358,0.0249125175178051,0.00531428400427103,30933.028323618248,19293.704783060395
-0.05545558055682254,0.02880258971290328,0.04341179936467343,-0.815332442698956,-0.9762552742874299,-0.5895582034242783,-0.21973095404530174,0.36328340620848093,-17.800852282425232,19.263247203540345,0.7311974605575564,37.06409948596558,-31.641855239868164,-31.63729190826416,-31.639573574066162,0.004563331604003906,-0.0016512847505509853,-0.0008095157681964338,0.018826564773917198,0.018093477934598923,-0.0013578137150034308,-0.0015725025441497564,0.01876838132739067,0.018147924914956093,-74.1446647373498,35748.88883958142,0.0011686475481837988,-97.94538078247257,35855.36563668168,0.0011116834357380867,0.0266540739685297,0.0031789313070476055,30275.380062543736,18293.126276429797
0.12215724625091223,0.0890682479592375,-0.09751691531891672,0.029998609478355753,0.29706778604148193,0.23484433109941827,-0.11523902493898464,0.0,-17.461905433517927,19.249332716114452,0.8937136412982625,36.71123814963238,-31.59449338912964,-31.617140769958496,-31.605817079544067,-0.022647380828857422,-0.00021388669847510755,0.002058098092675209,0.018089449033141136,0.01900523714721203,0.001996404957026243,-0.0005912136984989047,0.018636636435985565,0.01836972124874592,-75.42446558402929,35837.599976333484,0.0011105339508503675,-91.33961600937586,35849.748278032785,0.0011180791771039367,0.025883857160806656,0.0015980175230652094,31233.18408806359,17573.17714730554
0.032924807357930505,-0.008854637846080546,0.2899696505608512,0.2411603092146648,0.06432114370776212,-0.1559617153355441,-0.010110163350033341,0.0,-15.567733754416025,20.56351159699193,2.4978889212879523,36.131245351407955,-31.6487717628479,-31.63980007171631,-31.644285917282104,0.008971691131591797,0.00041799951577559114,0.002023796085268259,0.01821446605026722,0.018656577914953232,0.0013367582578212023,0.0015928300563246012,0.01875285804271698,0.01815285161137581,-97.37354166132495,35850.90946521466,0.0011213880497962236,-70.87919134011152,35833.14999217885,0.0011132349027320743,0.026156926527619362,0.0018677707994356751,31227.42146996142,17903.124687614272
0.9793067852194598,0.897116184898834,0.06809738032582202,-0.1777918625604146,0.056945642265084806,0.14837788074935,-0.35348913007954524,-0.5351683518162023,-19.43046418470277,18.859192613807267,-0.28563578544775226,38.28965679851004,-31.729180812835693,-31.72924280166626,-31.729211807250977,-6.198883056640625e-05,-0.0010786266066133976,0.0017231216188520193,0.01777406968176365,0.01874847337603569,0.0019227557349950075,0.0007162727415561676,0.01879808120429516,0.01771913841366768,-99.897817710152,35855.33223781172,0.001105806790292263,-131.22827553969404,35857.13855852661,0.0011142464354634285,0.02485816366970539,0.003210943890735507,31251.65547096422,17244.880873447964
0.0,0.0004982820953253232,0.11024946216273046,0.2399119367483728,0.1737191876498494,-0.01713368251670422,-0.04427225687667191,0.0,-17.95971691529911,17.833374318530247,-0.06317129838443236,35.79309123382936,-31.713337898254395,-31.731326580047607,-31.722332239151,-0.01798868179321289,0.0013097795890644193,-0.0015814234502613544,0.01786983013153076,0.01872064732015133,-0.001767839421518147,0.0010494652669876814,0.018128609284758568,0.018394308164715767,-72.34394543544158,35836.949317421386,0.0011205216869711876,-131.6589451543213,35854.043715217544,0.0011066769948229194,0.024800091981887817,0.004105072934180498,31262.04959773578,17183.16078429239
0.9924211885418083,0.9861184487682398,0.640446806003743,0.22292441488461123,-0.07985597942478911,-0.10349955201351574,-0.3798182491533884,-1.0,-18.68367856088628,19.03804209326708,0.17718176619040094,37.72172065415336,-31.69883966445923,-31.635117530822754,-31.66697859764099,0.06372213363647461,-0.0017894309712573886,-0.0010032366262748837,0.018834728747606277,0.017813144251704216,-0.0009686834528110921,0.0018399952678009868,0.017924170941114426,0.01899104192852974,-101.76974370130804,35839.31046402945,0.001112638390623033,-110.13483938982391,35831.942364707,0.0011209303047508001,0.026501793414354324,0.003182516898959875,30477.52271578959,18400.911294299094
0.08593606218307867,0.0,0.042038148065667594,0.18173920040740646,0.24479072528504608,0.08250382172453902,-0.031078526734317213,0.0,-19.328384177401716,15.065187590915684,-2.131598293243016,34.3935717683174,-31.30119562149048,-31.268141269683838,-31.284668445587158,0.033054351806640625,0.0005649591330438852,0.0020625938195735216,0.01902700774371624,0.019352151080965996,-0.0003428516210988164,0.002142488956451416,0.018736829981207848,0.019773513078689575,-93.27410376098791,35858.33570517653,0.0011129352496936917,-101.28614907271195,35856.69088621939,0.0011157057015225291,0.02731814607977867,0.0023054673802107573,31224.48087479437,18555.523886407813
0.9497213225664946,0.9283247654608017,0.8136084464358483,0.25655223255032583,-0.1663521980580585,-0.22035540543102516,-0.4042753993223415,-1.0,-16.309600877703758,20.61577218086586,2.1530856515810513,36.92537305856962,-31.017723083496094,-31.019363403320312,-31.018543243408203,-0.00164031982421875,-0.0012190297711640596,-0.0018570508109405637,0.02001284807920456,0.019637832418084145,-0.0007251849165186286,0.002115197479724884,0.01923082396388054,0.020395344123244286,-83.67278109950158,35839.5702631948,0.0011166747426614165,-88.9440275950658,35859.01393285076,0.001110752229578793,0.028618860989809036,0.002968404209241271,30486.267209689842,19627.038492590178
0.12848319309933082,0.024888749417021818,-0.07180263487230824,-0.06062607175916904,0.147717840927799,0.15628639482968248,-0.034283118471510776,0.0,-18.678146189971756,18.184553520620966,-0.24679633467539475,36.86269971059272,-30.954115390777588,-30.941433906555176,-30.947774648666382,0.01268148422241211,-0.0013447119854390621,-0.0017787300748750567,0.020228400826454163,0.019713057205080986,-0.0022308765910565853,0.0003077411383856088,0.020308302715420723,0.019687920808792114,-75.35976143939486,35840.41879912432,0.0011043751146644354,-89.16863903771203,35836.4186939336,0.0011069170432165265,0.028860531747341156,0.0031011973042041063,30484.649202043263,18389.820390585694
0.010077867940673581,0.0,0.3869603027886695,0.4318503581911332,0.07728565709572718,-0.07367682160048133,0.213450054127182,0.0,-17.752043595009013,17.43841783530246,-0.15681287985327685,35.19046143031147,-31.001217365264893,-31.00940704345703,-31.005312204360962,-0.008189678192138672,-0.0020300159230828285,0.0009116237633861601,0.019854895770549774,0.019873013719916344,-5.542039070860483e-05,0.0022301720455288887,0.01939006894826889,0.020289361476898193,-76.80829379726677,35856.581152664425,0.0011094256769865751,-71.01443841828468,35850.57070489681,0.001113555976189673,0.027045223861932755,0.005680174101144075,30694.669325014427,19499.284331930743
0.9770220319766235,0.8080744797364838,0.26342905372103986,-0.1935832896490052,0.09057197327188332,-0.015371884509579603,-0.5827012508592277,-0.6769198016045626,-17.71395072152464,20.409513014115447,1.3477811462954037,38.12346373564009,-31.08452081680298,-31.104180812835693,-31.094350814819336,-0.019659996032714844,0.0004669401969294995,-0.0021482184529304504,0.01912579871714115,0.020208658650517464,-0.0014713610289618373,-0.0016494343290105462,0.019972098991274834,0.019280297681689262,-81.18337936631069,35846.45170371944,0.001100239809602499,-72.55100344418516,35858.12351580743,0.001122907968237996,0.02738073095679283,0.0019866018556058407,31237.93575903617,17453.360770591455
-0.008545151947865622,0.022603382830977327,0.11126851090921677,0.2060515390918749,0.20045131460323298,0.03963504003347457,0.040371602403473705,0.0,-16.373550423393624,17.011084211995524,0.31876689430094984,33.38463463538915,-31.062049865722656,-31.05309009552002,-31.057569980621338,0.008959770202636719,0.0020799837075173855,0.0007307768682949245,0.020290490239858627,0.019144078716635704,-0.002183798234909773,-0.000408110732678324,0.02028089202940464,0.019194459542632103,-58.865494212870054,35841.52374401155,0.0011225005146116018,-106.76828739623951,35836.548236680115,0.001098817097954452,0.028313543647527695,0.0035728653892874718,30474.428100557314,18494.18641636628
0.9955305977920768,0.9400384047736271,0.7085162450674118,0.2880507097204178,-0.004674972034912961,-0.1192861711346278,-0.5558111059103146,-1.0,-18.22634649575315,21.57757849744536,1.6756160008461052,39.80392499319851,-31.214253902435303,-31.24328374862671,-31.228768825531006,-0.02902984619140625,0.0019444490317255259,0.0009492489043623209,0.01992650330066681,0.01882403902709484,-0.002095500472933054,-0.0005780556821264327,0.01986623741686344,0.018752655014395714,-65.95165876280639,35850.348323665654,0.001096569001674652,-116.1183166677604,35844.003552096234,0.001107699703425169,0.0279442947357893,0.0034269464667886496,30476.407854510642,18445.930411372916
0.03425031258978351,0.0,-0.0824943663374367,0.0880413310543158,0.11348456763556425,-0.004833606878350549,-0.0635166777422903,0.0,-19.779446404632722,16.348731600250176,-1.7153574021912732,36.1281780048829,-31.46552801132202,-31.534359455108643,-31.499943733215332,-0.0688314437866211,-0.0017315410077571869,0.0011883607367053628,0.018630407750606537,0.01902852952480316,-0.0020645016338676214,-0.00039155545528046787,0.019186045974493027,0.018161695450544357,-90.31689171450043,35847.61767162003,0.0011148365447297692,-84.34031220003875,35845.102248332834,0.0011034391354769468,0.025522280484437943,0.005251059774309397,31272.31999754284,18377.085338971985
0.9563052711843131,0.8721579571317664,0.868771815257877,0.09269138523287644,-0.2843103292012907,0.003236287577869479,-0.05933889723344543,-0.6757532204006562,-18.172523910001132,17.975244994292098,-0.09863945785451733,36.14776890429323,-31.58219337463379,-31.588962078094482,-31.585577726364136,-0.006768703460693359,-0.00039944660966284573,0.0020389659330248833,0.018064893782138824,0.019079208374023438,0.0020576221868395805,-0.00038911151932552457,0.018797416239976883,0.01832657679915428,-88.2775401339803,35848.39078455371,0.0011206420604139566,-167.90131595932291,35843.26157504617,0.001104417024180293,0.02572300285100937,0.001897498033940792,31235.96794255105,17462.755460096214
0.3271486147051499,0.14835977181022014,-0.08934463181413582,-0.03971226749113316,0.1948331428684113,0.07131742260617813,-0.033852205442440386,0.0,-18.193690725981014,20.995002436486573,1.4006558552527792,39.18869316246759,-31.568927764892578,-31.57474994659424,-31.571838855743408,-0.005822181701660156,0.0013531922595575452,-0.0015668566338717937,0.018191976472735405,0.01901484839618206,-0.0020095505751669407,-0.0005949795595370233,0.019129661843180656,0.018042413517832756,-81.56149691950588,35848.0894514462,0.0011171711375936866,-112.80236085986397,35852.74620435766,0.001112925005145371,0.025255147367715836,0.004055969882756472,31259.87799055829,17186.5990591175
0.25719188435199347,0.0,0.37936376744563327,0.3233699788106111,-0.06410802714546594,-0.13222408539466085,0.039798840177760586,0.0,-15.274594642110856,18.990186927186357,1.857796142537751,34.26478156929721,-31.614689826965332,-31.564888954162598,-31.589789390563965,0.049800872802734375,0.0020728828385472298,-6.771463085897267e-05,0.018880154937505722,0.018130997195839882,0.0006426928448490798,-0.002001744695007801,0.01806046813726425,0.019153228029608727,-119.34386647958189,35853.81374333992,0.0011264642234891653,-78.0547270912802,35843.497102968904,0.0011224215850234032,0.026159197092056274,0.004069650080054998,30466.93863290009,18835.80664923688
