0.20220253604433966,0.19767518875230738,-0.10737410717269286,-0.09730259780435091,0.22252843732630762,0.08888919402184492,-0.0698529491660227,0.0,7.296432636000418,38.63461366529813,22.965523150649275,31.338181029297715,-26.726553440093994,-26.732301712036133,-26.729427576065063,-0.005748271942138672,-0.0015521550085395575,-0.0032929740846157074,0.03255956619977951,0.03242763131856918,0.0027266591787338257,-0.002446129685267806,0.031884223222732544,0.033046904951334,-446.20600459841114,35798.727098844465,0.0010605242568999529,-539.0703137123414,35837.20045326382,0.0010897673200815916,0.0460503026843071,0.0033107975032180548,31230.479508743,18012.118809117375
-0.09783621630004129,-0.1143908252812425,0.1022353125731485,0.46498372789308745,0.3378251261891026,0.04980827220329864,0.10154710568818393,0.0,15.096078657590482,36.69367552922165,25.894877093406066,21.59759687163117,-26.67367935180664,-26.71318292617798,-26.69343113899231,-0.03950357437133789,-0.00038203096482902765,0.0036773269530385733,0.03185275197029114,0.0335066020488739,-0.0033941203728318214,0.0014190592337399721,0.03255566582083702,0.0325281023979187,-565.2472606366031,35804.64222226053,0.0011029423912987113,-512.9593949082205,35815.5077341578,0.0010609709424898028,0.04475492238998413,0.0062413751147687435,31250.845939796578,17173.686039693428
0.9724238238954686,0.9326496192668243,0.7278546884340032,0.2762964403133644,0.01631189226169738,-0.1508521339934944,-0.5167392435954963,-1.0,11.086727683290178,46.24219510452713,28.664461393908653,35.15546742123695,-26.717514991760254,-26.73257350921631,-26.72504425048828,-0.015058517456054688,0.002497428096830845,0.0026545682922005653,0.0331202894449234,0.031923647969961166,-0.003227418987080455,0.0017702293116599321,0.0322839692234993,0.032652441412210464,-450.7505991773723,35832.49298754881,0.0010875320294871926,-563.821722189205,35846.6165786608,0.0010902443900704384,0.04643344506621361,0.004321254324167967,30736.15536121572,19701.619035509637
0.0007417240179842001,0.0,-0.04740316467186098,0.10177987846581704,0.1537299509143617,0.08557888921641066,-0.052260611433265325,0.0,11.935727029821749,35.15276190879143,23.54424446930659,23.217034878969685,-26.72226905822754,-26.728215217590332,-26.725242137908936,-0.005946159362792969,0.0025005198549479246,0.0026654875837266445,0.03311378136277199,0.031892746686935425,0.0023178639821708202,-0.0028235469944775105,0.03171021118760109,0.03324507921934128,-528.0817370409677,35803.48748194281,0.0010765796760097146,-476.2989042668354,35844.294961949636,0.0010837268782779574,0.046677812933921814,0.004218489397317171,30981.6284467647,19005.670376902348
0.7768095776092692,0.831501190581766,0.9852703039939472,0.5487825102939223,0.042486299069164346,-0.08999921811382905,-0.40612764261109163,-1.0,15.108181834191328,43.96448191988847,29.5363318770399,28.856300085697143,-26.676795482635498,-26.698424816131592,-26.687610149383545,-0.02162933349609375,0.0030726115219295025,-0.0020697342697530985,0.03231747820973396,0.03303440287709236,-0.0036878713872283697,-0.00021011631179135293,0.03335163742303848,0.03182392194867134,-545.9933355714376,35818.358045095905,0.001115425257012248,-520.2617110938982,35819.90833492138,0.0010901556815952063,0.04569974169135094,0.00810171663761139,30235.960775889987,19588.043583567644
0.11214111736786253,0.17726716742845755,-0.1495064610459851,-0.05547499063848593,0.3207683037940397,0.27028779044234474,-0.0789879834734235,0.0,4.26423322600877,36.42276633517773,20.34349978059325,32.15853310916896,-26.636269092559814,-26.647534370422363,-26.64190173149109,-0.011265277862548828,0.003505149157717824,-0.001001751166768372,0.03306316211819649,0.032605282962322235,-0.0012100138701498508,-0.00349115370772779,0.03265119343996048,0.03292709216475487,-489.47038908464674,35825.941231940924,0.0010556633351370692,-466.1154671579543,35831.34341712661,0.0010796141577884555,0.04577004536986351,0.007737463805824518,30239.539909003975,19479.94567199919
-0.6407237495399369,-0.6383934765909567,-0.09256610718881153,0.33986569139233597,0.28452785231315714,-0.186694571648785,-0.17180163167424045,0.1904141891582264,19.72050373186022,42.5926975631842,31.15660064752221,22.872193831323983,-26.670522689819336,-26.6910457611084,-26.680784225463867,-0.0205230712890625,-0.000833658967167139,-0.0036112070083618164,0.03236290439963341,0.033036790788173676,0.0003615905879996717,-0.0036762203089892864,0.03180347755551338,0.03342556580901146,-472.25479129214864,35823.75866210102,0.0011028517037630081,-406.5208300053736,35836.14554359679,0.0010859220055863261,0.04513878375291824,0.004083113744854927,31244.41476106662,17337.42663924626
-0.0032220436677304932,0.006376226722747182,-0.04803268613872062,0.7974086616395861,0.5955514103063637,0.4325172687429306,0.28067040499902085,-0.00698644277958671,8.911805711076397,41.498550575612796,25.205178143344597,32.5867448645364,-26.472837924957275,-26.45413637161255,-26.463487148284912,0.018701553344726562,-0.0026763388887047768,0.0026328624226152897,0.03279567137360573,0.03410448879003525,-0.002692368347197771,-0.002689018379896879,0.034210506826639175,0.032827574759721756,-486.3680715728289,35806.597653481,0.001088267657905817,-516.6257899157163,35828.41676869153,0.0010881148045882583,0.04538465291261673,0.009774411097168922,30766.943342229937,18445.614819966937
0.00027597925338524837,-0.0144695141859871,-0.022534531647897788,0.1300055781999075,0.25457457574974435,0.12165197730506744,-0.059041715869253886,0.0,11.624489916136952,30.936647803037317,21.280568859587135,19.312157886900366,-26.126272678375244,-26.129820346832275,-26.12804651260376,-0.00354766845703125,0.0024351910687983036,-0.003080508206039667,0.033950116485357285,0.03566334396600723,0.0039175525307655334,8.204988262150437e-05,0.03555365279316902,0.034036681056022644,-418.26740578346806,35835.34121268918,0.0010928992414847016,-530.7376110637085,35823.48834872961,0.0010651621269062161,0.04711993783712387,0.010028325021266937,30768.427243021997,18055.722054023536
0.7991984469829231,0.9133230036609473,0.7877818398546907,0.32673328436236365,-0.14652036799321,-0.14152103436575025,-0.22446859748153514,-1.0,11.436309913123921,42.315695391979006,26.876002652551463,30.879385478855085,-25.932435989379883,-25.875003337860107,-25.903719663619995,0.05743265151977539,-0.003911214414983988,-0.0009530444513075054,0.03659295663237572,0.03458351269364357,0.004056913778185844,0.00021584697242360562,0.036666739732027054,0.03498966991901398,-423.13762633622287,35812.21235524511,0.0010886957170441747,-406.8946492643172,35823.60264877058,0.0010942969238385558,0.05155622959136963,0.005977497436106205,30479.078999818877,18303.089356681234
-0.8989913893434611,-0.9808555405398427,-0.9307065822061102,-0.698641643348688,0.5852257513188992,0.6154023403148726,0.6726363834740805,0.9611340678167226,10.568601929646377,39.05342483418943,24.811013381917903,28.48482290454305,-25.762784481048584,-25.76270818710327,-25.762746334075928,7.62939453125e-05,-0.002791291568428278,-0.00295586627908051,0.03697177767753601,0.035629525780677795,-0.0016155262710526586,-0.0037769062910228968,0.036308806389570236,0.03630076348781586,-466.30684367378404,35816.99678561775,0.0010797417489811778,-451.4216653435967,35833.211039160946,0.001074360334314406,0.05214136466383934,0.0049285623244941235,30736.5301971168,19023.544778078467
-0.4957123514463342,-0.4942441042038922,0.3248825694682735,0.6255035671354707,0.004635159811102921,-0.4342506783206527,0.005379731714554525,0.0,17.786561444906965,42.439123909215255,30.11284267706111,24.65256246430829,-25.704503059387207,-25.786831378936768,-25.745667219161987,-0.08232831954956055,0.0006134106079116464,0.004100029356777668,0.03602214157581329,0.03706701844930649,-0.004051827825605869,-0.0005590615328401327,0.037137746810913086,0.03524647280573845,-421.9575565888664,35816.617182363705,0.0010915336897596717,-502.9242373851859,35839.82750917312,0.0010989903239533305,0.05026286840438843,0.004992276895791292,31243.79549244867,17301.031238918637
0.9818385318926603,0.8390359556871035,0.28284831228943375,-0.17305236768866195,0.10074304391183331,0.07307241786716656,-0.668401005900869,-1.0,7.424159021580039,39.20751845939628,23.31583874048816,31.783359437816245,-25.714833736419678,-25.703048706054688,-25.708941221237183,0.011785030364990234,0.00032867505797185004,0.004082604311406612,0.03586794435977936,0.03713586926460266,0.004134591668844223,0.0002514251973479986,0.03740754723548889,0.03568141162395477,-428.38128061802524,35815.48250202337,0.0010669645853340626,-433.810314173517,35812.124731864584,0.001080324756912887,0.05057907849550247,0.0036242222413420677,31241.47051261904,17425.994810790507
-0.010126510790222996,0.025621869875738904,0.037759753551927955,0.19604362758948887,0.2501192060047978,0.054493151094456294,-0.004952343575870599,0.0,13.736316336216532,37.77132586096357,25.753821098590052,24.03500952474704,-25.71378231048584,-25.66772222518921,-25.690752267837524,0.04606008529663086,-0.0025864201597869396,0.0031963991932570934,0.035623949021101,0.037376925349235535,-0.0037682009860873222,0.001739730010740459,0.03664593771100044,0.036762237548828125,-426.38766597188896,35838.09834686749,0.0010944475652649999,-372.7525031778424,35824.23691483674,0.0010596942156553268,0.04957238957285881,0.010430858470499516,30769.690770981742,17954.858958914127
0.8069357336091317,0.8807280909198595,0.842973077552615,0.3267546657828897,-0.10125807456451047,-0.20818486905056277,-0.4492829716188977,-1.0,13.430391840620075,44.56851170140865,28.999451771014364,31.138119860788578,-25.63133716583252,-25.685598850250244,-25.658468008041382,-0.05426168441772461,0.0028502331115305424,0.0030325951520353556,0.03755272552371025,0.03615105152130127,0.0002282695786561817,0.004146138206124306,0.035928018391132355,0.037315014749765396,-394.4563558668052,35821.661301770844,0.0010836212895810604,-419.29505056070167,35841.1451328317,0.0010910426499322057,0.052840519696474075,0.004551474004983902,30981.61655437811,19738.15272532621
0.0,-0.013623690132907713,-0.0882010619082716,0.06969317912859901,0.21698133713953582,0.05407747376867611,-0.06770833044624724,0.0,6.414110317583834,34.683215262271545,20.54866278992769,28.26910494468771,-25.691537857055664,-25.670499801635742,-25.681018829345703,0.021038055419921875,0.00410226546227932,-0.00023419575882144272,0.03727065399289131,0.03592769056558609,0.004082435742020607,-0.0007359589217230678,0.03716577589511871,0.03621293604373932,-394.47142267878115,35815.87840402641,0.0010782824829220772,-451.93250691946884,35804.69910491566,0.0010624317219480872,0.052270449697971344,0.007123002782464027,30473.35239362983,18914.30423313803
0.37322308463835874,0.3577697415126081,0.5816772146513844,1.0,0.8220144986591509,0.34753725034232663,-0.888461794353248,-0.9980549640120099,19.185295877983663,42.69832130647822,30.94180859223094,23.513025428494558,-25.715324878692627,-25.711171627044678,-25.713248252868652,0.004153251647949219,0.003956333734095097,-0.0012002906296402216,0.03673600032925606,0.036268819123506546,-0.003005675971508026,-0.002855327446013689,0.03730194270610809,0.03572111204266548,-405.3113239440606,35835.65877581914,0.0010766952764242887,-470.90281897098464,35828.92591283946,0.0010945115936920047,0.05208108574151993,0.007039088290184736,30474.681821407314,19069.044762013407
0.735996995206169,0.7156311920272549,-0.09987101443570365,-0.08960945008786675,0.38030322780460774,0.44743178109649895,-0.07797292436732983,-0.22154920783432575,5.4543287931531665,37.57713424212406,21.515731517638613,32.122805448970894,-25.671241283416748,-25.730206966400146,-25.700724124908447,-0.05896568298339844,0.00024482302251271904,-0.004092813935130835,0.035848189145326614,0.03751685097813606,0.0020345505326986313,0.0035938976798206568,0.0366755835711956,0.03620392829179764,-432.9333402331449,35810.48744497032,0.001065582036972046,-415.02512095555716,35824.85426128559,0.001095941406674683,0.05082285404205322,0.004348279442638159,31244.439383859546,17346.61779846843
0.00031257785712768575,-0.010373534988314233,0.13224637229574376,0.2977889692869127,0.2337382533732344,0.02895703211554601,-0.030493230104652214,0.0,13.785967373137794,37.60294052140671,25.69445394727225,23.816973148268914,-25.645360946655273,-25.672409534454346,-25.65888524055481,-0.027048587799072266,-0.0037308083847165108,-0.0018449303461238742,0.037857260555028915,0.03570876643061638,-0.004111939575523138,-0.00047912794980220497,0.03760739788413048,0.03573843091726303,-403.7870869102536,35826.21888107774,0.0011066437000408769,-485.65575834071217,35830.184365495166,0.0010618584929034114,0.05316507816314697,0.005695025902241468,30484.84432427167,18368.649424681273
0.9504464716283303,0.9550855387285009,0.8148196915581103,0.35822638273105933,-0.08506878437804999,-0.21573562571999927,-0.43687763372679456,-1.0,12.44083975060903,44.75437943793395,28.59760959427149,32.31353968732492,-25.656251907348633,-25.645723342895508,-25.65098762512207,0.010528564453125,-0.003724371548742056,0.0018117285799235106,0.03665255755186081,0.03685406595468521,0.0010259293485432863,-0.004033179953694344,0.03573782742023468,0.03782688081264496,-422.0059500513626,35812.93321616615,0.001094410428777337,-449.8745445181173,35838.682072407246,0.0011016689240932465,0.05143880844116211,0.008679645135998726,30239.584180646372,19447.39373244067
0.05807049115503609,-0.021021205531938945,-0.026811274192445,0.08209585056018742,0.17810325344427208,0.0782931843268942,-0.07755507749851076,0.0,9.614244806671763,35.659350776710625,22.636797791691194,26.04510597003886,-25.6164288520813,-25.649399757385254,-25.632914304733276,-0.03297090530395508,0.002712841145694256,0.0031502924393862486,0.03752999007701874,0.03630490228533745,-0.0040680766105651855,0.000887275324203074,0.03717093542218208,0.03638766333460808,-450.6468843981291,35818.03449122617,0.0010673364158719778,-411.46234986690934,35810.37520175618,0.0010789553634822369,0.05304548889398575,0.00480283098295331,30980.905462954743,19434.999397943655
0.36264646502687536,0.63194192601286,0.9540630179718269,0.5170631251945749,-0.24448873907041455,-0.2093787686024406,-0.04378485159871104,-0.6344211865949321,15.672346391987844,43.199743614311075,29.43604500314946,27.52739722232323,-25.621507167816162,-25.634758472442627,-25.628132820129395,-0.013251304626464844,-0.0012118876911699772,-0.003992687910795212,0.03665979206562042,0.03713856264948845,0.0006415685638785362,-0.004117634147405624,0.03584884852170944,0.0378122478723526,-414.88786285639134,35838.331904632614,0.0010939044877886772,-406.85431509478764,35835.29514362613,0.0010798091534525156,0.05121411010622978,0.0034818954300135374,31238.839266849034,17472.12777155079
0.538455741745396,0.5223504843961101,-0.04594980330160246,-0.29521422561017996,0.37906424822765894,0.4485116983580084,-0.07425576846468396,-0.05342537904894029,7.381989414620307,39.1422243497085,23.262106882164403,31.760234935088192,-25.65023422241211,-25.599472522735596,-25.624853372573853,0.05076169967651367,0.003704227041453123,0.0018139025196433067,0.03780097886919975,0.03572995588183403,0.0025588138960301876,-0.0033214923460036516,0.03605031594634056,0.037912517786026,-354.707916008575,35817.53462391674,0.001072227954864502,-383.44256150883655,35838.79331070893,0.001090888399630785,0.0532379224896431,0.006016882136464119,30481.897618643477,18240.742104098987
-0.023004594600658356,0.002759981397428224,0.16213526474862305,0.4473320389923871,0.3355931235434447,0.02963602546149069,-0.017901053299279934,0.0,14.22813760948327,37.391144452010025,25.809641030746647,23.163006842526755,-25.644283294677734,-25.65314531326294,-25.648714303970337,-0.008862018585205078,-0.001690806820988655,-0.003802557708695531,0.03683241829276085,0.036774199455976486,0.0004439754120539874,-0.004127499647438526,0.035830944776535034,0.037678107619285583,-431.6285447660092,35816.7644228173,0.0011001399252563715,-459.5159014552858,35827.2774459153,0.0010740075958892703,0.051691628992557526,0.003174991812556982,31235.58391333627,17627.549647534015
0.9470058249671927,0.9318163218580553,0.7526235040588438,0.27618773388267964,-0.0420556173034114,-0.18688676341877614,-0.4383722634850692,-1.0,11.976312338493301,43.59912707609129,27.787719707292297,31.62281473759799,-25.682778358459473,-25.74089765548706,-25.711838006973267,-0.05811929702758789,0.004111927002668381,0.0003522698534652591,0.03752172365784645,0.035739582031965256,0.004102012608200312,-0.0004698870179709047,0.03697769716382027,0.03580378368496895,-396.34879267665644,35821.20249267472,0.0010547284036874771,-517.919857492053,35826.36637705074,0.0010876485612243414,0.05283142626285553,0.006414152216166258,30476.493861292547,18439.660235372336
0.008833025703088974,-0.022654680448809868,-0.07245220053279627,0.10444850456482768,0.20316439161034916,0.06871824799092663,-0.016963319996908255,0.0,8.236966562485861,33.14374447918607,20.690355520835965,24.906777916700207,-25.834383964538574,-25.862226486206055,-25.848305225372314,-0.02784252166748047,0.00022088925470598042,0.00404336815699935,0.03533126413822174,0.036671917885541916,0.0038087661378085613,0.0013719812268391252,0.03692180663347244,0.034831609576940536,-419.9013487576019,35812.15228859689,0.0010666556190699339,-409.76608331998153,35814.28863264359,0.0010628090240061283,0.049765754491090775,0.003990271594375372,31242.09566272668,17384.133978744383
0.6814368739211052,0.7311388695756382,1.0,0.3489671543248234,-0.23659878710024262,-0.24074114353433118,-0.34584985883339714,-1.0,14.994252517153996,42.77640926820902,28.88533089268151,27.782156751055027,-26.100473403930664,-26.172478199005127,-26.136475801467896,-0.07200479507446289,-0.0025823889300227165,-0.002988858614116907,0.035512011498212814,0.03431817144155502,0.0002815995248965919,0.003919500857591629,0.03399102762341499,0.03525976836681366,-455.674144874834,35831.7808980568,0.0010902705835178494,-465.88601451587454,35844.15144219352,0.0011034635826945305,0.04970477148890495,0.003971702419221401,31226.7782439231,18350.719227220743
0.4855000104522125,0.41948006316124165,-0.02020018392409077,0.13955431150069333,0.6268868696532631,0.958869142932154,0.6002302031423603,-0.0204520151343629,14.040939915905192,38.24799129455107,26.14446560522813,24.20705137864588,-26.450977325439453,-26.528589725494385,-26.48978352546692,-0.07761240005493164,0.002205382101237774,0.0025186599232256413,0.03382837399840355,0.03329518437385559,-0.00042446376755833626,0.0037354696542024612,0.032380376011133194,0.03407946601510048,-450.48710765631233,35725.8721221231,0.001155551290139556,-519.9726260023821,35842.64435800254,0.0010819974122568965,0.04766680672764778,0.0036120698787271976,31217.078653235847,18010.366346719533
-0.22853266161749033,-0.1979677749815444,0.27664837917159624,0.6170866272752757,0.3352514161485861,-0.13339279989387004,-0.07068383212335028,0.0,12.668914922769886,37.054644472340186,24.861779697555036,24.3857295495703,-26.513500213623047,-26.51815176010132,-26.515825986862183,-0.004651546478271484,0.0014739924808964133,-0.003463601926341653,0.032300252467393875,0.03426802158355713,-0.0022872185800224543,-0.002994979964569211,0.03374288231134415,0.03281159698963165,-515.5902913300988,35821.51031081175,0.0011018840596079826,-531.720588813163,35815.707950448574,0.0010671742493286729,0.04492345079779625,0.008642257191240788,31258.751147896306,17098.999778457062
0.9183310211123539,1.0,0.4683625788985478,-0.04093130215274485,-0.010689518167641299,-0.002385880566761922,-0.6925843320442592,-1.0,6.439842278062088,40.034297613332825,23.237069945697456,33.59445533527074,-26.270418167114258,-26.29141330718994,-26.2809157371521,-0.020995140075683594,-0.0003303069097455591,-0.003837158903479576,0.03364987671375275,0.03482963889837265,0.0004708775959443301,-0.003846260253340006,0.03327009454369545,0.035027891397476196,-449.29342642193257,35821.40061330421,0.0010645772563293576,-404.6445507914083,35823.4073673294,0.001087085111066699,0.04747539013624191,0.003258309094235301,31240.384708532794,17442.208137175836
0.00542682990481325,-0.00788899439127356,-0.06476128676240389,0.054806515662230826,0.2523032275309623,0.09013004921806922,-0.0909106172759715,0.0,12.651408353280175,36.61432009903763,24.6328642261589,23.962911745757452,-26.364402770996094,-26.40153408050537,-26.382968425750732,-0.037131309509277344,-0.0010475394083186984,0.003668866353109479,0.03289574757218361,0.034828636795282364,0.0015647762920707464,-0.003460425417870283,0.032737407833337784,0.03469722718000412,-478.28098407693716,35823.059202857796,0.0010731240035966039,-429.26582842062135,35817.34745531481,0.0010843891650438309,0.04623529314994812,0.0074995881877839565,31253.937150406284,17128.7953369202
0.742476388792745,0.8248250551812786,0.8540814020820205,0.5202725284412676,-0.017501698781208497,-0.20900328795867218,-0.4174279998718577,-1.0,14.596264775386572,44.58545051623403,29.590857645810303,29.98918574084746,-26.399497985839844,-26.381471157073975,-26.39048457145691,0.01802682876586914,0.0022732438519597054,0.003059685928747058,0.03418516367673874,0.03328630328178406,0.00010893527360167354,0.00382421538233757,0.033121004700660706,0.03448224812746048,-432.62683982610287,35833.39660183794,0.0011035662610083818,-482.58637414218373,35841.68880286902,0.0010895882733166218,0.04763513803482056,0.0034926324151456356,31229.79726529224,18090.904017735997
0.09774183244463043,0.06895644436416569,-0.14138650852964468,-0.06951934018180703,0.174076315284868,-0.017630300403980836,-0.07518488189597805,0.0,5.714376212972013,36.27162710906086,20.993001661016436,30.557250896088846,-26.414334774017334,-26.38279438018799,-26.39856457710266,0.0315403938293457,-0.0007336455164477229,-0.003697820007801056,0.03330293670296669,0.0340590737760067,-0.0029474138282239437,-0.0024409079924225807,0.03460722044110298,0.03297964856028557,-465.92314872790365,35806.05015849373,0.0010646909940987825,-473.1992310523042,35836.45255149728,0.001084770425222814,0.047195546329021454,0.0028547660913318396,31236.116533134682,17601.428448060884
-0.14287171043838856,-0.19561477149356615,0.14343703903526675,0.46520893821555315,0.3132837435882543,0.1000376873204058,0.047218773976955175,0.0,17.362007877503288,38.551022789097345,27.956515333300317,21.189014911594057,-26.011762619018555,-26.009833812713623,-26.01079821586609,0.0019288063049316406,0.003931084182113409,0.0006889468058943748,0.03621753677725792,0.03431405499577522,-0.0022334775421768427,-0.003301176242530346,0.0356687530875206,0.03490070626139641,-519.18624269418,35825.709816801,0.0011023106053471565,-425.63402640941206,35833.39242947422,0.0010534594766795635,0.05133301019668579,0.005910622421652079,30479.174648710145,18309.084589304046
1.0,0.8940937969343686,0.5775325159771418,0.19042047086841118,0.15089862022649336,0.040923698818148835,-0.44078263054665934,-1.0,10.397519700973646,41.909303335091465,26.153411518032556,31.51178363411782,-25.897834300994873,-25.91242790222168,-25.905131101608276,-0.01459360122680664,-0.0021744640544056892,-0.003371077124029398,0.03608470782637596,0.0354045145213604,0.0040080249309539795,-0.0005431431345641613,0.03621862083673477,0.03514118492603302,-363.2129682773028,35813.600640402896,0.0010626423172652721,-401.78072948907396,35818.04750888977,0.0010687073227018118,0.05066459998488426,0.0040086405351758,31227.788921179515,18413.80370743189
-0.020657759098532215,0.0018241079314634814,-0.01555045806380248,0.07893555455815221,0.2016661766211857,0.1128317971781364,-0.03582496105111299,0.0,12.596230147447784,34.42506326153449,23.510646704491137,21.828833114086706,-26.071560382843018,-26.072049140930176,-26.071804761886597,-0.0004887580871582031,0.0015938798896968365,0.0036181663163006306,0.035058412700891495,0.03501589223742485,0.002851403784006834,-0.00273079052567482,0.034352850168943405,0.0357050783932209,-439.5821100131482,35845.54418258549,0.0011019421508535743,-384.0484837015024,35809.4480561964,0.0010738815180957317,0.04936302453279495,0.0030543243046849966,31233.50502691153,17687.82931426971
0.7850798228386366,0.8898010409554468,0.8393195651340456,0.44130968240285573,0.1274355195792944,-0.20442993091483685,-0.45385864331268694,-1.0,14.625915403734268,47.32376331329115,30.97483935851271,32.697847909556884,-26.336076259613037,-26.36312961578369,-26.349602937698364,-0.027053356170654297,-0.00033026450546458364,0.003829240333288908,0.033152904361486435,0.03479868546128273,0.0027385405264794827,-0.0026854737661778927,0.033196546137332916,0.03454962745308876,-464.804931620597,35848.5120439672,0.001103883609175682,-425.83982418712804,35808.908608415666,0.0010787172941491008,0.046415187418460846,0.005946408491581678,31248.275563518844,17200.700934083685
0.023399527372927602,-0.019806787202594663,-0.10954340827282588,-0.013423063833170712,0.13274966733004734,0.07089628800821413,-0.1580320608324095,0.0,10.761890498514532,35.809189175258155,23.285539836886343,25.047298676743623,-26.309807300567627,-26.33321762084961,-26.321512460708618,-0.023410320281982422,-0.0021561114117503166,0.003170622978359461,0.03317555785179138,0.03498031198978424,0.0009302089456468821,-0.0037440224550664425,0.03301512822508812,0.034949760884046555,-475.1010945487287,35825.53743597128,0.0010553371394053102,-512.6299972150472,35810.68892818511,0.0010762340389192104,0.045908987522125244,0.00948159210383892,31013.19775645356,17679.545092387907
-0.20967432786133147,-0.24281654806086644,-0.005171745721189724,0.440083432030295,0.20208286323475283,-0.1326799664964079,0.13784211833848703,0.0,15.732964249163103,40.239357097865366,27.986160673514235,24.506392848702262,-26.41242265701294,-26.180553436279297,-26.296488046646118,0.23186922073364258,-0.0037591534201055765,0.0006610488053411245,0.03412514179944992,0.033245015889406204,0.0027069661300629377,-0.0028213479090481997,0.03385696932673454,0.035327281802892685,-368.8263466254816,35825.36979185532,0.0010989111615344882,-382.4037767159738,35829.15314792751,0.0010695625096559525,0.04840630665421486,0.0063270460814237595,30472.99220980877,18610.244260809013
0.9859112225920934,0.8393218354312905,0.2618806994178211,-0.16746331220080668,0.08633206588829007,0.005019827544160305,-0.6645735553368188,-1.0,6.982680720369473,39.68322054059445,23.33295063048196,32.700539820224975,-26.114678382873535,-26.125874519348145,-26.12027645111084,-0.011196136474609375,-0.001166008529253304,0.0037299813702702522,0.0338628776371479,0.03583935275673866,-0.0029134417418390512,0.0026597785763442516,0.03417037054896355,0.03545349836349487,-446.26971202248984,35817.17662935006,0.0010749725624918938,-525.0542894936151,35822.33356602049,0.0010765568586066365,0.047155559062957764,0.00665558036416769,31252.420602379974,17167.06270082914
-0.002262611464645889,0.0,0.05521783521732429,0.20620683364245945,0.13530988604547156,0.022410382116786587,-0.049898475239704365,0.0,11.035428717793422,35.54765060236565,23.291539660079536,24.512221884572227,-26.26504421234131,-26.406683921813965,-26.335864067077637,-0.14163970947265625,0.0034361525904387236,-0.0017859888030216098,0.03411062806844711,0.03441862016916275,0.00344304321333766,0.001608680933713913,0.03468256816267967,0.03271118178963661,-481.3175803528699,35802.67230563622,0.0010903907241299748,-486.38474964612857,35837.153622262085,0.0010876213200390339,0.048206012696027756,0.008198114112019539,30232.51268664181,19801.653087287836
0.8498843317128667,0.9086194719591285,0.8958428455350369,0.47306484839771545,0.08468277269202829,-0.08035616317436473,-0.42706372707712975,-1.0,15.06471555641491,46.198413161687824,30.631564359051367,31.133697605272914,-26.231963634490967,-26.242165565490723,-26.237064599990845,-0.01020193099975586,0.0005894640344195068,0.0038485329132527113,0.033905014395713806,0.034878842532634735,-0.00030821215477772057,-0.003884604200720787,0.03373119980096817,0.034966785460710526,-469.5924785085321,35821.11247316159,0.0011081446427851915,-460.5647531111261,35826.516556203984,0.0010821738978847861,0.047365643084049225,0.003956305794417858,31241.869634035542,17363.40428996325
-0.022798493698615523,0.0,-0.06602908796250058,0.05097105663314544,0.15791482166726345,0.048559997359964524,-0.13565880999496094,0.0,7.764238484603538,35.30965567898974,21.53694708179664,27.545417194386204,-26.35047197341919,-26.3120436668396,-26.331257820129395,0.038428306579589844,0.003273960668593645,0.001941100461408496,0.03484943509101868,0.03298746794462204,0.0038467696867883205,-0.00011117741814814508,0.03475646674633026,0.0333903431892395,-427.53478867944403,35808.989212237146,0.001055042608641088,-394.7605237471954,35818.762667503746,0.001069534569978714,0.04894508421421051,0.005356618203222752,30483.90988161007,18267.45393003095
-0.22596388525159816,-0.24843594312829678,0.12430338214847714,0.20670058362607877,-0.04389178092770593,-0.2417827238438604,-0.0821567763232337,0.0,14.123813275840917,39.20198054185258,26.662896908846747,25.07816726601166,-26.018471717834473,-26.052658557891846,-26.03556513786316,-0.03418684005737305,-0.0026429318822920322,-0.0029876581393182278,0.03587137162685394,0.03462020307779312,0.003957351204007864,-0.0003475985140539706,0.035726796835660934,0.03448807820677757,-420.79090593505725,35838.760637578605,0.0011012969771400094,-440.88535485970914,35827.601592469466,0.0010998236248269677,0.05072562396526337,0.004082038067281246,31227.046950755503,18456.11317877396
0.9847840374308785,0.735270864874391,-0.08212722539022668,-0.17955522270005483,0.254390979187893,0.14637373579513224,-0.7120740145593241,-0.9714630126480628,9.840747753524738,41.53291116275119,25.686829458137964,31.692163409226453,-26.0886549949646,-26.069962978363037,-26.07930898666382,0.0186920166015625,0.0038589099422097206,0.0006597930332645774,0.035870511084795,0.03404570743441582,0.003982278518378735,8.393176540266722e-05,0.03580857440829277,0.034258224070072174,-345.92006078716435,35818.36532925086,0.0010837297886610031,-449.14654517533165,35809.36498148379,0.0010821947362273932,0.050129909068346024,0.006092382129281759,30476.944895178567,18395.46857247416
-0.028862158729556858,-0.009018242206095567,0.23621356706709112,0.4059834417067942,0.3263413318262064,0.3677633016688913,0.743257309634532,0.0,14.249683162014104,35.683487507398326,24.966585334706217,21.43380434538422,-26.389987468719482,-26.322362422943115,-26.3561749458313,0.06762504577636719,0.0012120887404307723,0.0031095051672309637,0.0335388258099556,0.03406117856502533,0.0013218412641435862,0.0036264248192310333,0.03393483906984329,0.03414260596036911,-484.71499465596196,35731.082988577415,0.0011507271556183696,-470.68381219546643,35814.287726128474,0.0010823957854881883,0.04694664850831032,0.0036115620750933886,31241.238952451757,17416.101751578884
0.9916431722075159,0.8144740844116449,0.8159191472955479,0.3046812883100462,-0.027076511922431823,0.010110170265803964,-0.39836682544138136,-1.0,11.675695131512157,41.84961655306532,26.762655842288737,30.17392142155316,-25.903022289276123,-25.919735431671143,-25.911378860473633,-0.01671314239501953,0.0005757096223533154,-0.003990248776972294,0.03478250280022621,0.03664056956768036,-0.002065311884507537,0.0034759310074150562,0.03463057056069374,0.03664856031537056,-496.02914489954725,35825.499265073,0.00107598549220711,-434.4667018361887,35822.27816001418,0.0010857508750632405,0.04893200099468231,0.0062697092071175575,31248.868510390887,17197.804998829037
0.023346900996695147,-0.01006493513638524,-0.06709054349478509,0.1112120847275036,0.17825206366930663,-0.0011420621046286383,-0.06774170189607431,0.0,8.783001577713549,37.44834251198952,23.115672044851536,28.665340934275974,-26.007180213928223,-25.999884605407715,-26.00353240966797,0.0072956085205078125,-6.919387669768184e-05,0.00394804123789072,0.03455023467540741,0.03603368625044823,-0.0033578018192201853,-0.0021603775676339865,0.03628235682845116,0.034345321357250214,-460.57267224548906,35823.13678865532,0.0010503045050427318,-453.5326655792123,35834.693981140445,0.001071687089279294,0.04851412773132324,0.0043068137019872665,31244.069023708267,17346.82082980687
0.2523843665057511,0.5221215106947609,0.88618491334069,0.0,-0.06151366394534821,-0.047695070876645485,0.123556478713169,-0.3838413123317249,17.548616998867317,43.542547908570896,30.545582453719106,25.99393090970358,-26.18300199508667,-26.10633611679077,-26.14466905593872,0.07666587829589844,-0.0008156170370057225,0.00383638683706522,0.03361658751964569,0.03553564101457596,0.000779594061896205,-0.0038828349206596613,0.03391972556710243,0.035845477133989334,-447.092983973172,35820.93542922899,0.00109769101254642,-396.4737560046407,35830.36792885084,0.001100636669434607,0.0470072478055954,0.0079671461135149,31254.133140845668,17113.626346334382
0.3095356120301659,0.37734535932177987,-0.08992469708202877,-0.06872509175764288,0.38974697237188377,0.4369700908776806,-0.03211362285106234,0.0,7.842670485319388,38.80689564312178,23.324783064220583,30.96422515780239,-26.01752758026123,-26.062681674957275,-26.040104627609253,-0.04515409469604492,4.144583363085985e-05,-0.003953745122998953,0.034505318850278854,0.0359933078289032,0.0007990768644958735,-0.003890626598149538,0.03408552706241608,0.03603183850646019,-465.01523103404577,35828.27689006168,0.0010873867431655526,-477.39098996930704,35838.621794261664,0.001078612171113491,0.04851410165429115,0.004118667915463448,31242.96465002783,17356.619037612498
-0.0283709806070189,-0.06693753710166828,0.2084134690367916,0.4333859726193989,0.2385022744878443,-0.1684261013104787,-0.0060871208047783565,0.0,14.192717993492124,36.56436078334821,25.378539388420165,22.371642789856082,-26.066479682922363,-26.08297824859619,-26.074728965759277,-0.016498565673828125,0.0013659780379384756,-0.003729596734046936,0.03400677442550659,0.03607619181275368,0.0020940592512488365,-0.003370345802977681,0.034007951617240906,0.035945288836956024,-494.4695369666362,35799.69839889742,0.0010743438033387065,-523.9964472259428,35821.46547963103,0.0010685465531423688,0.04739480838179588,0.008845609612762928,31256.555667006603,17100.504135342977
0.6451068059420823,0.2832285772254943,0.26860141001650656,-0.18583758853653287,0.12711427231128236,0.48943546043952213,-0.06156427789752639,-0.6358967174669147,10.076699268006564,41.12081090135055,25.598755084678558,31.044111633343988,-26.321628093719482,-26.240978240966797,-26.28130316734314,0.08064985275268555,-0.00028289438341744244,-0.003820134326815605,0.033432699739933014,0.034643396735191345,-0.002959341276437044,-0.002526673022657633,0.03515952080488205,0.03354058042168617,-545.349713700374,35822.260502721394,0.001069768681190908,-484.48609652090545,35840.08074106256,0.001082566217519343,0.047027550637722015,0.0036685268860310316,31242.655338981032,17387.52669578872
-0.9498672861182478,-0.9833609646922176,-0.842165949275737,-0.555358458286488,0.6014552635253178,0.612385312630501,0.766069120486156,0.9618733873507099,9.105518473860684,35.87355631844193,22.489537396151306,26.768037844581244,-25.933921337127686,-25.924417972564697,-25.92916965484619,0.009503364562988281,-0.0027298773638904095,-0.002926237415522337,0.03624383360147476,0.0349394716322422,-0.004019403830170631,0.00021589382959064096,0.036303576081991196,0.03495471552014351,-466.92394912490164,35801.398332800716,0.0010512704029679298,-419.3890439985952,35812.01962847194,0.001065029064193368,0.0509510301053524,0.004802779760211706,30735.402057312374,19088.020492089083
0.6643916483227476,0.8915108132114313,0.8245654800298337,-0.009742765473348557,-0.18030780662378895,0.07231931251961787,-0.15886666640896585,-0.8411129027538038,13.329139216768112,40.892187268390785,27.11066324257945,27.563048051622673,-25.9826922416687,-26.058435440063477,-26.02056384086609,-0.07574319839477539,-0.003370467573404312,0.0021507595665752888,0.03506070747971535,0.035730622708797455,-0.0029946172144263983,-0.002620541024953127,0.035893477499485016,0.03426570072770119,-491.57735367786853,35829.653995897585,0.0010719570564106107,-445.8530096003699,35847.32294329151,0.0011111133499071002,0.04973606392741203,0.008760994300246239,30250.75690816282,19052.202823086474
0.04986549722937365,0.08065949181366329,-0.12306688658730379,0.013319880325325273,0.2885293236740805,0.15424483875772654,-0.12178433532460575,0.0,8.147237878255737,38.225200926550485,23.18621940240311,30.077963048294748,-26.029202938079834,-26.015267372131348,-26.02223515510559,0.013935565948486328,-0.00393648911267519,-0.00033630605321377516,0.03602953255176544,0.03437027707695961,0.000608765403740108,-0.00394857581704855,0.03431636095046997,0.03618697449564934,-378.4189937376113,35812.21933499382,0.0010826116194948554,-504.5632312038412,35802.17593847067,0.0010441316990181804,0.05039520561695099,0.006395374890416861,30474.805924196127,18513.499557014216
-0.5614196635360696,-0.6670210668198691,-0.10720327198486929,0.440488109767132,0.20779212164095515,-0.30507230193228463,-0.17472072318329956,0.0,16.771499567846632,38.70175802787128,27.736628797858955,21.930258460024646,-26.548235416412354,-26.614344120025635,-26.581289768218994,-0.06610870361328125,-0.0036213500425219536,0.0010170645546168089,0.03341691568493843,0.03291132301092148,0.0026343490462750196,0.002627106150612235,0.03358398750424385,0.03223076090216637,-430.595111215846,35809.318142201555,0.0010801675962284207,-527.4285496025601,35832.70666523149,0.001078659319318831,0.04741671681404114,0.006445904262363911,30473.991414159766,19000.958792281515
0.47909401643928035,0.3141562534690591,-0.07658319192337665,-0.08755261578513121,0.2565855835722699,0.4539226270379224,-0.010338382470591045,-0.14558580371133034,7.723536861548723,39.034782936132814,23.37915989884077,31.31124607458409,-26.305646896362305,-26.448135375976562,-26.376891136169434,-0.1424884796142578,0.0021940285805612803,-0.0031343542505055666,0.03322390466928482,0.03496735915541649,-0.002208688762038946,-0.003104371950030327,0.03395968675613403,0.03313367813825607,-513.7264170087898,35814.71617181211,0.0010774421971291304,-502.8457703547296,35831.491215076676,0.0010814294219017029,0.046381138265132904,0.009356114082038403,31258.748092488055,17209.36454519058
0.013578330881786243,-0.02435656081135249,0.05582133032584832,0.19589385351128907,0.25188693882587604,0.08320466018130679,0.000391658478730017,0.0,10.663779840181178,35.76732687348127,23.215553356831222,25.10354703330009,-26.764025688171387,-26.834275722503662,-26.799150705337524,-0.07025003433227539,-0.0013006324879825115,0.003404337912797928,0.03139343485236168,0.03328431770205498,-0.0011800751090049744,-0.0034364834427833557,0.03195139020681381,0.032230082899332047,-447.3984075591395,35805.61331585053,0.0010900150518864393,-475.737345329415,35814.32849576918,0.0010754335671663284,0.04355943948030472,0.007447530049830675,31254.888736496207,17115.48846499176
0.8114181687252864,0.8992519808350768,0.8199281859255425,0.1803854667222493,-0.1885036422876333,-0.1207282887637432,-0.3061119765317769,-1.0,11.972068154340718,42.55617884291499,27.264123498627853,30.58411068857427,-26.132569313049316,-26.10743761062622,-26.12000346183777,0.025131702423095703,0.0038292433600872755,-0.0008749402477405965,0.03514625504612923,0.03443372994661331,0.0026264504995197058,0.00294379610568285,0.03551623225212097,0.03425699472427368,-443.16271488588075,35837.60755970421,0.0011059610405936837,-398.02598471971413,35833.58481231993,0.001091353828087449,0.04984357953071594,0.006993746384978294,30470.556419591543,18887.870632803908
0.0,0.013519772433700804,-0.07661136393839421,0.06974432337298675,0.2357068742157869,0.07128316346923425,-0.09489067915032445,0.0,9.467201013725457,37.110644029580584,23.28892252165302,27.643443015855127,-26.406092643737793,-26.475708484649658,-26.440900564193726,-0.06961584091186523,-0.003513684729114175,-0.0014147493056952953,0.03467177599668503,0.032728828489780426,0.00306518841534853,0.002228052355349064,0.034305207431316376,0.03255874663591385,-438.94552608534997,35815.289106370175,0.0010936132166534662,-477.1575945735078,35801.96734647138,0.00105784903280437,0.048729341477155685,0.005557888187468052,30479.997907644673,18287.747323520816
-0.9337275732613077,-0.9604784402761639,-0.15547893940776342,0.4979064690686437,0.20796264441750728,-0.29102113374650973,0.22357031871290756,0.6094149653372407,19.57357601221011,39.77315767535802,29.673366843784066,20.19958166314791,-27.101736068725586,-27.180416584014893,-27.14107632637024,-0.07868051528930664,0.0023682117462158203,0.0026134850922971964,0.03168286010622978,0.030542155727744102,0.0027030096389353275,0.002217973582446575,0.03157378360629082,0.030082259327173233,-435.4543332995086,35816.40443771459,0.0010802597971633077,-585.7930592482683,35834.306793307755,0.0011161724105477333,0.04406255856156349,0.0031465848442167044,31230.587880149873,17984.91495325869
0.2876372507190316,0.20011264705740442,-0.0954164689872581,-0.07636907084122246,0.3413080973699121,0.4645401744879494,0.05341855102498605,-0.062426484343469424,4.7118218950111554,36.80895559092227,20.76038874296671,32.09713369591111,-27.07489252090454,-26.789298057556152,-26.932095289230347,0.28559446334838867,-0.0004082171944901347,-0.0034602496307343245,0.030738590285182,0.03168831020593643,0.0035787527449429035,-0.000787159486208111,0.03260365501046181,0.03190651535987854,-539.6964684152002,35811.171387402224,0.0010877825552597642,-515.9768745770405,35819.33370355853,0.0010803713230416179,0.04353642463684082,0.00271861394867301,31237.12383872478,17533.333992255153
0.004972847918876034,-0.03588233633285104,0.1004900704947429,0.23838943606575336,0.22915525471633275,0.07962965220637719,0.022039856699073934,0.0,8.840403050450163,34.48483056721483,21.662616808832496,25.644427516764665,-26.307013034820557,-26.32802724838257,-26.317520141601562,-0.02101421356201172,-0.003269695211201906,-0.002025278052315116,0.035027675330638885,0.03314688801765442,-0.003262400161474943,0.002046293579041958,0.033706311136484146,0.03432496264576912,-420.44845455604576,35804.847379336206,0.0010868493700399995,-387.50628382724193,35823.63210384461,0.0010863732313737273,0.049170732498168945,0.0052420287393033504,30484.9254095049,18328.218815652017
0.8585283805962506,0.8928742277505668,0.8273007016282045,0.2996060656572189,-0.09077303895268796,-0.19696014520925703,-0.4332996176826403,-1.0,12.561393212730366,44.80503849458199,28.68321585365618,32.24364528185163,-26.506175994873047,-26.48371696472168,-26.494946479797363,0.022459030151367188,-0.0008824333781376481,-0.003661313559859991,0.03300497308373451,0.033645618706941605,-0.001890025450848043,-0.0032762177288532257,0.033642131835222244,0.0331818051636219,-479.9010290508098,35829.147158039785,0.0010744713945314288,-443.3198572978429,35843.41320667125,0.0011009153677150607,0.046752095222473145,0.0030970117077231407,31239.264483833107,17462.80009383789
0.001772094968426556,-0.012234388368137138,-0.03217530232698765,0.15194116796585355,0.2372765113003874,0.09074829437095033,-0.05743014008648628,0.0,9.3786224874666,35.999075801301785,22.688849144384193,26.620453313835185,-26.22244358062744,-26.18570566177368,-26.20407462120056,0.036737918853759766,-0.0033174166455864906,0.001978847198188305,0.034171950072050095,0.03469618409872055,-0.0038937595672905445,0.00034464691998437047,0.03517458960413933,0.03397365286946297,-379.1878167298419,35809.03227811171,0.0010801733005791903,-488.1754370655318,35816.82078887251,0.0010554743930697441,0.047293782234191895,0.008949605748057365,30254.687852036677,19008.822688994875
0.1739773026297195,0.1932403237822678,0.7558046555927413,0.6201254472102066,-0.10420889496483124,-0.6662124577561065,0.04694333667915285,-0.188661617665428,14.752691802649451,38.21008214752945,26.48138697508945,23.457390344879997,-26.490018367767334,-26.47247552871704,-26.481246948242188,0.01754283905029297,-0.0021649831905961037,0.00310597219504416,0.03248114511370659,0.03427116945385933,0.0037466310895979404,-0.0005695398431271315,0.033938415348529816,0.03296630457043648,-427.127971683031,35795.058897988056,0.0010702194413170218,-456.1768969982922,35839.89096290839,0.0011031052563339472,0.045297540724277496,0.009695622138679028,30767.809007698415,18079.01404295802
-0.829701419185687,-0.9407137932832143,-0.9743921343454132,-0.7884293737512746,-0.33482836370697144,0.9095685850564884,0.7384376233724621,0.9630557272186587,5.668564076400401,37.87778683365687,21.773175455028635,32.20922275725647,-26.368613243103027,-26.400771141052246,-26.384692192077637,-0.03215789794921875,-0.0028043536003679037,-0.002530230674892664,0.03457460552453995,0.033133286982774734,0.0030577389989048243,0.002280323300510645,0.034586235880851746,0.03285883739590645,-527.4434242779482,35832.415135861025,0.0010863272473216057,-446.0809531330367,35837.34604698874,0.0010788518702611327,0.04914369061589241,0.005098186898976564,30487.37940834909,18514.64566326926
0.0,0.02520705828044586,0.14051306840776745,0.279708386490626,0.16886046622781004,-0.012376056242019873,0.05621781086443989,0.0,10.55356072202531,36.20658193906303,23.38007133054417,25.65302121703772,-26.392712593078613,-26.416878700256348,-26.40479564666748,-0.024166107177734375,0.0035716136917471886,-0.0013187401928007603,0.0338645875453949,0.033666130155324936,-0.003678880864754319,-0.0009802461136132479,0.03461984172463417,0.032694846391677856,-481.76272080358996,35820.55080426244,0.0010798501316457987,-456.32021146169734,35819.6825965724,0.0010645471047610044,0.04735126718878746,0.0074749658815562725,30234.409632330415,19783.212430275413
0.9675649077818079,0.9545546330467152,0.7408007372073153,0.022878193734124558,-0.08826733367351358,-0.14311176151208838,-0.4880073547508123,-1.0,9.156342954298964,43.456153617780615,26.30624828603979,34.29981066348165,-26.360454559326172,-26.247613430023193,-26.304033994674683,0.11284112930297852,0.0037910384126007557,0.0005121633876115084,0.03475607931613922,0.03300308436155319,0.0028511052951216698,-0.0026534816715866327,0.03366747125983238,0.03498584032058716,-391.1022560848191,35816.669582116956,0.0010737362317740917,-337.599253121423,35827.781565803714,0.0010837531881406903,0.04916413873434067,0.005983081646263599,30476.34595168358,18414.27372394453
0.0053156219454787565,-0.010455946252175876,-0.04984280311451242,0.19133182283107492,0.2444674617367702,0.09635432629013213,-0.04990523508299127,0.0,10.965887275742546,34.69841151219586,22.832149393969203,23.732524236453315,-26.259846687316895,-26.264958381652832,-26.262402534484863,-0.0051116943359375,0.0011030309833586216,-0.003689296543598175,0.03329300507903099,0.03525269031524658,0.003453080542385578,-0.001735433004796505,0.03414743393659592,0.034383684396743774,-374.6418487094618,35843.08254109639,0.0010780305601656437,-418.33932322571934,35821.16735810298,0.0010680255945771933,0.046321384608745575,0.007259567733854055,31254.216421097608,17137.858930379654
0.7492395195001524,0.7899831615248067,0.8942912536173436,0.4766494966742298,-0.08047354359829151,-0.3969788445890132,-0.41272007102463887,-1.0,13.82750482546237,41.58349685881342,27.705500842137894,27.75599203335105,-26.22792959213257,-26.31561279296875,-26.27177119255066,-0.08768320083618164,-0.0038299101870507,0.0006633562734350562,0.03486621379852295,0.03395136445760727,0.0013851199764758348,0.0036035990342497826,0.0339946374297142,0.03413614630699158,-481.4111467211574,35841.58164660761,0.0010968198766931891,-508.2690995112976,35812.58805732145,0.0010915122693404555,0.049471415579319,0.0065744551829993725,30473.50639543642,18840.01147547778
0.11406444645501944,0.00787493832544422,-0.10796163724742733,-0.034712916137142724,0.2622677636426027,0.29459178143351306,-0.037689194835909934,0.0,7.3000100226742575,38.42147869648625,22.860744359580252,31.12146867381199,-26.232106685638428,-26.17112159729004,-26.201614141464233,0.06098508834838867,0.003239765763282776,0.0020890547893941402,0.03529399633407593,0.033475928008556366,-0.0017767294775694609,-0.0034988014958798885,0.03476712852716446,0.034506313502788544,-403.8287371138482,35825.48810847446,0.0010851937113329768,-428.6817526618244,35796.71985289447,0.001054498367011547,0.04968012869358063,0.005373567342758179,30484.10571459738,18282.28850869573
-0.20802404109642797,-0.04127298945896173,0.122499490679571,0.4742742356866833,0.2609441006101074,-0.12771447620191256,-0.10305588773524588,0.0,14.953784883530204,37.51129029163357,26.232537587581888,22.557505408103367,-26.296696662902832,-26.326608657836914,-26.311652660369873,-0.02991199493408203,-0.0038512451574206352,0.00043367192847654223,0.03468891605734825,0.03358082473278046,0.003538267221301794,0.001514699193648994,0.03500903397798538,0.03300702944397926,-424.25843623405217,35806.139285232355,0.0010874876752495766,-387.9163444413328,35826.36201604353,0.0010743689490482211,0.04894954711198807,0.006294203456491232,30473.515880398532,18540.394833014874
1.0,0.943579436662435,0.23361680888693945,-0.08012655332323992,0.08146779718603459,-0.0016187312551657618,-0.5310661141815456,-1.0,7.1282939854825145,40.483038073537585,23.80566602951005,33.35474408805507,-26.32913112640381,-26.35251522064209,-26.34082317352295,-0.02338409423828125,0.003488096408545971,0.0015433670487254858,0.03497884050011635,0.03302256017923355,-0.0033160285092890263,-0.0019389583030715585,0.0348685197532177,0.03294668719172478,-417.56867547655645,35829.53198259845,0.0010895275045186281,-462.6110750074443,35838.92319791203,0.00109446223359555,0.049716971814632416,0.0056370096281170845,30481.307861266967,18244.75042094934
0.01837383975408663,0.0,0.028525293951436687,0.19325878383102493,0.23029777463643336,0.06953104490261114,-0.04821321444101434,0.0,13.35960279820614,38.78472648059778,26.07216463940196,25.425123682391643,-26.267554759979248,-26.270201206207275,-26.26887798309326,-0.0026464462280273438,0.0026996496599167585,0.0027631542179733515,0.03491884842514992,0.03357914090156555,0.0034125030506402254,0.0018140262691304088,0.0352090522646904,0.03325290232896805,-381.23708541835555,35817.93221641187,0.0010971692390739918,-570.6545519044622,35806.31092540117,0.0010464274091646075,0.04867076128721237,0.004395467694848776,30979.95295526485,18818.48226223971
0.8139560007455047,0.8876612858170346,0.8372075218252059,0.4072043321443753,-0.15930413037548924,-0.22865958426705996,-0.4168010395689938,-1.0,13.728071918982664,44.23302895964392,28.98055043931329,30.504957040661253,-26.356122493743896,-26.381163597106934,-26.368643045425415,-0.02504110336303711,0.0038046245463192463,0.00047890955465845764,0.03476720303297043,0.033025242388248444,-0.0033939278218895197,-0.0017775091109797359,0.034768179059028625,0.03282257914543152,-473.1339570691381,35814.037870852284,0.0011017678771167994,-376.4664280540576,35850.30977661326,0.0011103753931820393,0.04923101142048836,0.005889981985092163,30477.18357891813,18349.410537987715
-0.9710518189001596,-0.9548003586754156,-0.9122555875249025,-0.6532509781961154,-0.4028602096690602,-0.44723406321612114,0.6482866689502246,0.98637945207207,10.060104566770804,38.0526441319264,24.0563743493486,27.992539565155596,-26.422851085662842,-26.405751705169678,-26.41430139541626,0.017099380493164062,-0.0029736370779573917,-0.002335775177925825,0.034453876316547394,0.03282494843006134,0.0037792022339999676,-0.000505013158544898,0.03422689065337181,0.03319364786148071,-449.8680870477472,35847.98159205914,0.0011047580046579242,-356.25931628488416,35826.5056076997,0.0010544349206611514,0.04862290620803833,0.0049740020185709,30487.837339296562,18820.535053503307
-0.6251097860330544,-0.6983720312664581,-0.05306104123240546,0.4774726575100813,0.034519622653152254,-0.26672134499714584,-0.2567383521278792,0.028845594652172513,20.286173343661744,40.79945458763291,30.542813965647326,20.513281243971164,-26.32551908493042,-26.39542579650879,-26.360472440719604,-0.06990671157836914,0.0035170698538422585,0.0015697476919740438,0.035017479211091995,0.03300662338733673,-0.0014936135848984122,0.0035276073031127453,0.03274029120802879,0.03473730385303497,-409.46005139061214,35852.408866771395,0.0010721764992922544,-505.94720455970355,35813.58406923253,0.0010967366397380829,0.048923421651124954,0.005013664253056049,30487.449700058998,18684.05968611363
0.1516804392827188,0.15971856663617048,-0.10629082404218707,-0.05676711731211348,0.3200886301193847,0.42738525459477794,0.08670664790624905,0.0,6.027055749352826,37.77710935264156,21.902082550997193,31.750053603288734,-26.576387882232666,-26.544156074523926,-26.560271978378296,0.032231807708740234,-0.0035662376321852207,0.0009507397771812975,0.033324405550956726,0.032795585691928864,-0.002951286733150482,-0.0023355581797659397,0.03399753198027611,0.03234311565756798,-444.10307581382995,35811.63425185324,0.0010978946229442954,-482.15134453768184,35802.582203230006,0.0010702344588935375,0.046516790986061096,0.007509555201977491,30231.244191351372,20024.34438192351
0.0,-0.055099577898205195,0.20227979354912395,0.3355451615588954,0.2310360930253023,0.02584214102146387,0.0376700015237067,0.0,13.230238214470546,37.13034678331576,25.180292498893152,23.900108568845212,-26.453654766082764,-26.459128856658936,-26.45639181137085,-0.005474090576171875,0.0034958578180521727,0.0014532416826114058,0.03450177609920502,0.03252744302153587,0.0036358532961457968,-0.001051604631356895,0.03374471142888069,0.03326946869492531,-422.18007376551793,35807.23651231415,0.001081831636838615,-408.1460526557591,35819.40656539161,0.0010653338395059109,0.048374809324741364,0.005333893466740847,30482.81117352505,18272.53394479246
0.9223427288723046,0.944145255507558,0.794288150127621,0.18735071204342424,-0.07403827661068141,-0.19770843022365564,-0.48461209847138104,-1.0,13.534841925716819,43.44814554794905,28.491493736832936,29.913303622232235,-26.49712324142456,-26.541364192962646,-26.519243717193604,-0.04424095153808594,0.0037691646721214056,-1.3231037883087993e-06,0.034065186977386475,0.032642923295497894,-0.003142300061881542,-0.00205518351867795,0.0340828001499176,0.032276373356580734,-471.1725152037428,35820.31756175741,0.0010653112549334764,-405.57176111999115,35848.91176914019,0.0011047322768718004,0.04852079600095749,0.006099460646510124,30475.16778797661,18516.59549653943
-0.989386725024824,-1.0,0.10955988545698236,0.3948883043718653,0.5247002781113353,0.5396643249076278,0.6710236626908638,0.9513115358398556,13.713060235081343,40.3420840825666,27.027572158823972,26.629023847485257,-26.311891078948975,-26.302568912506104,-26.30722999572754,0.009322166442871094,-0.002373680006712675,-0.003013467648997903,0.034566480666399,0.03358961269259453,-0.0031894580461084843,0.0021623261272907257,0.03374679759144783,0.03448401764035225,-374.43627852194436,35832.941772203456,0.0010823530610650778,-462.87572963776944,35840.23539266426,0.0010699767153710127,0.04822574555873871,0.004028747323900461,30983.279051739035,19725.540893507507
0.7479609980274093,0.7291203272258122,0.8865752427563325,0.4705889979847427,-0.15668716289451692,-0.5457597707147808,-0.37869966341898575,-1.0,15.18962842012479,41.72395160358849,28.45679001185664,26.534323183463698,-26.46709680557251,-26.47207021713257,-26.46958351135254,-0.004973411560058594,0.0028558862395584583,-0.0024795886129140854,0.03289565071463585,0.03404875472187996,-0.002335652243345976,0.0029939403757452965,0.03260699659585953,0.03428599238395691,-467.28464721370045,35842.98824789436,0.0011010007001459599,-449.5440945621883,35820.12793804171,0.0011093623470515013,0.046317391097545624,0.008933602832257748,30255.68120566733,19016.377042830954
0.5663876922411731,0.3016997597660693,-0.10214239090553921,-0.2488842614415191,0.32588479922510477,0.49012137598951044,-0.2271646142003756,-0.3044082264941371,8.327734300958525,39.9559524586376,24.14184337979806,31.628218157679072,-26.417150497436523,-26.465232372283936,-26.44119143486023,-0.04808187484741211,-0.0015326228458434343,-0.0034406979102641344,0.033696964383125305,0.03364767134189606,0.0034122331999242306,0.001680794870480895,0.03445511311292648,0.032482173293828964,-489.1939497852519,35819.106040800136,0.001095529762096703,-453.8718911503306,35808.105540133336,0.0010750070214271545,0.04784847050905228,0.00335200154222548,31232.14887722335,17942.660607180813
-0.04709246633085414,0.051023657253157544,0.23902955956324579,0.49600036186811575,0.33154017153232807,0.03321207966915818,-0.09387706093138293,0.0,12.28004564049408,35.375405685334556,23.827725662914318,23.095360044840476,-26.25251054763794,-26.286873817443848,-26.269692182540894,-0.0343632698059082,0.0010760780423879623,-0.0037291243206709623,0.03330523893237114,0.03529448062181473,-0.00017892764299176633,-0.0038704723119735718,0.03351432457566261,0.03482961282134056,-401.49398264948763,35809.1584645178,0.001077065011486411,-402.71264755440825,35815.22744440435,0.0010728869820013642,0.04625904560089111,0.007718258071690798,31255.061495753507,17117.86667029076
1.0,0.9653058658753206,0.27755849851403336,-0.006997564044928156,0.04016863855355407,0.0336157560257655,-0.31939396841665063,-1.0,7.932341385377697,40.50430007039259,24.218320727885143,32.57195868501489,-26.43947124481201,-26.450142860412598,-26.444807052612305,-0.010671615600585938,0.003353663720190525,0.0017471188912168145,0.034527070820331573,0.032614756375551224,-0.0014892410254105926,-0.003497302532196045,0.033542171120643616,0.03354167193174362,-382.741869960782,35832.888657377895,0.0010864196810871363,-409.34270128410526,35835.01337521006,0.0010841784533113241,0.04876397177577019,0.005404870957136154,30482.88011450806,18238.530724572905
0.020472733421285062,-0.0075462951047555885,0.024262952181550793,0.12640935467313863,0.2243100454250056,0.08927308427700381,-0.06916792101782432,0.0,10.395427834018477,35.54124996769585,22.968338900857162,25.14582213367737,-26.513824462890625,-26.52977705001831,-26.521800756454468,-0.015952587127685547,0.0017070526955649257,-0.0033277333714067936,0.0323357991874218,0.03423469513654709,-0.0022739272098988295,-0.0029794289730489254,0.03369605541229248,0.03277120739221573,-440.67298483803154,35837.9787532903,0.0010876102605834603,-489.0279816448702,35834.649397314286,0.0010650369804352522,0.04483115300536156,0.008524727076292038,31257.535923688567,17112.22190230393
0.6291585418062114,0.7677612338230683,0.8851085233528776,0.3838074967200933,-0.24019148440997592,-0.0995093654541217,-0.30216526741257976,-1.0,13.953710764129909,42.5968953021557,28.275303033142805,28.643184538025793,-26.512606143951416,-26.591346263885498,-26.551976203918457,-0.07874011993408203,0.0035205590538680553,-0.0013396055437624454,0.033383022993803024,0.033220741897821426,-0.0036852515768259764,0.0006705744890496135,0.0334235355257988,0.03257240727543831,-579.2592406662244,35833.85126281502,0.001073348568752408,-439.6342146163905,35815.094057879105,0.001108273514546454,0.047589391469955444,0.007106627803295851,30474.356931757702,19570.740181913643
0.04367747383557689,0.12173214946642634,-0.11874776704340173,-0.0013765219190653433,0.36590366462322516,0.26909262258880506,-0.08148541665361997,0.0,7.178496462822579,39.004262688222525,23.091379575522552,31.825766225399946,-26.471803188323975,-26.42385959625244,-26.447831392288208,0.0479435920715332,-0.0003743134730029851,0.0037268204614520073,0.03265275061130524,0.03425014019012451,-0.0008339515188708901,-0.0037249233573675156,0.03327834978699684,0.03400438278913498,-357.98242421139093,35806.851615593805,0.0010845307260751724,-480.0598926597728,35803.484909278435,0.001054693479090929,0.04573974013328552,0.004410666413605213,31245.379907821596,17307.13916010021
-0.3709328331408172,-0.48021472858801256,0.025391526134789788,0.45834510198309286,0.19246453735012067,-0.3954645203444663,-0.10253510188267068,0.0,14.4467024076352,38.92150927734332,26.68410584248926,24.474806869708118,-26.331756114959717,-26.366262435913086,-26.3490092754364,-0.03450632095336914,0.0017397571355104446,0.00343780848197639,0.034132931381464005,0.033871036022901535,-0.002619262086227536,0.0027882899157702923,0.033130086958408356,0.03459039330482483,-406.7419690874831,35794.21824565474,0.0010738851269707084,-440.44188746682653,35835.20112056572,0.001091335085220635,0.047765135765075684,0.002891011070460081,31233.803634571595,17657.274005503245
0.9960916306766986,0.6157322268982159,0.2642040845476921,-0.23384823531404267,0.019310517595474586,0.18043101813284423,-0.5323571277842776,-0.9350716252743508,8.451137071225673,41.76158422766895,25.10636064944731,33.310447156443274,-26.39796733856201,-26.42549753189087,-26.41173243522644,-0.027530193328857422,0.0004119008663110435,0.0037692678160965443,0.033200524747371674,0.034282486885786057,0.0027763620018959045,0.002615127945318818,0.03436129540205002,0.032896988093853,-463.60999832110105,35836.241410914554,0.0010975057957693934,-421.2262767602121,35808.73368126441,0.0010890994453802705,0.04708300158381462,0.0032935449853539467,31239.04744330032,17440.544579983394
-0.0385631655913727,0.030128668535744318,-0.02491081452989466,0.13189699907984198,0.20867331619277052,0.06603051223506007,-0.05547821988376178,0.0,9.202005006933177,32.43256336583943,20.817284186386303,23.23055835890625,-26.389763355255127,-26.447908878326416,-26.41883611679077,-0.05814552307128906,0.003639169968664646,-0.0011025059502571821,0.03399217873811722,0.033561088144779205,0.0036519248969852924,0.001006346894428134,0.034492213279008865,0.0325833298265934,-408.2577182421138,35832.981209213656,0.0010774685069918633,-418.4557171945442,35829.42400359198,0.001082299160771072,0.04747295379638672,0.007333609275519848,30471.506157657965,19361.041373439984
0.8709676337750063,0.889435256355546,0.6813372212693064,0.31370064845964263,-0.0804473633405346,-0.19418128981795169,-0.3312066808748238,-1.0,12.891872313655455,43.696178610298205,28.29402546197683,30.80430629664275,-26.53667688369751,-26.502740383148193,-26.51970863342285,0.033936500549316406,0.001075554289855063,-0.0035969980526715517,0.032230131328105927,0.03416163846850395,0.003009575419127941,-0.0022760522551834583,0.03288054093718529,0.03379261493682861,-425.1868602511708,35823.9880756383,0.001090089906938374,-440.40384549262126,35832.0084092444,0.0010924139060080051,0.045126061886548996,0.007476267870515585,31254.152055734245,17116.524474120004
0.06863729741124396,-0.006613744517443496,-0.04981478643365797,0.04155241452332514,0.19878926932392016,0.06602461670412807,-0.09340431542505179,0.0,8.702697484509088,37.51148663344782,23.107092058978452,28.80878914893873,-26.568679809570312,-26.566219329833984,-26.56744956970215,0.002460479736328125,-0.0011924837017431855,-0.0035193602088838816,0.03294416889548302,0.03323356807231903,-0.0033376445062458515,-0.0016827615909278393,0.03404655680060387,0.03212016448378563,-451.5024235664252,35828.54351437845,0.0010789043735712767,-521.3374094468268,35832.98471921307,0.0010606112191453576,0.04634224623441696,0.00290365656837821,31233.38968818268,17715.395358960235
-0.8650805149462614,-0.7808086142005293,0.03455526244026519,0.48901793846429076,-0.11126175439050513,-0.24148449080399653,0.028614324153563686,0.0613094717725694,16.81686722530452,38.01879467073181,27.417830948018164,21.201927445427287,-26.491374969482422,-26.591002941131592,-26.541188955307007,-0.09962797164916992,-0.003166123293340206,-0.002078969031572342,0.0342857725918293,0.03245476260781288,0.003523652907460928,-0.0012638967018574476,0.03311304748058319,0.03289089724421501,-571.0978457607124,35832.6526753315,0.001076800748705864,-462.54302544940754,35819.79741900493,0.0011101122945547104,0.04831896722316742,0.004665045533329248,30733.364521041378,19215.609861619017
0.9212518682944167,1.0,0.05016032301991223,-0.238912740834157,0.33878311020584273,0.23761700815987452,-0.7275080866008359,-0.9748712202835442,8.970083275131799,41.525269463677716,25.247676369404758,32.55518618854592,-26.5834903717041,-26.540651321411133,-26.562070846557617,0.04283905029296875,0.00040163181256502867,-0.00366935133934021,0.03221970051527023,0.03382838889956474,-4.2593030229909346e-05,-0.003767323214560747,0.03248695656657219,0.03388608619570732,-361.6705154569039,35808.83030766951,0.0010833019623532891,-505.59456309883984,35803.22031857288,0.001070393598638475,0.0450429692864418,0.004668731242418289,31246.133863195886,17282.320923734973
0.0,-0.05956457838334106,0.0720643076502199,0.2763954224088494,0.23792863275202086,-0.06849355707244242,-0.049883169401707894,0.0,12.717716148743364,36.90460920888634,24.811162678814853,24.186893060142978,-26.632239818572998,-26.66961431503296,-26.65092706680298,-0.03737449645996094,-0.003612368367612362,-0.0009116170695051551,0.03376500681042671,0.031900230795145035,-0.0036931263748556376,-5.3053263400215656e-05,0.03341468423604965,0.03198109194636345,-450.3930339746698,35804.35581616043,0.0010777248535305262,-467.7424254642033,35831.402442938874,0.0010879497276619077,0.04765649139881134,0.005499959457665682,30479.98459822936,18281.035803374856
0.961629999391125,0.8532692324107753,0.8257247190680572,0.3506654273672354,-0.04038971283502629,-0.0657095270595831,-0.41438862271190574,-1.0,12.201296136940812,42.31281138417157,27.25705376055619,30.111515247230756,-26.363272666931152,-26.35303497314453,-26.358153820037842,0.010237693786621094,-0.0002782898081932217,-0.0038064434193074703,0.033265985548496246,0.03448377177119255,0.0027274121530354023,-0.002704794052988291,0.03321912884712219,0.03460506349802017,-500.49630826720033,35821.85996908712,0.001083684852346778,-426.81768533208384,35817.09800848559,0.0010814417619258165,0.046945709735155106,0.004098883364349604,31244.696239498473,17340.333784603557
-0.017890918341113612,0.00516940767142346,-0.07053108285645004,0.07934032846073474,0.1741378670668301,0.03878930140150083,-0.1361916296682507,0.0,9.099886470442925,33.556668518550026,21.328277494496476,24.4567820481071,-26.197819709777832,-26.183295249938965,-26.1905574798584,0.014524459838867188,-0.0004945376422256231,-0.003850049339234829,0.03400638327002525,0.035050470381975174,-0.0038813934661448,0.00043427900527603924,0.03514625504612923,0.03402300924062729,-375.20576894895044,35821.35489609629,0.0010684169828891754,-391.16124047459516,35815.03892081512,0.001070395577698946,0.04772571101784706,0.0033923976588994265,31239.41773734077,17453.398802870004
0.6092646732766352,0.7993546717582432,0.39455160804546574,0.1328961597095298,-0.07761959157717413,0.4795564693687528,0.8699845029441748,-0.6167126236033385,13.304365450419116,42.151268160317414,27.727816805368263,28.8469027098983,-26.329495906829834,-26.241626739501953,-26.285561323165894,0.08786916732788086,0.0003230342990718782,-0.0034064471255987883,0.033327020704746246,0.034726984798908234,0.0008602602174505591,0.0038010594435036182,0.03399857506155968,0.0347110778093338,-452.5252052982316,35705.890098086966,0.0011275599244982004,-416.3449556922374,35841.78116544463,0.0010957493213936687,0.04611647129058838,0.006976371165364981,31247.832956729555,17133.80327046778
0.35298849577661195,0.24030265166189418,-0.08523681615161613,-0.10177848531308031,0.45478398075615534,0.41920403150781627,-0.031779139714221305,0.0,3.5056132727235365,36.242368301976484,19.87399078735001,32.73675502925295,-25.723917484283447,-25.68382501602173,-25.703871250152588,0.04009246826171875,-0.00293816439807415,0.002818118315190077,0.03579388186335564,0.0371345654129982,0.00409269705414772,0.0006361661944538355,0.03759437054395676,0.03565230593085289,-424.5431659143772,35831.17929336358,0.0010772516252472997,-402.41126227034704,35838.78104663978,0.0010690512135624886,0.04927481338381767,0.0105556296184659,31013.097927561506,17642.250327553964
-0.48980535065028985,-0.4510681764710763,-0.047409771645901155,0.40746180654485836,0.20975878502127376,-0.2059725179427363,-0.15735179062595384,0.006405905767038256,14.636698339669067,35.90808222204478,25.272390280856925,21.271383882375716,-25.456931591033936,-25.50504207611084,-25.480986833572388,-0.0481104850769043,0.0006883076275698841,-0.004200667142868042,0.036584172397851944,0.03859986737370491,0.0008136589312925935,-0.004152109380811453,0.03635198250412941,0.038415420800447464,-428.84791553248004,35849.59672500116,0.0010886952513828874,-430.86130224495327,35816.81418266546,0.0010729676578193903,0.05125114321708679,0.007884874008595943,31252.522132403792,17138.109271809895
0.981546722228376,0.9934512473819374,0.4451828353807602,0.0846768608473196,0.08890271627994129,0.03083622191509583,-0.550889530200135,-1.0,9.057571255072048,41.405455273040815,25.23151326405643,32.34788401796877,-25.5397891998291,-25.542893409729004,-25.541341304779053,-0.0031042098999023438,-0.003926360048353672,0.0014874988701194525,0.03733495995402336,0.037163831293582916,-0.0023102140985429287,0.003522025654092431,0.03620847314596176,0.038234643638134,-356.160997505801,35809.517808625984,0.0010729290079325438,-485.19129101909266,35830.80476540878,0.0010836378205567598,0.0521455854177475,0.00859059114009142,30472.105340090093,19650.673256923223
0.005232902489456338,-0.028263268654595823,-0.01053436653938647,0.12537351270396485,0.2051922141315759,0.014993538699792308,-0.04485093185211164,0.0,11.98368801184887,36.47874913992814,24.231218575888505,24.49506112807927,-25.778231620788574,-25.975196361541748,-25.87671399116516,-0.19696474075317383,-0.003963649272918701,-0.0009717433713376522,0.03724607452750206,0.035207394510507584,0.002517225220799446,0.003114507533609867,0.03596626594662666,0.03488071635365486,-455.27179101124483,35831.58735315478,0.001090910634957254,-442.00871470133666,35815.790267111326,0.001073347870260477,0.052511245012283325,0.00609940942376852,30479.26384917765,18309.721131727958
0.8467277296954641,0.8658023217041431,0.9078652834301738,0.3798291842756279,-0.05478052029490721,-0.09612561393665525,-0.39320399885469104,-1.0,11.270025392202967,41.45752552162105,26.36377545691201,30.187500129418083,-26.270756721496582,-26.27849578857422,-26.2746262550354,-0.007739067077636719,0.0002827487769536674,-0.0038674371317029,0.033411260694265366,0.0350530631840229,0.002422529272735119,0.0030365283600986004,0.0347306914627552,0.03368314728140831,-500.91360526820205,35827.32942543481,0.00109738833270967,-475.3923779315742,35818.26299703589,0.0010927132098004222,0.04698193818330765,0.005442550405859947,31246.602171531653,17231.49315103953
0.00565122450203322,0.0,-0.09172980834406091,0.02224689985096734,0.15988720789358724,0.05223159586333315,-0.16875748238149024,0.0,6.748671070567866,33.45011013030185,20.09939060043486,26.701439059733985,-26.443641185760498,-26.567766666412354,-26.505703926086426,-0.12412548065185547,-0.0007072031730785966,-0.0037092305719852448,0.033166155219078064,0.0339662991464138,-0.0009040512959472835,0.003632980864495039,0.03213806077837944,0.03401748090982437,-448.201904972942,35806.02060302623,0.001069926656782627,-454.9533942227389,35813.02980968113,0.0010729331988841295,0.04673377424478531,0.0029075643979012966,31236.82708475484,17554.469352783435
-0.41926591020759546,-0.39151571268187146,-0.09598210515463132,0.438209706061916,0.07335424158214696,-0.21203248686291876,0.24053528360090015,-0.021704829992209906,15.309827882235737,39.08249673354433,27.196162307890035,23.772668851308595,-26.912221908569336,-26.90438985824585,-26.908305883407593,0.007832050323486328,-0.0035901139490306377,0.0002112718648277223,0.03240547329187393,0.031192166730761528,0.0034068056847900152,0.0011761372443288565,0.03275657817721367,0.030881905928254128,-465.3706587368795,35818.984644588076,0.0010995633201673627,-463.7742795146109,35843.29930485233,0.0011060773395001888,0.04593569040298462,0.00569764943793416,30475.081664024132,18542.24172900383
0.9964976484965563,0.8248713763083744,0.20214583883835763,-0.28368648592747464,0.4420333928780334,0.33809179372798037,-0.5315438856062167,-0.9505674323706943,9.529666390667728,42.13370934159107,25.8316878661294,32.60404295092334,-26.909990310668945,-26.920061111450195,-26.91502571105957,-0.01007080078125,0.0030918053817003965,0.0017386858817189932,0.0326661691069603,0.030941659584641457,-0.0034716674126684666,0.0009403800941072404,0.03202784061431885,0.03152155876159668,-474.7372224801165,35820.64675530184,0.0010828000959008932,-516.0621991178261,35831.93907234845,0.0010928356787189841,0.045999690890312195,0.00506333913654089,30483.221384336044,18257.28757411739
-0.049559807908179515,-0.01878797275660491,0.06500022197885716,0.3494245368739923,0.4159370240315926,0.13423889399523403,-0.07907925380588121,0.0,16.346022627070226,39.15924200171065,27.75263231439044,22.813219374640425,-26.91563129425049,-26.977288722991943,-26.946460008621216,-0.06165742874145508,0.0015741409733891487,-0.00323025556281209,0.03085245005786419,0.03270498290657997,-0.0018903805175796151,0.0030274242162704468,0.030682481825351715,0.032427918165922165,-555.2524590135896,35848.01879609375,0.0010965896071866155,-517.2018697955797,35825.61778451428,0.001087126205675304,0.043270133435726166,0.008858888410031796,31014.14245316042,17835.128773890698
0.9179311624944074,0.9395954178481685,0.8295261402914077,0.49320969678066445,0.04589143054411471,-0.18241645691037744,-0.4557821476665622,-1.0,10.33072691196918,43.403446054642274,26.867086483305727,33.072719142673094,-26.94209337234497,-26.91523790359497,-26.92866563796997,0.02685546875,-0.003145144321024418,0.0017028700094670057,0.031530216336250305,0.0318605974316597,-0.0030213715508580208,-0.0019496839959174395,0.03264835476875305,0.030915072187781334,-451.8942677652459,35812.87943838954,0.0010756150586530566,-562.5122304861824,35839.7730324849,0.0010956025216728449,0.04386117309331894,0.007795800920575857,30238.14780639789,19541.33431856528
0.043886052362025946,-0.03809895097759934,-0.07327406259138043,0.07448313086708563,0.16491597015313741,-0.017722868237121325,-0.058539756152534705,0.0,6.282026136227557,33.51796264924107,19.899994392734314,27.235936513013513,-26.945412158966064,-26.953094005584717,-26.94925308227539,-0.007681846618652344,-0.00047644818550907075,-0.0035246252082288265,0.03121480904519558,0.03214787319302559,-0.003046310506761074,-0.0018673674203455448,0.03251994028687477,0.030767105519771576,-534.182194507114,35828.65353943799,0.0010798833100125194,-505.09919416370786,35812.2581639495,0.001083728508092463,0.04417853429913521,0.0029363264329731464,31238.854658745586,17487.996739610866
0.5282109562806702,0.4746289688182175,0.8805213862302664,0.49540533899646066,-0.11169738557068448,-0.2318793524590344,-0.4655616478235724,-1.0,12.596242699539431,40.13679480500517,26.3665187522723,27.540552105465736,-26.924927234649658,-26.928229331970215,-26.926578283309937,-0.0033020973205566406,-0.0034922873601317406,0.0008768134284764528,0.03205191344022751,0.031460486352443695,-0.0035822088830173016,-0.00030847571906633675,0.03251292183995247,0.030959513038396835,-561.2784343809084,35815.84727527589,0.00111878733150661,-545.6281097108454,35812.70743409656,0.0010955538600683212,0.04552748426795006,0.006320595741271973,30472.143427596722,18982.767308162707
0.2320675685558796,0.3070971598742181,-0.132211157550409,-0.14990418012264564,0.34913104053479266,0.4148144202046046,-0.28879611726981685,0.0,9.62695182001869,39.81323784571694,24.720094832867815,30.18628602569825,-26.85420513153076,-26.86225175857544,-26.8582284450531,-0.008046627044677734,-0.0010527835693210363,0.0034169110003858805,0.031113630160689354,0.03290197253227234,0.0021121858153492212,-0.002944979816675186,0.03113085962831974,0.03282220661640167,-472.8267535687456,35803.47036697019,0.0010711976792663336,-488.80393921772804,35812.919219689895,0.0010742085287347436,0.04337258264422417,0.006238010246306658,31252.06527961998,17168.44420069976
-0.022374475589718702,-0.05113940870401972,0.08299593350454623,0.4566043784285898,0.2937316517273211,-0.008171963155584328,0.09207573470750552,0.0,12.779762300627425,37.32504676415837,25.0524045323929,24.545284463530948,-26.894800662994385,-26.88912868499756,-26.89196467399597,0.005671977996826172,-0.0008396455086767673,0.003508442547172308,0.030951887369155884,0.03275896608829498,0.0026952389162033796,-0.002395457122474909,0.0313202366232872,0.03244834020733833,-448.03087125897173,35831.0146261773,0.0011030592722818255,-464.5801943940456,35831.599345861854,0.001074040774255991,0.04323973506689072,0.006867690477520227,31253.698471392323,17129.418372990844
0.9699624943180813,0.9155339671621332,0.7328343976871128,0.26727345574546046,0.01660399802040563,-0.12637075812527215,-0.4868818281463065,-1.0,12.39937719285183,47.50184779261255,29.95061249273219,35.10247059976072,-26.830875873565674,-26.862945556640625,-26.84691071510315,-0.03206968307495117,0.003525729291141033,0.0007347052451223135,0.032963965088129044,0.031223420053720474,0.0029738531447947025,0.002076889155432582,0.03282452002167702,0.031122764572501183,-513.2337903151357,35829.991965482885,0.0010841407347470522,-503.23721859908096,35834.28702252514,0.0010935029713436961,0.046363238245248795,0.005502119194716215,30477.449466333615,18368.30449914327
-0.019205713138329097,0.0012342591091187424,-0.06869447577731375,0.05137800442176488,0.2294379822387545,0.12588890732684843,-0.07238037151953924,0.0,11.355148401691565,32.56187417312216,21.958511287406864,21.206725771430598,-26.759459972381592,-26.7846417427063,-26.772050857543945,-0.02518177032470703,0.0031457138247787952,0.001849982189014554,0.03326750919222832,0.03144590184092522,0.0009650569409132004,0.003511007409542799,0.032023023813962936,0.03252638131380081,-515.5593899729629,35840.562353803914,0.0010732727823778987,-513.1175502570642,35812.79656523089,0.0010728458873927593,0.047050841152668,0.0049387081526219845,30486.025985373555,18387.30774941181
0.7268251233262539,0.8415793565153372,0.8417550291543914,0.5401518232402809,0.019863520755178332,-0.19511566602333663,-0.39138176423511,-1.0,12.95663879554786,42.89116964245571,27.923904219001784,29.934530846907847,-26.7311692237854,-26.687583923339844,-26.709376573562622,0.04358530044555664,0.0020487059373408556,0.003047938458621502,0.03282155841588974,0.03212368115782738,-0.0009197246981784701,-0.0035873439628630877,0.03234486281871796,0.03292686492204666,-443.51712171341353,35817.91160325139,0.001106003881432116,-544.6902119763631,35842.51218054086,0.001090987236239016,0.04581926390528679,0.003260205266997218,31228.891528303644,17992.70407035709
0.12128498307616142,0.04792062327949044,-0.13369982065980268,-0.030803342797862232,0.14624634003256876,-8.26103052060656e-05,-0.024625893712742153,0.0,8.345540572255231,37.78386882860622,23.064704700430724,29.438328256350985,-26.739189624786377,-26.744554042816162,-26.74187183380127,-0.005364418029785156,0.00362825533375144,-0.00013799977023154497,0.033055562525987625,0.03182614594697952,0.0036762577947229147,-0.00012905789481010288,0.03306685388088226,0.03176778554916382,-537.8693144707953,35824.636635559364,0.001073129940778017,-521.6009719458418,35812.04256246509,0.0010829188395291567,0.046517420560121536,0.006249480880796909,30473.406037085144,18773.683833289837
-0.3125263312766108,-0.4856225990364381,0.48407507674369854,0.777303808740282,0.06669207555241306,-0.2529023965521301,-0.061259614143054586,0.0,16.361428848701934,39.65137435107653,28.00640159988923,23.289945502374593,-26.748216152191162,-26.79365634918213,-26.770936250686646,-0.0454401969909668,-0.0013603037223219872,-0.0034097591415047646,0.032363615930080414,0.032457321882247925,0.002633857075124979,0.002536725252866745,0.03292490541934967,0.03154248744249344,-555.3712782935447,35823.15941347238,0.001098228502087295,-530.9231909166047,35804.215575458606,0.0010642025154083967,0.04534998536109924,0.0029619254637509584,31238.244426543613,17526.93834494957
-0.03309130048243912,0.006174014091953832,-0.1059882609060166,-0.28164845832693797,-0.440653366456347,-0.5637462147421666,0.2721679738209093,-0.9975223662047229,7.794023468584612,40.37367831706132,24.083850892822966,32.57965484847671,-26.72935724258423,-26.76041603088379,-26.74488663673401,-0.031058788299560547,-0.0006014552782289684,0.003597120987251401,0.031617894768714905,0.03332515433430672,-0.002539820969104767,-0.0026528474409133196,0.032991863787174225,0.03172497823834419,-467.53992662633186,35804.46046175296,0.001067047705873847,-472.07773328867955,35814.33114178499,0.0010894209844991565,0.04425494372844696,0.005113090854138136,31247.960640429104,17240.440215648716
0.0,-0.0007090014901139953,-0.022431004182260628,0.18697591456026144,0.25528780193036377,0.10410121838483055,0.07352305079716104,0.0,13.47327792495446,38.00669997486219,25.739988949908323,24.533422049907728,-26.720902919769287,-26.675190925598145,-26.698046922683716,0.04571199417114258,0.0028849029913544655,0.002264442155137658,0.03330600634217262,0.031701039522886276,-0.0009929678635671735,0.0035446372348815203,0.03174244239926338,0.03360173851251602,-439.99637544032635,35822.64343338371,0.0010973778553307056,-450.4339131442569,35829.93112168999,0.0010620024986565113,0.046786148101091385,0.004628048278391361,30733.664793767475,18988.758895423718
0.8643514524889472,0.8532043755577,0.854079605204843,0.3488108357580387,-0.07146934150818823,-0.1993075880316389,-0.4225897843672738,-1.0,10.82211942004676,43.94180098652572,27.38196020328624,33.11968156647896,-26.64954900741577,-26.66391372680664,-26.656731367111206,-0.01436471939086914,-0.001121940789744258,-0.0035196540411561728,0.03259989246726036,0.032962750643491745,0.00044547487050294876,0.003674590727314353,0.03220837935805321,0.03323732316493988,-471.15575627677896,35838.08799925823,0.0011013431940227747,-492.6567506959753,35833.74689321464,0.001084901625290513,0.045831259340047836,0.002733008936047554,31234.665326740007,17586.485706300355
0.028933532522583554,-0.0016819950726239704,-0.08805544765916717,-0.024275719033864218,0.18373353746221577,0.10058181151924617,-0.07431938898669388,0.0,11.08114368789387,37.11588379330033,24.0985137405971,26.034740105406456,-26.63745880126953,-26.69445037841797,-26.66595458984375,-0.0569915771484375,0.002651573857292533,0.002563294256106019,0.033494800329208374,0.03214763104915619,-0.0012890964280813932,0.0034589176066219807,0.031640179455280304,0.033555466681718826,-509.92989719468136,35838.24531648089,0.0010625177528709173,-504.43179052288474,35825.22246764551,0.0010847875382751226,0.04739616811275482,0.004457932431250811,30735.37020050831,19262.764270686
-0.1558832195637277,-0.016911650758087537,0.6528435042431957,0.6957150986768594,-0.21542584197430542,-0.5530268647571753,-0.23347263285450726,-0.5482242735554284,15.070361048407733,39.399200454016295,27.234780751212014,24.328839405608562,-26.678950786590576,-26.669952869415283,-26.67445182800293,0.008997917175292969,0.000846954295411706,-0.0036060847342014313,0.031732164323329926,0.0335812084376812,0.0010860281763598323,-0.0035311877727508545,0.0317341573536396,0.033646680414676666,-450.0412353881643,35821.525134250674,0.0011173030361533165,-550.812612402564,35838.96586602603,0.0010831017279997468,0.04402497410774231,0.007376329507678747,31254.552176588368,17114.668546185105
1.0,0.8116127327868204,-0.0873922510584338,-0.2754939988759801,0.4768592737614339,0.22577381807485353,-0.15072869117048393,-0.2667859984543105,6.558953177638415,40.111018160460475,23.334985669049445,33.55206498282206,-26.708238124847412,-26.746680736541748,-26.72745943069458,-0.03844261169433594,0.003296750597655773,-0.0015290176961570978,0.0325106605887413,0.03261534497141838,0.002933225128799677,-0.0022296374663710594,0.03194558620452881,0.032878708094358444,-532.5151382435705,35824.61096051103,0.0010680971900001168,-486.3053547625106,35817.01652138689,0.0010953223099932075,0.045295581221580505,0.008227026090025902,30252.463592533608,19020.974766682997
0.0072761523215939495,-0.0411940556039442,0.19445919193716235,0.379877382726749,0.2721921958185478,0.10757389421523728,-0.044151946899413486,0.0,9.85999014239303,34.94558391619739,22.40278702929521,25.085593773804362,-26.829302310943604,-26.83021068572998,-26.829756498336792,-0.0009083747863769531,0.0009435764513909817,-0.0035038641653954983,0.03117786906659603,0.033015456050634384,0.001559756463393569,0.003274201648309827,0.032184403389692307,0.03202848508954048,-555.886371442126,35829.37737106166,0.0010992432944476604,-515.3129126550718,35808.22400995084,0.0010634056525304914,0.04377128928899765,0.006764208897948265,31253.05602870545,17138.568945045372
0.9234140821848076,1.0,0.7226846389093412,0.2061959416846761,-0.051560212724638066,-0.11511800481267986,-0.6465266931488909,-1.0,9.363791962191044,40.9212936211504,25.14254279167072,31.557501658959353,-26.750550270080566,-26.784448623657227,-26.767499446868896,-0.033898353576660156,0.0012510318774729967,0.0034414017572999,0.032300740480422974,0.032503459602594376,-0.0034248356241732836,-0.001291333930566907,0.033210206776857376,0.03131255507469177,-447.5137780330586,35808.181374265034,0.0010648343013599515,-465.3907695273768,35814.36534509198,0.0010831253603100777,0.0453784354031086,0.0027838998939841986,31233.248851797627,17694.47258914457
0.0023340392140078106,-0.03224679036134331,-0.14340507759604088,0.09287086997813782,0.19672142653074015,0.05574722916998953,-0.005120157073552178,0.0,13.596311682628652,37.27089500038397,25.433603341506313,23.67458331775532,-26.81143045425415,-26.78490161895752,-26.798166036605835,0.02652883529663086,-0.0015864628367125988,0.003255867399275303,0.031236061826348305,0.03309071809053421,0.000703455472830683,0.00357113778591156,0.03188750520348549,0.03265748918056488,-433.7709722869566,35824.120913241124,0.0010841439943760633,-432.94215427442106,35831.42529323541,0.0010797946015372872,0.04354614391922951,0.008344939909875393,31257.426361746686,17138.376624174514
0.7631273702959734,0.7991831781513604,0.9515798666603613,0.4589476788124687,-0.04697485165609511,-0.21891677849466057,-0.4202913116635336,-1.0,11.858211603306302,40.77924549035737,26.318728546831835,28.921033887051067,-26.841673851013184,-26.881492137908936,-26.86158299446106,-0.03981828689575195,-0.0014967150054872036,-0.0032903775572776794,0.032104622572660446,0.03202452138066292,0.003441917011514306,0.0010909313568845391,0.03283357620239258,0.030973799526691437,-493.88161609648307,35843.22589345239,0.0010996564524248242,-496.8253340265735,35837.857060468916,0.0011011372553184628,0.04496733099222183,0.0027688322588801384,31234.16035870768,17687.469209767747
0.16091996567794298,0.16597484047214725,-0.10716885510784593,-0.16316545788562428,0.15795262660736115,0.3127924393662679,-0.04367377336804634,0.0,4.841786912003386,35.78717838015413,20.31448264607876,30.945391468150746,-26.83109760284424,-26.884572505950928,-26.857835054397583,-0.05347490310668945,-0.002874861005693674,0.002163470257073641,0.03168008476495743,0.03252408280968666,0.0014545933809131384,0.003311293199658394,0.03192483261227608,0.031886182725429535,-575.2322267180049,35839.1602903859,0.001068070880137384,-513.9594750612977,35809.42329042172,0.0010793888941407204,0.04403669387102127,0.00933956541121006,30513.284750853396,18729.300740494917
-0.2200069378927023,-0.15152696986917585,0.21284544569576527,0.565740356058671,0.3028592821285748,-0.14541731571053634,-0.03427624572389931,0.0,17.218205005527835,41.73171802715575,29.474961516341793,24.513513021627915,-26.849863529205322,-26.79497241973877,-26.822417974472046,0.054891109466552734,-0.0016388610238209367,-0.0032373981084674597,0.032151032239198685,0.03191535547375679,0.002719729673117399,-0.0024240142665803432,0.03165188059210777,0.032811615616083145,-445.73093153400856,35813.5211799549,0.001105722039937973,-548.4417566402634,35813.97739223536,0.0010624178685247898,0.04469001293182373,0.0027790721505880356,31235.208698424427,17643.86489076049
1.0,0.9254917056241282,0.4331348102158189,-0.028765334090485845,0.013033194000818038,-0.25735023435381066,-0.5590532656928371,-1.0,11.687984017713347,44.507009862037904,28.097496939875626,32.81902584432456,-26.780617237091064,-26.77424430847168,-26.777430772781372,0.006372928619384766,-0.0013097927439957857,0.0033768052235245705,0.03134208545088768,0.03321441635489464,0.0009653082815930247,0.0035286201164126396,0.0320509597659111,0.03257417306303978,-505.96410209208744,35801.74494952621,0.0010730763897299767,-507.7529983659008,35829.56832247365,0.0011056286748498678,0.0437740683555603,0.007479045540094376,31254.7370295071,17110.9222049376
0.031237499218123015,-0.00908254132614142,0.020245878620231528,0.15342642120169592,0.25193810569232145,0.1943407828019144,-0.026639106201144847,0.0,12.51719645651636,36.12526959069169,24.321233023604023,23.608073134175328,-26.678645610809326,-26.70539379119873,-26.69201970100403,-0.026748180389404297,-0.0010865041986107826,0.0035107252188026905,0.03172193840146065,0.03359633684158325,0.0015558633022010326,-0.003330388106405735,0.03161425516009331,0.0335012748837471,-543.8557750296774,35828.24040202849,0.0011000660015270114,-488.7438534540324,35806.16884247079,0.0010640795808285475,0.044487081468105316,0.00735474145039916,31253.882947176586,17123.85437082322
0.8464781843310938,1.0,0.8206127833603334,0.29704012421039017,-0.10666317637177919,-0.18976840026542408,-0.512863747046461,-1.0,10.994678485888642,41.8974755452918,26.44607701559022,30.902797059403156,-26.549384593963623,-26.58029317855835,-26.564838886260986,-0.030908584594726562,1.0931064025498927e-05,0.0037343082949519157,0.03245684504508972,0.03385285660624504,-0.0012846599565818906,0.0035201688297092915,0.032048460096120834,0.03400832787156105,-485.773500054311,35831.583255846344,0.0010789342923089862,-441.94203297357234,35823.95968592661,0.0010907818796113133,0.04539846256375313,0.00436560669913888,31246.11195931905,17302.535535551353
0.08116018748594964,0.02629883690210642,-0.14654328967384983,0.012738029224047542,0.18713513353158873,0.10283614309066702,-0.024137780950427956,0.0,8.060913625590388,39.3598619586532,23.710387792121793,31.29894833306281,-26.64825201034546,-26.61041498184204,-26.62933349609375,0.03783702850341797,0.003666131291538477,9.318071533925831e-05,0.03348788246512413,0.03207337111234665,0.003673940198495984,-0.0006058333674445748,0.033374909311532974,0.0324772484600544,-421.7384191716288,35827.54187410357,0.0010801195167005062,-464.08783184163315,35824.709018843154,0.001072110258974135,0.04713132232427597,0.006162576377391815,30473.433747626626,18557.639280330208
-0.3453807974292635,-0.5022424175081749,0.4933918996251153,0.6834538790099178,-0.22233901635146652,-0.568392211641064,-0.02916899717235144,0.0,17.58234289204961,40.4093273006373,28.995835096343455,22.82698440858769,-26.656346321105957,-26.659832000732422,-26.65808916091919,-0.0034856796264648438,0.0032672183588147163,0.0017595735844224691,0.03368803486227989,0.03179474547505379,0.0019420778844505548,0.003162444569170475,0.033018726855516434,0.03246257081627846,-511.0697627125426,35815.116740553305,0.001090281642973423,-542.3587804515153,35835.5439273155,0.0011011799797415733,0.047125279903411865,0.004815412685275078,30487.842695211584,18914.6900852576
0.9702709863647573,0.8580753633935713,0.06550279454132442,-0.2619977580515858,-0.07697983880684017,0.18734443342824214,-0.6437156336370538,-0.917200517751794,7.86424890944582,39.83424268769687,23.849245798571346,31.96999377825105,-26.55555486679077,-26.61658763885498,-26.586071252822876,-0.061032772064208984,0.00019116399926133454,0.003723246743902564,0.03251395747065544,0.033752184361219406,-0.0037033194676041603,-0.0004521228256635368,0.03373906388878822,0.03204962611198425,-573.3840767233735,35803.7903766503,0.0010596284409984946,-473.0238045636999,35834.95063018908,0.0011082330020144582,0.04604042321443558,0.0035559420939534903,31242.376919528775,17393.232030626354
0.0,0.054722326386967814,0.12770135118220455,0.32566590692937664,0.40562799992818943,0.07295017414466382,-0.05432737600074611,0.0,14.406642700047314,39.50742496573898,26.957033832893146,25.100782265691663,-26.583352088928223,-26.542625427246094,-26.562988758087158,0.040726661682128906,-0.003581422846764326,0.0010244273580610752,0.03327222913503647,0.03279095143079758,7.518431812059134e-05,0.0037603089585900307,0.03249746561050415,0.03386186063289642,-450.5874403477521,35852.19741623756,0.001119315973483026,-436.20656577798513,35803.057791809995,0.0010559835936874151,0.0468292199075222,0.006700558587908745,30472.96475655406,19227.68438549273
0.7975351594096586,0.7940304600963298,0.8209538440510262,0.38155958118064753,-0.11762374404017234,-0.31875249450592463,-0.4322532851737237,-1.0,12.210837576501547,42.171106855290134,27.19097221589584,29.960269278788587,-26.588797569274902,-26.58177375793457,-26.585285663604736,0.007023811340332031,0.0033492299262434244,-0.0016395512502640486,0.03291276842355728,0.03310975804924965,-0.0006292206235229969,0.003688736353069544,0.032135140150785446,0.03391595184803009,-435.6640608246711,35836.97622596782,0.0010797262657433748,-539.9308474240429,35830.815387842,0.001107703661546111,0.04630177468061447,0.007571735419332981,30236.205637733106,19634.320073456493
0.037854410432750514,-0.018509089972768854,-0.0018125583521300948,0.12354619073574419,0.19921177754601704,0.1359473580903322,0.007445365914234281,0.0,7.571846839094917,32.51513458659974,20.04349071284733,24.943287747504826,-26.556808948516846,-26.60593032836914,-26.581369638442993,-0.04912137985229492,0.0010656553786247969,-0.0035577130038291216,0.03218933939933777,0.03405408933758736,0.000495583692099899,-0.003674688283354044,0.0320928730070591,0.0337798073887825,-541.3851465823452,35818.42550924036,0.001077438471838832,-508.34924850960016,35830.371143063276,0.0010644712019711733,0.045322760939598083,0.006462221499532461,31251.970576281605,17167.157021170464
0.8235495600544349,0.8407664766233843,0.9955387104030484,0.63822173074053,-0.07113050945535068,-0.3243759622623457,-0.1922714968844118,-1.0,12.58581801006585,41.32001095940336,26.952914484734606,28.734192949337512,-26.567962169647217,-26.594278812408447,-26.581120491027832,-0.02631664276123047,0.0033787230495363474,-0.0015966449864208698,0.033018939197063446,0.03316240757703781,-0.0030091372318565845,0.0022258185781538486,0.03254954144358635,0.03342399746179581,-490.30680622630763,35803.248368857356,0.0010805270867422223,-494.289213868784,35822.14596341917,0.001104127848520875,0.04632711410522461,0.007560407277196646,30237.26715749971,19573.979864792345
0.6121025185520587,0.5890781708721988,0.06159127344447067,-0.2927839423002919,0.3790418944259147,0.4495939155785015,-0.04872789783087739,-0.0989593648274586,8.306241927327562,40.33391975951969,24.320080843423625,32.027677832192126,-26.603615283966064,-26.569766998291016,-26.58669114112854,0.03384828567504883,0.0015404560836032033,0.003353274194523692,0.033010486513376236,0.03290337324142456,-0.0031611048616468906,-0.0020048082806169987,0.0339851938188076,0.03215648606419563,-449.2001004852532,35812.96458553309,0.0010660416446626186,-416.048254706527,35835.69137612104,0.00109589914791286,0.04672838747501373,0.0032823868095874786,31232.265306986934,17917.94824308262
-0.10005878201852964,-0.11814706287393097,0.050079251105855455,0.4474733326849039,0.24304972371756012,-0.004869054577224752,-0.0077997947533673395,0.0,13.515486007638856,36.76742820526297,25.141457106450915,23.251942197624118,-26.627254486083984,-26.626405715942383,-26.626830101013184,0.0008487701416015625,0.003710788208991289,0.00015139987226575613,0.03360180929303169,0.03211232274770737,0.0036108961794525385,-0.0008799465140327811,0.03317662701010704,0.032557614147663116,-465.0754948076596,35836.58082605638,0.0010958354687318206,-472.1656792356201,35809.0915737825,0.0010697009274736047,0.04732847958803177,0.0057565001770854,30476.133373007757,18423.18094141109
0.9638795075859137,0.9309221049466352,0.7458022420262189,0.2799287502070977,-0.09281333190043273,-0.2061743222113313,-0.430730100504382,-1.0,8.759147547789496,39.72869253997234,24.24392004388092,30.969544992182847,-26.532118320465088,-26.601502895355225,-26.566810607910156,-0.06938457489013672,-0.0031392034143209457,-0.002047117566689849,0.034114185720682144,0.032317232340574265,-0.003667282871901989,0.0007337885908782482,0.03335593640804291,0.03256375715136528,-481.1812211941484,35839.30110277808,0.001071138889528811,-558.8940784378892,35815.03647275353,0.001098798937164247,0.04813069850206375,0.005079494323581457,30485.825550754384,18337.635575272983
0.041834877782894166,-0.007079327833407805,0.014933348559041104,0.1734773366647046,0.2755031572421942,0.12626601664064457,-0.08086172652524637,0.0,10.806428142744664,37.32678368127279,24.066605912008725,26.520355538528122,-26.613261699676514,-26.574208736419678,-26.593735218048096,0.03905296325683594,0.0029179761186242104,0.0022897105664014816,0.03371661528944969,0.03210177645087242,-0.00371592422015965,0.0004207126912660897,0.03359416127204895,0.03253060579299927,-489.08712238044484,35814.186243503864,0.0010778834111988544,-500.2973302418344,35810.55639199262,0.0010733820963650942,0.04735632613301277,0.004800739232450724,30488.49362090812,19353.52452475526
0.5144453938412662,0.8632407832658697,0.9501219070802356,0.19332486353378647,-0.3213846035556392,0.09219858376336343,-0.329455462723635,-0.621022786526259,13.134486372551407,40.24019756060821,26.687341966579808,27.1057111880568,-26.61374807357788,-26.592071056365967,-26.602909564971924,0.021677017211914062,-0.0035760216414928436,0.0010293899103999138,0.033154312521219254,0.03267707675695419,-0.002867052098736167,0.002402754034847021,0.032454248517751694,0.03353338688611984,-478.9195823810537,35817.26788050728,0.0011031096801161766,-449.98397368131594,35818.27608245738,0.0010901791974902153,0.04678387939929962,0.006680617108941078,30470.741101139603,18975.36926871033
0.2289428118186351,0.2302537384835169,-0.12222852208773445,0.05751808898380739,0.3008903581509395,0.26087117205500754,0.08571981198219436,0.0,8.261569025101664,40.150883848656406,24.206226436879035,31.88931482355474,-26.518619060516357,-26.560800075531006,-26.53970956802368,-0.04218101501464844,0.00035354035208001733,0.0037091579288244247,0.03273087367415428,0.033822350203990936,-0.0033150126691907644,-0.0017415509792044759,0.03406119719147682,0.032146696001291275,-424.85359139082703,35825.03626658819,0.0010859713656827807,-483.5069194820065,35828.93059041038,0.0010734054958447814,0.04651598632335663,0.0033028749749064445,31238.77709032115,17453.990493902376
-0.20884464658100524,-0.2674942515714145,0.48658718680336666,0.5912099882768281,0.0649578747136085,-0.2585921145317199,-0.06361505830051573,0.0,16.403222065816692,40.81294239414564,28.608082229981164,24.409720328328945,-26.52897834777832,-26.54972791671753,-26.539353132247925,-0.020749568939208984,0.0031111743301153183,0.002120337914675474,0.03411830589175224,0.03233572840690613,-0.0005508670583367348,0.0037192986346781254,0.0322776697576046,0.03401835262775421,-455.75639678301627,35824.29133776935,0.0011034762719646096,-525.9717826696738,35842.46930621983,0.0010588794248178601,0.04756025969982147,0.004655695986002684,30733.814049865803,19258.26872088493
0.9745411499217811,0.9550986354970491,0.5297239320068713,0.026536608248035054,-0.14397431021126217,-0.0667440180778947,-0.5132480049315955,-1.0,7.4386824906132745,39.88209357450927,23.660388032561272,32.443411083895995,-26.56146764755249,-26.565282344818115,-26.563374996185303,-0.003814697265625,0.002024917397648096,0.0031316124368458986,0.033426448702812195,0.03280280902981758,-0.00040138710755854845,-0.0037360298447310925,0.032544851303100586,0.03364571928977966,-551.410076287056,35824.61241760308,0.0010675213998183608,-400.8094291411,35816.36672864886,0.0010959658538922668,0.04729817435145378,0.003819804871454835,31227.71032744739,18487.44509140105
-0.016901061678346638,0.03266426678526754,-0.01876754371558703,0.13950471791650226,0.32436393520150864,0.09594832454691254,-0.062343832211273265,0.0,9.34963956084249,35.11972626473275,22.23468291278762,25.770086703890257,-26.604511737823486,-26.6416335105896,-26.623072624206543,-0.03712177276611328,-0.0036469316110014915,0.0006855232641100883,0.03335483744740486,0.03254496678709984,0.0036701762583106756,0.00048322774819098413,0.03364434093236923,0.03195689618587494,-464.5762206816214,35846.38673201827,0.0011155973188579082,-448.6335773397108,35791.02984301151,0.0010570770828053355,0.046970102936029434,0.006645448040217161,30470.191286002482,18905.239536233945
0.554326703236363,0.6817821209876128,0.8486482497842908,0.3221709706464516,-0.2610896370117325,-0.418398067391119,-0.37208120622659285,-1.0,12.43764534644663,40.370201977825616,26.403923662136123,27.932556631378986,-26.702184677124023,-26.750943660736084,-26.726564168930054,-0.04875898361206055,0.0033035282976925373,0.0016300483839586377,0.03352474421262741,0.03161340951919556,0.0019041660707443953,0.003141942899674177,0.03266380727291107,0.03213421255350113,-430.2486948867188,35832.69551099906,0.0010863986099138856,-577.20219879234,35836.32449563681,0.0011159236310049891,0.04706176370382309,0.005003908649086952,30484.474027956927,18318.678377865548
0.02434332726956579,-0.00862971217738599,-0.003344265333744323,0.08002733791482708,0.21125295089610024,0.1929935301236796,0.057265755676229047,0.0,7.709457999341282,35.39879163816417,21.554124818752726,27.689333638822887,-26.74452543258667,-26.704213619232178,-26.724369525909424,0.04031181335449219,0.003055126406252384,-0.0019480384653434157,0.032131608575582504,0.03271981701254845,-0.0023006750270724297,-0.002876099431887269,0.03306011110544205,0.032083526253700256,-522.044263191091,35806.0659769894,0.0010796384885907173,-509.05838293429167,35814.03305425091,0.001054354477673769,0.04453456029295921,0.00888892449438572,30257.978647184507,19031.17216146073
0.024518392723261142,-0.05591313745519242,0.496879427196414,0.6766423175033318,0.03286748578642709,-0.2587439438223496,0.1173294312955937,-0.14901686190754337,12.339290586128328,37.5657919935762,24.952541289852263,25.22650140744787,-26.76370143890381,-26.778366565704346,-26.771034002304077,-0.01466512680053711,0.0032635782845318317,0.001662801718339324,0.03327823057770729,0.03140024468302727,-0.001919023459777236,-0.003114498220384121,0.032578349113464355,0.032015591859817505,-525.0222979080692,35813.47471956369,0.0010885467054322362,-467.14974324235646,35824.68694273614,0.0010819577146321535,0.04666256904602051,0.005007410421967506,30484.53473095681,18341.88195469078
1.0,-0.1272089558192282,0.4277416586463809,-0.010964776072777297,0.6600460240739444,0.7248291210203645,0.287960635416536,0.3689658133680157,8.009030388210931,39.7840288774959,23.896529632853415,31.774998489284968,-26.77156686782837,-26.822617053985596,-26.797091960906982,-0.05105018615722656,-0.0022466513328254223,-0.0028557528275996447,0.03279057517647743,0.031852710992097855,-2.0089719328098e-05,0.003646792843937874,0.031426966190338135,0.03282514214515686,-474.6348321506222,35805.74003700655,0.001067646313458681,-473.29249459398966,35840.01546213111,0.0011157923145219684,0.04657920449972153,0.004175249952822924,30981.486094137596,19988.979251856275
0.0,0.007536879079638488,0.05730268019323115,0.32842869913864237,0.2795428381154466,0.08501565804308686,-0.023606815739570797,0.0,11.491469425642379,34.96630796963589,23.228888697639135,23.474838543993513,-26.737864017486572,-26.683766841888428,-26.7108154296875,0.05409717559814453,0.0022179337684065104,-0.002904220949858427,0.03163611888885498,0.033244628459215164,-5.7399192883167416e-05,0.0036799246445298195,0.031933076679706573,0.03335718810558319,-429.87352686762915,35838.55708698206,0.0011119513073936105,-489.49843594386897,35838.87874157571,0.0010639315005391836,0.04367317259311676,0.009307192638516426,30771.283297975784,18576.36186069369
0.906320700013653,0.9019822022575636,0.8205890770406505,0.34669119369134616,-0.12233391968334961,-0.29065445613577756,-0.3754867873388325,-1.0,12.18473296726549,43.88220627568927,28.03346962147738,31.69747330842378,-26.64975643157959,-26.66879653930664,-26.659276485443115,-0.01904010772705078,0.0019985903054475784,-0.003106146352365613,0.03187721595168114,0.033660657703876495,0.002217865316197276,-0.002968341577798128,0.0318613201379776,0.03353363648056984,-511.1970346420694,35838.41064932359,0.0010914169251918793,-506.97400809499004,35818.602087155254,0.0011086170561611652,0.04440990835428238,0.009347153827548027,31013.876623522392,17995.691812415505
0.08118044289790623,-0.01749179568890695,0.01337095761210505,0.11196063197484774,0.22754093265327313,0.151078599900959,-0.07363385327237426,0.0,11.751824698297867,40.28402747712323,26.01792608771055,28.532202778825365,-26.534039974212646,-26.53818130493164,-26.536110639572144,-0.004141330718994141,0.0011889152228832245,-0.00353803182952106,0.03226253390312195,0.03415318951010704,-0.0022075804881751537,-0.003029359271749854,0.03362882509827614,0.03277464583516121,-525.6367842282895,35821.43210139811,0.0010825342033058405,-489.36408971708744,35803.93204999577,0.0010578735964372754,0.045237988233566284,0.007236252073198557,31253.852231910743,17135.64425160669
-0.16729011528250062,0.04798976689280264,0.5642166626942811,0.5945257243381837,-0.01810519827130261,-0.21631312255482155,-0.07111657126532311,0.0,15.193543505803916,39.88192567966939,27.537734592736655,24.688382173865477,-26.429908275604248,-26.453285217285156,-26.441596746444702,-0.023376941680908203,0.003771475749090314,-0.0005007757572457194,0.03412987291812897,0.033103201538324356,0.003277350217103958,-0.0019242744892835617,0.033275313675403595,0.033782266080379486,-450.0193944638463,35840.4969872637,0.0010846490040421486,-453.25972610991624,35825.546886918404,0.0010888581164181232,0.04809735715389252,0.006220757029950619,30473.486961212046,18592.30849616836
0.7649248929814878,0.6603507794070681,-0.08251278029970263,-0.0520893613261654,0.46222385258499143,0.44928415485555184,-0.0591658710223375,-0.21187670466774366,4.177936228293333,37.65156066796516,20.914748448129245,33.47362443967182,-26.478021144866943,-26.45322322845459,-26.465622186660767,0.024797916412353516,0.003513490781188011,0.0012651158031076193,0.03437164053320885,0.032476529479026794,0.00376160372979939,-0.0005653849802911282,0.034007664769887924,0.033045027405023575,-411.6152225036456,35829.073426906514,0.0010847939411178231,-431.89666618251727,35823.69892485149,0.0011004434200003743,0.04846462607383728,0.005694301333278418,30478.718999282322,18308.1505109448
0.0,-0.011093713106119344,0.10612176597889883,0.3320621956448767,0.218833403458473,0.03928266728042906,-0.01048669490404841,0.0,11.52824200914938,36.01534163491294,23.77179182203116,24.487099625763562,-26.523640155792236,-26.54895305633545,-26.536296606063843,-0.02531290054321289,-0.0030443682335317135,-0.0022118682973086834,0.03411088511347771,0.03238603100180626,0.003094611456617713,-0.002117473864927888,0.032791368663311005,0.03353050351142883,-444.232156726055,35812.06211547214,0.0011045801220461726,-527.1482911073491,35825.06271127093,0.001079636043868959,0.047813475131988525,0.004853913094848394,30487.52757592152,18907.717449822776
0.9055868076806374,0.9041863338319959,0.8052838202247392,0.3320561927202955,-0.21396121193237416,-0.19832374817008602,-0.4034737926330824,-1.0,13.449737922626184,44.144629071283134,28.79718349695466,30.69489114865695,-26.466059684753418,-26.527223587036133,-26.496641635894775,-0.061163902282714844,-0.003558655735105276,0.0012979835737496614,0.033580344170331955,0.033381085842847824,0.0031292475759983063,0.002092649694532156,0.03413335606455803,0.03233380243182182,-485.47909425189624,35802.61826721177,0.0010660934494808316,-497.08305873092166,35846.90798778479,0.0011066821170970798,0.04753834754228592,0.00727610569447279,30470.730609334983,19258.134414208726
0.01718646018611065,-0.004879076426448818,-0.03411196532789865,0.17222881785599042,0.35340787583246414,0.06809291949946777,-0.10885389899260633,0.0,9.84591406428737,37.54462891941549,23.69527149185143,27.698714855128117,-26.50059700012207,-26.442275047302246,-26.471436023712158,0.05832195281982422,-0.0007147907163016498,0.0036783756222575903,0.032440658658742905,0.03423413261771202,-0.0004151857574470341,-0.0037672552280128,0.033012621104717255,0.034124456346035004,-511.66010537278066,35824.87722290056,0.0010832565603777766,-471.11155863015483,35835.48488321285,0.0010543424868956208,0.04536391422152519,0.005917370319366455,31250.37060190852,17198.46132996806
-0.6028978263769352,-0.36935515080745895,0.37916242665238936,0.39159074180630127,-0.2523349364908274,-0.18122573242496387,0.0017473057710064577,0.0,15.944620538952194,40.03959510783167,27.992107823391933,24.09497456887948,-26.49111032485962,-26.48228645324707,-26.486698389053345,0.008823871612548828,0.0037503978237509727,0.00047166532021947205,0.03423353284597397,0.0325128510594368,-0.0036995115224272013,0.0008682580664753914,0.03375395014882088,0.03307720273733139,-524.5705262667426,35822.56889307656,0.001095977146178484,-469.30553212341607,35824.547448938305,0.0011065158760175109,0.04821693152189255,0.005629606079310179,30478.623735403176,18324.20067082093
0.49834453548180135,0.5546774338695822,-0.10916179106029622,0.024079477025700513,0.3716555438208309,0.44655913120459023,0.14170407504170468,-0.006750737311572164,4.1731593616249825,36.030979409474725,20.102069385549854,31.857820047849742,-26.476571559906006,-26.522891521453857,-26.49973154067993,-0.04631996154785156,0.003556482493877411,-0.0011478139786049724,0.03361683338880539,0.033268194645643234,0.00206766021437943,-0.0031573122832924128,0.032336167991161346,0.034162554889917374,-441.03659551416837,35806.35722481975,0.0010812550317496061,-453.9380773221774,35818.331165342075,0.0010801315074786544,0.04701879993081093,0.008043138310313225,30229.709042346753,20023.35057773456
0.0,-0.024608813305686813,0.3534666276211494,0.47838396976650016,0.2026100003369201,-0.06123261926230317,-0.02824245705643824,0.0,13.519493836653282,37.688915869784864,25.604204853219073,24.169422033131582,-26.477768421173096,-26.502540111541748,-26.490154266357422,-0.024771690368652344,0.0012828063918277621,-0.0035547404550015926,0.03244151175022125,0.03440169245004654,0.0037422666791826487,-0.0004864381335210055,0.033847514539957047,0.03282555937767029,-435.9288432477464,35838.16671143884,0.0011057192459702492,-494.32980496228544,35840.23058233462,0.0010645949514582753,0.045030198991298676,0.008094352670013905,31256.322982926853,17104.79135570492
0.9640848068509221,0.981930292310403,0.7197849482858706,0.21833054091629414,-0.11195706936366812,-0.08702597495905151,-0.40801561120747976,-1.0,10.387233904406344,42.079754322145135,26.23349411327574,31.69252041773879,-26.539700031280518,-26.52773141860962,-26.53371572494507,0.011968612670898438,0.0034487179946154356,0.0014579992275685072,0.03415382653474808,0.03221562132239342,-0.003557013813406229,-0.0012338543310761452,0.034206971526145935,0.032251812517642975,-532.5218816066622,35825.24374796744,0.001078787143342197,-410.4412449487056,35816.1796686148,0.0011046656873077154,0.04824817180633545,0.005394777748733759,30482.320529729997,18239.929144432852
-0.9998442216566866,-0.9840747399125529,0.11260322893380786,0.3940621135593625,0.5651527059201991,0.5332946261166456,0.6542388461852009,0.9603117026519803,10.076938100082543,35.92188667581411,22.999412387948325,25.844948575731564,-26.478700637817383,-26.481239795684814,-26.4799702167511,-0.0025391578674316406,-0.002463167067617178,-0.002845257055014372,0.03399581462144852,0.03286106139421463,0.0028217758517712355,-0.002522108145058155,0.032823722809553146,0.03401017561554909,-474.0915729646624,35824.01513120709,0.0010978274513036013,-411.4845216104619,35800.313377546045,0.0010621600085869431,0.04789385199546814,0.004295601975172758,30981.492854527427,19169.06099915548
-0.04358216018267036,0.15651474095605333,0.7323976506536568,0.29688655271135916,-0.3486981381920487,-0.4088818142262282,-0.14074976355892588,-0.42242487811856666,17.052935261264423,41.19060786270171,29.121771561983067,24.137672601437288,-26.412582397460938,-26.444122791290283,-26.42835259437561,-0.0315403938293457,0.0004411485278978944,-0.003791357856243849,0.032812923192977905,0.034539595246315,-0.00018187756359111518,-0.0038026212714612484,0.0329057052731514,0.03421159088611603,-445.70311879547654,35836.92153596889,0.0010715675307437778,-545.788522148122,35828.70927778846,0.001105111208744347,0.0456252321600914,0.0069359419867396355,31252.910966032003,17148.49477580925
0.011433893410203521,0.024651019169597273,-0.1094550119275697,-0.01812789891248151,0.16950276167121497,0.21091762924362123,0.07853592129142184,0.0,5.2680782841454175,35.75696639169803,20.512522337921723,30.48888810755261,-26.482844352722168,-26.463863849639893,-26.47335410118103,0.01898050308227539,-0.00044439465273171663,-0.0036958707496523857,0.032912131398916245,0.03391926363110542,0.003267336171120405,0.0019363858737051487,0.03441764786839485,0.032533470541238785,-465.2599718503986,35811.8954336723,0.001084660878404975,-445.49446305779594,35806.65368542439,0.0010639234678819776,0.046639733016490936,0.00293231219984591,31237.383028924447,17538.874268526633
0.0,-0.06992862923691814,0.41777532292663866,0.4831054300129528,0.20567248813938713,-0.07801827962804875,0.058528116560910615,0.0,14.919712495604614,40.487737099717606,27.70372479766111,25.568024604112992,-26.510906219482422,-26.523730754852295,-26.51731848716736,-0.012824535369873047,0.0030867308378219604,-0.002149360254406929,0.0329214371740818,0.03369179740548134,-0.0010591009631752968,-0.0036152759566903114,0.03303178399801254,0.03348478674888611,-478.6940248757798,35825.31516309173,0.001082255388610065,-451.96356062154433,35823.258361709515,0.0010682095307856798,0.046250224113464355,0.008373137563467026,30245.1059857022,19263.08667887723
0.9821741935558586,0.9606917115171101,0.6415796083263926,0.05340104291127043,-0.03593433049386646,0.04651192632434731,-0.4725961100685824,-1.0,10.030054642667409,41.43143850312836,25.730746572897885,31.401383860460953,-26.41059637069702,-26.46866798400879,-26.439632177352905,-0.05807161331176758,0.003301348304376006,-0.001882764045149088,0.03347383067011833,0.03391672298312187,0.0033630752004683018,0.0017527092713862658,0.034427084028720856,0.03248576074838638,-520.3384321072007,35827.504606868955,0.0010676148813217878,-460.9170194295885,35818.9492991876,0.0011005762498825788,0.04711812734603882,0.008495918475091457,30248.542330070944,19137.782666171814
-6.105888929188338e-05,0.027432747715147737,-0.01873919199058799,0.14826116216123875,0.3047684346216809,0.0917694787096695,-0.061476239928936804,0.0,9.215228412045292,35.1422545306105,22.178741471327896,25.92702611856521,-26.424310207366943,-26.378905773162842,-26.401607990264893,0.04540443420410156,-0.0022085504606366158,0.0030671535059809685,0.032766323536634445,0.03449873626232147,-0.0036719816271215677,0.0010498854098841548,0.03405880928039551,0.03357728570699692,-397.6375855157573,35827.77441556249,0.001089837634935975,-446.00893053660263,35793.27769063278,0.001061890390701592,0.04527415335178375,0.009461619891226292,31013.88832408844,17828.01145496749
0.48707606682614785,0.6380324305665471,0.7867495386650768,0.22296012483366065,-0.3785877517885692,-0.5142005078318646,-0.3583570010652279,-0.9465887199371736,14.891847355997527,42.364829076573415,28.62833821628547,27.472981720575888,-26.45293951034546,-26.45552396774292,-26.45423173904419,-0.0025844573974609375,0.003273162990808487,0.0019147044513374567,0.0344688706099987,0.032567307353019714,-0.0020328685641288757,-0.0032070353627204895,0.03382987901568413,0.03320975974202156,-420.8590125121406,35831.31309410062,0.0010780146112665534,-537.5101552947965,35821.872670723875,0.0010972762247547507,0.04829675704240799,0.004932811949402094,30487.115840457143,18758.755447219002
0.0,-0.001790032819967432,-0.10620111941985803,0.00464029493013457,0.1610843658526933,0.16762430033448183,0.05027587997640648,0.0,5.615062807977978,37.048726004247186,21.331894406112582,31.433663196269208,-26.397247314453125,-26.434180736541748,-26.415714025497437,-0.03693342208862305,-0.001973080914467573,0.003218248952180147,0.03283417969942093,0.034640830010175705,0.002926136599853635,-0.002422373741865158,0.033064015209674835,0.034135740250349045,-508.70297306234175,35808.68215903719,0.0010734953684732318,-498.8857496211157,35805.554393479164,0.0010671511990949512,0.045861437916755676,0.008427170105278492,31257.231423906498,17104.25099354459
-0.19955949234001327,-0.2856900595721325,0.5478755794666643,0.675194313991237,0.14608338780645633,-0.2894485654566938,0.037180218835926926,0.0,14.876067611164956,39.41787582298673,27.146971717075843,24.541808211821774,-26.36831760406494,-26.394493579864502,-26.38140559196472,-0.026175975799560547,-0.0012609343975782394,0.0036135741975158453,0.03284795954823494,0.034842558205127716,-0.0019652652554214,-0.003279025200754404,0.034021683037281036,0.03349155932664871,-415.07879271632453,35818.21770184938,0.001086774398572743,-469.7983557135133,35817.56957159704,0.001050397171638906,0.045617274940013885,0.008462149649858475,31256.450044664398,17098.99803677958
0.9786889856695501,0.9311919701333078,0.37937323690891045,-0.22153065069016067,-0.12900059069898817,0.1253534967775053,-0.48966790680596994,-0.9531894798115713,9.649866337885783,43.92559180448481,26.787729071185296,34.27572546659903,-26.43543004989624,-26.433427333831787,-26.434428691864014,0.002002716064453125,0.003156463848426938,-0.0020726192742586136,0.033260244876146317,0.033937469124794006,0.003773914184421301,0.0005442138644866645,0.03447718173265457,0.03271220251917839,-471.5296874622519,35824.31086544907,0.0010751737281680107,-408.27549821957734,35812.944611295556,0.0010939553612843156,0.04646698385477066,0.009012957103550434,30250.2725078137,19165.580480230798
-0.011378298950442414,0.030694784793201993,-0.02592833197138389,0.1570932287722797,0.355079321873821,0.0993934427291776,-0.07068995868917594,0.0,11.263256909060289,34.80063699435797,23.03194695170913,23.537380085297684,-26.49786949157715,-26.510262489318848,-26.504065990447998,-0.012392997741699219,-0.0014361664652824402,0.0034619125071913004,0.03237741440534592,0.034314364194869995,0.0003068968071602285,-0.0037502101622521877,0.03248903900384903,0.03411365672945976,-488.08450697207223,35849.25266889811,0.0011084567522630095,-415.3168342489552,35810.06414086792,0.0010679707629606128,0.04515397176146507,0.008190127089619637,31255.85299402433,17099.805228172496
0.6704953135122733,0.7585996011809286,0.8879831973294807,0.4164131824832231,-0.14457472725573517,-0.2748806011082356,-0.4610375364776933,-1.0,14.277674464905658,41.99149386389499,28.134584164400323,27.71381939898933,-26.471118927001953,-26.513972282409668,-26.49254560470581,-0.042853355407714844,-0.0016071152640506625,0.003438508603721857,0.03246529400348663,0.03442755714058876,-0.002503185998648405,-0.0028214522171765566,0.033883318305015564,0.032698988914489746,-477.707591273758,35835.20578034302,0.0010739227291196585,-549.10498894085,35815.71288863337,0.0010937126353383064,0.04502280056476593,0.00905835721641779,31258.470543076866,17129.23548485624
0.008218050980106893,-0.005724677735155214,-0.13432486436159394,0.007156924550765609,0.1568502261309404,0.10498135955230214,0.02221342554326544,0.0,6.242095427919338,35.753110256212125,20.99760284206573,29.511014828292787,-26.61198616027832,-26.722943782806396,-26.66746497154236,-0.11095762252807617,-0.0016311949584633112,-0.003299651201814413,0.033030521124601364,0.032820235937833786,-0.0036629168316721916,0.00020421166846062988,0.03311293572187424,0.031886860728263855,-460.9728198792721,35811.084618912006,0.0010663223220035434,-458.8245178368605,35826.23830963293,0.001069773337803781,0.046770527958869934,0.0035522778052836657,31229.803005633683,18203.32586399872
-0.4791171631233573,-0.5648873529912836,0.3286917132173232,0.560938033726311,-0.020694134723579755,-0.42168177609285173,-0.07054601780881231,0.043187197248112374,18.20014483761065,42.65011550255616,30.425130170083406,24.44997066494551,-26.567728519439697,-26.452782154083252,-26.510255336761475,0.11494636535644531,0.0019240371184423566,-0.0032105972059071064,0.0321514718234539,0.03400518372654915,-0.001190164708532393,-0.003604728262871504,0.03335503861308098,0.03370794281363487,-522.2590062139802,35835.72603559832,0.001109872362576425,-503.2021102959195,35848.707034210966,0.0011085037840530276,0.0448552705347538,0.009549951180815697,30768.767365638458,18036.888512880032
0.9598635835313197,0.8278976331502962,0.18860062739928066,-0.14067930038471843,-0.028213503763380443,0.052861819748443284,-0.7021801541318291,-1.0,10.007006597367194,41.41632878018214,25.711667688774668,31.409322182814947,-25.884604454040527,-25.842597484588623,-25.863600969314575,0.0420069694519043,0.0036063790321350098,0.00178470928221941,0.03680448234081268,0.0347672663629055,0.002827292773872614,0.002936023287475109,0.03667374327778816,0.035256460309028625,-483.72062265973227,35806.40223045622,0.0010657941456884146,-438.73866052790703,35850.34928633574,0.0011155977845191956,0.051911842077970505,0.0057721687480807304,30483.329399443093,18240.12644573696
0.0,0.02588904143380468,0.09332645428758149,0.2602699144223256,0.33709373988368074,0.09721040918620621,-0.04996567115210704,0.0,14.763484309275697,39.64523630809754,27.204360308686617,24.88175199882184,-25.553772449493408,-25.47255039215088,-25.513161420822144,0.0812220573425293,-0.00419413298368454,0.00010626499715726823,0.03793586790561676,0.03642759844660759,-0.0006948764785192907,-0.004182256758213043,0.03702360391616821,0.038046449422836304,-469.471551671458,35822.77892319121,0.0010991031304001808,-431.0919012995428,35833.38756004458,0.0010565802222117782,0.0535290464758873,0.006714301649481058,30474.860608453913,18587.803195529254
0.8709852573689909,0.9585272523232653,0.843048226328164,0.3549954221006415,-0.05512661993802742,-0.1303620344703389,-0.4792431843790156,-1.0,12.863839627828895,43.31340747988702,28.088623553857957,30.449567852058124,-25.684635639190674,-25.862579345703125,-25.7736074924469,-0.17794370651245117,-0.0035181869752705097,0.002180823590606451,0.036313917487859726,0.036949146538972855,0.003461661981418729,0.002141412580385804,0.0368744321167469,0.03487616777420044,-440.1529449670949,35811.59612235962,0.0010907576652243733,-387.9702727154671,35823.32646767917,0.001083141309209168,0.05088317021727562,0.009119153022766113,30254.622744500095,18966.51848771267
0.052124571496579314,-0.027181029809087407,-0.1236033045013092,0.04010730135217738,0.17211365714287663,0.020675022498168993,-0.07931716286154522,0.0,7.204316488301714,33.960575938380686,20.5824462133412,26.75625945007897,-25.848472118377686,-25.89200735092163,-25.870239734649658,-0.04353523254394531,-0.0005577172269113362,-0.003991828300058842,0.035420678555965424,0.03647197410464287,0.003920983523130417,-0.001017657807096839,0.03607327491044998,0.03546039015054703,-410.69784708052816,35824.95455173651,0.0010670007904991508,-437.043178295461,35822.19681570202,0.0010698860278353095,0.05032068118453026,0.003352315630763769,31240.014533167738,17481.564353523176
-0.18285369707825766,-0.25559538965546,0.44261680243862256,0.4926590487173369,-0.2795437930230655,-0.29855281162506275,0.16498414456931765,-0.22791038407576913,13.742702628924775,38.49585051418563,26.119276571555204,24.75314788526086,-26.001594066619873,-26.03870153427124,-26.020147800445557,-0.03710746765136719,0.002966812811791897,0.00268836272880435,0.03610488772392273,0.034516263753175735,0.0018136242870241404,0.003553420305252075,0.03531333804130554,0.035023611038923264,-369.0971272787897,35826.71107380663,0.0010974621400237083,-489.2426388066644,35809.30629685024,0.0010896676685661077,0.05038917809724808,0.004585789516568184,30980.157260743217,19334.168041168658
0.9957206771992382,0.8043255403723936,-0.09130546530591907,-0.17598416890747492,0.41214908554792246,0.4031945555104247,-0.17317955319031875,-0.27076521470515613,6.163561862000449,39.46290898429743,22.81323542314894,33.29934712229698,-26.38637065887451,-26.4416241645813,-26.413997411727905,-0.05525350570678711,0.003222738392651081,0.0019668000750243664,0.03468481823801994,0.0328751802444458,-0.0032097913790494204,-0.0020464591216295958,0.03449339419603348,0.03263022378087044,-473.31996144525294,35839.41738000945,0.001078611589036882,-514.5736103790966,35818.16481083262,0.0010918626794591546,0.048994868993759155,0.005367574747651815,30483.304552973554,18249.080983552063
0.01577095793111312,-0.05288723262844396,0.17381940587387112,0.3922825340338957,0.343637192100806,0.21728556668769156,0.003748285287651143,0.0,13.851308850502107,36.13301411455788,24.992161482529994,22.281705264055773,-26.78612470626831,-26.83446168899536,-26.810293197631836,-0.04833698272705078,-0.00033843019627965987,-0.003636279609054327,0.03170916438102722,0.03282031789422035,0.0005511018098331988,-0.003581367200240493,0.031236255541443825,0.032923389226198196,-568.0471060760375,35833.789415139945,0.0011074338108301163,-505.905625283801,35824.90069703313,0.001080155372619629,0.04459018260240555,0.004286122974008322,31242.73133257197,17317.106355065112
1.0,-0.005242964612788836,0.8106135116352292,0.4987480204037068,0.4242142763703412,0.44871474459537924,0.2972150604225312,-0.057192111400529655,8.013586456032272,43.21871535682462,25.616150906428445,35.205128900792346,-26.78349018096924,-26.809542179107666,-26.796516180038452,-0.026051998138427734,-0.0021630905102938414,-0.0029069839511066675,0.03270144760608673,0.03185497224330902,0.001959699671715498,-0.003080889582633972,0.03128243610262871,0.033057332038879395,-514.2351972972921,35816.268229417,0.001074489438906312,-518.2981256127531,35830.691657159805,0.001089821569621563,0.04599045589566231,0.004067613277584314,30981.394043007484,19496.546624454997
0.01920156685475402,-0.0020307209160825013,-0.06609893163973472,0.021358116043385944,0.18156025085915567,0.07097770308244428,-0.09986293869182206,0.0,10.677425584177115,35.2484898676791,22.962957725928106,24.571064283501983,-26.874146461486816,-26.858220100402832,-26.866183280944824,0.015926361083984375,0.0014557826798409224,0.0032885002437978983,0.03196919336915016,0.03192123770713806,0.000337589270202443,-0.003593823406845331,0.031212611123919487,0.03277525678277016,-489.0849261027911,35819.45720715659,0.001061940216459334,-462.1113265156294,35830.935856301876,0.0010770412627607584,0.04508490115404129,0.0028850622475147247,31234.429903289754,17757.087750077837
0.5058808156248256,0.7559902850857738,0.8552461304488551,0.40397880839383354,-0.08564766993264997,-0.3177775507269144,-0.33317250512059066,-1.0,14.911391063845599,44.09442299960628,29.50290703172594,29.18303193576068,-26.897923946380615,-26.87119483947754,-26.884559392929077,0.026729106903076172,-0.003198205726221204,0.0016912274295464158,0.03169892355799675,0.032012563198804855,-0.001850515604019165,0.003109736368060112,0.03104407712817192,0.032840460538864136,-491.7859809095393,35826.64868464686,0.0011296657612547278,-517.5161783482289,35822.29508388882,0.0010873936116695404,0.044758908450603485,0.007268491201102734,30471.520464670368,19667.71276343239
0.1065485704028278,0.09960783195666609,-0.11008063605496043,-0.0824485334732927,0.1965889497049016,0.15829912701292215,-0.07708689396060131,0.0,7.482016859971338,34.76561701053694,21.12381693525414,27.283600150565604,-26.80203676223755,-26.837735176086426,-26.819885969161987,-0.03569841384887695,0.000987738254480064,-0.0034790162462741137,0.031296197324991226,0.03310265392065048,0.0025718037504702806,-0.0025663296692073345,0.03141240030527115,0.032730452716350555,-461.49123695469655,35842.25703922067,0.0010662799468263984,-574.1248467369406,35819.74458555987,0.0010858271270990372,0.04374424368143082,0.006069386377930641,31251.007600736342,17177.093740354958
0.8938108130914317,-0.17162593183277705,-0.17277697082383459,0.011029520223336342,-0.12039541103386245,-0.5519861298188732,-0.7188008411796847,-0.9748148303319399,15.741527246813689,38.889596127164594,27.315561686989142,23.148068880350905,-26.83523416519165,-26.814720630645752,-26.8249773979187,0.020513534545898438,0.0031729661859571934,-0.0017609503120183945,0.03189467638731003,0.03227963671088219,-0.0023764437064528465,-0.0027592098340392113,0.032703787088394165,0.031613726168870926,-478.43055332160554,35816.69811878458,0.0010887936223298311,-436.45174220721213,35827.996698132236,0.0010725260945037007,0.04506482556462288,0.007373874541372061,30239.10714603709,19504.545561385374
0.9882562042290255,0.9397581204172646,0.6728434964018501,0.2040558595251213,-0.012265146508218028,-0.13078157409506752,-0.5163256852590327,-1.0,11.632920866770633,45.02827360775976,28.330597237265195,33.395352740989125,-26.85847520828247,-26.85840368270874,-26.858439445495605,7.152557373046875e-05,-0.0021243258379399776,-0.0029014339670538902,0.03240412846207619,0.031597379595041275,0.0035099340602755547,-0.0008870050078257918,0.0322854146361351,0.031716447323560715,-531.5771257213171,35818.206259621904,0.0010738595155999064,-589.0055312620805,35833.32093550223,0.0010963688837364316,0.04551488533616066,0.0037080657202750444,31228.665113324012,18831.603062538496
-0.9697534206442582,-0.9800860275436137,-0.8406962415037884,-0.6061632745486002,-0.5313550282980651,-0.4472088100842475,0.7359906010854808,0.9906779632579455,11.849623671971244,34.78136678563803,23.315495228804636,22.931743113666784,-26.676838397979736,-26.73192024230957,-26.704379320144653,-0.055081844329833984,-0.0028320355340838432,-0.0023667726200073957,0.03344358876347542,0.031895123422145844,0.0036409602034837008,0.00031989242415875196,0.033249612897634506,0.03167665749788284,-466.42715450539254,35820.25333996782,0.0010931333526968956,-568.6341608096608,35831.69110269845,0.0010814267443493009,0.04715821146965027,0.004601418972015381,30733.18455040214,18940.328429181674
0.8215430526986254,0.8390870415053735,0.9431567755697142,0.43711295890352264,-0.004531039366206191,0.023343585963838454,-0.30738583438719547,-1.0,14.162298997735775,43.812388612674056,28.987343805204915,29.65008961493828,-26.722145080566406,-26.674559116363525,-26.698352098464966,0.04758596420288086,-0.003080254653468728,-0.0020151231437921524,0.03337844833731651,0.031613584607839584,-0.0029515011701732874,-0.0022571708541363478,0.03350374475121498,0.03184676170349121,-483.65033558614135,35826.753496186015,0.001103495596908033,-468.78365735374945,35812.894996909556,0.00108613190241158,0.04679412394762039,0.00475315423682332,30487.535099094668,19072.365975866946
-0.9422574389972034,-0.9476735638302292,-0.976522222817838,-0.6846947980382311,-0.3658765432213513,0.6938999783726897,0.7590543159766636,0.965087015718874,3.681474031636128,35.86517829510359,19.77332616336986,32.18370426346746,-26.708884239196777,-26.709299087524414,-26.709091663360596,-0.00041484832763671875,-0.0026673777028918266,-0.002447368111461401,0.03322993218898773,0.031878840178251266,-0.001312839682213962,-0.0034379048738628626,0.03248355910181999,0.03262919560074806,-479.6478822970921,35838.04241378054,0.0010793170658871531,-435.4684672091822,35835.02956404439,0.0010862553026527166,0.04690580070018768,0.004917125683277845,30486.734505240736,18445.965142632096
-1.0,-0.959016828993045,-0.2692038266844228,0.24680773287117105,0.23968510691140732,-0.2559639845241857,-0.10641321560763928,0.30967253720340593,17.548724124965617,39.738601259983824,28.64366269247472,22.189877135018207,-26.626756191253662,-26.67250633239746,-26.64963126182556,-0.04575014114379883,-0.0011151526123285294,-0.003549532499164343,0.03267108276486397,0.03306179121136665,0.0014006965793669224,-0.003423656802624464,0.031716786324977875,0.033643752336502075,-492.6736529664825,35824.441392765046,0.00107978330925107,-458.1759726568252,35837.36151037432,0.0010949232382699847,0.04586879163980484,0.003391173668205738,31241.715153661058,17415.007468376716
0.9633348498267503,1.0,0.3981935509145186,0.05620387555138376,0.20931618688264092,-0.00997754670618689,-0.603031922417116,-1.0,8.653042905960433,44.52064554820214,26.586844227081286,35.86760264224171,-26.688616275787354,-26.646463871002197,-26.667540073394775,0.04215240478515625,0.0013204144779592752,0.0034134085290133953,0.03256729990243912,0.03270396962761879,0.0006116862641647458,-0.003664228832349181,0.031898364424705505,0.033662643283605576,-381.2130768484457,35815.258977025514,0.0010896140011027455,-476.86727184398956,35798.794531791136,0.0010777679271996021,0.04575290158390999,0.0029570376500487328,31232.30109115214,17769.204828842176
0.0,-0.018425453638703657,-0.02300087161678535,0.17893556590135873,0.28639724478620304,0.13878171922741211,-0.06812071793386376,0.0,13.467123617432321,33.98794928140828,23.7275364494203,20.520825663975955,-26.761608123779297,-26.766152381896973,-26.763880252838135,-0.004544258117675781,0.0016576314810663462,-0.0032545519061386585,0.03141264617443085,0.03328292816877365,0.0005279027973301709,-0.003604352939873934,0.03149370849132538,0.03317408263683319,-466.13619482551377,35848.18597235619,0.0010914758313447237,-499.83979688606763,35809.79322107559,0.0010738030541688204,0.04366146773099899,0.008798000402748585,31257.771970432972,17216.890709870797
0.9095592995950152,0.9330436313631609,0.6926457781418416,0.3537094845375364,-0.0704407949736447,-0.19566881541297093,-0.2977288416512036,-1.0,11.933438907829725,43.559466100036644,27.746452503933185,31.62602719220692,-26.727473735809326,-26.77983522415161,-26.75365447998047,-0.052361488342285156,-0.0036282618530094624,0.000599168473854661,0.03292403742671013,0.032046299427747726,-0.0012905586045235395,0.0034193722531199455,0.031330253928899765,0.033227648586034775,-437.0427092118198,35825.44826046659,0.0010987815912812948,-507.88277360890953,35837.36506005272,0.0010922328801825643,0.04679729789495468,0.006370109040290117,30471.60046977392,18755.589112045487
0.06688270593796411,-0.010370637462313833,-0.05837340699810484,0.1328464778171316,0.22147414404637167,0.038704792159186985,-0.09750266862246026,0.0,10.052261290806541,37.536632050651775,23.794446670729158,27.484370759845234,-26.793997287750244,-26.7604398727417,-26.77721858024597,0.03355741500854492,-0.0019368627108633518,0.0030606440268456936,0.031366318464279175,0.03309411182999611,0.003369466867297888,0.0014251591637730598,0.033306922763586044,0.03139552101492882,-405.8109076118126,35813.23068363548,0.001081955968402326,-547.9885216994151,35797.424424809964,0.0010742713930085301,0.04328804090619087,0.008606328628957272,31257.889691074473,17191.604695486305
0.24784612448049154,0.19929641074682442,0.7419011589335216,0.6558881170541186,-0.15908921844888763,-0.5040877263115322,0.1041336418543587,-0.1981464963050631,14.333954636857698,40.46147074844444,27.39771269265107,26.127516111586743,-26.69832706451416,-26.69966697692871,-26.698997020721436,-0.0013399124145507812,0.0034311311319470406,0.001369399600662291,0.03354679048061371,0.03161883354187012,0.003634098917245865,-0.0006406925967894495,0.0330205000936985,0.03215828165411949,-484.85008083070085,35844.386330253314,0.0010939794592559338,-509.9558833004185,35819.736806693014,0.0011109893675893545,0.047263409942388535,0.005133284721523523,30483.60504152285,18290.84540334359
-0.6663562978403252,-0.8916820625838814,-0.969859642780316,-0.7567532189121976,-0.2131806276800332,-0.007157695247701823,0.7741398187909558,0.97907568256291,8.343595018116531,39.19947837858078,23.771536698348655,30.855883360464247,-26.628272533416748,-26.661453247070312,-26.64486289024353,-0.03318071365356445,-0.002948337234556675,-0.0021898080594837666,0.033660802990198135,0.032047271728515625,-0.001431687269359827,-0.0034202358219772577,0.03271990641951561,0.03275182843208313,-555.7445791241395,35828.092391260354,0.0010807188227772713,-465.6805653594293,35842.42903658297,0.0010980007937178016,0.047698307782411575,0.005053529515862465,30486.14370731878,18365.45507274088
0.0,-0.023455011119952376,0.1905484404942549,0.3129593793333492,0.2019530582920122,-0.004904687807050112,0.03193444407113588,0.0,13.954346009296614,38.74109002215772,26.347718015727168,24.786744012861107,-26.613552570343018,-26.65029525756836,-26.63192391395569,-0.0367426872253418,0.0031719007529318333,-0.0019475281005725265,0.032636117190122604,0.033196017146110535,0.002096658106893301,0.0030548153445124626,0.03315030038356781,0.032402172684669495,-442.10604029155076,35807.30819163156,0.0010754310060292482,-457.25073865967096,35819.0213751662,0.0010714845266193151,0.045666150748729706,0.008124629966914654,30251.978685645245,19033.667906734263
0.9294187564790466,0.9576961224073967,0.7788783196141869,0.28571761349888025,-0.09830266113649344,-0.11856895032448844,-0.4082297367023203,-1.0,12.015173656689797,43.76377171201594,27.889472684352867,31.74859805532614,-26.716525554656982,-26.70142889022827,-26.708977222442627,0.015096664428710938,-0.00021779975213576108,0.0036680446937680244,0.03176029771566391,0.033280983567237854,0.0036930253263562918,-0.00023577090178150684,0.03318808972835541,0.031970541924238205,-519.2578540562336,35831.28724498129,0.001072225859388709,-401.23661637885795,35824.11117104822,0.001110043958760798,0.04470531642436981,0.005043439567089081,31247.502034052442,17245.740625709048
0.004657381163602136,-0.007282471990834254,-0.06933421669001155,0.15029856477167935,0.3244799337301035,0.03888517541712749,-0.12043573386618367,0.0,11.61928945268653,38.109782670099236,24.864536061392883,26.490493217412705,-26.72156572341919,-26.722331047058105,-26.721948385238647,-0.0007653236389160156,0.00115583639126271,-0.003465451765805483,0.03156684339046478,0.03342994302511215,0.0011486136354506016,0.003488732734695077,0.03234826400876045,0.03266643360257149,-535.8069968744736,35837.67027132571,0.0010937663028016686,-404.47939639387914,35834.65666543095,0.0010598546359688044,0.04417901858687401,0.007239627651870251,31254.26737371018,17126.799233323585
0.15956125651343056,0.43466998697691756,0.8179198161787521,0.42911129569420486,-0.2703311440421341,-0.3251449827826707,-0.5669178437426143,-0.7429330970725168,18.55434351015333,43.91784152416125,31.23609251715729,25.363498014007916,-26.579174995422363,-26.615586280822754,-26.59738063812256,-0.036411285400390625,-0.0034334948286414146,-0.0015056238044053316,0.034011151641607285,0.03205407038331032,-0.0035729301162064075,-0.0010711213108152151,0.033853378146886826,0.03193681687116623,-480.05189288003845,35806.07839911827,0.0010855819564312696,-467.28042945522213,35813.401934823196,0.0010881460038945079,0.04752190411090851,0.005012353416532278,30485.753479116043,18428.893842948113
0.48158859759452044,0.46775724236573724,-0.09578886789769694,-0.11866525471151734,0.42464257128539734,0.4421845005391085,0.033896911887404624,-0.02417653508888129,7.973464466535717,39.865629091869465,23.91954677920259,31.89216462533375,-26.591269969940186,-26.565241813659668,-26.578255891799927,0.026028156280517578,-0.0016255725640803576,-0.003305903635919094,0.03309937193989754,0.0329093299806118,-0.002145410282537341,-0.0030726147815585136,0.0334930419921875,0.032703425735235214,-440.1787359012474,35825.76639638609,0.0010808233637362719,-426.06888491386843,35816.250166652455,0.0010911274002864957,0.04688263684511185,0.0034725922159850597,31231.644224621108,18048.41644707418
-0.15910360838432416,-0.157675255458113,0.04068126225021193,0.46056894839920953,0.20389499564542563,-0.028481319610354272,-0.06999270937366198,0.0,16.23146286790484,38.78628110004297,27.508871983973904,22.554818232138132,-26.62774085998535,-26.618776321411133,-26.623258590698242,0.00896453857421875,0.0024011002387851477,-0.0028370339423418045,0.03208145499229431,0.033627334982156754,-0.00039038906106725335,0.0036969389766454697,0.03206659480929375,0.0337081104516983,-456.3526487359085,35839.26359419057,0.001109059900045395,-474.86834365251934,35829.217816502314,0.001068823505192995,0.0447319820523262,0.0093107670545578,30519.046380738717,18377.37418969087
0.9679799038308419,0.9470073211898115,0.7406963540319254,0.310281226569415,-0.005999632920796527,-0.2849817844406632,-0.4408415769605718,-1.0,11.714159393756802,43.90941296213805,27.811786177947425,32.19525356838125,-26.53017520904541,-26.59316062927246,-26.561667919158936,-0.06298542022705078,-0.0018413318321108818,-0.003282762598246336,0.033446669578552246,0.033020805567502975,0.0037296221125870943,0.0002824191760737449,0.03378298133611679,0.03218585625290871,-453.86899909897903,35792.84830976903,0.00106551474891603,-523.1992457812212,35831.84641061299,0.0010962160304188728,0.047026924788951874,0.0031933009158819914,31230.72096202363,17907.226115959154
0.009144334473117662,-0.018073405562864624,-0.032783394376303426,0.13212528603391988,0.22616542940569156,0.12425768913945934,0.017983041475070793,0.0,8.452295937423116,31.980562361112277,20.216429149267697,23.52826642368916,-26.5487003326416,-26.51677370071411,-26.532737016677856,0.031926631927490234,-0.0015124769415706396,-0.0034023087937384844,0.03319427743554115,0.033136602491140366,0.00274342461489141,0.0025445297360420227,0.033999621868133545,0.03255942091345787,-492.54656770848334,35811.91581234545,0.0010843523778021336,-482.5191439628702,35803.961288756145,0.0010663060238584876,0.046842172741889954,0.0032486487179994583,31231.599780406817,17869.11136664242
0.6973084396731821,0.7027829627348259,1.0,0.45909065876231947,-0.12593607645754396,-0.2925821168294008,-0.41307188214067553,-1.0,12.365793973201221,40.61307518303781,26.489434578119514,28.247281209836586,-26.590042114257812,-26.614322662353516,-26.602182388305664,-0.024280548095703125,-0.0029111537151038647,-0.0023246128112077713,0.033804066479206085,0.032189905643463135,0.003542138496413827,0.0011852988973259926,0.03386551886796951,0.0319332629442215,-451.3684704653797,35842.38027498807,0.0011006873100996017,-481.3541553976202,35837.126267313135,0.00110803940333426,0.04734063148498535,0.004629212431609631,30733.387523486537,19254.36013126275
0.6031320676289846,0.5628444302844574,-0.09364174361619432,-0.11075941532220868,0.14873330722853062,0.4706836197533143,-0.06007514590996377,-0.1214142028391001,9.256561389974593,43.41575833709854,26.336159863536565,34.159196947123945,-26.491169929504395,-26.546800136566162,-26.51898503303528,-0.05563020706176758,0.0007055149180814624,-0.003670044708997011,0.0324917770922184,0.03425776958465576,0.002664347179234028,-0.0026376445312052965,0.0324949249625206,0.033834148198366165,-537.5081425829685,35800.7397641341,0.001059687347151339,-478.4745221048162,35838.94411826534,0.0010914383456110954,0.045782748609781265,0.005622339900583029,31249.595247720787,17219.939031241465
-0.0949454835586685,-0.045334394708139006,0.3003989294766506,0.5655441480116229,0.40337334781198164,0.058574314959702334,-0.022940865494301965,0.0,15.414845991367713,40.49006594360739,27.952455967487552,25.075219952239678,-26.562423706054688,-26.53677225112915,-26.54959797859192,0.02565145492553711,0.0012985330540686846,-0.0035196030512452126,0.03212243691086769,0.034071214497089386,-0.0035733324475586414,0.0011749564437195659,0.03337564691901207,0.03304183855652809,-502.941969515667,35819.50674324295,0.0011022273683920503,-499.403694667122,35816.979160120456,0.0010584995616227388,0.04467480629682541,0.008468410931527615,31257.315140822506,17104.399231936382
0.919517041007145,1.0,0.6795472962200719,0.23344638999200817,-0.04267420845740777,-0.12999141110292267,-0.5571051785463963,-1.0,7.8583167092875215,40.223545608518066,24.040931158902794,32.365228899230544,-26.64630651473999,-26.656863689422607,-26.6515851020813,-0.010557174682617188,0.0030713905580341816,0.0020288575906306505,0.033655233681201935,0.03191135451197624,-0.0037012076936662197,0.000317136466037482,0.03332339599728584,0.032172273844480515,-458.7917943367889,35825.710180737675,0.001074235886335373,-438.9457841693399,35828.73692171928,0.0010969256982207298,0.04737158864736557,0.005086136050522327,30485.209655138904,18284.59656519548
0.02191185064098316,-0.00924054674356589,-0.05280095849803912,0.028457338556024503,0.221547504157116,0.044634165208747134,-0.13301756619648109,0.0,12.460382224749651,37.19048930610211,24.82543576542588,24.730107081352457,-26.67409896850586,-26.720452308654785,-26.697275638580322,-0.04635334014892578,0.0008337831823155284,-0.0035889712162315845,0.03176705539226532,0.03358614817261696,-0.0019225927535444498,-0.003131940495222807,0.03279005363583565,0.032237011939287186,-482.01653098553425,35813.4473586105,0.0010704053565859795,-429.39938542716703,35825.44353934045,0.0010772348614409566,0.044732771813869476,0.006721407640725374,31252.977737738445,17152.08418743519
0.625764779688901,0.7925187189486763,0.8742369995141918,0.5285318179231978,-0.021953497808312628,-0.21620854678947526,-0.38780417995450145,-1.0,12.03525560993964,40.1686684954974,26.10196205271852,28.13341288555776,-26.55679225921631,-26.538615226745605,-26.547703742980957,0.018177032470703125,0.0024478407576680183,-0.0028238478116691113,0.03235849365592003,0.0338909737765789,-0.0032024970278143883,0.0019735347013920546,0.03291008993983269,0.033491477370262146,-440.4040657516786,35830.011083631674,0.0011129098711535335,-521.2094454111519,35837.57523042174,0.00109209178481251,0.04477693513035774,0.009581152349710464,30522.336199550868,18642.402323259208
0.09605336807404782,0.08748414392733253,-0.10640817254845802,-0.08666709808867684,0.1419228577538556,0.03701302726893063,-0.0540090509002471,0.0,9.323261126842567,40.55582354727795,24.93954233706026,31.232562420435386,-26.64483070373535,-26.653709411621094,-26.649270057678223,-0.008878707885742188,0.0036718992050737143,-0.00012396973033901304,0.03342777118086815,0.03216176852583885,-0.003530090907588601,0.0011452522594481707,0.03293682634830475,0.032592397183179855,-389.01632722780863,35807.384744538045,0.0010553329484537244,-533.1210308257322,35829.39819557235,0.0010782408062368631,0.04697038233280182,0.006265982519835234,30473.524259114583,18676.959871753217
-0.0882654445263136,-0.07248088822046216,0.1174189079518905,0.4481170543151513,0.28988069312837256,-0.01119379978046453,0.10936161939128153,0.0,16.72411757933287,38.50548333273076,27.614800456031816,21.781365753397893,-26.568279266357422,-26.622262001037598,-26.59527063369751,-0.05398273468017578,0.0024701370857656,0.0028111368883401155,0.03366216644644737,0.032506220042705536,-0.0017723840428516269,-0.003276648698374629,0.0330645926296711,0.03270214423537254,-513.6718437727958,35821.90684063374,0.0011067786253988743,-459.21371377049906,35812.05883148342,0.0010650549083948135,0.04737694561481476,0.0037457565777003765,31229.158283907225,18530.291889666627
0.974958061052598,0.9122252344955374,0.6791184467452767,0.22828738161776352,-0.00884105963295051,-0.15013324205156514,-0.5762717354057295,-1.0,10.422250686850077,43.98788935597213,27.205070021411103,33.56563866912205,-26.534881591796875,-26.534607410430908,-26.53474450111389,0.0002741813659667969,0.003256541909649968,0.0018178276950493455,0.03413035348057747,0.03228035569190979,-0.0016721243737265468,0.003381316550076008,0.032234080135822296,0.03417143225669861,-446.9926790463052,35818.88886204942,0.00107176648452878,-567.1790008633301,35840.878990350546,0.001089463010430336,0.04782456159591675,0.005212515126913786,30483.978685794424,18273.413019178934
-0.004144580682920638,0.0003554858040870269,-0.1517644851283369,-0.2713000143095505,-0.3087432676920415,-0.4693580032422992,-0.7355935968503594,0.0,12.968253966953,43.45284858068676,28.21055127381988,30.484594613733762,-26.53553009033203,-26.494321823120117,-26.514925956726074,0.04120826721191406,-0.0034643514081835747,-0.0014040031237527728,0.03416603431105614,0.03223646059632301,0.0002936013916041702,0.003283911384642124,0.032811447978019714,0.03397334739565849,-481.9176388204202,35800.36091965258,0.0010706165339797735,-370.6965337165471,35748.13289907885,0.0011712430277839303,0.048214804381132126,0.005374455824494362,30482.28671673986,18283.427672135447
0.8143462911899946,0.8079981014127654,0.9256065507356837,0.21412271127186067,-0.2041448597148877,0.0008783240237821843,-0.27619767199179535,-1.0,14.007569180363333,42.29847197778034,28.153020579071836,28.290902797417004,-26.33836269378662,-26.08952522277832,-26.21394395828247,0.24883747100830078,0.0033905599266290665,-0.0018271964509040117,0.03379656374454498,0.03415508568286896,0.00394325889647007,-0.0004800328752025962,0.03551133722066879,0.03440641984343529,-508.36240302444276,35822.39685195652,0.0011038931552320719,-444.8294989966934,35812.27876377587,0.0010873345891013741,0.04777560383081436,0.007932075299322605,30241.53480609006,19382.278326318836
0.08307030341140392,0.06986699757493788,-0.1319755957795575,0.11901396195108443,0.37712228145855287,0.24323544294487753,0.14268086963756832,0.0,9.48543928220758,40.69099596303613,25.088217622621855,31.20555668082855,-24.69001531600952,-24.645662307739258,-24.66783881187439,0.04435300827026367,0.0036282045766711235,-0.0027948967181146145,0.04052633419632912,0.04162789136171341,-0.0035468353889882565,-0.0030461465939879417,0.04224823787808418,0.04030298814177513,-343.56693349856886,35825.859959454974,0.0010484923841431737,-366.22017288961706,35821.40114528615,0.0010573375038802624,0.055859461426734924,0.011551079340279102,30514.27615228488,18566.324035752834
-0.14073099828201577,-0.10871158881124568,0.21067359493155235,0.2529095706212385,0.10602697234067476,-0.15773766176129178,-0.10204923126735588,0.0,16.118656105148375,39.344920289208716,27.731788197178545,23.22626418406034,-24.6816086769104,-24.646389484405518,-24.66399908065796,0.03521919250488281,-0.002668456407263875,0.00382406497374177,0.0400099977850914,0.04219333082437515,-0.004190867766737938,-0.002090306021273136,0.042470235377550125,0.040060900151729584,-337.03917395121755,35840.03934321691,0.0010975335026159883,-261.5228783360128,35825.24015062699,0.001061845337972045,0.05617064982652664,0.011932140216231346,30768.828800331386,18090.776283767762
0.8731806339515786,1.0,0.13708200045965216,-0.2333949541532082,0.24135849008325783,0.07147025312800936,-0.6975293529259093,-1.0,8.595232182753989,37.54815453572681,23.0716933592404,28.95292235297282,-24.573838710784912,-24.546661376953125,-24.56025004386902,0.02717733383178711,0.004611465614289045,0.0009098458685912192,0.04274335131049156,0.040487419813871384,-0.004697781056165695,-0.0006662086816504598,0.04284859821200371,0.040641117841005325,-290.0158317718599,35825.8919024666,0.0010732605587691069,-299.7125052269777,35794.89452095333,0.001058188616298139,0.06000400334596634,0.007189602125436068,30476.854367224427,18353.94461011155
0.0,-0.0031957705647355818,0.041005647173191745,0.1825504974752327,0.21911182452983463,0.1004804414019353,-0.07467018732571318,0.0,10.664027350617062,33.32567229304669,21.994849821831878,22.661644942429632,-24.53218936920166,-24.590964317321777,-24.56157684326172,-0.05877494812011719,0.0023739845491945744,-0.004074642434716225,0.040645357221364975,0.04298429936170578,-0.0038777897134423256,-0.002632581628859043,0.042644012719392776,0.04042413830757141,-303.9788216759772,35839.41683452648,0.0010626261355355382,-416.03937336420717,35809.03125290984,0.001069338759407401,0.056330300867557526,0.01142364926636219,31258.64810240867,17190.488164948296
0.7899716917269904,0.9676021772781931,0.2621046361462436,-0.12022718779063161,-0.28536740792280035,0.1656985724430894,0.13645220219873078,-0.6472774536589853,10.419904470078194,40.64597130274896,25.532937886413578,30.226066832670767,-24.572324752807617,-24.523067474365234,-24.547696113586426,0.04925727844238281,0.00352560100145638,-0.0030983728356659412,0.0409197099506855,0.04234480857849121,0.0041221873834729195,0.0023514986969530582,0.04305408522486687,0.0406591035425663,-302.47826806702767,35822.06283789842,0.001097528962418437,-283.9317124106688,35829.74310487248,0.0010760693112388253,0.05711741745471954,0.011785757727921009,30272.25056080919,19115.423452024115
0.08546754435086527,-0.014330340987575598,-0.037478759023906766,0.11933217531954704,0.1661864616803353,0.05570728015369408,-0.04790827685340371,0.0,7.639321210855542,37.06375977523547,22.351540493045505,29.424438564379926,-24.53002691268921,-24.524047374725342,-24.527037143707275,0.0059795379638671875,-0.0011635595001280308,-0.004564324393868446,0.04146944731473923,0.04221119359135628,-8.692779374541715e-05,-0.004741689655929804,0.04099651798605919,0.04272395744919777,-316.74868879202603,35807.014584524986,0.001061163144186139,-401.3634196507486,35811.99763334434,0.001066235825419426,0.058210667222738266,0.0035502652171999216,31236.75756246279,17598.55887425452
0.4760907311722842,0.4517173799929826,0.8733938802110162,0.700471402555386,-0.08399842580591368,-0.572413953943411,0.1718246183921407,-0.15141207977638993,14.772005856216992,40.7551637244776,27.763584790347295,25.983157868260605,-24.40037488937378,-24.488210678100586,-24.444292783737183,-0.08783578872680664,-0.0007095985347405076,-0.004745030775666237,0.04185430333018303,0.04307742789387703,0.0031459261663258076,0.0035759122110903263,0.04277588427066803,0.04129549860954285,-351.4095015796054,35843.04729843516,0.0010765672195702791,-400.27719045980757,35829.93100464999,0.0011049257591366768,0.05885317176580429,0.005178007297217846,31242.466404276725,17340.465864819882
0.2230609401414699,0.0012903753896681852,-0.0833906936645304,-0.1619481206675044,0.23139586607912788,0.45656946211810906,0.015362097759774263,0.0,9.456064231877576,38.04661155835677,23.751337895117175,28.590547326479196,-24.427378177642822,-24.382290840148926,-24.404834508895874,0.045087337493896484,-0.004631081596016884,0.0011231916723772883,0.04273853078484535,0.041936542838811874,-0.0042103361338377,-0.002350573195144534,0.04376402124762535,0.04131674766540527,-326.1347225203856,35839.176677982614,0.001081062015146017,-333.56813228467934,35824.44069235198,0.0010683294385671616,0.05999790132045746,0.0088943587616086,30471.2995324675,19170.685898066444
0.0,0.005506041080287429,0.1556031185560644,0.2783841854027419,0.19964742313806172,0.0627266871241764,0.12413332859460313,0.0,10.037077804684174,38.57685095654418,24.306964380614176,28.539773151860004,-24.454960823059082,-24.489572048187256,-24.47226643562317,-0.03461122512817383,0.0034465263597667217,-0.0032718321308493614,0.04140196368098259,0.0429932065308094,0.004713708534836769,-0.0006351338233798742,0.04266992211341858,0.0413922518491745,-377.4396375246753,35819.390467758894,0.0010763738537207246,-342.0850441086486,35815.35957097419,0.0010587527649477124,0.05726093053817749,0.012071682140231133,30519.592529962985,18465.621879798407
0.960568826329669,0.9699504281884863,0.7356292550087118,0.10719242637482011,-0.16349514432016943,-0.09684784437826255,-0.4420487416003943,-1.0,13.459528372674129,43.177055125362585,28.318291749018357,29.717526752688457,-24.50211763381958,-24.53956365585327,-24.520840644836426,-0.037446022033691406,-0.004351173527538776,0.0018480655271559954,0.04198405146598816,0.04196898266673088,0.002961314283311367,-0.0037018030416220427,0.04074455797672272,0.04281781241297722,-410.28607942822896,35827.32119283691,0.0010436907177791,-329.718867492647,35837.18407135005,0.0011054243659600616,0.059695906937122345,0.009459479711949825,30233.48057791043,19859.34302570394
0.006788168680348839,-0.013863439302107513,-0.045335813692107305,0.11675920094339537,0.26397674239836755,0.009659619416014786,-0.08447272612912138,0.0,9.804764488229694,36.46647352899987,23.135619008614782,26.661709040770177,-24.472157955169678,-24.41371440887451,-24.442936182022095,0.058443546295166016,-0.001597195048816502,-0.004461735486984253,0.0419766791164875,0.04226646572351456,0.0015237033367156982,-0.00455931480973959,0.04113810509443283,0.04363346844911575,-296.2599830258023,35831.117784537855,0.0010763929458335042,-275.8512296181332,35805.253986681826,0.0010331847006455064,0.058880019932985306,0.0036485115997493267,31235.024587266027,17672.82531978684
-0.11313585332184624,0.010203660259020822,0.38327155224387466,0.36744390857274534,0.1371057264746247,0.16427119014919067,0.005579107535008565,0.0,14.41993619498416,38.55765849770097,26.488797346342565,24.13772230271681,-24.430923461914062,-24.437100887298584,-24.434012174606323,-0.006177425384521484,0.004540107678622007,0.0014946076553314924,0.04354577139019966,0.04106017202138901,-0.0027015777304768562,-0.003960911184549332,0.04276559129357338,0.04180924594402313,-348.0186297206816,35842.34271438179,0.001079597044736147,-358.6552502815503,35817.3218920957,0.0010927611729130149,0.06113746762275696,0.006785188335925341,30482.344820401664,18256.50468704005
0.5252710652295896,0.5028256599813266,-0.0957978884771017,0.0017454158009201914,0.3825905493587289,0.3823046220428006,0.09557626354151982,0.0,7.011880410167549,38.482279929916785,22.747080170042167,31.470399519749236,-24.394032955169678,-24.397141933441162,-24.39558744430542,-0.003108978271484375,0.004295653197914362,-0.0020516703370958567,0.04240749776363373,0.04259946569800377,-0.0010546690318733454,0.004692515823990107,0.04127856716513634,0.04365911707282066,-329.7274744462918,35826.0186421038,0.0010666559683158994,-351.1627585015009,35833.42228114022,0.0010822531767189503,0.05956120789051056,0.01075010560452938,30247.22217312787,19187.01028777354
0.9842083661049438,0.9540622124810896,0.9178500971663346,0.9800738470521227,0.7998139805423087,0.49965006219396285,0.22418363431129618,-1.0,10.917248366911622,35.850623353303945,23.383935860107783,24.933374986392323,-23.887028694152832,-23.818132877349854,-23.852580785751343,0.06889581680297852,0.0022354931570589542,0.0045761181972920895,0.04518508538603783,0.04492614418268204,-0.0037915650755167007,-0.0034808055497705936,0.046404723078012466,0.04440082237124443,-250.1963179969843,35822.65334292674,0.0010861726477742195,-363.2179256811055,35800.9357100831,0.0010505215032026172,0.06316109001636505,0.003957025241106749,31232.22620570998,17754.130866694366
1.0,0.9526921073625974,0.7137956985653512,0.2944539069219817,-0.0008848144563438631,-0.20769100935852491,-0.48391607901456035,-1.0,9.373445165009002,40.69827094279927,25.035858053904136,31.324825777790267,-23.812289237976074,-23.817942142486572,-23.815115690231323,-0.005652904510498047,0.005109479650855064,-0.0003154714941047132,0.046273428946733475,0.04460357129573822,0.005071330815553665,0.000934161595068872,0.04663240909576416,0.04416259378194809,-325.4884118842229,35826.62658920127,0.001045134151354432,-354.4171514861204,35816.61622055899,0.0010767440544441342,0.06517016887664795,0.008620284497737885,30473.31244246317,18672.97072242591
0.05473858114515476,-0.018743611452171776,0.00038862803192940554,0.12603822790178848,0.17851980650137506,0.0995282302282714,-0.029232399591654912,0.0,9.286452970532679,33.46100145147432,21.373727211003498,24.174548480941638,-23.939759731292725,-23.96019697189331,-23.949978351593018,-0.020437240600585938,-0.004511784762144089,0.00223959656432271,0.044643335044384,0.04492523893713951,0.005026168655604124,0.00038085831329226494,0.04573717340826988,0.04359390586614609,-385.8150048819231,35825.94001259941,0.0010588511358946562,-313.4870719982921,35829.23437667076,0.0010671219788491726,0.06273865699768066,0.01097097061574459,30242.666724712715,19346.35318770369
0.900178738147918,0.9429902070402072,0.94021803901754,0.46666877585587707,0.057858258469977886,-0.07336762467185198,-0.2511246012096111,-1.0,13.450437811634629,42.04806106965421,27.74924944064442,28.59762325801958,-23.841848373413086,-23.863959312438965,-23.852903842926025,-0.022110939025878906,-0.003880974603816867,0.003351486288011074,0.04451972246170044,0.04604797810316086,-0.003133863676339388,-0.0040411436930298805,0.04582669958472252,0.04451418295502663,-296.0892076245198,35814.814827897244,0.0010795474518090487,-337.166838571542,35808.17658974752,0.0010590970050543547,0.06207060068845749,0.012388791888952255,30258.716927559755,19161.659703634603
0.06120229305505631,0.06058286776847636,-0.11313767833073515,-0.16413499455513345,0.08343646753795231,0.21561681984439063,-0.0449227242996183,0.0,5.609771025153407,38.306614737761066,21.958192881457236,32.69684371260766,-23.874900341033936,-23.883349895477295,-23.879125118255615,-0.008449554443359375,0.003438757499679923,-0.003705829381942749,0.04415258765220642,0.046069566160440445,0.004997667856514454,-0.0010468086693435907,0.04557918384671211,0.04456362873315811,-324.59486760201753,35836.74628830285,0.0010616680374369025,-262.3274530512548,35815.044228384395,0.0010594648774713278,0.06117774546146393,0.013083218596875668,31016.098098283273,17814.05336634723
-0.08555598981546891,0.006524571648446956,0.3437499481114594,0.4935978355128408,0.25886249945526996,-0.08213430263360039,0.03183674397512626,0.0,13.759992125534922,39.53026439994059,26.645128262737757,25.77027227440567,-23.965229988098145,-23.965036869049072,-23.96513342857361,0.00019311904907226562,0.001677385764196515,0.004764156881719828,0.04447434842586517,0.04482848197221756,-0.004831354133784771,0.0015081950696185231,0.0449204295873642,0.04438231885433197,-316.62234271315396,35846.27103597349,0.0011010377202183008,-249.1325133162376,35820.70637917404,0.001032456522807479,0.06237754225730896,0.003917135763913393,31237.600665136953,17533.799545837282
0.9745473661784536,0.9527388424427046,0.4651867745802815,0.018123934489027743,0.13708148893212607,0.17330243940464873,-0.722000703514368,-0.8737834000020106,8.078506847909125,38.239133802643806,23.158820325276466,30.16062695473468,-23.925504684448242,-23.9394474029541,-23.932476043701172,-0.013942718505859375,-0.00487937219440937,0.0013296169927343726,0.045219797641038895,0.04449203982949257,-0.004940305836498737,-0.0011477963998913765,0.046029336750507355,0.04350338876247406,-310.00196102479913,35807.949667323584,0.0010538222268223763,-306.9345328576557,35818.70862103821,0.0010769583750516176,0.06320477277040482,0.00963375810533762,30474.421467201904,19501.55574786131
0.005389730925257142,-0.011434841393029157,-0.05360452223735154,0.06903466258418645,0.18238242871748972,0.05671462322509335,-0.040929038388131556,0.0,11.417845737258546,36.96834374849894,24.193094742878742,25.550498011240393,-23.959672451019287,-23.93498182296753,-23.947327136993408,0.024690628051757812,-0.0047257766127586365,-0.0017315192380920053,0.04596182703971863,0.04336346313357353,-0.0050568110309541225,0.0001556013012304902,0.04569878429174423,0.04389926418662071,-279.20745079606047,35827.12152632478,0.001070947153493762,-268.30923350349946,35815.54897464906,0.0010522338561713696,0.06488759815692902,0.0073243239894509315,30481.530989574832,18269.80850816836
0.8336841403191185,0.9581895965139171,0.8303705740175843,0.2902144454705079,-0.19790295713142603,0.0938217694505653,-0.1147033523361396,-1.0,14.991335807779421,43.34423743144271,29.167786619611064,28.352901623663286,-23.920743465423584,-23.921597003936768,-23.921170234680176,-0.0008535385131835938,0.002438630908727646,-0.0044457265175879,0.04358285292983055,0.04614340513944626,0.005040120333433151,-0.0007503048400394619,0.04551686346530914,0.044224921613931656,-267.5370728844753,35841.881486519145,0.0010912002762779593,-290.4870215755866,35819.293443844006,0.0010706131579354405,0.060448408126831055,0.012454316951334476,31258.694533533297,17287.449956533408
0.014533017294726594,-0.028171410348672668,-0.08574940821951882,0.01403222900128287,0.17265621073882848,-0.03556543215793684,-0.06969275024081467,0.0,7.656765189281884,37.02853127389713,22.342648231589507,29.371766084615246,-23.80657196044922,-23.84580135345459,-23.826186656951904,-0.039229393005371094,-0.0006020992295816541,0.0050837695598602295,0.044324278831481934,0.046599797904491425,0.005118494853377342,0.00016691505152266473,0.046280134469270706,0.0442366749048233,-307.4765549079333,35798.99223840172,0.0010452045826241374,-367.7884285368364,35822.89015107704,0.0010599192464724183,0.06234719976782799,0.006668491289019585,31247.125515743854,17259.677885985213
-0.014390866759923527,-0.03778101221824893,0.20659720559639666,0.4562419640055065,0.24341764389661014,0.049254021659702496,0.08592132601750702,0.0,12.705738171233406,35.31315506334525,24.009446617289328,22.607416892111843,-23.846395015716553,-23.83678674697876,-23.841590881347656,0.009608268737792969,0.004313241690397263,0.002749074250459671,0.04649738222360611,0.04400259628891945,-0.0041958484798669815,0.002969532972201705,0.04476448521018028,0.04586119204759598,-354.68519077302744,35813.759262025764,0.0010829061502590775,-311.83602891418406,35815.087860762535,0.0010576880304142833,0.06530412286520004,0.006749290972948074,30486.775218081002,18871.342255627518
0.9947103942949216,0.7805334306854159,0.3521748850473564,0.01378547539402003,0.11549504420739576,-0.07678630574489681,-0.6306571947767404,-1.0,11.791178041180359,42.959626574495815,27.375402307838087,31.168448533315456,-23.907315731048584,-23.936450481414795,-23.92188310623169,-0.029134750366210938,-0.00018319865921512246,-0.00504313874989748,0.04406966269016266,0.04581860825419426,-0.001645912416279316,0.0048052845522761345,0.043458495289087296,0.046101126819849014,-300.5471302952915,35824.881845337586,0.0010575258638709784,-310.7723527640583,35837.500632512856,0.0010908882832154632,0.061805881559848785,0.0054657598957419395,31245.154000009083,17339.947604474037
-0.00590633833496375,0.0,0.022885726792481575,0.17799811339618937,0.11963449540431226,0.03996892969642846,-0.02843832628929477,0.0,11.310723512370856,36.73640116712332,24.023562339747087,25.425677654752462,-23.898353576660156,-23.96091938018799,-23.929636478424072,-0.06256580352783203,-0.003695765510201454,0.0034880912862718105,0.04413068667054176,0.045847613364458084,0.0019427037332206964,0.004658198449760675,0.04464838281273842,0.04470017924904823,-384.8733578925553,35800.82879211401,0.0010618388187140226,-317.0266089918418,35829.4482545584,0.0010722179431468248,0.0617622509598732,0.012824167497456074,30518.47231929839,18450.840216397046
0.830777837667457,0.9182341389231254,0.8672650025686651,0.37497748410418286,0.03125332062698877,-0.07066971796143912,-0.3314423980798469,-1.0,13.192030661683589,44.41686021033786,28.804445436010724,31.22482954865427,-23.960294723510742,-23.904900550842285,-23.932597637176514,0.05539417266845703,0.0028432721737772226,-0.0041776737198233604,0.043468162417411804,0.04585430398583412,0.0036362854298204184,-0.0035740870516747236,0.044049669057130814,0.04585671052336693,-349.74845571103145,35814.493088303105,0.001084952731616795,-359.21257941728715,35823.724200418714,0.001069002551957965,0.06038161367177963,0.012883085757493973,31013.635184110273,17687.129098952686
-0.012856652187768557,0.0,-0.0629984269263112,0.07767641491240485,0.18554665858346997,0.0690800644469961,-0.08368070774599534,0.0,7.518508399408461,35.92694640326815,21.722727401338304,28.408438003859686,-24.03679847717285,-24.04742956161499,-24.04211401939392,-0.010631084442138672,-0.004265524912625551,0.0025346633046865463,0.04395721107721329,0.04461642727255821,-0.0017258509760722518,-0.004706669598817825,0.04409658908843994,0.04436429217457771,-284.43994155496557,35822.06867015823,0.0010573528707027435,-287.622907587686,35825.82384677991,0.001063992385752499,0.060926396399736404,0.011770203709602356,30243.145957254867,19368.177141457767
-0.27183544659822034,-0.2318481619010962,0.2490873456799407,0.07842852955080894,-0.10830059441386912,-0.3730987669134131,-0.16734545627322805,0.0,15.175488975898986,39.74052251046729,27.458005743183136,24.5650335345683,-24.046387672424316,-24.090683460235596,-24.068535566329956,-0.0442957878112793,-0.004950457252562046,0.0008357010083273053,0.044817253947257996,0.043646134436130524,-0.00022972587612457573,-0.00498906010761857,0.04314875602722168,0.044855862855911255,-335.552091094846,35814.69615198901,0.0010709463385865092,-280.0888356353326,35828.701986444146,0.0010938673513010144,0.06391262263059616,0.008344825357198715,30473.526325059673,18712.23517543148
0.8719130937993501,0.8408741139983995,-0.08666583134907252,-0.12325872514648206,0.42022914265927713,0.46734945190645305,-0.3300990498784553,-0.5645450510566126,9.089957634705172,42.402934905239306,25.74644626997224,33.312977270534134,-24.05996322631836,-24.029269218444824,-24.044616222381592,0.030694007873535156,0.004202046897262335,-0.002634575590491295,0.0437827929854393,0.04455280676484108,0.004940519575029612,-0.0009296343196183443,0.04486917331814766,0.04377003759145737,-265.34989917144037,35815.26998112785,0.0010622772388160229,-370.63532724028613,35833.9968719317,0.00106829684227705,0.060619570314884186,0.011716811917722225,30247.142617610538,19238.21148492712
0.0,-0.001701864048673285,0.12048058471543242,0.24722966930022977,0.19425909996985902,-0.009759033184902122,-0.02151435810937441,0.0,13.762413599868665,37.11959022248038,25.441001911174524,23.357176622611718,-24.07188653945923,-24.08665657043457,-24.0792715549469,-0.014770030975341797,0.0008528738981112838,0.004909849260002375,0.0435272641479969,0.04467952251434326,0.004935585893690586,0.0006112049450166523,0.045149218291044235,0.04288633167743683,-252.8816565533867,35811.287422882,0.0010549512226134539,-356.5870260373239,35829.132981481314,0.001064263517037034,0.061003878712654114,0.00484046433120966,31242.68688790282,17391.30383577273
0.8993677442285409,0.9912449882990069,0.5604976684551983,0.09731495405555757,-0.23834424878401494,-0.1363999941860392,-0.2702594897575714,-1.0,10.598172958883424,40.950938689609586,25.774555824246505,30.352765730726162,-24.07846212387085,-24.117431640625,-24.097946882247925,-0.03896951675415039,-4.3295149225741625e-05,-0.004971295595169067,0.04314650595188141,0.044982846826314926,-0.004568395204842091,0.001977006671950221,0.0438634529709816,0.0438871830701828,-361.0311420498867,35808.388047396504,0.0010775746777653694,-328.84428756979185,35812.89312302073,0.0010795488487929106,0.061001941561698914,0.005739233922213316,31244.941325392007,17305.999232551723
0.08584317586262936,-0.013694786614474855,0.012606035562095039,0.14252417532930944,0.21870264150938656,0.00867918419597069,-0.11843386741239925,0.0,9.635247730903927,37.45452724462373,23.54488748776383,27.819279513719806,-24.095301628112793,-24.11646842956543,-24.10588502883911,-0.02116680145263672,-0.002004061359912157,0.004506440833210945,0.04270691052079201,0.04523780196905136,-0.0017013256438076496,0.00466696172952652,0.042567264288663864,0.04515617713332176,-292.49971028968406,35829.866946879745,0.0010624794522300363,-411.14477816544115,35837.45567716382,0.0010537272319197655,0.059256140142679214,0.010416333563625813,31256.45586386691,17111.13042062526
0.6349095411488062,0.6993869918793209,0.9326035081160977,0.6389387902671896,-0.21441507262659096,0.03259569055820011,0.23679164266174313,-0.15644574472493977,14.132779484645908,39.187053705556536,26.659916595101222,25.054274220910628,-24.13881778717041,-24.14743185043335,-24.14312481880188,-0.008614063262939453,-0.00011018138320650905,-0.004956753924489021,0.04286869242787361,0.04464893788099289,0.0048607951030135155,0.000938348239287734,0.04491060972213745,0.04250553995370865,-345.88401119920707,35811.45163216939,0.0010874714935198426,-330.2041370253218,35847.85584401848,0.0011022848775610328,0.06012532487511635,0.0065091559663414955,31246.682848117252,17259.553028052396
0.47749734183899367,0.2965039867845434,-0.0921240087282455,-0.23354440345989036,0.3747613549925703,0.491047990332651,-0.07547851271243067,0.0,8.863298609121387,39.25237586394627,24.057837236533828,30.389077254824883,-24.148240089416504,-24.143357276916504,-24.145798683166504,0.0048828125,0.002779008587822318,0.004044071771204472,0.044207219034433365,0.04323333874344826,-0.0036678463220596313,-0.0033330307342112064,0.04472067207098007,0.04274696856737137,-379.9872209150417,35815.88574336675,0.001055776490829885,-359.783396075303,35815.98000890164,0.0010646285954862833,0.06252601742744446,0.005193350836634636,31228.183592318288,18722.765582360156
-0.0013918592641841898,0.08595101126889516,0.18155000461830828,0.31844233460793636,0.19864190690098915,0.046211793816814284,0.07834384931393401,0.0,13.1380731180395,37.98743417054419,25.562753644291845,24.84936105250469,-23.98120880126953,-24.01461124420166,-23.997910022735596,-0.033402442932128906,-0.004417352844029665,0.0023859157226979733,0.044339921325445175,0.04480067268013954,-0.0026630875654518604,-0.004259519744664431,0.044800713658332825,0.04399275779724121,-334.5092632167009,35832.72618405163,0.0010760965524241328,-300.9328803042576,35829.916918368865,0.001055524917319417,0.062093585729599,0.010677209123969078,30242.40591130254,19341.542588515855
0.9627607566629793,0.9705194088975183,0.7825043626968277,0.16884926925364052,-0.09471321477372524,-0.18095615018678224,-0.4952698115441248,-1.0,12.341968911010099,43.93395985983497,28.137964385422535,31.591990948824872,-24.008917808532715,-23.986456394195557,-23.997687101364136,0.022461414337158203,0.0019625364802777767,-0.004614685196429491,0.04310767352581024,0.045710910111665726,0.004466025624424219,-0.0023469110019505024,0.04432806000113487,0.0447557307779789,-290.8525039336409,35816.67942290422,0.0010547427227720618,-279.8931189306106,35833.075250425,0.00107903266325593,0.06021936237812042,0.011120583862066269,31257.098727553665,17101.59011865978
0.0,-0.01859801196621393,-0.06427541589999758,0.09614300572319756,0.19582241500370418,0.00365463602171745,-0.07094326073533963,0.0,11.520774958662457,38.44714050841057,24.983957733536514,26.926365549748112,-24.037597179412842,-24.028310775756836,-24.03295397758484,0.00928640365600586,0.0022033792920410633,-0.004473499953746796,0.042994264513254166,0.045534420758485794,-0.004414726514369249,0.002393479924649,0.04408921301364899,0.04456598311662674,-304.31495846902766,35811.08920839531,0.001067201024852693,-359.489688503237,35812.902309439574,0.0010493063600733876,0.059743355959653854,0.011242509819567204,31257.526093054283,17112.45790949165
-0.07776657705140713,0.15694758446054677,0.7143853566278279,0.1978018951841551,-0.2512525175413108,-0.1086449058262513,0.22198408332315678,0.0,14.169824246775448,39.50633942503126,26.838081835903353,25.33651517825581,-24.001314640045166,-24.04132604598999,-24.021320343017578,-0.04001140594482422,-0.002495144261047244,0.004365076776593924,0.04318636655807495,0.045711319893598557,-0.004866249859333038,-0.001227702246978879,0.04550565406680107,0.04298156872391701,-290.9804938368179,35836.023946785666,0.0010738647542893887,-409.7833729782111,35826.218430913665,0.0010882742935791612,0.059990640729665756,0.012608733028173447,31013.865367806076,18028.88428784565
0.275784356811534,0.3225449819040614,-0.10615461050546099,-0.049762563607878785,0.24060729369400757,0.2950735626398129,0.09667437568286241,0.0,8.463340383192275,39.08571870531463,23.774529544253454,30.62237832212236,-24.020137786865234,-23.986363410949707,-24.00325059890747,0.033774375915527344,-0.0038547893054783344,0.003122778609395027,0.04370866343379021,0.04502883180975914,0.004967418499290943,-0.0009164548828266561,0.04510180652141571,0.04397616907954216,-307.6174107452479,35812.728340720394,0.0010633569909259677,-280.66079770482787,35822.181562992075,0.001070165541023016,0.06059600040316582,0.012705539353191853,30518.37256838191,18510.97394040525
0.0,-0.014148624884390603,0.2654208710745473,0.3484435396361396,0.16684889591239854,-0.0022303812854184146,0.013708982004821513,0.0,14.115727497204233,39.990060063742675,27.052893780473454,25.874332566538442,-24.047622680664062,-24.05040740966797,-24.049015045166016,-0.00278472900390625,-0.0022204045671969652,0.004474128596484661,0.04292668029665947,0.045497335493564606,0.004383407533168793,0.0024141494650393724,0.04546751081943512,0.042927779257297516,-351.5188789226677,35831.28548532163,0.0010790470987558365,-380.17796923850295,35830.68571413957,0.0010629388270899653,0.05960136279463768,0.011945413425564766,31257.326351703283,17144.74803549508
0.9858468786272752,0.9302710625176878,0.6712763409802984,0.25327323213734,-0.09753364065316228,-0.18440948624701053,-0.5028113338249653,-1.0,12.19744838221601,43.20823124779244,27.702839815004225,31.01078286557643,-23.994905948638916,-24.059293270111084,-24.027099609375,-0.06438732147216797,-0.004680213518440723,0.0018355331849306822,0.044588055461645126,0.04441145434975624,0.003971491940319538,0.0030436760280281305,0.04528071731328964,0.0430314727127552,-318.5857961028267,35809.73821469051,0.0010553946485742927,-364.48528201873626,35842.998458129645,0.0010974023025482893,0.06294893473386765,0.009989647194743156,30474.24652545326,19651.4328237669
0.036378091772641084,-0.008388496207177881,0.007660357289151043,0.13447518657384794,0.2127732286528366,0.10948676879908553,-0.05108040410450587,0.0,8.88401551439486,34.68548593627696,21.78475072533591,25.8014704218821,-24.041924476623535,-24.00817632675171,-24.025050401687622,0.03374814987182617,-0.0024265858810395002,0.00434519536793232,0.04299822449684143,0.045488547533750534,0.004776264540851116,0.001540797995403409,0.0457097552716732,0.043116290122270584,-330.0871951763154,35815.151760414396,0.0010712634539231658,-350.29493831252597,35799.69246502768,0.0010397391160950065,0.05970100685954094,0.011508425697684288,31257.442342258433,17108.819105932205
0.6661208782366065,1.0,0.8628807425356704,0.17804041378336277,-0.2742235362162412,-0.016421999076916216,-0.07906435912148158,-1.0,12.536975108731383,41.080641359452954,26.80880823409217,28.54366625072157,-24.065544605255127,-24.088172912597656,-24.07685875892639,-0.022628307342529297,0.00029256739071570337,0.004977656528353691,0.04329746589064598,0.04496561363339424,-0.00022001817706041038,0.0049785892479121685,0.04299413412809372,0.04503033310174942,-319.10577157206126,35836.08598932206,0.0010847315425053239,-307.82680979626645,35834.261098174116,0.0010884047951549292,0.06062188744544983,0.005630801897495985,31243.71528897266,17320.507537927
0.20958590550253992,0.20118439590558332,-0.05871818446517763,-0.28405421168756617,0.13552622782711843,0.1643123714051793,-0.13798221927345322,0.0,7.479495130948067,38.14018728598276,22.809841208465414,30.660692155034695,-24.00545835494995,-24.052529335021973,-24.028993844985962,-0.047070980072021484,0.00017391404253430665,-0.004986412823200226,0.04345276951789856,0.04542063549160957,0.004733235575258732,0.001625599106773734,0.04549190402030945,0.04287947714328766,-281.9390610976292,35821.85165778182,0.0010548621648922563,-291.86329871740725,35831.66489040903,0.001074533793143928,0.06164088845252991,0.005503231659531593,31242.67277506809,17329.1493651025
-0.021159873357454208,0.03735686596790837,0.2979153972065778,0.47651188160535723,0.2766752113076407,-0.03233579359886063,0.05091099775106378,0.0,13.158084372944074,38.05266992737623,25.60537715016015,24.894585554432155,-24.031660556793213,-23.990631103515625,-24.01114583015442,0.04102945327758789,0.004623154643923044,-0.0019576004706323147,0.0443195104598999,0.04430270195007324,-0.0040772827342152596,-0.002968200482428074,0.04566672444343567,0.04334496706724167,-263.4748823718955,35817.13730171685,0.0010961955413222313,-364.655245561117,35809.282174982414,0.0010412615956738591,0.06224839761853218,0.009698045440018177,30471.934693362113,19507.737258341236
1.0,0.9359078806281406,0.4119288520095688,-0.1705595856595978,-0.041181784038983316,-0.173391660032166,-0.6442487602671022,-0.9844892205678298,12.917360967882843,41.610107296862225,27.263734132372534,28.692746328979382,-23.996589183807373,-23.991239070892334,-23.993914127349854,0.0053501129150390625,-0.0016800749581307173,0.004726346582174301,0.043175265192985535,0.04577045515179634,-0.001838355092331767,0.00469397334381938,0.04317840561270714,0.04581836983561516,-263.8058789188396,35833.12646194786,0.0010521132498979568,-381.16198414700114,35822.86459850543,0.0010866887168958783,0.06015434488654137,0.010455780662596226,31255.809915657424,17110.512698140614
0.9814711267225803,0.9656449237406083,0.810437241360344,0.724818025690712,0.6631878201153192,-0.5163434708683213,-0.7335780829908352,-0.9849623314401343,10.605256229151735,35.41609267260327,23.010674450877502,24.810836443451535,-23.955531120300293,-23.999593257904053,-23.977562189102173,-0.044062137603759766,-0.001968019874766469,0.004643295891582966,0.04338489845395088,0.045982182025909424,-0.003641767892986536,-0.00346075720153749,0.045405756682157516,0.04352611303329468,-311.91227687952767,35809.36093512858,0.0010521004442125559,-314.7562509877214,35820.17562803918,0.0010553329484537244,0.06081375479698181,0.010828152298927307,31256.52577534718,17104.726387406314
0.8148815495638444,0.8926482263230993,0.9459004314451597,0.20516776640204798,-0.12038572167949896,-0.11195016095069316,-0.34823414318597223,-1.0,11.98276881724351,39.86019204303676,25.921480430140136,27.87742322579325,-23.972537517547607,-23.993523120880127,-23.983030319213867,-0.02098560333251953,-0.0028660520911216736,-0.0041555920615792274,0.045118968933820724,0.04410353675484657,0.0049482970498502254,0.0009763467824086547,0.04570957273244858,0.04326903074979782,-308.37916320294096,35819.98371870249,0.0010782097233459353,-429.0382034799542,35825.174106752886,0.0010712052462622523,0.06306235492229462,0.004627669230103493,31229.22889595471,18072.604542065546
0.18906683251512169,0.1222609629226843,-0.10124051532237287,-0.08380089318247233,0.05404981799747022,0.07322176076953235,-0.04669881685448296,0.0,7.460251215366554,38.283844292866064,22.87204775411631,30.82359307749951,-24.08315420150757,-24.102535247802734,-24.09284472465515,-0.019381046295166016,0.003265212755650282,-0.0037030428647994995,0.043063934892416,0.04501881077885628,-0.0041314177215099335,0.0027711750008165836,0.0434778556227684,0.04441969841718674,-311.2345409833672,35815.993597398425,0.001071097212843597,-364.53901189386863,35832.19609191926,0.0010598773369565606,0.059689126908779144,0.012650984339416027,31014.08983590825,17643.203040988905
-0.08486425985385436,-0.14688563619812825,0.21563303860273275,0.41783405395528345,0.19464041091825823,0.027702176877196394,-0.007219723363035668,0.0,15.32436194158629,39.96482855511559,27.64459524835094,24.6404666135293,-24.066336154937744,-24.0824031829834,-24.07436966896057,-0.016067028045654297,-0.0007466352544724941,-0.004938362166285515,0.04349324479699135,0.04476736858487129,0.004370314069092274,0.002387138083577156,0.04530044272542,0.04277052730321884,-394.3285057819232,35828.4958094033,0.001090716919861734,-363.4766750734149,35806.11287528125,0.0010508183622732759,0.06106691062450409,0.005461632739752531,31243.78918492723,17338.651224829977
0.9794777970135535,0.9686004242887023,0.5049162830921,0.1097074160120653,0.15447142301006067,0.00843850647813782,-0.49386236646333975,-1.0,12.025829843991005,43.729534478181165,27.877682161086085,31.70370463419016,-24.08418893814087,-24.12860870361328,-24.106398820877075,-0.04441976547241211,0.004859949462115765,-0.0009141765767708421,0.04458196088671684,0.043504420667886734,0.001420282176695764,0.00476175919175148,0.04353157803416252,0.044104620814323425,-353.64912355750477,35823.024248087706,0.0010527552803978324,-352.45188132621047,35831.96533096001,0.001077840686775744,0.06253758072853088,0.008937924169003963,30474.271913671713,19257.836877198268
-0.01927248289585176,0.002847770051192312,-0.008949983110037085,0.08005181834606268,0.21783364905573654,0.07321928380055098,-0.06851347080886139,0.0,12.543941913335686,37.22480252891964,24.884372221127663,24.680860615583953,-24.582369327545166,-24.6924090385437,-24.637389183044434,-0.11003971099853516,0.0012105762725695968,-0.004538387525826693,0.04038885980844498,0.042756885290145874,0.0006541124894283712,-0.004585161805152893,0.039986006915569305,0.04211932793259621,-334.206436641808,35826.808016583236,0.001077577006071806,-352.19577103111504,35830.40729092889,0.0010650039184838533,0.05652012676000595,0.00892211776226759,31253.63793292325,17133.864458552685
0.6820489326071765,0.9088714818351802,0.788695053438324,0.25426592351791033,-0.11410880782045443,-0.09721975234583952,-0.28954058077016437,-1.0,13.153849652496547,41.285234074317685,27.219541863407116,28.13138442182114,-24.637606143951416,-24.58857536315918,-24.613090753555298,0.04903078079223633,0.00380653771571815,-0.002703187521547079,0.040824636816978455,0.04182136803865433,0.0026986440643668175,0.0038726539351046085,0.04204478859901428,0.041066497564315796,-374.1814067115206,35817.81544384141,0.00110218720510602,-406.1955664604015,35816.335879170525,0.0010889933910220861,0.05724852904677391,0.01064683124423027,30253.88194688404,19014.12449824644
0.02987061508978268,-0.01551119472524157,-0.09969778332125503,-0.026055029794271378,0.12555080960208176,0.02887008740695929,-0.10273487937681558,0.0,9.574657608903152,35.17072954258171,22.37269357574243,25.59607193367856,-24.563608169555664,-24.607419967651367,-24.585514068603516,-0.043811798095703125,0.0041071646846830845,-0.002230163663625717,0.04146402329206467,0.04189794138073921,-0.004162424243986607,0.002172945998609066,0.04127802327275276,0.04165966808795929,-370.2039039129236,35829.141325140095,0.0010370261734351516,-453.2922713939058,35815.41370807735,0.0010511943837627769,0.05778072029352188,0.010541249997913837,30245.198390733698,19255.396870180823
-0.11103721164125216,-0.11635866051297905,0.11793652808277941,0.43997933496567354,0.22337307818032892,-0.06931631236669444,0.11216814585675805,0.0,13.556664276107284,36.50387875506985,25.030271515588566,22.947214478962564,-24.609413146972656,-24.60975170135498,-24.60958242416382,-0.00033855438232421875,-0.004573071375489235,-0.0010458084288984537,0.04260954633355141,0.040277548134326935,-0.004369459114968777,0.0016773267416283488,0.041552815586328506,0.04136483371257782,-380.5188799416676,35819.80993691745,0.0010925638489425182,-349.88431911889694,35822.95615690521,0.001053435611538589,0.06007613241672516,0.006886796560138464,30479.784757406065,18288.369579207538
0.9799011061018995,0.8382753938010847,0.4053445475020844,-0.0055185271665897095,0.059643430488479865,-0.06896572354539704,-0.6178808491570098,-1.0,9.240653563906278,40.174504632267485,24.70757909808688,30.933851068361207,-24.573054313659668,-24.583017826080322,-24.578036069869995,-0.009963512420654297,0.002139629330486059,0.0041604358702898026,0.04180575907230377,0.04146492853760719,-0.0029127229936420918,0.0037034216802567244,0.040535859763622284,0.042609844356775284,-401.6513646297199,35819.88287357212,0.00105922925285995,-432.26437069807366,35837.17921886874,0.001097363419830799,0.05894274264574051,0.004121694713830948,31230.751302344008,17961.297182644947
-0.011988001643716509,0.0,0.008996068898886711,0.1554374978077984,0.17465096082566312,0.06675654821790633,-0.030621868898471294,0.0,13.227271039543439,36.8572315204749,25.042251280009168,23.62996048093146,-24.538638591766357,-24.598276615142822,-24.56845760345459,-0.059638023376464844,0.0013890799600630999,-0.004511550068855286,0.04057171195745468,0.04299255460500717,0.0010509499115869403,-0.004572291858494282,0.04033217579126358,0.04266205057501793,-378.56567748925414,35814.055827909666,0.0010833586566150188,-441.47546925620986,35830.614834713524,0.0010779143776744604,0.05671009421348572,0.009497824124991894,31254.148940238487,17116.341512594907
0.7955779007314231,0.8747567170663102,0.9011902192360556,0.4057478903123796,-0.006173698315281861,-0.10234186011939705,-0.39072686832041886,-1.0,13.035291121233797,41.78727831231723,27.411284716775512,28.75198719108343,-24.609253406524658,-24.579098224639893,-24.594175815582275,0.030155181884765625,-0.004535126034170389,-0.00121200957801193,0.04263126105070114,0.040255770087242126,0.003990379627794027,-0.002507547615095973,0.0412212610244751,0.0419844351708889,-389.7541437261358,35821.63829220406,0.0010897733736783266,-405.9664790461937,35806.98283534466,0.0010676198871806264,0.059974707663059235,0.006858522072434425,30480.31569737998,18269.524416354565
-0.9833800604397722,-0.9888733316132793,-0.9932625663652747,0.2825291358716125,0.5438630823847719,0.584805630488339,0.6687084031433933,0.9481402093437971,5.895299479702544,38.09742949358798,21.996364486645263,32.20213001388544,-24.60832118988037,-24.60723638534546,-24.607778787612915,0.0010848045349121094,-0.003110283985733986,-0.003430665237829089,0.042176567018032074,0.04074830934405327,0.004303441848605871,0.0018621557392179966,0.04267429932951927,0.04023075848817825,-394.56553953865347,35827.599284089636,0.0010612987680360675,-352.43018865419486,35826.62536782839,0.0010589631274342537,0.0595901720225811,0.005838243290781975,30733.843081487485,19001.38004280413
-0.5242747899602327,-0.48468928180972437,0.0719941253294542,0.2918223630627556,0.09796628765531501,-0.35712683546412877,-0.21576694186620426,0.11516429630496916,14.746052140587551,38.027796965845255,26.386924553216403,23.281744825257704,-24.636917114257812,-24.64956521987915,-24.64324116706848,-0.01264810562133789,-0.004691782407462597,-6.608403782593086e-05,0.042222943156957626,0.04041318595409393,-0.003163227578625083,0.0034439184237271547,0.0403369702398777,0.042179178446531296,-377.69316369811713,35813.654091727556,0.0010805531637743115,-372.7043496669533,35843.74983789342,0.0010976358316838741,0.060045577585697174,0.0072586555033922195,30476.49509050873,18393.634600844445
0.9855697505330261,0.9459330059921642,0.009788872086645584,-0.23850378796355617,0.30350882293040116,0.3173171406434535,-0.7057970703972649,-0.9684600686432372,7.506394403506874,40.48458790448325,23.99549115399506,32.978193500976374,-24.97030258178711,-24.832253456115723,-24.901278018951416,0.13804912567138672,0.004351576324552298,-0.001015088870190084,0.04016507416963577,0.03937989100813866,0.0018803433049470186,-0.0041703227907419205,0.03919607400894165,0.04158787056803703,-356.4656399793287,35811.37126222257,0.0010594717459753156,-427.96218270239655,35822.7388689697,0.0010768779320642352,0.05608612298965454,0.00850888341665268,30474.501221650495,19537.35217455558
0.0,-0.01141846930504271,0.10184629613914631,0.2520014892149548,0.21432039006795364,0.023747120555126844,-0.023220089697918223,0.0,14.066610712075203,37.11438152231062,25.590496117192913,23.04777081023542,-24.33605670928955,-24.303793907165527,-24.31992530822754,0.03226280212402344,-0.004838878288865089,-0.00017298056627623737,0.043744880706071854,0.0418040007352829,-0.0016356125706806779,0.004575489554554224,0.04166959226131439,0.044183067977428436,-303.0153223970837,35816.295661495744,0.0010624194983392954,-388.07488208139625,35831.81272838802,0.0010646985610947013,0.061663366854190826,0.007529133930802345,30476.38040904494,18417.01635051096
0.9336262657730622,0.9875082891066442,0.6938552785427511,0.2451326103895058,-0.19057272865487196,-0.15568517803299708,-0.29760947161316775,-1.0,7.799179876406697,38.27704842672554,23.03811415156612,30.477868550318846,-24.154913425445557,-24.16846752166748,-24.16169047355652,-0.013554096221923828,-0.003137413877993822,0.003815065138041973,0.04263726994395256,0.04471278935670853,0.0026364328805357218,0.004190643317997456,0.04402420297265053,0.0432082861661911,-371.5130327754246,35817.37281945822,0.0010890576522797346,-346.60993900937655,35815.17172056096,0.0010725592728704214,0.059334125369787216,0.012760495766997337,31015.245852106847,17721.15693744005
0.08243404241051225,-0.021104212037943798,-0.018485997768530077,0.11644882720446909,0.20273286704649635,0.02214325920120419,-0.11242202373261334,0.0,11.41958659122838,40.46845446413505,25.944020527681715,29.04886787290667,-24.022681713104248,-24.018855094909668,-24.020768404006958,0.003826618194580078,-0.004902792163193226,0.0008577230619266629,0.04492482915520668,0.04378722235560417,0.00028393970569595695,0.005013665184378624,0.043520424515008926,0.04521704837679863,-302.5828614035168,35827.081132938336,0.0010573547333478928,-403.1130339743984,35835.54113546356,0.001041824696585536,0.06298400461673737,0.008863421157002449,30471.769535938813,18834.537095469805
0.5979957453009301,0.6837072126616861,0.9338545879557515,0.5411705603711318,-0.24345156704123522,0.019913690404282813,0.21809627569592283,-0.16675012943229894,10.813662220345236,39.660617992781624,25.23714010656343,28.846955772436388,-23.96376371383667,-23.98941993713379,-23.97659182548523,-0.02565622329711914,0.0035401314962655306,-0.0035949312150478363,0.04372129589319229,0.04557871073484421,-0.0022193067707121372,0.0045256540179252625,0.0432080440223217,0.045808736234903336,-337.1014340927081,35815.261214214144,0.001087808981537819,-302.0950758878744,35843.24241358606,0.0010894640581682324,0.06100345775485039,0.012914642691612244,30516.849099074043,18522.572277895397
0.5315257006467559,0.46988651015098554,-0.015270178472095039,-0.2583025258805408,0.3791617304110417,0.4916234389842813,-0.16180992143102335,-0.14628772937229784,7.402158131414581,39.16991767523032,23.286037903322452,31.767759543815743,-23.9969801902771,-24.002459049224854,-23.999719619750977,-0.005478858947753906,0.00032158009707927704,-0.0049816579557955265,0.043452516198158264,0.04550604149699211,-0.0023452159948647022,0.004464584402740002,0.04315340891480446,0.04572930932044983,-369.94785518178725,35813.373415151946,0.0010602663969621062,-349.92292392436565,35825.474297532666,0.0010634188074618578,0.06138462573289871,0.005802013911306858,31245.73230726351,17307.43755046579
0.0,0.09079663490458918,0.2502881721593214,0.3841879875659876,0.19636535948133632,0.021364446735375298,0.024907701078270006,0.0,8.43612144368771,34.238250434928716,21.337185939308213,25.802128991241005,-24.17719602584839,-24.40239906311035,-24.28979754447937,-0.2252030372619629,0.004815476480871439,0.0009918354917317629,0.044754691421985626,0.04236453399062157,0.001650121877901256,0.00452136155217886,0.04232773184776306,0.042590755969285965,-339.4510234594711,35831.338810187975,0.0010811237152665854,-340.0146943374961,35824.00711327127,0.0010551350424066186,0.06287355720996857,0.007452452089637518,30477.423644179587,18356.678819649256
0.9821763053709143,0.9328679164176431,0.5972038307121537,-0.020989905730444236,-0.018165264035887196,-0.17234467750693444,-0.5957908231216186,-1.0,10.12327675253988,41.340457015840116,25.731866884189998,31.217180263300236,-25.620460510253906,-25.77561616897583,-25.698038339614868,-0.15515565872192383,0.00415725726634264,-0.0001408500538673252,0.03762948885560036,0.03616632521152496,-0.001860169693827629,0.003661991795524955,0.0351748913526535,0.037295229732990265,-441.0235274297622,35814.49211284897,0.0010554541368037462,-381.18837823843853,35827.65373033304,0.0011047902517020702,0.05323709547519684,0.006922858767211437,30474.25971459129,18643.229811592515
0.0,-0.004408799045240229,-0.02862075501733835,0.15263226387015658,0.23666724623778762,0.10979905549192798,-0.040318627504903226,0.0,11.312856733537416,35.36330490194348,23.338080817740448,24.050448168406064,-26.120290756225586,-26.136813163757324,-26.128551959991455,-0.01652240753173828,-0.00014626889606006444,-0.003923846408724785,0.03415371850132942,0.035515811294317245,-0.003171076299622655,0.002290662843734026,0.03434408828616142,0.035201847553253174,-452.9369475912022,35830.244458738285,0.0010843946365639567,-455.59662189656063,35831.08780523203,0.0010626366129145026,0.04788224399089813,0.004444492049515247,31245.349074562644,17328.330788056377
0.5795309165246958,0.7963841721014442,0.8901438967587848,0.20996629792909535,-0.2743009216026538,-0.4566345950406069,-0.2040677559638443,-1.0,15.700408189106298,44.83337966901993,30.266893929063116,29.132971479913635,-26.22748851776123,-26.340019702911377,-26.283754110336304,-0.11253118515014648,-0.003792958799749613,-0.0009049306390807033,0.03537842258810997,0.03341944143176079,-0.0011282102204859257,0.003687226679176092,0.03296497464179993,0.03494521602988243,-436.2432600312211,35802.22955693744,0.0010881321504712105,-515.5849903063998,35832.538065815716,0.0010971674928441644,0.049876414239406586,0.005692045204341412,30480.649546864788,18273.743114549576
0.0007736769891353558,-0.0027973872873239378,-0.08573930546539327,0.02230676594947717,0.20042440275141982,0.2316515030188595,0.06243579807470423,0.0,3.1465319987917724,33.85362812735241,18.50008006307209,30.707096128560636,-26.38340473175049,-26.3470196723938,-26.365212202072144,0.03638505935668945,-0.0036787809804081917,-0.0008190784137696028,0.03469093516469002,0.0328933522105217,-0.0008568527409806848,-0.0037548383697867393,0.03359149023890495,0.0342894122004509,-465.55315213491684,35810.56718485884,0.0010781834134832025,-453.2225769803127,35811.67324926732,0.0010615194914862514,0.04872416704893112,0.006040740758180618,30475.386756320895,18422.851310132217
-0.10721693838828189,-0.1684584487001797,0.389296280751516,0.5177179429409556,0.1808422178792553,-0.12540020893313947,-0.008689592657031842,0.0,15.18916019314878,40.77023591619212,27.97969805467045,25.58107572304334,-26.404578685760498,-26.436920166015625,-26.42074942588806,-0.03234148025512695,-0.0021074730902910233,0.003168822731822729,0.03279716521501541,0.03461671620607376,0.0035801392514258623,-0.0012869969941675663,0.03370310738682747,0.033482857048511505,-446.4277277797902,35832.96042853423,0.0010908553376793861,-457.78316211907025,35826.05259734278,0.0010633207857608795,0.04557108134031296,0.009744718670845032,30768.910596743277,18418.81021913043
0.9735359605280482,0.920616951712825,0.5730752734561274,0.20088950548505302,-0.10506768258925159,-0.08477109297882252,-0.4928186493469443,-1.0,13.631810353990488,43.549396938182326,28.590603646086407,29.917586584191838,-26.401214599609375,-26.466124057769775,-26.433669328689575,-0.06490945816040039,0.0037475686985999346,-0.0006650089053437114,0.034166183322668076,0.033292826265096664,0.0037989309057593346,5.654328197124414e-05,0.034210383892059326,0.03273327276110649,-556.9499240550161,35800.40623887767,0.0010590067831799388,-453.37006679075114,35845.15367087336,0.0011156484251841903,0.048444971442222595,0.006669518072158098,30473.204609747343,18934.52544927166
0.9607396205621456,0.97690314530658,0.8224178523805991,0.7408783759592052,0.7781008557942398,0.5749511306958865,0.21971356474456094,-1.0,11.777834321049511,36.257374612389896,24.017604466719703,24.479540291340385,-26.447012424468994,-26.39185667037964,-26.419434547424316,0.05515575408935547,-0.003071015467867255,0.00221459474414587,0.03313790261745453,0.033966850489377975,-0.0029091876931488514,-0.0024722456000745296,0.03455478698015213,0.032962996512651443,-483.1993661363929,35825.57052912344,0.0010970885632559657,-465.15087600306106,35822.50585832723,0.001051836647093296,0.046222586184740067,0.008851435035467148,30246.86699829702,19246.18680485872
0.7037522907216691,0.9757130253994355,0.8730113039485019,0.2833872104371798,-0.12524173096212196,-0.07221432992155274,-0.42204960200182784,-1.0,14.441066715034253,42.971414425564575,28.706240570299414,28.53034771053032,-26.450576782226562,-26.44944667816162,-26.450011730194092,0.0011301040649414062,-0.0016114911995828152,0.003437026869505644,0.03254466503858566,0.03450764715671539,0.002044138964265585,0.0032137022353708744,0.0338628850877285,0.033222462981939316,-427.57206906647565,35817.130902397934,0.001095774001441896,-396.4135195727966,35828.05679373258,0.0010988259455189109,0.04523143172264099,0.008923392742872238,31258.057623207416,17124.098710709244
0.05543023933712047,0.009754407913688574,-0.13331360227328737,-0.10646029012505595,0.17966968350845114,0.08823219755315503,-0.11285981957433178,0.0,9.577238817282137,38.14123095161443,23.859234884448284,28.563992134332295,-26.35260820388794,-26.395766735076904,-26.374187469482422,-0.043158531188964844,-0.0002604523906484246,-0.003792689647525549,0.03331322968006134,0.0345221646130085,-0.0037558255717158318,0.0007248665206134319,0.03416360542178154,0.033336441963911057,-460.2042689287278,35829.63201412826,0.0010821351315826178,-420.0000563096463,35810.72661897407,0.0010688991751521826,0.04730243235826492,0.0037127560935914516,31242.226335300777,17399.339697528616
-0.5875860999892432,-0.5740765638406453,0.08654978113599149,0.6646740447674654,-0.06930501660723523,-0.4343139240311352,-0.05039416677857422,0.0,15.66694023903625,40.36313614709107,28.01503819306366,24.69619590805482,-26.42772674560547,-26.384916305541992,-26.40632152557373,0.04281044006347656,-0.0014899115776643157,-0.0035073915496468544,0.0336294025182724,0.033627819269895554,-0.0035021870862692595,-0.001531348330900073,0.03477875515818596,0.03278210014104843,-412.91460467468886,35836.46524208071,0.0011080448748543859,-481.28862878914754,35840.56987298026,0.001073357299901545,0.046698130667209625,0.0028331910725682974,31235.627357260084,17556.38842354449
1.0,0.9090113683657219,0.14630081214442053,-0.24580481369731394,0.19471631797456274,-0.1761212890986169,-0.5163880637999445,-0.6021610802189475,8.157110197946253,39.65583576016982,23.906472979058037,31.49872556222357,-26.462371349334717,-26.469650268554688,-26.466010808944702,-0.007278919219970703,0.00372487073764205,0.0005300973425619304,0.034341756254434586,0.032629601657390594,0.0017700069583952427,0.0033432599157094955,0.03362919017672539,0.033304471522569656,-451.6665797221335,35794.45372301916,0.001066698576323688,-504.50920833181965,35834.24314761147,0.0010959029896184802,0.048366729170084,0.005980572663247585,30475.996675900224,18482.83093455209
0.0,0.00012177685592566767,0.029184507930560294,0.21532278035283017,0.24432757446633785,0.1307508628912446,0.05448264754505472,0.0,8.950631248794025,31.02338231956415,19.987006784179087,22.072751070770124,-26.467771530151367,-26.519508361816406,-26.493639945983887,-0.05173683166503906,0.003707403549924493,-0.0007155069033615291,0.033872090280056,0.03307295963168144,-0.0016644004499539733,-0.0033526024781167507,0.03337869048118591,0.03317439183592796,-529.8862850120847,35816.15934248321,0.0010947936680167913,-505.1006967356372,35809.810673851534,0.0010559873189777136,0.04796812683343887,0.006805324461311102,30473.48931380032,19179.582200707697
0.8754243723959659,0.8594943263059531,0.8468967438106998,0.3844503846992711,-0.048469634917457594,-0.24320880343743484,-0.46692683132152113,-1.0,13.085150302977581,47.12663152661969,30.105890914798636,34.04148122364211,-26.468369960784912,-26.497819423675537,-26.483094692230225,-0.029449462890625,-0.0011942792916670442,0.0035748002119362354,0.0324874073266983,0.03443033993244171,0.0018773835618048906,0.0032598585821688175,0.03358400985598564,0.03313319757580757,-417.72395422429844,35833.953595386156,0.0010892743011936545,-514.7624084798354,35839.0538801972,0.001080401474609971,0.04510889947414398,0.007642601151019335,31254.581835459787,17114.10395251508
0.049689180065555755,-0.001596249867541044,-0.04102975606623292,0.08806712890267743,0.10084118130728675,0.06607750300018078,-0.05884627349255478,0.0,13.09010120994455,38.344595231490985,25.717348220717767,25.254494021546435,-26.541142463684082,-26.5509295463562,-26.54603600502014,-0.00978708267211914,0.00041429116390645504,0.003703775117173791,0.03267059475183487,0.033709876239299774,0.0029947885777801275,0.0022503549698740244,0.0339815653860569,0.03230853006243706,-528.8022228920346,35811.46617149816,0.0010811096290126443,-396.7711324642937,35846.3567547969,0.0010902965441346169,0.04605908691883087,0.003834553761407733,31243.82419645859,17385.978302175736
-0.04404231424303284,0.0065756374391313654,0.6214709438376749,0.5751859658228696,-0.03761617772594197,-0.5533199845652824,-0.6358838550694669,-0.8989828756716374,15.146385451155993,43.10497188503277,29.12567866809438,27.958586433876775,-26.547880172729492,-26.56590223312378,-26.556891202926636,-0.01802206039428711,0.0015446845209226012,-0.0034182118251919746,0.03217284753918648,0.03413228318095207,-0.0012028194032609463,-0.0035565125290304422,0.03294571489095688,0.033248912543058395,-540.0175352671608,35816.07266328409,0.0011030270252376795,-489.5849382348067,35837.57094970182,0.0010900575434789062,0.04492611438035965,0.00915522500872612,31258.214742638356,17151.70080020931
0.564905474772516,0.6648064780746381,-0.13133164835047073,-0.2912138398156632,0.3853527775826116,0.4225167463364643,-0.49030870380122993,-0.3849331092341777,9.03256248752362,42.3978234099466,25.71519294873511,33.365260922422976,-26.378979682922363,-26.422672271728516,-26.40082597732544,-0.043692588806152344,-0.0011057864176109433,0.0035971610341221094,0.03287600725889206,0.03474174067378044,-0.00048673810670152307,-0.0037840898148715496,0.03312186896800995,0.0341661311686039,-424.1997642474401,35823.091058677936,0.0010711262002587318,-434.8896748075311,35831.086879073526,0.001097594271413982,0.045838065445423126,0.006412907037883997,31251.719522077285,17179.564762802467
-0.009597533574568993,0.0031523561172439006,0.1528872987623583,0.33384798013634087,0.34242586347526377,-0.026043354639951666,-0.15609232743368562,0.0,13.940536477803732,37.93532777133825,25.93793212457099,23.99479129353452,-26.437795162200928,-26.404447555541992,-26.42112135887146,0.03334760665893555,0.0019768073689192533,-0.0032463697716593742,0.03263986110687256,0.03451390936970711,-0.0019554360769689083,-0.0032616108655929565,0.03398594632744789,0.03345170244574547,-434.2069963025679,35826.18231299763,0.0010971024166792631,-372.3249485693028,35826.31679446112,0.001080966554582119,0.04557154327630997,0.009603244252502918,31015.47952081733,17713.100618892295
0.9502009370343851,0.9876665912961393,0.7789940815938726,0.4228195498970443,0.028034794577699418,-0.1643161510682143,-0.45600226290402507,-1.0,11.857351416032003,42.47667361399141,27.167012515011706,30.619322197959406,-26.40681266784668,-26.40899658203125,-26.407904624938965,-0.0021839141845703125,-0.003414248116314411,-0.0016630780883133411,0.03467312827706337,0.03272044658660889,0.0037964885123074055,0.0003196504549123347,0.034512415528297424,0.032871026545763016,-458.92628814076767,35814.385847369755,0.0010833574924618006,-476.5307898927827,35840.7422696452,0.001085063093341887,0.04867237061262131,0.005327373743057251,30483.391640973092,18269.513772367678
0.0033336457248157214,-0.0299646038683267,-0.06093344212984196,0.0922551014729075,0.1998174164318008,0.017544674892132905,-0.08516297336512335,0.0,11.697607872412277,35.173847990779166,23.43572793159572,23.47624011836689,-26.36249303817749,-26.41984462738037,-26.39116883277893,-0.05735158920288086,0.0037518145982176065,0.0006589173572137952,0.03477751463651657,0.032965924590826035,0.0036467649042606354,-0.0010501749347895384,0.03390183672308922,0.03341687098145485,-391.02426699987916,35811.28854938501,0.001050196005962789,-535.7291320380655,35825.83893183789,0.0010756150586530566,0.048940181732177734,0.005793691147118807,30477.87511538508,18368.669936881357
-0.06911257422239632,0.1460260701964574,0.2556672497156293,0.12946255284717662,-0.28445260385514265,0.04364061043084255,0.3583417104071288,-0.45751820424884293,12.038135682820808,41.510025970798495,26.77408082680965,29.471890287977686,-26.488215923309326,-26.447317600250244,-26.467766761779785,0.04089832305908203,0.0025575472973287106,-0.0027660285122692585,0.0326516255736351,0.03412453085184097,0.0025722323916852474,-0.0028074400033801794,0.03278898075222969,0.0342991016805172,-452.1415935124687,35819.88978330634,0.0011061386903747916,-428.8875971634562,35815.018715827355,0.0010803836630657315,0.045463744550943375,0.009637653827667236,30520.536645825003,18446.26641635172
0.24531419383881464,0.1823513851863381,-0.0730306851419729,-0.09898075474619816,0.21732499352607226,0.21376388504971167,-0.1036251755836195,0.0,4.770552016611532,36.302895909325315,20.536723962968424,31.532343892713783,-26.441669464111328,-26.45775318145752,-26.449711322784424,-0.016083717346191406,-0.001879745745100081,-0.003246631473302841,0.0338001511991024,0.03335368633270264,0.002516135573387146,-0.002839570865035057,0.032734643667936325,0.03427322208881378,-470.7279192776933,35820.90339585744,0.001078002736903727,-489.8992522223457,35829.76040824396,0.0010690710041671991,0.04775788635015488,0.003949645906686783,31227.573406938303,19056.91513487437
-0.4017122358960308,-0.41202402814555594,0.0393234150278024,0.4535430273487597,0.04162031664333207,-0.2809770712445057,-0.13176633484568323,0.0,15.453646099615696,39.18026649518538,27.316956297400537,23.726620395569682,-26.391944885253906,-26.47294044494629,-26.432442665100098,-0.08099555969238281,-0.003029261715710163,0.0023457370698451996,0.03327242657542229,0.03425474837422371,0.0030403302516788244,0.0022541664075106382,0.034303415566682816,0.03258318826556206,-477.30864806268943,35806.92018461199,0.001092309132218361,-531.5577289722467,35825.29293384738,0.0010756871197372675,0.04708823561668396,0.008581743575632572,30247.736148179178,19182.19071197907
0.9855250726944603,0.8527205061906719,0.5855015084479636,0.1428167987290227,0.16828802322928582,0.13004766239156296,-0.48189660604577655,-1.0,10.01681299865902,42.77282615895345,26.394819578806235,32.75601316029443,-26.487510204315186,-26.446421146392822,-26.466965675354004,0.04108905792236328,-0.003667928045615554,-0.0007855923031456769,0.03429695591330528,0.03247794881463051,-0.0012215932365506887,0.003600089577957988,0.032549817115068436,0.034533578902482986,-458.2486062357168,35822.61913972042,0.0010778920259326696,-451.2878899506267,35813.18921997819,0.0010882526403293014,0.04823382943868637,0.005730673670768738,30477.6368658575,18351.849415167413
-0.01739253202095614,0.013010741270054155,-0.032201194289742385,0.10444543594295647,0.18208167969454597,0.03714223703667996,-0.036992147517932006,0.0,8.378807890438111,32.91026051402656,20.644534202232336,24.53145262358845,-26.493701934814453,-26.505873203277588,-26.49978756904602,-0.012171268463134766,0.0033360160887241364,0.0016979827778413892,0.03430408984422684,0.032422009855508804,0.003762327367439866,-7.267082401085645e-05,0.03399893268942833,0.032643646001815796,-466.0173794867202,35834.80843386158,0.0010856807930395007,-437.3193297609148,35824.92078943579,0.001064531272277236,0.04822136461734772,0.005327931605279446,30482.547047571592,18277.38076025146
0.7597654198548873,0.8605584484152513,0.8454616634975747,0.19785540729208972,-0.16712742962801697,-0.24398931770902904,-0.4341603812955709,-1.0,9.349400985456754,39.559099302418076,24.454250143937415,30.209698316961322,-26.448228359222412,-26.493923664093018,-26.471076011657715,-0.04569530487060547,-0.002916717668995261,-0.0024227327667176723,0.034344632178545,0.03273587301373482,-0.003767516231164336,-0.000313668220769614,0.03417902812361717,0.03254776448011398,-457.63675564342105,35826.610147600186,0.0010858201421797276,-449.0179324181934,35847.527240303265,0.0011142699513584375,0.048616863787174225,0.004833776503801346,30488.549943824164,19667.645875449216
0.022176271614051064,0.045672358712166954,-0.12945503186950705,0.07081948745906569,0.3491688471037215,0.10249686328593077,-0.11107316474085549,0.0,9.195210894763449,39.22721137500173,24.21121113488259,30.03200048023828,-26.431705951690674,-26.36688232421875,-26.399294137954712,0.06482362747192383,0.00271681253798306,0.0026105185970664024,0.03429890796542168,0.032917968928813934,0.0035412549041211605,-0.0014805197715759277,0.03387483209371567,0.03385508432984352,-370.48577062734483,35827.7312377873,0.0010832496918737888,-424.1738783217351,35799.49214618042,0.001049666665494442,0.04813055694103241,0.004737731534987688,30733.313088666906,18907.524735869643
-0.9550699214812562,-0.9778197069311723,-0.34434111329394573,0.4456814837376501,0.21112208989562753,-0.16392003925572401,-0.08778938836687333,0.34347391490185497,20.469398721927632,39.68430680702323,30.076852764475433,19.2149080850956,-26.326284408569336,-26.3217830657959,-26.324033737182617,0.0045013427734375,-0.0030876323580741882,0.0023130313493311405,0.033550336956977844,0.03449020907282829,0.002566468669101596,0.0028739217668771744,0.03464244678616524,0.03342985734343529,-448.3563776461274,35839.16941720961,0.0010847068624570966,-470.2782915628447,35813.64221202683,0.001093023456633091,0.04754552245140076,0.008029820397496223,30233.129229729122,19801.683679678525
0.7878256964991889,0.7477736580619916,-0.0955783507487928,-0.003642940927580385,0.4698637833084322,0.44405135526134776,-0.0439190929575245,-0.3272485693609847,7.912373593222782,40.64656476167852,24.27946917745065,32.73419116845574,-26.29892587661743,-26.34330987930298,-26.321117877960205,-0.044384002685546875,-0.003455321304500103,0.0016139585059136152,0.03406704217195511,0.03420088440179825,0.0033786394633352757,0.0018375153886154294,0.034918852150440216,0.032967399805784225,-418.9498076975844,35820.440796071794,0.0010734087554737926,-462.1037202673489,35833.97662820794,0.0010896701132878661,0.04778427630662918,0.008622626774013042,30245.409503975134,19248.12285907015
0.013155870255419037,-0.01241436185584576,0.10811113155707731,0.3915298610719008,0.273560466835306,0.050194470895304544,-0.014282453102938408,0.0,13.057043453108435,37.557964926884125,25.30750418999628,24.50092147377569,-26.32042646408081,-26.328492164611816,-26.324459314346313,-0.00806570053100586,-0.002456387970596552,-0.002959940582513809,0.034588538110256195,0.033497270196676254,-0.00010555639892118052,-0.0038508002180606127,0.033326104283332825,0.0346904955804348,-365.66637543342813,35823.47509696479,0.0010906467214226723,-483.44078972476746,35800.09393186866,0.0010610084282234311,0.04821425676345825,0.0039705089293420315,31227.159344787928,19175.047508531734
0.9567154368978215,0.9175635205158309,0.8058225064747422,0.35363725427243986,-0.06381208218961398,-0.27525863721568916,-0.4338522282871821,-1.0,11.863877763190317,45.49740142827042,28.68063959573037,33.633523665080105,-26.41836643218994,-26.433122158050537,-26.42574429512024,-0.014755725860595703,0.0037383888848125935,0.0006397500401362777,0.034551139920949936,0.032757192850112915,-0.002363198436796665,0.002983641577884555,0.032760292291641235,0.03443456441164017,-461.72952171792053,35835.78055565798,0.0010670246556401253,-475.0897411492468,35819.12302714346,0.0011029356392100453,0.04881328344345093,0.005773679353296757,30477.994946507155,18341.029574812455
0.05066587913176576,-0.01998389980010656,0.011718244837747194,0.12430071267859,0.2065498169915414,0.1668180763168236,-0.009139176083572065,0.0,8.610523757214963,32.57433262333993,20.592428190277445,23.963808866124964,-26.405134201049805,-26.441409587860107,-26.423271894454956,-0.036275386810302734,-0.0012273970060050488,-0.0035844529047608376,0.03357597813010216,0.03385941684246063,-0.0019690338522195816,0.00322619522921741,0.032650191336870193,0.03447910025715828,-519.8621900227255,35824.859821865466,0.0010858906898647547,-456.6017750261171,35830.78435865579,0.0010562838288024068,0.04760720208287239,0.003052797168493271,31235.479420535405,17693.64139018722
0.8458111817516659,0.7918039110267084,1.0,0.6422851224493114,0.035797252000143664,-0.22478896853892416,-0.2516250120318576,-1.0,15.048966889951373,43.384591636162554,29.216779263056964,28.33562474621118,-26.34542942047119,-26.376874446868896,-26.361151933670044,-0.03144502639770508,-0.0030087530612945557,0.0023915916681289673,0.03344021737575531,0.03445016220211983,-0.0010823106858879328,0.003676139749586582,0.03282737731933594,0.03479621559381485,-441.6843530056702,35805.25679579461,0.0010784203186631203,-436.7916394027069,35816.313219205804,0.0010780008742585778,0.04672146588563919,0.008916201069951057,30260.656723119446,18874.399697833876
0.46425946538331675,0.47752346825963016,-0.0664386355914467,-0.2903344723225523,0.2050078975819597,0.4614864415267339,-0.07047806104468335,-0.15135014589495932,5.887069576620377,38.25539526914517,22.071232422882773,32.36832569252479,-26.35380268096924,-26.341257095336914,-26.347529888153076,0.012545585632324219,0.0025318365078419447,0.0028260478284209967,0.03450031951069832,0.0333271287381649,0.003634906141087413,-0.0012531112879514694,0.03411063551902771,0.03381931781768799,-475.6466551858633,35835.26306570239,0.0010779110016301274,-389.66836463378894,35823.04123653552,0.0010996856726706028,0.048943713307380676,0.004738018848001957,30733.91334323715,19307.2670920987
-0.11214012912701932,-0.003238008867545536,0.26423561711001503,0.4681026824127573,0.44695709579130327,-0.014721460280566256,-0.03566761447664735,0.0,15.374201746409454,40.364098689882525,27.86915021814599,24.98989694347307,-26.36603355407715,-26.370394229888916,-26.368213891983032,-0.004360675811767578,-0.0009097761940211058,-0.0037169165443629026,0.03354572504758835,0.03418910875916481,0.0029359590262174606,0.002458730712532997,0.034647464752197266,0.033036746084690094,-494.16988788091874,35836.9675909204,0.0011045230785384774,-376.1738439809144,35825.041905660684,0.0010562990792095661,0.04697606712579727,0.0035533581394702196,31241.231940809514,17414.710211266232
0.9644326706027978,1.0,0.7889043284464509,0.26552635798588486,-0.03273443682404892,-0.10051050590934718,-0.6159348032032859,-1.0,11.99556740177158,41.791553001787435,26.893560201779508,29.795985600015854,-26.229474544525146,-26.254024505615234,-26.24174952507019,-0.02454996109008789,0.00030502802110277116,-0.003872215747833252,0.03356458619236946,0.0352269671857357,0.0022570397704839706,0.0031707482412457466,0.03472798317670822,0.03388209268450737,-465.2532311322238,35805.48641728193,0.0010649239411577582,-469.7801375145425,35821.25266932515,0.0010969963623210788,0.04684552550315857,0.0054353685118258,31249.297153425287,17236.574565002047
0.021709428955058976,-0.02381518077882816,-0.1349806588222094,0.047534370913795476,0.18960939152637646,0.056455200546772666,-0.052494858541835554,0.0,11.300713310620011,34.30239007355823,22.80155169208912,23.001676762938217,-26.297874450683594,-26.270790100097656,-26.284332275390625,0.0270843505859375,-0.0035813027061522007,-0.001354173175059259,0.035108376294374466,0.03313786908984184,0.003317568451166153,0.0019797668792307377,0.035182930529117584,0.03327588737010956,-407.3609074921807,35823.258031583704,0.0010810497915372252,-397.624886229396,35827.31423265696,0.0010759079596027732,0.04954643175005913,0.005617931485176086,30481.11709693739,18274.02429858398
0.6782464803713124,0.7472556480329006,0.8714054003805095,0.42321398285682743,-0.36036608069803955,-0.22396882038329624,-0.0905264799070481,-0.9368548284946737,13.557888350269138,41.119069425537106,27.338478887903122,27.561181075267967,-26.278669834136963,-26.280066967010498,-26.27936840057373,-0.0013971328735351562,-0.0038245427422225475,0.0005524667794816196,0.034710053354501724,0.03370535001158714,-0.0010711364448070526,0.0037333492655307055,0.03319508954882622,0.03518543019890785,-418.2647379903201,35831.99029168053,0.0011023504193872213,-463.53848679998964,35808.12095544622,0.001089572673663497,0.048922717571258545,0.006433665286749601,30473.833231278655,18850.094218452265
0.3081143255743526,0.30627500708596883,-0.11376098143591319,-0.12547622293162752,0.3259298824391134,0.13931480294146015,-0.03631094552870662,0.0,7.427074807290467,39.89089840217619,23.65898660473333,32.463823594885724,-26.209845542907715,-26.261277198791504,-26.23556137084961,-0.05143165588378906,-0.002175615867599845,0.0031756279058754444,0.033589400351047516,0.03536007180809975,0.001674432773143053,-0.0035090111196041107,0.03325232118368149,0.03527592122554779,-483.4320570881184,35821.42277328085,0.0010686187306419015,-489.9820524513593,35826.91260326152,0.0010902603389695287,0.04668358713388443,0.009249482303857803,31258.315763689843,17141.34077742423
-0.031002024089605076,-0.08603071532504408,0.18737511036842902,0.4645739144151499,0.36858956915198937,0.2307198172598357,0.05797083408900694,0.0,13.975857762779412,35.8718214285027,24.923839595641056,21.895963665723286,-26.41770839691162,-26.387019157409668,-26.402363777160645,0.030689239501953125,0.0032216375693678856,0.0020271125249564648,0.03458121791481972,0.032729145139455795,-0.0008340447675436735,0.003710926976054907,0.03284072503447533,0.034709442406892776,-499.7606770841186,35834.22126158773,0.0011093401117250323,-464.4874076081999,35830.242761847774,0.0010526131372898817,0.0484890341758728,0.004974497016519308,30487.387498638276,19354.977689680563
1.0,0.937230344351038,0.7220634840871328,0.30562378814282987,0.05790907783283017,-0.08667026685031587,-0.4358727244607799,-1.0,6.838705858109279,41.7742817558744,24.30649380699184,34.93557589776512,-26.48393154144287,-26.501262187957764,-26.492596864700317,-0.017330646514892578,0.0017343030776828527,-0.003340410301461816,0.0324554480612278,0.034343816339969635,0.0020797178149223328,0.0031603958923369646,0.033690422773361206,0.03299564868211746,-450.909915361062,35800.801878480735,0.0010602697730064392,-424.22864949225107,35824.48675522726,0.001089516095817089,0.045044735074043274,0.008050615899264812,31256.97474310377,17104.728283895533
-0.0037846045210687953,0.0,-0.05727646254393695,0.09999740088017395,0.20766811411210095,0.1452954079851531,-0.040603298840181434,0.0,12.324809885196771,34.838707055526726,23.58175847036175,22.513897170329955,-26.413657665252686,-26.46369695663452,-26.438677310943604,-0.05003929138183594,0.0029051010496914387,-0.0024389438331127167,0.033135104924440384,0.034225013107061386,0.002235417952761054,-0.003044211771339178,0.032623644918203354,0.03433579206466675,-518.3001689300266,35844.64027608509,0.0010687645990401506,-451.04605862505986,35811.2532134389,0.001087839133106172,0.04662252217531204,0.009307703003287315,30258.289691707552,19236.537083770767
0.7333110474376904,0.8770902834705513,0.8528725245246951,0.5292133053361388,0.2033684515107989,-0.18768751786805,-0.4181638548612721,-1.0,15.59260906740667,44.218289708446946,29.905449387926808,28.625680641040276,-26.44958257675171,-26.398046016693115,-26.423814296722412,0.05153656005859375,0.003789009526371956,0.0001791227696230635,0.034312378615140915,0.03275873139500618,0.0028636720962822437,0.002529106568545103,0.03450821340084076,0.03296186402440071,-419.44088368642383,35850.52064666877,0.0011047933949157596,-399.545380102574,35820.77389675209,0.0010740449652075768,0.04831878840923309,0.0058166212402284145,30475.88468817484,18401.134090630545
0.05271406438136367,0.07363162107394622,-0.12094807199210954,-0.07272739330400602,0.18579179965176307,0.21113591220641903,-0.1473208412961452,0.0,6.785451462263268,35.668896803346314,21.22717413280479,28.883445341083046,-26.45955801010132,-26.43742561340332,-26.44849181175232,0.022132396697998047,0.0013926031533628702,0.0034937290474772453,0.033450644463300705,0.033564481884241104,0.0035447729751467705,0.0013690050691366196,0.034569162875413895,0.032584406435489655,-486.04980894967997,35828.46268627242,0.0010732094524428248,-483.00211441426535,35803.663694166404,0.0010748252971097827,0.047153323888778687,0.0031022713519632816,31232.363283912786,17816.720406595377
-0.09001957503900634,-0.15631335730925494,0.054272855233755385,0.435960890741738,0.2669188909214845,-0.10673288799862596,0.04396601325487015,0.0,16.179148712990326,39.776589120869716,27.97786891693002,23.59744040787939,-26.34693145751953,-26.383647918701172,-26.36528968811035,-0.036716461181640625,0.0017926939763128757,-0.003400511806830764,0.03294512256979942,0.03491238132119179,0.003374208463355899,-0.0017886244459077716,0.033635932952165604,0.03396394103765488,-414.5531744646154,35826.58103491009,0.0010970731964334846,-464.2493759023857,35832.8294401097,0.0010778286959975958,0.0462094210088253,0.00962805189192295,31014.7969720773,17781.25168240077
0.021846379452013176,-0.05590815299702434,-0.3485295817183106,-0.5475110059786752,-0.5350579994883043,0.4360354458566621,0.18419739508796118,-0.024386685298807758,8.683906777274757,42.02801333712259,25.355960057198672,33.34410655984783,-26.344661712646484,-26.328482627868652,-26.33657217025757,0.01617908477783203,-0.002840764354914427,-0.002548040123656392,0.03469366952776909,0.03319687396287918,0.002309410832822323,-0.003098072949796915,0.0331256240606308,0.03488074243068695,-364.2704863710808,35815.58377046937,0.0010647352319210768,-493.5379720573411,35806.51069187186,0.0010959175415337086,0.048571012914180756,0.004857818130403757,30488.909353625477,19049.038795440196
0.017661187607896433,-0.012216806677925365,-0.04190266589074207,0.09894051642644891,0.171741737506251,0.04606988902991416,-0.03444928016930193,0.0,10.199738294113672,35.32470723734474,22.762222765729206,25.124968943231067,-26.34317398071289,-26.34580135345459,-26.34448766708374,-0.0026273727416992188,0.0016254847869277,-0.003460440319031477,0.03296632692217827,0.03492339700460434,-0.00272978562861681,0.002697405871003866,0.0332602858543396,0.03462168574333191,-446.79764540489134,35843.0262059132,0.0010938148479908705,-465.8391224400131,35816.20585428765,0.001075285254046321,0.04604875668883324,0.008525564335286617,31257.07317161873,17102.609698611253
0.7411081880666027,0.5960029971157719,1.0,0.23838646010904874,-0.19073471747842383,0.23056755872594598,-0.017471388844899294,-1.0,10.973079153750916,39.07758802971313,25.02533359173202,28.10450887596221,-26.27824306488037,-26.31601333618164,-26.297128200531006,-0.03777027130126953,0.0001293256354983896,0.003867143765091896,0.0335259884595871,0.03488609194755554,0.0027818973176181316,0.0026900372467935085,0.03477560356259346,0.03333592042326927,-490.6601209791418,35835.175829517946,0.0010994721669703722,-437.2256115983752,35833.07345249318,0.001096204505302012,0.047285981476306915,0.0044216918759047985,31243.14890941321,17306.749263674355
0.29797506849013716,0.23624438292428118,-0.13541275124143543,0.03698221310021299,0.49550517220746265,0.4117119117802478,0.08317709801583462,0.0,4.122646642890658,37.932992190260734,21.027819416575696,33.810345547370076,-26.274423599243164,-26.29610776901245,-26.285265684127808,-0.02168416976928711,0.0016664308495819569,-0.003434812417253852,0.0332721509039402,0.03516339510679245,0.0038585523143410683,0.0003062114992644638,0.03496332839131355,0.033300355076789856,-444.0546384644106,35805.42596433229,0.0010630966862663627,-483.90699312423493,35813.08834371293,0.0010681615676730871,0.04622701555490494,0.007280117832124233,31254.331974917626,17136.16053843215
-0.6020505568448811,-0.5686567617198739,-0.13764328280229593,0.27243232933218786,0.16800595192143303,-0.2122368989948037,-0.15558739393922194,0.0639787756817356,18.198093248599065,41.261868869159855,29.72998105887946,23.06377562056079,-26.369950771331787,-26.351451873779297,-26.360701322555542,0.018498897552490234,0.003832196118310094,0.00019938914920203388,0.03463368862867355,0.03305383026599884,-0.0038269441574811935,0.00034819889697246253,0.03450634703040123,0.0333341509103775,-439.1196639968335,35830.76645007993,0.0010833475971594453,-406.16764378330294,35824.82492224525,0.0010754733812063932,0.04913397878408432,0.005787233356386423,30477.646602951758,18351.41236463393
-0.02904220463629048,0.0027747333008906194,-0.44126956657303973,0.35908009062765384,0.5232654377011217,0.4474529760889016,0.10495619682152851,-0.042295867731841456,9.654298055671063,41.37547409068452,25.51488607317779,31.721176035013457,-26.33347749710083,-26.326372623443604,-26.329925060272217,0.0071048736572265625,-0.0025443260092288256,-0.0028516303282231092,0.03458258882164955,0.033401597291231155,0.0030700762290507555,0.0023450851440429688,0.034872766584157944,0.03315120190382004,-424.9342906011732,35828.737964452404,0.0010907599935308099,-415.96443796140915,35803.409930825415,0.0010828290833160281,0.04868737608194351,0.0045020682737231255,30735.64607039394,20238.717069469665
0.0,-0.02063566168064051,-0.012156348284796836,0.12197189054493016,0.2749889330385673,0.1370959126689808,-0.0827760377307144,0.0,14.173090996372196,33.03208722509984,23.60258911073602,18.858996228727648,-26.25678777694702,-26.285312175750732,-26.271049976348877,-0.028524398803710938,0.0014425201807171106,0.0035912436433136463,0.034252915531396866,0.03434282913804054,0.002609476214274764,0.002835622988641262,0.03480585291981697,0.03355402499437332,-452.25826286804266,35837.87821599024,0.0010733692906796932,-499.98010404502224,35812.611702156064,0.0010756138944998384,0.04785628989338875,0.003014775924384594,31237.531425454115,17590.88651605054
0.8723289879119184,0.9378014151516373,0.6702529377357006,0.28984904228866815,-0.09889014543165331,-0.08019446130270369,-0.16837007624022454,-1.0,11.505819562665863,41.603869988864034,26.55484477576495,30.09805042619817,-26.28591537475586,-26.262996196746826,-26.274455785751343,0.022919178009033203,-0.002898611593991518,0.002551641780883074,0.033584754914045334,0.03477061912417412,-0.0035932324826717377,0.0014405116671696305,0.03432352840900421,0.03422275185585022,-400.5411341776505,35818.048044042334,0.0010979139478877187,-423.7456648003006,35826.15346413973,0.0010886715026572347,0.04687458276748657,0.009600771591067314,30271.86924055847,18827.43511750929
0.05787665064860306,-0.0058728521653401925,-0.08452640206020037,0.03282393982173626,0.15195114627903522,0.04957845602035049,-0.11867217892673754,0.0,7.634115510341161,37.91823271322724,22.7761741117842,30.28411720288608,-26.284549236297607,-26.298751831054688,-26.291650533676147,-0.014202594757080078,-0.0038219690322875977,-0.0001273628295166418,0.034929562360048294,0.033434804528951645,0.0035118404775857925,0.0015948557993397117,0.035119976848363876,0.03311516344547272,-454.94721384763614,35826.17958154214,0.001070187077857554,-531.9395698264987,35817.21091314267,0.0010638206731528044,0.04896976053714752,0.006342154927551746,30474.604993336,18655.200434219943
-0.36369651143930837,-0.36972191323245285,0.2940432769258576,0.6732514374420902,-0.10862517946765912,-0.3448954429145561,-0.024582938278299937,0.0,15.470186995916833,40.0130587873542,27.741622891635515,24.542871791437364,-26.252453327178955,-26.32645606994629,-26.289454698562622,-0.07400274276733398,0.0007390400278382003,-0.0038248663768172264,0.033354468643665314,0.035246819257736206,0.0027770046144723892,-0.002687398809939623,0.03334415331482887,0.034687548875808716,-435.27532951813254,35817.706538776816,0.0010890612611547112,-504.23310919252094,35831.504288712036,0.0010946071706712246,0.046664394438266754,0.00763374799862504,31253.751559906228,17122.293490640965
0.9831216977457705,0.7849693528070849,0.330876629040389,-0.033856001539641634,0.20046026154449365,0.13781191051314035,-0.6388584341471122,-1.0,8.569948214987619,41.7750915411041,25.17251987804586,33.205143326116485,-26.335995197296143,-26.28882646560669,-26.312410831451416,0.047168731689453125,0.0013048131950199604,-0.0035808635875582695,0.033006925135850906,0.03494134917855263,0.0022784764878451824,0.003140365704894066,0.03461332991719246,0.03372139111161232,-441.5318487716624,35814.533142759145,0.001076656160876155,-453.08532114368865,35813.65680265033,0.0010732667287811637,0.04602918028831482,0.0070977830328047276,31253.571959976583,17140.234847288273
-0.02172344790493481,0.035864942678881656,0.02582596100555601,0.13145463545557617,0.16383104150998962,0.004041116097132091,-0.05591888130290945,0.0,10.002647826079112,33.996215992743856,21.999431909411484,23.993568166664744,-26.29509210586548,-26.303155422210693,-26.299123764038086,-0.008063316345214844,0.003036096226423979,0.0023380331695079803,0.0349823534488678,0.03329308331012726,0.0037470748648047447,-0.0008860088419169188,0.03444645181298256,0.03378079831600189,-456.610730690023,35832.92958556293,0.0010826943907886744,-399.56413088443566,35827.91165320026,0.001074025291018188,0.04913858324289322,0.005015636794269085,30487.38816483526,19255.767486422723
0.8671911892064942,0.8871769334909507,0.8480239872666523,0.226265387709651,-0.11142946169989648,-0.286963376052938,-0.5516443916865308,-1.0,12.80105665515157,42.663197356016354,27.732127005583962,29.862140700864785,-26.226136684417725,-26.28659725189209,-26.256366968154907,-0.060460567474365234,-0.0036262902431190014,-0.001412299694493413,0.0354168638586998,0.03339073807001114,-0.00130021246150136,0.0036590350791811943,0.033159174025058746,0.0351690910756588,-453.1882352248644,35817.68089135095,0.0010878520552068949,-400.22013683975916,35829.626690551515,0.0010897039901465178,0.0502421110868454,0.0055853258818387985,30482.136116176047,18256.95622173696
0.02567561682050485,-0.01913402722592266,-0.03146407518312147,0.19886739890190103,0.2753441096248562,0.08519775638479343,-0.08059109899273376,0.0,9.271679178875672,35.14805211246653,22.2098656456711,25.876372933590858,-26.23711109161377,-26.217098236083984,-26.227104663848877,0.020012855529785156,-0.003859983291476965,-0.00010596858919598162,0.03512560948729515,0.033611051738262177,0.001850646105594933,-0.0034262435510754585,0.03345644846558571,0.03542470559477806,-400.32573915612755,35821.156184561114,0.0010739434510469437,-461.99858714232914,35838.30391710323,0.0010614959755912423,0.04915783926844597,0.0062428368255496025,30474.759114094057,18527.0850043551
-0.6442441464343358,-0.7194649853098947,0.07910629154274629,0.31890633880812463,-0.13713573080566785,-0.6927056284703115,-0.024643805050855727,0.0,14.511000988949377,37.73647424452017,26.123737616734772,23.22547325557079,-26.22624158859253,-26.23603582382202,-26.231138706207275,-0.009794235229492188,-0.0038861387874931097,0.000379821693059057,0.035001274198293686,0.03382376208901405,-0.0033656551968306303,-0.0019607970025390387,0.03533884137868881,0.03339168056845665,-424.3651148173583,35804.92035718111,0.0010920921340584755,-455.5096447319849,35840.60256128119,0.0010956223122775555,0.049609556794166565,0.006250618491321802,30474.660173155902,18496.646343591885
0.1325771073311769,0.05031312718317663,-0.09241347282741745,-0.013311562057389426,0.2779501212218505,0.38886210617123906,0.08728212816877134,0.0,5.410362047147373,36.50083153920593,20.955596793176653,31.09046949205856,-26.198620796203613,-26.24758243560791,-26.22310161590576,-0.048961639404296875,0.00017163260781671852,-0.0038529387675225735,0.033757735043764114,0.035286471247673035,0.00029675528639927506,0.003874533111229539,0.03371012955904007,0.034945979714393616,-503.67469444202175,35815.79767509898,0.0010811471147462726,-471.582149249748,35837.822164221696,0.0010900424094870687,0.047916118055582047,0.003985815215855837,31243.12858747703,17359.348333062277
0.0060439492052922214,-0.03210687073345088,0.16788721194104678,0.30462942853593855,0.2120976032171915,0.014686616262488794,0.05118335492774917,0.0,10.94828104156295,37.30922782019499,24.12875443087897,26.36094677863204,-26.165850162506104,-26.201255321502686,-26.183552742004395,-0.03540515899658203,0.0023091952316462994,-0.0031490318942815065,0.0337681770324707,0.035527899861335754,-0.0036170922685414553,-0.0014907190343365073,0.035522039979696274,0.033481620252132416,-383.90139385339245,35819.21793230561,0.0010798340663313866,-415.63357588281804,35813.890568117946,0.0010683677392080426,0.04669835418462753,0.00988679938018322,31014.214122456968,17863.282635527823
0.9387025033248508,0.9600147965622868,0.797563053355374,0.24136787455117353,-0.13585700538514522,-0.1351285211007312,-0.41655116335102627,-1.0,12.987433078227525,45.340109321637414,29.16377119993247,32.35267624340989,-26.196792125701904,-26.188302040100098,-26.192547082901,0.00849008560180664,0.001473207026720047,0.0036059035919606686,0.03450225666165352,0.0345691554248333,-6.756538641639054e-05,-0.00392472930252552,0.033852484077215195,0.03526902571320534,-453.1179597449107,35840.325901087956,0.0010809123050421476,-377.67122691693226,35821.317580780764,0.001099992892704904,0.0486518070101738,0.002945100422948599,31234.152173232265,17651.20709425283
0.0,0.017483245771530785,-0.0482452357864608,0.12061256605837073,0.2874017288002916,0.044519153270609735,-0.07911903165321021,0.0,9.65651974819005,36.05653454887184,22.856527148530944,26.400014800681788,-26.234381198883057,-26.239476203918457,-26.236928701400757,-0.005095005035400391,0.0026704103220254183,0.002788112498819828,0.035037510097026825,0.033725157380104065,-0.003069014521315694,0.0023986385203897953,0.03385818377137184,0.03486514464020729,-464.53512263367264,35824.3941015141,0.001079638721421361,-421.28110679886106,35806.900848286976,0.0010614799102768302,0.049344755709171295,0.004652868025004864,30735.46473989866,18952.25956034687
-0.3524236258822344,-0.259736193899628,0.5775965512891554,0.49866715580187554,-0.2854599362160087,-0.4269785000575256,-0.08865343200060305,0.0,18.4295501534786,42.05909473746755,30.244322445473074,23.629544583988945,-26.230814456939697,-26.270313262939453,-26.250563859939575,-0.03949880599975586,-0.0037626679986715317,0.0009992881678044796,0.03468651697039604,0.034111034125089645,-0.001078535569831729,-0.0037314998917281628,0.03399893268942833,0.034486133605241776,-441.75157611787654,35835.662606975726,0.001059826696291566,-513.5304523270556,35819.492962382115,0.001103973132558167,0.049105264246463776,0.006567249074578285,30474.65134281432,18925.69158130508
0.27682153661738995,0.3209793027934149,-0.1029357121670202,0.004674695773047632,0.31908220667402293,0.4092249303379214,0.15787296562716935,0.0,4.889965599754078,38.321280955861965,21.60562327780802,33.43131535610789,-26.260862350463867,-26.221110820770264,-26.240986585617065,0.039751529693603516,0.00207305233925581,0.0032086314167827368,0.03459841012954712,0.033967744559049606,0.0005300985067151487,0.003862526500597596,0.03391068056225777,0.034958064556121826,-426.50334591293034,35813.07958598106,0.0010780917946249247,-410.63859915056224,35812.771865789786,0.0010723340092226863,0.04903404414653778,0.004334240686148405,30982.02284729115,20034.46419334668
0.0,-0.028700931672458168,0.3004547633250646,0.3671535001819131,0.22695532312060362,-0.008170804993418268,-0.03217100206239709,0.0,14.657716445574323,38.309512900975136,26.48361467327473,23.651796455400813,-26.261324882507324,-26.274425983428955,-26.26787543296814,-0.01310110092163086,0.003175061661750078,0.002211139304563403,0.035167988389730453,0.03336825221776962,0.0018794182687997818,-0.003389835823327303,0.03323826566338539,0.03518904373049736,-456.9222888918281,35837.72140865141,0.0010969440918415785,-473.5948318124807,35831.911072427094,0.0010644419817253947,0.049229420721530914,0.004938256461173296,30733.099349226315,19266.99703099472
0.9514750307307765,0.9415055489037386,0.7587254646412013,0.2929243956966854,-0.09852789782179333,-0.09283479656143667,-0.41881673388816737,-1.0,13.952266148556504,45.57933463339222,29.765800390974363,31.627068484835718,-26.186537742614746,-26.24345064163208,-26.214994192123413,-0.056912899017333984,-0.002179170958697796,0.0032369911205023527,0.03364434093236923,0.03548396751284599,-0.003131050616502762,-0.0023067942820489407,0.03522825986146927,0.03344842791557312,-553.5985416211616,35801.66435977208,0.0010602893307805061,-452.2465666293981,35829.420706464145,0.0011038476368412375,0.04704493284225464,0.00996803492307663,31013.216802444404,17616.66154408947
0.005251450415310664,-0.0032324304679062096,-0.034895041201156746,0.1842495621581568,0.3439150920150015,0.05346161251179221,-0.09306350752373094,0.0,7.786751153241823,34.97397115604852,21.380361154645172,27.187220002806697,-26.224400997161865,-26.170077323913574,-26.19723916053772,0.054323673248291016,0.0038649907801300287,0.00013731772196479142,0.035181883722543716,0.03365517407655716,-0.0015755409840494394,-0.0035940397065132856,0.03465946018695831,0.03462282195687294,-436.170520348908,35845.50154816096,0.0010950457071885467,-383.899643988151,35835.63228985036,0.0010524229146540165,0.04936268553137779,0.006292528472840786,30474.059943431406,18513.809773166162
-0.32773204000186706,-0.0955514077895877,0.5800733236103947,0.23798884824031682,-0.2654256305022572,-0.0013420389875463679,-0.03207964337149094,0.0,15.912161274595519,40.53603223667676,28.22409675563614,24.62387096208124,-26.408534049987793,-26.405482292175293,-26.407008171081543,0.0030517578125,0.002971774898469448,-0.0023905900306999683,0.03318009898066521,0.034218497574329376,-0.003695191815495491,0.0010216627269983292,0.03397804871201515,0.03344804793596268,-501.521108917452,35831.88427723386,0.0010786427883431315,-462.7230733677485,35822.46454346653,0.001101564266718924,0.04663288593292236,0.008570108562707901,30253.997515002786,18999.14012355924
0.3247265888427144,0.3782720601562382,-0.1120067214339353,0.026825786031413945,0.34155511562680724,0.33561416372200037,0.14287794313654345,0.0,8.415872104360801,40.622595612717674,24.519233858539238,32.20672350835687,-26.380252838134766,-26.41869306564331,-26.399472951889038,-0.03844022750854492,-0.0026709679514169693,0.0026754913851618767,0.03314906358718872,0.03446963429450989,-0.0037063555791974068,-0.0008637846913188696,0.03460336849093437,0.0326978825032711,-411.5766316861142,35807.50295974485,0.0010713727679103613,-453.42262309608765,35826.77119467158,0.001068859244696796,0.04617457464337349,0.009799557738006115,30768.410175990786,18308.34690423491
-0.03072870641950747,-0.048122691662217956,0.402103905159568,0.5029289713524322,0.18106863411237614,-0.1584073256920958,-0.06840368002160602,0.0,13.247447327610473,38.36846230779378,25.807954817702125,25.121014980183304,-26.347761154174805,-26.372509002685547,-26.360135078430176,-0.024747848510742188,0.00305801909416914,0.0023212810046970844,0.034791477024555206,0.03306663781404495,0.0037874109111726284,-0.0005552102229557931,0.03433212637901306,0.033347681164741516,-423.3000245001358,35828.55932374309,0.0010848704259842634,-534.8365591784385,35843.38423820695,0.001059692702256143,0.048562049865722656,0.004775681998580694,30732.940508948777,19022.1815903628
0.9777669818980361,0.9611341273644494,0.7021382230125167,0.23108815903594107,-0.16853865636838894,-0.08822036850535236,-0.4444798101292511,-1.0,9.739223430414853,41.687177052219226,25.71320024131704,31.947953621804373,-26.410980224609375,-26.43315315246582,-26.422066688537598,-0.022172927856445312,-0.0008148342603817582,-0.003715554717928171,0.03332803398370743,0.0340566486120224,0.00046349636977538466,-0.0037852502427995205,0.03273213282227516,0.03446027263998985,-530.814862724427,35804.30325200904,0.0010683207074180245,-376.4554125620544,35835.97360284828,0.0011130436323583126,0.047130875289440155,0.0029519505333155394,31239.161603789555,17509.611158452786
-0.0001781655347269588,0.01821409745206426,-0.05385073241935427,0.14087013959335892,0.36701794990219483,0.04621156134628518,-0.12959261235276998,0.0,12.197404550543865,37.408264017342105,24.802834283942985,25.21085946679824,-26.4608097076416,-26.462254524230957,-26.46153211593628,-0.0014448165893554688,0.003709442215040326,-0.0007015789160504937,0.03390362486243248,0.03309541568160057,0.0012344364076852798,-0.0035834070295095444,0.03250005841255188,0.03446222469210625,-499.50487589889235,35833.95709866991,0.0010935434838756919,-374.7390989951055,35828.118622266054,0.0010566285345703363,0.04788101837038994,0.006658324971795082,30471.492241774038,18831.13747276395
0.1105360569054833,0.27132884045434635,0.7885255585156858,0.3716025218570897,-0.33623760489815246,-0.36335422386136046,-0.5177747483720814,-0.7772121460635322,15.618407869502363,38.743421681730126,27.180914775616245,23.125013812227763,-26.409387588500977,-26.433439254760742,-26.42141342163086,-0.024051666259765625,0.0006028689094819129,0.0037731290794909,0.033225324004888535,0.034167222678661346,0.0031468700617551804,0.0021578394807875156,0.03449534624814987,0.03269263356924057,-483.78739180375106,35830.798200390214,0.0010792454704642296,-527.4567575491862,35816.55091131113,0.0010833876440301538,0.046210646629333496,0.00422760471701622,31244.156593843494,17325.399705361895
-0.7612772779290269,-0.7008973954644546,-0.9633113493532678,-0.6695292341813799,-0.2615803678337215,-0.12175493296340811,0.8222492690793708,0.975729565615467,5.125917103350957,37.58553847375697,21.355727788553963,32.45962137040601,-26.44144058227539,-26.403615474700928,-26.42252802848816,0.03782510757446289,-0.0028994956519454718,-0.002372265560552478,0.034341320395469666,0.0327986478805542,-0.0010917558101937175,-0.003662256756797433,0.03349756821990013,0.03394510596990585,-425.56167088413343,35814.0983984908,0.0010752405505627394,-397.9524442501732,35816.814494411396,0.0010749405482783914,0.04859502241015434,0.005164537113159895,30485.651371855587,18382.289007874682
-0.04946107771629703,-0.11459757357534174,0.38288847584119606,0.4918611063943934,0.25751621706023575,-0.011070704308433044,0.017690951539930277,0.0,15.716698558608584,39.02956624313231,27.373132400870446,23.312867684523724,-26.46012783050537,-26.458988189697266,-26.45955801010132,0.0011396408081054688,0.00047455873573198915,-0.0037509510293602943,0.03263086453080177,0.034355513751506805,-0.0023794237058609724,0.0029500084929168224,0.0326792411506176,0.03431713208556175,-446.465000848614,35836.355108784344,0.0010943213710561395,-447.20192107183624,35829.11357434465,0.0010578255169093609,0.04546312242746353,0.006525016389787197,31251.647373461263,17165.755523734482
0.9617433478580282,0.9714385126893968,0.7211707960205975,0.19565361615754417,-0.06779997439215257,-0.0446065020463946,-0.4546983402356293,-1.0,10.278843488047727,42.16481508825021,26.221829288148967,31.88597160020248,-26.28121852874756,-26.332881450653076,-26.307049989700317,-0.05166292190551758,-0.0035123564302921295,-0.0015900622820481658,0.03518824651837349,0.03318600356578827,0.0004571039753500372,0.0038245366886258125,0.03345267102122307,0.034534476697444916,-533.0936431246615,35838.32683329568,0.0010681413114070892,-441.8546525305546,35817.948429595825,0.001098866225220263,0.04987116530537605,0.00552575895562768,30483.03776213266,18244.44315126113
0.0,0.02217327166334907,-0.040596099332886326,0.1489522476088147,0.28517667180491235,0.08010892589142643,-0.07139450221433186,0.0,11.201264671712408,36.90361874181707,24.05244170676474,25.70235407010466,-26.24509572982788,-26.198761463165283,-26.221928596496582,0.046334266662597656,-0.0037714936770498753,0.000818164087831974,0.034714121371507645,0.03397189453244209,0.0029834758024662733,0.002523674862459302,0.03533200919628143,0.03370305523276329,-374.187689232337,35819.28577651544,0.0010900574270635843,-428.4009522879899,35799.44542906316,0.0010525811230763793,0.04863382875919342,0.006982376333326101,30473.566196566586,19229.13882355706
0.5448475436206737,0.6820426810082734,0.9430748614652656,0.28233844754234183,-0.305819446458595,-0.6180468034967788,-0.12829649422096412,-0.6740892250809877,14.416135214135437,41.020452853025034,27.718294033580236,26.604317638889597,-26.181418895721436,-26.192517280578613,-26.186968088150024,-0.011098384857177734,-0.003884583245962858,-0.0005462327389977872,0.03549078479409218,0.033676911145448685,-0.003133086720481515,0.0023337192833423615,0.03408993408083916,0.03500834107398987,-392.19643656696957,35804.02903783826,0.001067901379428804,-478.23215527137984,35832.19443971745,0.001091341837309301,0.05008981376886368,0.005855372175574303,30478.0512334071,18348.672357950174
0.059297902212941775,-0.0031054791223306113,0.0020706432761216087,0.04821254149323673,0.1993738470012401,0.23606670672710606,0.06032340004687353,0.0,8.613891167365011,36.920390359000265,22.76714076318264,28.306499191635254,-26.15020990371704,-26.1969256401062,-26.17356777191162,-0.046715736389160156,-0.0038514784537255764,0.0005288029205985367,0.03522278741002083,0.03421599417924881,-0.0007120246300473809,0.003847206477075815,0.03358685225248337,0.03545627370476723,-513.5855416132823,35815.68555600747,0.0010741951409727335,-437.85869681452874,35832.54418819651,0.0010590984020382166,0.04964800179004669,0.007118207402527332,30472.299883808497,19041.947276885214
0.0,0.0333773736039865,0.264037362303685,0.37673676557626923,0.12446011235411797,-0.06704898806294668,0.10763597630944433,0.0,9.655856930037828,36.72788494910094,23.191870939569384,27.07202801906311,-26.114017963409424,-26.152637004852295,-26.13332748413086,-0.038619041442871094,-0.003875034162774682,0.0007573304465040565,0.03528120368719101,0.03444483131170273,0.00037876301212236285,0.003915579989552498,0.03411656245589256,0.0352947935461998,-439.74115032822317,35817.35659883268,0.0010848994133993983,-434.89416846696525,35826.665806623125,0.0010651354677975178,0.04947144538164139,0.00696862256154418,30471.263076073097,18873.102474382078
0.9847149723210444,0.9290256067975583,0.504607543850117,-0.172980767291981,0.010471441329934661,-0.05083083485077944,-0.5730207606566401,-1.0,9.219321353394577,39.616644275095666,24.41798281424512,30.39732292170109,-26.218135356903076,-26.200218200683594,-26.209176778793335,0.017917156219482422,-0.0006571388221345842,-0.003824477083981037,0.033993277698755264,0.03490322828292847,0.0008011212339624763,0.003835280891507864,0.034118421375751495,0.0349184013903141,-434.7692619108807,35815.885114762415,0.0010694259544834495,-363.74131606811545,35824.75398111416,0.0010970105649903417,0.04802870750427246,0.0031767620239406824,31240.642950409554,17469.022858583412
0.005728075801337212,0.0,-0.03553027318013055,0.2246833403487543,0.25049661475467006,0.10525221249976602,-0.032851804415411134,0.0,10.619382739439743,33.8590089574335,22.239195848436623,23.23962621799376,-26.25239849090576,-26.236395835876465,-26.244397163391113,0.016002655029296875,-0.0016318196430802345,0.003501251107081771,0.03330614045262337,0.035296518355607986,-0.001692823483608663,-0.003490086179226637,0.03447572886943817,0.03428106755018234,-401.23049437110103,35840.86442898609,0.0011036087526008487,-457.7165095969493,35805.99921889659,0.0010760718723759055,0.04621678590774536,0.00855325348675251,31257.222977982008,17101.26424898336
0.7926093429991689,0.8612998720795819,0.881159103519297,0.40835549171090296,-0.18440936614701173,-0.2526011887634818,-0.37735714217758126,-1.0,10.214426139062994,41.0824221057766,25.648424122419797,30.867995966713607,-26.111140251159668,-26.156198978424072,-26.13366961479187,-0.0450587272644043,-0.003753846511244774,-0.0012137994635850191,0.035881806164979935,0.033843040466308594,-0.003937187138944864,-1.0348972864449024e-05,0.03543444350361824,0.033941831439733505,-425.5941164670238,35831.29362873263,0.0010857116430997849,-508.8458991656983,35834.20248255138,0.0011012401664629579,0.05067179352045059,0.005744481924921274,30480.718264338204,18256.607549025826
0.12533282214151578,0.13269026549907215,-0.112894235253815,0.048403305162060706,0.5082999608506357,0.2953721691938157,-0.16877455960072618,0.0,7.766229857639075,38.98715086655483,23.37669036209695,31.220921008915752,-26.289680004119873,-26.160333156585693,-26.225006580352783,0.1293468475341797,-0.003395725041627884,-0.0017518132226541638,0.035110026597976685,0.03320381045341492,-0.001976221101358533,-0.003401483641937375,0.034928396344184875,0.03442927822470665,-484.59220424541905,35814.60226791092,0.0010791942477226257,-473.6119135762829,35825.39028062633,0.0010513151064515114,0.04938735440373421,0.005521806422621012,30482.002936649875,18263.50719884726
-0.6321289403522684,-0.6590532479670314,-0.2595986940131102,0.43451988727439744,0.301473575808836,-0.23565699795732659,-0.22296664544542089,0.10062529097507722,14.435724736311272,35.72208722834549,25.07890598232838,21.286362492034215,-25.840730667114258,-25.82679033279419,-25.833760499954224,0.01394033432006836,-1.3252887583803385e-05,-0.004082933068275452,0.03520617634057999,0.036736492067575455,0.0038818372413516045,-0.0012447336921468377,0.03623633459210396,0.035838570445775986,-450.17785614187045,35826.07279726778,0.0010984892724081874,-444.7319220425381,35811.38622718497,0.001060474431142211,0.04908071085810661,0.005797287914901972,31246.690332527945,17224.851838574083
0.9932694863843473,0.9519725410566373,-0.06594511910402852,-0.21099076216092044,0.115810118211645,0.3524749863790386,-0.3113276697266303,-0.8104561573416401,5.619826611200665,38.30851025230709,21.964168431753876,32.68868364110642,-25.97844362258911,-26.27553701400757,-26.12699031829834,-0.29709339141845703,-2.6831519789993763e-05,0.003979715518653393,0.03465723991394043,0.036158304661512375,-0.003885018639266491,3.1376675906358287e-06,0.03494881093502045,0.033480703830718994,-465.88285624829,35814.4355474294,0.0010790303349494934,-471.1786670255281,35815.66585275126,0.0010913803707808256,0.049205705523490906,0.003878938499838114,31242.598733899977,17369.567006932957
0.03154999164717988,-0.009615983021072878,0.04312991818725373,0.18799673570632786,0.27560441605470143,0.12264514540806049,-0.016606195235026266,0.0,11.575776057489577,35.81254242791036,23.694159242699968,24.23676637042078,-26.261286735534668,-26.291379928588867,-26.276333332061768,-0.03009319305419922,0.0004192566848360002,0.003834438743069768,0.033723264932632446,0.03482932224869728,-0.003305843099951744,0.002016054466366768,0.03387591615319252,0.03444293513894081,-394.10964183330026,35832.39300875665,0.0010877979220822453,-433.6771687977096,35818.092445246744,0.001064890413545072,0.04723236709833145,0.0037856826093047857,31240.70303265565,17390.95314839417
-0.05324187858869334,0.011498208699306067,-0.1584545184273185,-0.8176896294752499,-0.7682593433940244,-0.5240846570465124,0.4033626985306935,-0.00543156320456998,12.091501915172842,39.948633390537196,26.02006765285502,27.857131475364355,-26.31361484527588,-26.294538974761963,-26.30407691001892,0.019075870513916016,-0.00283626327291131,-0.0026062799151986837,0.034821413457393646,0.03330950811505318,0.0021191954147070646,-0.0032354157883673906,0.03320630267262459,0.03506508842110634,-431.28051929295583,35837.195905601446,0.001092578750103712,-407.0573467519523,35838.636335906354,0.0011018505319952965,0.048998717218637466,0.0045578680001199245,30978.854727616897,19658.044406345416
0.04241054462078939,0.04042719422810831,-0.12530925294455458,0.06544046707965614,0.20705841530432745,0.13266927312177335,-0.013754251829625197,0.0,6.308638805182909,35.65490312644411,20.98177096581351,29.346264321261202,-26.384601593017578,-26.39185667037964,-26.38822913169861,-0.007255077362060547,0.0037542686332017183,0.0004228750476613641,0.03461463376879692,0.032962992787361145,0.0025499043986201286,0.0028454395942389965,0.03436366096138954,0.03316183015704155,-460.56571232757517,35827.7500201896,0.001080818590708077,-456.77991833579216,35835.97345302978,0.0010763449827209115,0.04854150116443634,0.006119790021330118,30474.563798111736,18498.650382982978
-0.525831458541371,-0.6113457191077182,-0.0036170709452048033,0.5061129136196731,0.10865798355193342,-0.4479154951240164,-0.0731109914937843,0.03646744794703127,18.465878199612234,40.45039493543129,29.458136567521763,21.984516735819057,-26.326169967651367,-26.386234760284424,-26.356202363967896,-0.06006479263305664,-0.0018135482678189874,-0.0033974358811974525,0.03419646620750427,0.03385137394070625,0.0034720313269644976,0.001604950288310647,0.0347709096968174,0.03277945891022682,-500.0028360294218,35843.663658693826,0.001086019561626017,-526.879709461358,35810.79591019343,0.0010877110762521625,0.047768257558345795,0.0029992845375090837,31235.27085016253,17616.731237141157
0.9724898419313555,0.9514766326521308,0.6389454228672378,0.24127712988697356,0.16838926545736405,0.004792842261772734,-0.5465909102820011,-1.0,8.586766688539456,42.47218824959356,25.529477469066507,33.8854215610541,-26.364388465881348,-26.354310512542725,-26.359349489212036,0.010077953338623047,0.003599609714001417,0.0012260533403605223,0.03482994809746742,0.03289595618844032,-0.003662900300696492,-0.0011577967088669538,0.03489082679152489,0.032908499240875244,-441.1080400048316,35817.11358619655,0.0010862540220841765,-495.63207190561815,35812.49865471071,0.0010817256988957524,0.048987146466970444,0.005629043094813824,30479.99845651484,18266.40932098366
-0.04012561065886557,0.013500920059477237,-0.033282657329619825,0.1698670609464727,0.2734211097301732,0.11562489179337099,-0.09134544576406622,0.0,13.38406633844346,35.94807905364485,24.666072696044154,22.564012715201386,-26.477322578430176,-26.479787826538086,-26.47855520248413,-0.0024652481079101562,-0.0023477040231227875,-0.002960748504847288,0.033928949385881424,0.03293919935822487,0.003378155641257763,0.0016709621995687485,0.03437546268105507,0.03245438635349274,-477.92889417025845,35813.20633235623,0.0010834578424692154,-448.32423102306785,35817.12932086574,0.0010761911980807781,0.04746183007955551,0.003756420686841011,31227.352822447363,18485.469068226455
0.8067638676635657,0.9426162307118686,0.6726054257526148,0.23254600789818525,-0.2031935282557878,-0.11459824563659049,-0.18733418892174236,-1.0,10.951357402018402,40.837280585939254,25.89431899397883,29.885923183920852,-26.463685035705566,-26.50590419769287,-26.48479461669922,-0.04221916198730469,-0.003340732539072633,0.0017664212500676513,0.03332902863621712,0.03365136682987213,-0.0012522495817393064,0.0035617020912468433,0.0323256254196167,0.03429985046386719,-461.80521269452777,35816.48690636481,0.0010881630005314946,-454.54823125178206,35820.82164026556,0.0010881650960072875,0.04704754054546356,0.008150202222168446,30241.911276524137,19348.47931363218
0.09054069992881718,-0.018652917204700324,-0.08640667710818967,0.0768205576211699,0.281637918649491,0.12587720193386842,-0.043515255709177914,0.0,6.434253637796672,37.46956094595146,21.951907291874065,31.035307308154785,-26.44892930984497,-26.492841243743896,-26.470885276794434,-0.04391193389892578,0.0010681345593184233,0.0035980893298983574,0.03332522138953209,0.03377195820212364,0.0037587301339954138,-0.0004432651912793517,0.03391450643539429,0.032831329852342606,-406.3102089435833,35819.74798627991,0.0010661520063877106,-460.94669370531244,35817.60242657584,0.0010675272205844522,0.04695668816566467,0.0028693070635199547,31235.17862892959,17727.121521908633
-0.7885472029591389,-0.7054398882048796,-0.08319048687659691,0.08002344616828272,0.0030686193578035176,-0.3304021452826728,-0.1735279978042581,0.18173306704614822,15.81554584565049,38.8756760647384,27.345610955194445,23.06013021908791,-26.526877880096436,-26.50984525680542,-26.518361568450928,0.017032623291015625,-0.003504890250042081,0.0014080579858273268,0.03328899294137955,0.03320369869470596,-0.0010950453579425812,-0.003614201210439205,0.03310195356607437,0.0335208959877491,-436.1386533838727,35833.32268318976,0.0010957034537568688,-394.9257287119035,35837.765619478014,0.001092450344003737,0.04741600155830383,0.006904833950102329,30470.0396717694,19028.31438054931
0.955476526434765,0.8193211602733976,-0.07867546390168603,-0.10100961892113765,0.4439942759766879,0.46697616281279997,-0.49493590823164313,-0.7057529167871758,9.331097930710996,42.76524171094562,26.048169820828306,33.43414378023462,-26.518094539642334,-26.521401405334473,-26.519747972488403,-0.003306865692138672,-0.0014981288695707917,-0.0034123938530683517,0.033295538276433945,0.03327058628201485,-0.003582051256671548,-0.0011713070562109351,0.034228987991809845,0.03227831795811653,-436.021132444435,35833.45811195625,0.0010794159024953842,-447.17055185012816,35827.3990346473,0.0010873951250687242,0.046848926693201065,0.003176784375682473,31232.460803876522,17848.80415261249
0.0,-0.01746667005291283,0.050550669120671965,0.23301794519707972,0.22197158200324896,0.0227797305462617,-0.011147287362043845,0.0,12.497559786559606,35.558562957861994,24.0280613722108,23.06100317130239,-26.44469976425171,-26.522467136383057,-26.483583450317383,-0.07776737213134766,0.0036539738066494465,0.001010746811516583,0.034513186663389206,0.03258645534515381,-0.0015493358951061964,-0.0034236349165439606,0.033299610018730164,0.03322925046086311,-472.34599798204044,35835.1987368901,0.0010776857379823923,-538.4948645640892,35836.829579368896,0.001085976604372263,0.04877188801765442,0.005546335596591234,30480.070107432264,18297.042589278986
0.8534908983391674,0.8978397758232198,0.8628173801828237,0.4823707363981361,0.09976983445507381,-0.16550273686754646,-0.46613391491194756,-1.0,10.35345612394201,45.903199390099616,28.128327757020813,35.549743266157606,-26.53730869293213,-26.481409072875977,-26.509358882904053,0.055899620056152344,0.003703446127474308,0.0006490161176770926,0.034088198095560074,0.03230215981602669,-0.003450591117143631,-0.0015248742420226336,0.03438477963209152,0.03243115916848183,-499.68561548573456,35832.15219559554,0.0011081385891884565,-470.8946223238467,35844.13332054224,0.0010777881834656,0.04792623966932297,0.005683833733201027,30477.212032144045,18338.658119005504
0.018650280861507884,-0.029077816101686096,-0.07744046537606589,0.0646028529432443,0.1745241605608031,0.07115071319844307,-0.10716373116469102,0.0,7.376896551060611,30.646904234773217,19.011900392916914,23.270007683712606,-26.593375205993652,-26.59658908843994,-26.594982147216797,-0.0032138824462890625,0.003546611638739705,-0.0010999240912497044,0.03319574519991875,0.03279261663556099,-0.00020870871958322823,-0.0037204816471785307,0.03235902264714241,0.033592987805604935,-468.61726294352553,35832.625014943485,0.0010704017477110028,-488.17022235244,35810.64392319679,0.00107483786996454,0.04640161991119385,0.007296705152839422,30471.19901250162,19334.18184247542
-0.28176016323969505,-0.26876286153415396,0.11674466723384633,0.43432933775267035,0.17385596965712458,-0.023368639571199057,0.21821584193843935,0.0,12.2859485628573,37.01805279613973,24.652000679498514,24.732104233282428,-26.510376930236816,-26.539623737335205,-26.52500033378601,-0.029246807098388672,-0.0015946372877806425,0.0034284472931176424,0.03230855613946915,0.03428174555301666,0.002142739947885275,0.003091000486165285,0.03357972204685211,0.03281227871775627,-486.8800527417018,35820.401095870446,0.0011052826885133982,-502.00566112423957,35818.62555937991,0.001084245159290731,0.04526335746049881,0.00894398707896471,31259.47791934059,17107.25259071442
0.9945442083148686,0.8986691123857566,0.16465715591219743,-0.05525074186334927,0.2924314112347088,0.21935264931318033,-0.4684632239439941,-1.0,2.457343926508628,37.09465772999059,19.776000828249607,34.63731380348196,-26.329116821289062,-26.376638412475586,-26.352877616882324,-0.04752159118652344,0.003736878512427211,-0.0005928206373937428,0.034464843571186066,0.03356223925948143,0.0031731240451335907,-0.002147282939404249,0.03345375135540962,0.03419635444879532,-422.19627125155205,35798.52891542484,0.001058529713191092,-463.7316283109245,35822.370606922115,0.0010857131564989686,0.04776124656200409,0.007481344044208527,30473.93675104596,19553.212580999003
0.0,0.007227166718811753,0.2709075223484624,0.3064612123741571,0.16857843696825822,-0.10560385912774933,-0.10247887284260249,0.0,12.962944526504657,35.91068219752293,24.436813362013794,22.947737671018274,-25.07000207901001,-24.59662437438965,-24.83331322669983,0.47337770462036133,0.004300114698708057,-0.0011637364514172077,0.03963722288608551,0.03899691253900528,-0.00022641585383098572,-0.004682505037635565,0.040709834545850754,0.042317796498537064,-318.3214433717091,35823.11905232141,0.0011009980225935578,-284.53835064693163,35818.64145332289,0.0010570293525233865,0.056038033217191696,0.007921246811747551,30471.012748481087,18871.66410033256
0.9918530707199499,0.7405271163087982,0.3987176244156623,-0.10255617312014241,-0.20243426698727038,0.12046979298111826,-0.24060117555575328,-0.8814917546893435,7.819999917272156,36.65211831716371,22.236059117217934,28.832118399891556,-24.169278144836426,-24.102189540863037,-24.13573384284973,0.06708860397338867,-0.004807933233678341,-0.0010101697407662868,0.04479862377047539,0.042400822043418884,0.004944181069731712,0.0007050643907859921,0.04509038105607033,0.04278324916958809,-307.2549469701597,35818.56718895385,0.00106140342541039,-347.5799081539775,35819.23262830236,0.0010897760512307286,0.06282244622707367,0.007506844121962786,30477.411172874967,18350.27329171293
0.08004474781754743,-0.012116941171510607,-0.00940282186679614,0.1652915670933633,0.10871075414743248,-0.027574393749736803,-0.09237182398880839,0.0,9.929868976910143,36.98603750250402,23.45795323970708,27.056168525593876,-23.923792839050293,-24.128403663635254,-24.026098251342773,-0.20461082458496094,0.002547401236370206,-0.004354607779532671,0.043608859181404114,0.046090781688690186,0.0007543819956481457,-0.0048995851539075375,0.0426432341337204,0.04496743530035019,-345.2450694095832,35803.78240517511,0.00105274620000273,-332.4280090544315,35835.290665681096,0.0010764829348772764,0.06086438149213791,0.012015157379209995,31257.417269553694,17126.229959361757
0.7160519717354297,0.8552711523055156,0.9555676291197912,0.5577476560499454,0.11133103060530022,-0.2568885683795054,-0.3876467026467671,-1.0,12.761845695141176,39.90339018005389,26.332617937597533,27.141544484912714,-25.730600357055664,-25.438103675842285,-25.584352016448975,0.2924966812133789,-0.004084739834070206,-0.0005386880366131663,0.03736746311187744,0.035487107932567596,0.0032742987386882305,-0.0027383235283195972,0.037065353244543076,0.038298554718494415,-439.28756078660945,35836.48712474969,0.0010979075450450182,-388.97828750101496,35837.25082743735,0.0010759570868685842,0.05268700420856476,0.0062243458814918995,30477.741716180848,18347.974061043064
0.19204084700805718,0.18711058829898572,-0.09680658998978549,-0.08982426404760169,0.26760555463667196,0.23989472364663855,-0.06836865444693019,0.0,7.626254827855746,38.4563045140051,23.04127967093042,30.83004968614935,-24.830455780029297,-24.80647087097168,-24.81846332550049,0.023984909057617188,0.0015427481848746538,-0.004247383214533329,0.039255522191524506,0.04155424237251282,-0.0006168190157040954,0.004558241460472345,0.0394604466855526,0.04157037287950516,-307.6201882360837,35835.59080765797,0.0010565759148448706,-390.4890894565665,35817.06843997547,0.0010580145753920078,0.05475633591413498,0.00830015353858471,31253.30960384874,17145.592695324267
0.0,-0.024393272536846415,0.1847612531029358,0.44202026770161573,0.2698634500875265,0.04534998448183136,0.041839843332038495,0.0,13.213867068194133,37.01940916663432,25.116638117414226,23.805542098440185,-24.737212657928467,-24.783799648284912,-24.76050615310669,-0.04658699035644531,-0.003281143493950367,0.0032526080030947924,0.040023207664489746,0.04166929051280022,0.0001781877363100648,0.004598244093358517,0.03982485085725784,0.04143057018518448,-413.227078638557,35815.20932499848,0.0010847030207514763,-367.96452087428884,35824.22807611435,0.0010675698285922408,0.056120969355106354,0.011503268964588642,30516.182020480643,18542.221566149125
0.9945333324836815,0.9732445362213309,0.6760327629558166,0.26515500491016936,0.03769259018574228,-0.1123782220005668,-0.466379601210402,-1.0,11.192651696686141,43.16687222050257,27.179761958594355,31.974220523816427,-24.70633029937744,-24.721450805664062,-24.713890552520752,-0.015120506286621094,0.001247617183253169,-0.0044297026470303535,0.039829641580581665,0.04214174300432205,0.0036449863109737635,-0.0028819446451961994,0.040311116725206375,0.0415351539850235,-354.6651936214516,35813.41014874028,0.0010630057659000158,-351.2189953413765,35829.468693916664,0.0010725361062213778,0.0556316077709198,0.008231814950704575,31252.713393936247,17153.84989856077
0.011844127271852372,-0.006226042213713143,-0.037485699255830895,0.09987442961650561,0.22856725957950302,0.06349612335205485,-0.09117768490346168,0.0,10.33665421693621,34.445893068367695,22.391273642651953,24.109238851431485,-24.742953777313232,-24.734437465667725,-24.73869562149048,0.008516311645507812,-0.0016659487737342715,-0.004284573718905449,0.040749091655015945,0.040908083319664,-0.004346655681729317,-0.0015475121326744556,0.04204689338803291,0.039654120802879333,-325.69863228799534,35812.507499480045,0.0010575627675279975,-293.8197600709067,35814.77652256089,0.0010704390006139874,0.05731078237295151,0.003536767791956663,31235.757863412866,17678.843520965962
0.7360137156658687,0.8474087849400851,0.8687374404710115,0.09182342772576893,-0.33648929048622245,0.198091602735182,0.3029364623473818,-0.7472890134749497,10.581288919363203,38.28509836991162,24.433193644637413,27.70380945054842,-24.785001277923584,-24.795711040496826,-24.790356159210205,-0.010709762573242188,-0.0044031525030732155,-0.0012790622422471642,0.0417909249663353,0.039436809718608856,0.0044196913950145245,0.0013026241213083267,0.04174209013581276,0.03938210383057594,-318.25669711287554,35834.05831194449,0.0010975904297083616,-344.04791142314883,35817.801672960195,0.0010946000693365932,0.05894899368286133,0.006736034993082285,30479.96851032838,18269.54504133319
0.19923769038460967,0.17138021332431794,-0.11165851826950082,-0.01259189686156037,0.2489295777548005,0.25684160661578104,-0.013235789383535645,0.0,9.362351215466333,40.66932366045688,25.015837437961608,31.30697244499055,-24.73916530609131,-24.774179458618164,-24.756672382354736,-0.03501415252685547,0.004466163460165262,-0.0009666624246165156,0.041274577379226685,0.040417205542325974,-0.001056429697200656,-0.0044789621606469154,0.040270183235406876,0.04108762368559837,-338.74089757935144,35811.24199954055,0.0010622558183968067,-391.235821308845,35833.520782073625,0.001074090600013733,0.05789700150489807,0.008668502792716026,30473.028119850824,19358.070442671138
-0.28419588040351346,-0.2514526380248807,0.1466238194513012,0.49138451353087104,0.296375228985053,-0.08598645721789644,-0.04678189576745251,0.0,15.960839716368156,40.041656891729815,28.001248304048985,24.08081717536166,-24.731626510620117,-24.711148738861084,-24.7213876247406,0.020477771759033203,-1.0321306035621092e-05,-0.004618226550519466,0.03999783471226692,0.04174567013978958,0.0037424650508910418,-0.0027418562676757574,0.04044343903660774,0.04150371626019478,-389.168340303994,35830.31904678823,0.0010874593863263726,-322.9685746385642,35833.53324761144,0.0010539144277572632,0.05585600063204765,0.006785592529922724,31249.159262475805,17220.564127670925
0.03801443723942988,-0.06339847190105241,-0.5506449870760797,-0.8562706833674734,-0.5784171185407843,-0.47232251165300354,-0.9623424421627673,0.0,7.533729150732768,40.55384047068176,24.043784810707265,33.020111319948995,-24.753363132476807,-24.73714828491211,-24.745255708694458,0.016214847564697266,-0.003758865175768733,-0.0026087637525051832,0.04182541370391846,0.0397084541618824,0.00463132094591856,-1.844728467403911e-05,0.04171122610569,0.039978813380002975,-338.28605906565747,35833.85475184326,0.001065945252776146,-396.7953778021069,35816.11192813246,0.0010892663849517703,0.058780230581760406,0.006216754205524921,30485.83372616606,18301.266577094764
0.0,0.00018771826908174985,-0.02177328147608093,0.1397345955190033,0.2016699904351481,0.06804707073157157,-0.00412575171386409,0.0,8.513446520813375,33.214377622754114,20.863912071783744,24.70093110194074,-24.689102172851562,-24.75008726119995,-24.719594717025757,-0.06098508834838867,-0.00190782081335783,-0.004229794256389141,0.041134998202323914,0.041028473526239395,0.003812606679275632,-0.0025794561952352524,0.04034693166613579,0.041237398982048035,-376.2312194849332,35813.51483279505,0.0010703983716666698,-369.81373678434,35814.33741900489,0.0010647393064573407,0.05821939557790756,0.0038337986916303635,31231.11695822178,17794.724705184093
0.8713015440764831,0.9105418596182879,0.8521866601316738,0.38629037387439596,-0.00012430233360510856,-0.1025277938522185,-0.3299288763354503,-1.0,9.938040996936365,40.048254667675025,24.993147832305695,30.11021367073866,-24.732224941253662,-24.75409507751465,-24.743160009384155,-0.021870136260986328,0.004588501062244177,-0.0005536644021049142,0.04152202606201172,0.04022378474473953,0.004607651848345995,-0.0004206549492664635,0.04147177189588547,0.0400647334754467,-345.2999883845601,35813.764396312305,0.0010842239717021585,-346.02755522183713,35818.58761815848,0.0010718851117417216,0.058507852256298065,0.007851459085941315,30472.768649977985,18797.870576068657
0.03662765386271657,0.0,-0.1233591136269677,-0.03834604748753756,0.1805161482530796,0.020398098513785157,-0.16717279650496264,0.0,9.721152104764826,38.120609962479165,23.920881033621995,28.39945785771434,-24.751451015472412,-24.735994338989258,-24.743722677230835,0.015456676483154297,0.003165689529851079,-0.003305421443656087,0.0399278849363327,0.041633546352386475,-0.002857701387256384,-0.0036284583620727062,0.04145549610257149,0.04025648161768913,-288.01000417954003,35811.85852100632,0.0010532442247495055,-306.2419319409669,35831.96717606565,0.0010772815439850092,0.05528414621949196,0.011816846206784248,30766.917836018936,18046.32839981693
-0.48806190330449645,-0.49876887340608345,-0.07542532377381234,0.4398095189882049,0.17301538210245868,-0.10444469179685545,-0.0067924329657804705,0.0,16.316555032244253,38.69250542484332,27.504530228543786,22.375950392599066,-24.750924110412598,-24.762732982635498,-24.756828546524048,-0.01180887222290039,0.004597081802785397,0.0004675531235989183,0.04179931432008743,0.03975432738661766,-0.0007065940881147981,0.004564202390611172,0.03963692858815193,0.04180227965116501,-335.16325587810564,35841.18630018992,0.0010999051155522466,-304.8509048730752,35824.4020630657,0.001083750743418932,0.05907612293958664,0.006919880863279104,30478.33303416476,18331.938652832403
0.9825112987603596,0.8670337022765752,0.25100564918397367,-0.07400819912866222,0.0990024711347341,0.0004884008641251603,-0.5915197540466481,-1.0,10.185907964411115,41.64821792151076,25.91706294296094,31.46230995709965,-24.765918254852295,-24.81367588043213,-24.789797067642212,-0.047757625579833984,-0.0009174919687211514,0.004466277547180653,0.03961658850312233,0.04179876297712326,-0.0025290069170296192,-0.0038387030363082886,0.040908750146627426,0.04007796570658684,-340.2731849369577,35831.19643539581,0.0010696887038648129,-430.8931946131851,35827.0574154244,0.0010874067666009068,0.05556342750787735,0.007193142082542181,31250.337166461515,17201.092066285495
0.0,0.025336770005285336,0.1006120943623239,0.27174568165569224,0.2751261186822119,0.10938813232662542,-0.05676534844093317,0.0,11.107537852013252,33.56832011298695,22.337928982500102,22.4607822609737,-24.762089252471924,-24.742650985717773,-24.75237011909485,0.01943826675415039,0.003534096060320735,-0.002953161019831896,0.0400686152279377,0.0413961187005043,0.0018395890947431326,0.004228624515235424,0.04084043204784393,0.04081815481185913,-378.8386380933328,35821.53608634032,0.001078357337974012,-368.25995285526704,35826.08029040103,0.0010676434030756354,0.05595598369836807,0.011222334578633308,30259.89798356249,19019.879722271082
0.9380832931795557,0.967851769568243,0.854342089055575,0.37719726202820647,-0.026007453309773276,-0.10053967915228701,-0.4189125458821511,-1.0,9.85781051468598,42.165563437227036,26.011686975956508,32.307752922541056,-24.7110915184021,-24.68991756439209,-24.700504541397095,0.021173954010009766,-0.0002469705941621214,-0.004621310159564018,0.040195029228925705,0.04174615815281868,0.004418177530169487,0.0014929226599633694,0.042269427329301834,0.03984799236059189,-356.2583816891809,35825.301698890704,0.0010942242806777358,-322.302631165589,35823.71877375325,0.0011010617017745972,0.056418828666210175,0.004728065337985754,31242.978491368947,17346.219340768588
0.02076346207128258,-0.025757322654479137,-0.12159794748864397,0.06800007367917332,0.1322733959997292,-0.008228083781103734,-0.06698718434704232,0.0,7.949962561390976,35.26669660745242,21.608329584421696,27.31673404606144,-24.656171798706055,-24.716205596923828,-24.68618869781494,-0.06003379821777344,0.003078525885939598,0.0034599360078573227,0.0419449582695961,0.04052137956023216,-0.000853115925565362,0.00455975066870451,0.039821796119213104,0.042053841054439545,-315.49088866274434,35811.963487950874,0.001061924733221531,-316.732010604494,35819.210437672526,0.0010627524461597204,0.05937417596578598,0.005618463736027479,30734.976212538422,18928.868604982235
0.6845975128197688,0.6097481545545224,0.99621630978301,0.4135119028199408,-0.06444806241509451,0.12202978860597348,0.39667302712143737,-0.9765509957159125,10.784856676470612,42.05286128026137,26.41885897836599,31.268004603790757,-24.68895435333252,-24.716601371765137,-24.702777862548828,-0.027647018432617188,0.002743926364928484,-0.003082015085965395,0.04058149829506874,0.04163152724504471,-0.004626123700290918,0.000475548004033044,0.04163375124335289,0.04025564342737198,-298.9796815429917,35721.04870443267,0.0011027083965018392,-313.99255525765074,35827.52547100672,0.001069187419489026,0.05620324984192848,0.011473367922008038,30276.13578689033,18485.628461651017
0.44716411116975835,0.4444018447315827,-0.022158646037979925,-0.028458043421406693,0.6520606628119247,0.9324315383093563,0.5671205575773225,-0.11974861241843149,13.642054231964686,39.20581129229947,26.42393276213208,25.563757060334787,-24.717342853546143,-24.72252130508423,-24.719932079315186,-0.0051784515380859375,0.00355683546513319,-0.0020457745995372534,0.04098713770508766,0.040965307503938675,-0.0036220476031303406,-0.002898119855672121,0.04192117601633072,0.03990001976490021,-287.04280907601105,35727.12839182258,0.0011098537361249328,-331.4889437143342,35829.02877354043,0.0010890266858041286,0.05786782503128052,0.008904386311769485,30277.052376030562,18217.972501113738
-0.033240881389178224,-0.02358654201604911,0.17426742475990858,0.42684729395300125,0.30704812032437656,-0.0340785010801935,-0.01747426633204252,0.0,12.836271857997588,35.30082008350095,24.06854597074927,22.464548225503364,-24.71928834915161,-24.721801280975342,-24.720544815063477,-0.0025129318237304688,0.003868539584800601,0.0025530923157930374,0.04203973710536957,0.039807070046663284,0.0004895855090580881,-0.004596040118485689,0.039890870451927185,0.04193839803338051,-326.4589929107794,35820.898123229286,0.00110546441283077,-360.2415123900078,35830.53250797122,0.0010596265783533454,0.05913109704852104,0.006003933027386665,30487.198127525768,19058.152572124854
1.0,0.963324061067951,0.7381453582314811,0.31075695491104827,0.06211794980041424,-0.15042423626247292,-0.42317495698081065,-1.0,8.292821033326277,39.97351694198065,24.133168987653463,31.68069590865437,-24.73515033721924,-24.79461669921875,-24.764883518218994,-0.05946636199951172,0.0027973195537924767,0.0036622644402086735,0.04142752289772034,0.04029455408453941,-0.0041993288323283195,0.0018667613621801138,0.04055285081267357,0.040617309510707855,-359.5468758642831,35801.82857253589,0.0010594925843179226,-420.67005010766314,35833.603229683504,0.0010900325141847134,0.05834846943616867,0.005031263921409845,31225.747196060653,19191.17887855311
0.0283440268059105,-0.013645872264385807,-0.0034147897197749355,0.12998412701602996,0.22517833011394944,0.14775926588126514,-0.02016367162907773,0.0,7.628064665063107,32.779615242448926,20.203839953756017,25.15155057738582,-24.94490623474121,-24.952147006988525,-24.948526620864868,-0.007240772247314453,-0.0017876415513455868,0.004123421385884285,0.03872324898838997,0.04102390632033348,-0.00024331462918780744,-0.004487520083785057,0.03910164535045624,0.04059775173664093,-387.54036086759356,35826.16139958193,0.001063841162249446,-338.4805585399456,35829.06471395363,0.0010648389579728246,0.053953617811203,0.009251640178263187,31256.21980333772,17112.946907576534
0.7192127703195796,1.0,0.8962685764477198,0.22936890767810186,-0.14542450233753915,-0.10507875050008003,-0.27414971939499944,-1.0,11.544854540665881,40.75406664882149,26.149460594743687,29.20921210815561,-25.121643543243408,-25.151312351226807,-25.136477947235107,-0.029668807983398438,0.003510131500661373,0.002676207572221756,0.04004810377955437,0.03809986636042595,0.0016725794412195683,0.0040831053629517555,0.03891180083155632,0.038992319256067276,-390.2020432529633,35831.34004519679,0.0010853838175535202,-334.60608405577767,35834.28909906184,0.0010904973605647683,0.05619511008262634,0.005654496606439352,30488.306265244755,19466.92003570533
-0.7739888139679301,-0.8007059770236393,-1.0,0.1705024432167448,0.7099532411399533,0.7363141262526062,0.664992889616376,0.9531652978161699,7.843206237741924,39.586046833609146,23.714626535675535,31.74284059586722,-25.6880784034729,-25.862841606140137,-25.77546000480652,-0.17476320266723633,-0.0026069507002830505,-0.0031651584431529045,0.03718151897192001,0.036050714552402496,-0.0039593251422047615,-0.0009247986599802971,0.03689325600862503,0.03485453873872757,-418.4631221606529,35828.27007893719,0.001071692444384098,-414.5644905366345,35811.14318476358,0.0010776090202853084,0.05284806340932846,0.004921923391520977,30736.261249209445,19922.59870034522
-0.23053888380811963,-0.25622648695473726,0.19447471370993816,0.5392304772768522,0.11182390466996789,-0.16890509973981088,-0.009695551994449159,0.0,13.449067848599384,37.95572604202408,25.702396945311733,24.5066581934247,-26.29310131072998,-26.258156299591064,-26.275628805160522,0.034945011138916016,-0.003862548852339387,-7.389676466118544e-05,0.03489869460463524,0.03339330106973648,-0.00384551752358675,0.0005906280712224543,0.034775152802467346,0.03380054235458374,-388.14728147831886,35823.88757165762,0.001096353866159916,-521.317314373129,35802.6002326725,0.001070326310582459,0.04905078932642937,0.006014205515384674,30475.58916781736,18490.37377713089
0.9832440770486629,0.8862210272539301,0.47984354520599637,0.022807782036931068,-0.2500309147441382,-0.10819415709112695,-0.45965409396522705,-1.0,8.134929870313385,41.808269410486986,24.971599640400186,33.6733395401736,-26.092665195465088,-26.097898483276367,-26.095281839370728,-0.005233287811279297,0.0021635473240166903,0.0032822811044752598,0.03530419245362282,0.03459794074296951,0.003734575118869543,0.001316429814323783,0.03593874350190163,0.033891357481479645,-431.68959754923617,35811.8839212586,0.0010851107072085142,-483.01107681241905,35833.22617033201,0.001100574154406786,0.04988666623830795,0.004043355118483305,31227.521950115195,18559.92297876291
-0.005351106745648412,0.01429808228395026,-0.0008546335264255356,0.18370481427061275,0.35331392496938085,0.11792085345031883,-0.08725308151270672,0.0,12.22834116231283,37.49108528613226,24.859713224222546,25.26274412381943,-26.74661636352539,-26.823434829711914,-26.785025596618652,-0.07681846618652344,0.0035549220629036427,0.0008634809055365622,0.033308934420347214,0.03150029107928276,-0.003337131580337882,0.0014080897672101855,0.03214455768465996,0.032119471579790115,-582.4730826196276,35815.336863524266,0.0010854856809601188,-529.4475322750945,35827.71772771457,0.001073793158866465,0.04713631048798561,0.005484783090651035,30479.525462243157,18305.68365081084
0.6462732028340977,0.8504289505271984,0.9169544541154515,0.3807691354634441,-0.0990836069295376,-0.1157197650567886,-0.4696292799796278,-1.0,12.44552531021668,40.53550801855593,26.490516664386305,28.08998270833925,-26.651947498321533,-26.646270751953125,-26.64910912513733,0.005676746368408203,0.0018427028553560376,0.0032178068067878485,0.03299177810549736,0.03255060687661171,0.003675728803500533,-0.0005644693737849593,0.033260151743888855,0.03231886401772499,-504.6047955952882,35815.08458910473,0.001095195417292416,-535.2371377365514,35819.30032613874,0.001109615433961153,0.0460391603410244,0.0029666100163012743,31231.520482155884,17816.872823996426
0.1503474358677096,0.1381467856782549,-0.13359859515520303,0.035855992680200455,0.21450396517786463,0.1803262089443547,0.017543208032550828,0.0,7.655845692257486,38.26717472644529,22.96151020935139,30.611329034187804,-26.432130336761475,-26.341235637664795,-26.386682987213135,0.09089469909667969,0.0037257771473377943,0.0004338935832493007,0.03442367911338806,0.032786011695861816,-0.0006228841375559568,0.0037848022766411304,0.03304325416684151,0.03486410528421402,-414.23277096582456,35813.681903360564,0.0010695651872083545,-447.65197092125965,35826.04722281481,0.0010717445984482765,0.04839807748794556,0.006110567133873701,30475.3621021172,18537.30514806055
-0.28171087025653696,-0.3593170038717982,0.2943216785444245,0.458476853408199,0.06431763780282507,-0.2603188082212591,-0.10573752746571785,0.0,13.223462859912843,38.24070288570013,25.732082872806487,25.017240025787288,-25.72023868560791,-25.651397705078125,-25.685818195343018,0.06884098052978516,-0.0012176367454230785,-0.0039508529007434845,0.03625712916254997,0.036706265062093735,-0.0005406453856267035,0.0041247582994401455,0.035803791135549545,0.03771748021245003,-440.6157425284269,35833.83879063209,0.0010989370057359338,-438.4499894166919,35839.755632585795,0.001072131795808673,0.050795115530490875,0.0032838869374245405,31237.352700046602,17485.530516750805
0.9729052795742702,0.9268604644464287,0.38754096690915785,0.05796926126276353,0.03725272650528777,0.0028016734254161513,-0.6090872848067626,-1.0,5.8776558732441515,37.94250725449629,21.91008156387022,32.06485138125214,-25.550801753997803,-25.606515407562256,-25.57865858078003,-0.055713653564453125,0.0028452971018850803,-0.0030448108445852995,0.03640137240290642,0.037989210337400436,0.0035899593494832516,0.002154178451746702,0.037989918142557144,0.03590735048055649,-497.42121586211715,35808.4686063722,0.0010548236314207315,-402.6924995667362,35831.01508276026,0.0011074874782934785,0.05042111873626709,0.010884216986596584,31013.29165380372,17705.245098670806
0.0,0.024477772833910734,0.010907508484944428,0.2110927744938288,0.3249858365665115,0.0812027405609333,-0.03225558686312402,0.0,10.984102490042915,36.41859646786304,23.701349478952977,25.434493977820125,-25.60549020767212,-25.58804988861084,-25.59677004814148,0.017440319061279297,0.0009011774091050029,0.0040687136352062225,0.03657318279147148,0.03736020252108574,-0.003102694870904088,0.002811398357152939,0.036367714405059814,0.03770512342453003,-425.5402062667154,35842.203912644196,0.001097212196327746,-387.0639243425543,35826.774292922666,0.0010646699229255319,0.0513676255941391,0.0034871716052293777,31239.788978723343,17472.89441302035
0.8399772589499013,0.894416835628018,0.8563687021637656,0.3055319113460578,-0.15824905002820516,-0.18699237406738983,-0.4485329821194336,-1.0,13.252321255920776,43.889860374289725,28.57109081510525,30.63753911836895,-25.682010650634766,-25.677437782287598,-25.67972421646118,0.004572868347167969,-0.00230360496789217,-0.0034410287626087666,0.03703417256474495,0.0362495481967926,-0.003880735719576478,0.001484324922785163,0.036749668419361115,0.03657529503107071,-405.2854356899754,35843.29047132225,0.0010905475355684757,-489.58945948060796,35808.215203411,0.0010818828595802188,0.0517960786819458,0.0036876818630844355,31228.634935601298,17987.85750155547
0.01570009486471815,-0.021537273143566755,-0.11092664057647005,0.05817563522902797,0.12251762525490506,0.027039971818110242,-0.021069297732136283,0.0,5.91324404170831,33.85051658073286,19.881880311220584,27.937272539024548,-25.70960283279419,-25.767207145690918,-25.738404989242554,-0.057604312896728516,-0.0004330119409132749,0.0040831249207258224,0.03562605381011963,0.03741009905934334,-0.003907571546733379,-0.0012459708377718925,0.037329304963350296,0.03521228954195976,-427.5698753975584,35816.534538812746,0.0010767801431939006,-408.9734794899975,35810.82680524394,0.0010584950214251876,0.05043307691812515,0.004971357528120279,31244.908567413946,17293.77504203297
0.36437692316460146,0.23219476231859554,0.9610732549052348,0.6279658660831349,-0.20365170813368336,-0.5024008307715546,-0.3703588670371494,-0.8070204267220841,13.748263677215505,40.93669273418527,27.342478205700388,27.188429056969767,-25.759992599487305,-25.80451488494873,-25.782253742218018,-0.04452228546142578,-0.002333838026970625,0.0033881994895637035,0.035333383828401566,0.03727245703339577,-0.0018607696983963251,-0.003642123192548752,0.036273252218961716,0.03598693385720253,-401.3843137048319,35835.12960315168,0.0010871455306187272,-422.3364535615159,35840.68529410384,0.0010755242547020316,0.04907263070344925,0.010540732182562351,30769.131682318937,18656.69988703954
0.7743629594358141,0.7023239441466526,-0.01563098049435395,-0.2826871937332302,0.21153397894401976,0.4677600956825829,-0.31103483900024986,-0.4890614642904396,8.828814910505628,39.704115615226726,24.266465262866177,30.8753007047211,-25.914809703826904,-25.937917232513428,-25.926363468170166,-0.023107528686523438,0.0029169111512601376,0.002727458719164133,0.03642525523900986,0.03491273522377014,-0.0024698912166059017,0.0031964208465069532,0.034666623920202255,0.03646862134337425,-469.4115645911517,35831.884476220635,0.001072556246072054,-382.1835087632879,35822.06639846566,0.0011050496250391006,0.05141367018222809,0.005117748398333788,30732.936250962437,19481.636668871655
0.0,0.056724145295860645,0.15862457039821481,0.33322723593959985,0.3936351712656724,0.054575342703406915,-0.010262327779311464,0.0,14.122753984205872,37.49106441744564,25.806909200825757,23.36831043323977,-25.588526725769043,-25.582435131072998,-25.58548092842102,0.006091594696044922,0.0039708372205495834,0.001340153394266963,0.03810804709792137,0.03594062104821205,0.0014108775649219751,0.0039501069113612175,0.036929212510585785,0.03720254451036453,-441.8924250174789,35845.057549968355,0.0010993910254910588,-361.550987178777,35820.92290454685,0.0010681141866371036,0.053751811385154724,0.006002830341458321,30481.760072398483,18277.199366093544
0.9085742137605217,0.8985092181010386,0.8352657898455172,0.34558774674870846,-0.07531486638414253,-0.18333594186689894,-0.4780028754740836,-1.0,13.177248754770744,43.46154689430875,28.31939782453975,30.28429813953801,-25.52196979522705,-25.554475784301758,-25.538222789764404,-0.03250598907470703,0.0034673791378736496,0.002392950002104044,0.038297101855278015,0.03632829710841179,-0.00221837405115366,0.003595673944801092,0.03613966703414917,0.038201119750738144,-456.5419350409446,35824.567730336865,0.001056184759363532,-477.60531945355416,35815.59141308692,0.0010823286138474941,0.053609542548656464,0.005406742915511131,30489.04088655002,18911.702240371604
0.969927700608573,0.9448703356908589,0.8010465850029863,0.6937351778804561,0.6204582306759039,0.46365683805642854,0.25585084608169417,-1.0,8.311254851849185,33.65214500067114,20.981699926260163,25.340890148821956,-25.686171054840088,-25.63300609588623,-25.65958857536316,0.05316495895385742,0.0007188245072029531,-0.004044784232974052,0.035650648176670074,0.037580229341983795,-0.0032716896384954453,-0.0025560492649674416,0.0377482995390892,0.03593333438038826,-400.25504122395773,35807.075309220156,0.0010565152624621987,-378.12897450868957,35823.31449499826,0.001063871313817799,0.050048016011714935,0.006037867162376642,31250.053298487914,17224.929840352004
0.5085819357030743,0.4891584273091657,1.0,0.37257055843824516,-0.30412633099862524,-0.2505917811779739,-0.07231804943855114,-0.6751880629402618,13.439547368985302,40.148261660406604,26.793904514695953,26.708714291421302,-25.436296463012695,-25.40489673614502,-25.420596599578857,0.03139972686767578,0.003569884691387415,0.0023522479459643364,0.03870457410812378,0.03665660694241524,0.0013868556125089526,0.004066144116222858,0.03766552731394768,0.03799515962600708,-403.47361968175005,35837.97411037085,0.0010983115062117577,-408.9443573824583,35847.31504846399,0.0011019795201718807,0.05434272438287735,0.005522800609469414,30487.411189554274,18853.72402800347
0.547312940824876,0.5096118052236638,-0.09826402732585386,-0.17927896521939957,0.1735678578588412,0.4641968698366872,-0.17005096937056186,-0.2962022734561933,6.394652857947307,39.60189437032383,22.99827361413557,33.20724151237653,-25.1867938041687,-25.250413417816162,-25.21860361099243,-0.06361961364746094,-0.0015815054066479206,-0.004052882082760334,0.038723669946193695,0.03886772319674492,-0.0021320474334061146,-0.0038033395539969206,0.038752418011426926,0.038266658782958984,-442.96898016127545,35800.432442228834,0.0010654277866706252,-398.1689879350338,35841.132990043574,0.0010881222551688552,0.054915089160203934,0.003635377623140812,31231.98897669931,17836.119862988573
-0.05719632649418728,0.09875939591342764,0.5352229115464358,0.7329120774222367,0.4600329738713667,-0.0034595051450062586,0.08673728562878669,0.0,13.865223850578644,38.96556564214782,26.415394746363233,25.10034179156918,-25.80730438232422,-25.987958908081055,-25.897631645202637,-0.18065452575683594,0.003822536440566182,0.0014370017452165484,0.03716908022761345,0.035037554800510406,-0.00401059165596962,9.501734166406095e-05,0.0360882505774498,0.03464685380458832,-463.5456508369607,35829.795880715654,0.0010983046377077699,-405.23081516633533,35834.75957745761,0.0010532609885558486,0.05222073942422867,0.0057618506252765656,30482.536869109223,18286.78320593117
0.9390900925562873,1.0,0.6179967667250971,0.09274933910250194,-0.06388993453162506,-0.09331429860046214,-0.6838946688622648,-1.0,8.21443652811547,38.894115148520655,23.554275838318063,30.679678620405184,-26.030681133270264,-26.076877117156982,-26.053779125213623,-0.04619598388671875,-0.001523591112345457,-0.003665945725515485,0.03518618270754814,0.03521895781159401,-0.0018682763911783695,0.00350121408700943,0.033990420401096344,0.036009933799505234,-429.7271584254235,35807.48958261016,0.0010618693195283413,-385.90099450690616,35817.34506232224,0.001091688172891736,0.049531176686286926,0.0031352443620562553,31232.506729109766,17775.485111750775
0.005735430740546534,-0.028521266740392407,-0.09237985347579299,0.0720020868125984,0.19797106744792436,0.0752545471997873,-0.05265956109982273,0.0,10.639677759105666,33.928947554103075,22.28431265660437,23.28926979499741,-26.282308101654053,-26.362380981445312,-26.322344541549683,-0.08007287979125977,0.0020851101726293564,-0.003224416170269251,0.033268604427576065,0.03510347381234169,0.0036112768575549126,-0.0012317097280174494,0.03403138369321823,0.033735793083906174,-412.9358505548919,35827.608792216364,0.0010847714729607105,-467.6954170815709,35825.92350063521,0.0010720673017203808,0.046538181602954865,0.009540703147649765,31258.332408060316,17987.859716902578
0.8240727564575904,0.8552168082359499,0.8553757445945134,0.5516542773083734,-0.016657021790632442,-0.18980845030215493,-0.3726872815859218,-1.0,11.266978320232226,41.497024371526976,26.3820013458796,30.23004605129475,-26.5144681930542,-26.522650718688965,-26.518559455871582,-0.008182525634765625,-0.0036855810321867466,0.0007705925963819027,0.03367317467927933,0.0329122357070446,-0.0034350426867604256,-0.0015868735499680042,0.03422875702381134,0.03226685896515846,-381.0060380090992,35830.38628934675,0.0010913412552326918,-505.66563723695117,35801.513882952946,0.0010889216791838408,0.04724578559398651,0.0065528922714293,30471.922920251032,18854.15548855504
0.3020162602271647,0.23718519019073964,-0.11839437802426828,-0.08486979833306058,0.234436737335816,0.09971137015796783,-0.049748170777443534,0.0,8.363742176968856,39.19646211807128,23.78010214752007,30.832719941102425,-26.686971187591553,-26.699092388153076,-26.693031787872314,-0.012121200561523438,-0.002054819604381919,0.0030110811349004507,0.03179556131362915,0.03346848115324974,-0.0032650548964738846,-0.0017301785992458463,0.033524706959724426,0.03163619339466095,-475.56379676269563,35837.529072459554,0.0010750428773462772,-510.75200234802617,35819.857031079126,0.0010903443908318877,0.0442165806889534,0.008752606809139252,31258.395825235813,17202.793313634
-0.2586789919214689,-0.3919405250937262,0.16915405784220267,0.5553565021621103,0.2661536512361547,0.07129729440422516,-0.028414709901656177,0.0,15.811268855250205,37.488814671163425,26.650041763206815,21.67754581591322,-26.652791500091553,-26.70109510421753,-26.67694330215454,-0.04830360412597656,-0.0037038649898022413,3.8510115700773895e-06,0.03346283733844757,0.03206007555127144,-0.0036296164616942406,0.0006510313251055777,0.033005569130182266,0.03216299042105675,-556.1180894384014,35834.314827565206,0.0011065234430134296,-467.3660351109471,35824.82363994407,0.0010788115905597806,0.047530002892017365,0.005778809543699026,30475.41205088316,18482.0710349374
0.9875688637553134,0.951792565361448,0.44397938366086287,0.10337459810713501,0.09586596118129509,0.004326173074635897,-0.45700685099981037,-1.0,3.8297578700768895,38.67508346947048,21.252420669773684,34.84532559939359,-26.591346263885498,-26.625866889953613,-26.608606576919556,-0.034520626068115234,0.0015846152091398835,-0.003333495929837227,0.032067298889160156,0.03391445428133011,0.0007278508855961263,0.0036571864038705826,0.03247184306383133,0.03326326608657837,-482.91363513739725,35812.43160113159,0.0010626785224303603,-479.64212095355003,35832.7354608946,0.001102341222576797,0.044556401669979095,0.0070227705873548985,31254.601268375223,17135.352955642516
-0.03743863567491671,0.0069272367085072605,-0.029938059528821115,0.08226185184545676,0.2430402307617598,0.10039126331947629,-0.05906903274156039,0.0,12.514843045230293,35.59131778340969,24.053080414319993,23.0764747381794,-26.639997959136963,-26.622700691223145,-26.631349325180054,0.01729726791381836,-0.00207305233925581,0.0030700075440108776,0.03192586451768875,0.033685628324747086,-0.001906804507598281,-0.003179659368470311,0.033137887716293335,0.032626520842313766,-445.54932921288525,35832.41674148029,0.0010919905034825206,-430.0834220841878,35838.67870055996,0.0010795231210067868,0.04452740028500557,0.00940354261547327,31015.81328059021,17858.36779949678
0.8353928623288693,0.9154723591719688,0.8349332348640568,0.4217989356539632,0.010637286088358122,-0.2197085563835674,-0.42679126760718755,-1.0,8.088035271044987,40.8436643695774,24.465849820311192,32.75562909853241,-26.643028259277344,-26.62630558013916,-26.634666919708252,0.016722679138183594,0.0031759985722601414,0.0019151733722537756,0.03370586410164833,0.03188028931617737,-0.003599580144509673,0.0009310615714639425,0.03316066414117813,0.03257447108626366,-464.52900764215786,35825.46100832672,0.0011233278783038259,-497.8628298728719,35806.799862650296,0.0010866002412512898,0.047444019466638565,0.00509266834706068,30483.558916208767,18303.12539356002
0.015602164273092555,-0.03240833439848752,-0.09143894657093596,0.02181241498520886,0.17763246537345162,0.05592615158278469,-0.10843322041961012,0.0,9.956324805175768,35.640471083457584,22.798397944316676,25.684146278281816,-26.54491901397705,-26.594910621643066,-26.56991481781006,-0.049991607666015625,-0.0004299091815482825,0.00370643544010818,0.03233817592263222,0.034000083804130554,-0.0027737352065742016,0.002485917881131172,0.03239462897181511,0.033571433275938034,-440.77097564163415,35839.984575293376,0.0010601868852972984,-564.5378343718285,35813.00010665997,0.0010909874690696597,0.045275017619132996,0.005280590150505304,31247.803092951533,17237.907994731162
-0.38839059750101335,-0.35862217773821364,0.00947730777183281,0.5014590809812284,0.0999243241814747,-0.1068615603555062,0.29191616368140627,-0.001610513956505244,14.725702347893105,38.577851666296425,26.651777007094765,23.85214931840332,-26.649973392486572,-26.601853370666504,-26.625913381576538,0.04812002182006836,-0.0006776544032618403,0.0036494401283562183,0.03187178447842598,0.03366219624876976,0.0025631519965827465,-0.0027061845175921917,0.032246142625808716,0.0336618646979332,-421.7938286228046,35822.23800126738,0.0011038788361474872,-440.5419140661823,35831.38680210958,0.001083880546502769,0.04449118673801422,0.006983181927353144,31253.248080326943,17131.832755234056
0.9888928244542566,0.7945504828835679,0.01116925464879729,-0.2579978861743998,0.43818915583224366,0.41760497695531795,-0.3533306002385579,-0.40420439390425567,8.514572648779904,41.78738852471781,25.150980586748858,33.27281587593791,-26.595959663391113,-26.608755588531494,-26.602357625961304,-0.01279592514038086,-0.0033373646438121796,-0.0015563314082100987,0.0338982492685318,0.03204911947250366,0.0018933283863589168,0.00321306474506855,0.033180151134729385,0.03268829733133316,-469.74523131210503,35806.34844360111,0.001079978421330452,-554.3925698688638,35831.927498295445,0.0010925409151241183,0.04764367640018463,0.005376526620239019,30481.56309692326,18251.192166868634
0.9872835264532437,0.9715761594802471,0.868675736420555,0.9098276495234957,0.867197007682856,0.5071022801641987,-0.8343392572550502,-0.9942818475063825,13.519872719241704,37.0256818372207,25.272777278231203,23.505809117979,-26.555874347686768,-26.62822961807251,-26.59205198287964,-0.07235527038574219,-0.00022714030637871474,-0.003737884806469083,0.03251553326845169,0.03374641016125679,-0.002660286147147417,-0.002590012503787875,0.033538464456796646,0.03217100352048874,-464.6843938364682,35826.49483285484,0.0010868054814636707,-565.4835130112301,35830.28647762095,0.0010783282341435552,0.04570351913571358,0.0045846267603337765,31245.364636604667,17294.448004342517
0.9707289188633175,0.9039799228226524,0.8370127242505191,0.33381442669985234,0.010599034634475979,-0.003738553941503797,-0.39361144906302525,-1.0,9.270336749996119,43.252908323174296,26.261622536585207,33.98257157317818,-26.59294843673706,-26.542503833770752,-26.567726135253906,0.050444602966308594,0.003714981023222208,-0.000180701696081087,0.03361801430583,0.032362200319767,-0.003478711936622858,0.0014522417914122343,0.033196087926626205,0.0331772081553936,-499.72017252404896,35827.17619034183,0.0010855370201170444,-425.0691064583078,35825.53299652878,0.001085874275304377,0.04726964235305786,0.006201157346367836,30473.518928978352,18709.987746571696
0.013223249339989127,-0.00818692284850262,-0.07737801646640174,0.08671140004310207,0.20341603286425447,0.05407063996342887,-0.055606484507300435,0.0,7.19878858741049,33.31795347452845,20.25837103096947,26.11916488711796,-26.921422481536865,-26.88159942626953,-26.9015109539032,0.039823055267333984,-0.002442775061354041,0.0025901589542627335,0.03110090270638466,0.03243067488074303,0.0023572538048028946,-0.002722435398027301,0.031172864139080048,0.03264492750167847,-525.2389287426402,35830.643746334616,0.0010837358422577381,-475.9012932186231,35828.10933294084,0.0010777543066069484,0.04293877258896828,0.009117534384131432,30771.208167667,18242.537656947527
0.32893468372790213,0.5413967483819062,0.7783170121884208,0.1784157050107505,-0.3346207008772076,-0.4116007774163223,-0.5002151133050964,-0.991794260327837,12.284743933880208,37.919384401518926,25.102064167699567,25.634640467638718,-26.056437492370605,-25.976431369781494,-26.01643443107605,0.08000612258911133,-0.0009259809157811105,-0.003866822924464941,0.03475440293550491,0.03543694689869881,0.00263449945487082,0.003022053511813283,0.03603053838014603,0.03480348363518715,-426.0178684765262,35832.999375361695,0.001086115138605237,-463.3350179418665,35834.1059768063,0.0011068328749388456,0.048871785402297974,0.0034269460011273623,31239.90076597466,17428.851992850407
0.492554898105554,0.5783875257279125,-0.10556171091602956,-0.06792499360618434,0.5927637610809594,0.43367323411795666,-0.093510909718584,-0.061257527231288966,7.551809642046578,40.299865970895496,23.925837806471037,32.74805632884892,-25.713143348693848,-25.81831932067871,-25.76573133468628,-0.10517597198486328,-0.0029213333036750555,0.0028347582556307316,0.03582686930894852,0.03719228878617287,0.003945996519178152,-0.001050757011398673,0.0363774374127388,0.03576596453785896,-367.1365268054207,35837.67715194908,0.0010869634570553899,-411.5878307743426,35807.600900332654,0.0010599077213555574,0.0494166761636734,0.010525407269597054,30768.72939390462,18771.770844337803
-0.3796767481365673,-0.3988913778754902,-0.13159868467056218,0.4149333600570259,0.366022709403553,-0.07153440686966583,-0.19653938266619997,0.0,12.411129885763472,34.52964420586028,23.470387045811876,22.118514320096807,-25.93062400817871,-25.89879274368286,-25.914708375930786,0.03183126449584961,-0.0032484554685652256,0.00238971970975399,0.035137493163347244,0.03607530891895294,0.003497928846627474,-0.002024404238909483,0.03548920527100563,0.03599017858505249,-450.6859173673765,35832.63038943757,0.0010909028351306915,-414.2841207666139,35819.9621094182,0.0010759512661024928,0.04927846044301987,0.009053714573383331,30243.162215399032,19328.258607018186
1.0,0.9421294085464171,0.29161285293688305,0.014703557218588764,0.0703461065445467,-0.02031866189117415,-0.471530607558744,-1.0,8.624550832559635,41.764074625736214,25.194312729147924,33.13952379317658,-26.23166561126709,-26.29424810409546,-26.262956857681274,-0.06258249282836914,-0.0032331873662769794,0.0021128812804818153,0.034057408571243286,0.034735873341560364,0.0022967010736465454,-0.0031169787980616093,0.03325796127319336,0.03501789644360542,-403.56667021512027,35823.26488688804,0.0010665809968486428,-460.47103543913056,35830.12400176972,0.0010873230639845133,0.047760508954524994,0.009319768287241459,30262.556593723795,18830.810715607757
0.020585376269939084,0.0,-0.029380214440338476,0.21946229984909504,0.2690134899324798,0.118783304859716,-0.0300886132219792,0.0,11.863380355221636,35.17258752574935,23.517983940485493,23.309207170527714,-26.373212337493896,-26.376640796661377,-26.374926567077637,-0.0034284591674804688,0.0008617957937531173,0.003708728589117527,0.03349636122584343,0.034183889627456665,0.003309782827273011,0.0019183832919225097,0.034768905490636826,0.0328589528799057,-369.5072582810618,35826.00719541248,0.0010841013863682747,-449.82393585390804,35806.524663957236,0.0010639665415510535,0.046831175684928894,0.0031370611395686865,31238.908109383632,17490.51206265999
0.7880744675402642,0.8211089057311292,0.8729095393957594,0.4045143325753267,-0.08480905331800948,-0.37226219001884825,-0.3886091676832203,-1.0,14.102262749158882,43.21839189943128,28.660327324295082,29.1161291502724,-26.633524894714355,-26.664793491363525,-26.64915919303894,-0.03126859664916992,-0.00015466485638171434,0.003718763589859009,0.03207867592573166,0.03358636796474457,0.0004790430539287627,0.0036799702793359756,0.03221135586500168,0.03322681412100792,-506.2459746260205,35821.07570323828,0.0010878576431423426,-491.1979532918023,35826.35779405565,0.0011021419195458293,0.044943563640117645,0.005413449835032225,31248.476660681914,17220.79698594475
0.043377650211838044,-0.006579956641044679,-0.0038067659196608233,0.055416494724038756,0.18107163007064164,0.19075136625922684,0.04882264407986425,0.0,3.6553220845758574,33.07660764254277,18.365964863559313,29.42128555796691,-26.65520429611206,-26.683261394500732,-26.669232845306396,-0.028057098388671875,-0.0018017902038991451,0.003186421003192663,0.03185412660241127,0.03364584967494011,0.0024042322766035795,0.002803831361234188,0.03319548815488815,0.0321035236120224,-538.9975706866064,35819.31468730914,0.0010865440126508474,-479.2962503870048,35839.10294539425,0.001069523859769106,0.04455675184726715,0.007715406361967325,31256.50132648074,17108.524549840593
0.018710958176499676,-0.17970719385187306,0.7642386676555364,0.8691209027164662,-0.14357963375689417,-0.5899432964503303,0.042581059090075146,-0.2960661973871044,17.330274695378137,42.8064366641735,30.06835567977582,25.476161968795367,-26.5803861618042,-26.592707633972168,-26.586546897888184,-0.01232147216796875,0.0037507633678615093,4.813592022401281e-05,0.033758584409952164,0.03231023624539375,0.0037348750047385693,-0.0002307221875526011,0.03360495716333389,0.032375022768974304,-405.9666796423023,35827.5862501201,0.0010879095643758774,-462.2053574229961,35825.94434262318,0.001056649605743587,0.04755070433020592,0.00575144262984395,30476.87458908501,18380.956504135702
0.9732507189900674,0.9244171567864716,0.3163133153354857,-0.17145204022644628,-0.22013668552551124,-0.00746114894340133,-0.6147845229919311,-1.0,8.208722115359706,42.280741922571735,25.24473201896572,34.07201980721203,-26.550588607788086,-26.550514698028564,-26.550551652908325,7.390975952148438e-05,0.0008592064841650426,-0.003614297602325678,0.032236672937870026,0.034055691212415695,0.002016466110944748,-0.003165744710713625,0.032229233533144,0.034059084951877594,-540.0497526383783,35820.381707616405,0.0010766880586743355,-384.51678501855633,35831.49697181835,0.001110381563194096,0.045343656092882156,0.005982010159641504,31251.060416861135,17193.765892169038
-0.009578980148745128,0.029690712427310292,0.04460540946911459,0.26030856724530166,0.39582943861300457,0.10727252225269984,-0.085062965942726,0.0,10.277267633177019,33.27761299136958,21.7774403122733,23.00034535819256,-26.57808780670166,-26.602911949157715,-26.590499877929688,-0.024824142456054688,0.0004422992351464927,-0.0037066361401230097,0.03220116347074509,0.03388183191418648,-0.0011664682533591986,-0.0035337647423148155,0.03278695419430733,0.03312797099351883,-544.692464330332,35821.61290623063,0.0011002895189449191,-474.433433305378,35833.34090569859,0.0010529133724048734,0.04526780545711517,0.005601087119430304,31248.119868843,17213.82563695898
0.8385924501290537,0.975652531190668,0.8612542062513949,0.3751724875467239,-0.038440821137681214,-0.16592297843839376,-0.4960096656735481,-1.0,13.9793169523916,44.666769899922315,29.323043426156957,30.687452947530716,-26.552093029022217,-26.55332088470459,-26.552706956863403,-0.0012278556823730469,-0.003738970961421728,-0.00021314619516488165,0.03392016887664795,0.03236394375562668,-0.0028002529870718718,0.00251581659540534,0.032536182552576065,0.033743586391210556,-439.03303836859754,35814.20657598836,0.0010734390234574676,-433.8280303847996,35825.671361383065,0.0010873149149119854,0.04765459895133972,0.005847128573805094,30475.466554840776,18519.959211972466
0.041160031879635225,-0.008742844881197427,-0.10513378896375103,-0.050967940572383796,0.17356745448716943,0.056611851220761955,-0.11075141439343472,0.0,7.910468161608833,37.235980589541015,22.573224375574924,29.325512427932182,-26.53529405593872,-26.497349739074707,-26.516321897506714,0.03794431686401367,-0.0033549373038113117,0.0016200041864067316,0.03313324600458145,0.03330028057098389,0.0029961070977151394,-0.0023038480430841446,0.03288206085562706,0.03383153676986694,-424.94998558487987,35826.69824432957,0.0010760078439489007,-387.8424200851757,35815.32596641993,0.0010723612504079938,0.04628460109233856,0.008302945643663406,30229.94864083787,19913.305147857038
-0.6029174197496755,-0.558199806821262,-0.002886329466360471,0.5161112511617881,-0.0035055970765025812,-0.36004436633388415,-0.1112956899826929,0.0,14.594673756446554,39.510849442601256,27.052761599523905,24.916175686154702,-26.470906734466553,-26.464626789093018,-26.467766761779785,0.006279945373535156,0.0037766634486615658,-0.00029651453951373696,0.034058455377817154,0.0328548289835453,0.0028277458623051643,0.0025246739387512207,0.034240614622831345,0.032714519649744034,-481.7884614834324,35829.935673890934,0.0011085988953709602,-480.20891741553424,35844.10175771211,0.0010818951996043324,0.04812019318342209,0.006031039170920849,30474.6835700076,18577.839986702624
0.8383584269787473,0.7449795925688248,-0.03183964920359229,-0.2616227567830713,0.5612548473642208,0.20154854699364833,-0.17236681637206652,-0.15478406601316053,10.981241367548563,40.301192317727924,25.641216842638244,29.31995095017936,-26.406843662261963,-26.469712257385254,-26.43827795982361,-0.06286859512329102,-0.0013326171319931746,0.0035482929088175297,0.03271716833114624,0.03467680886387825,-0.002729041501879692,0.0026356473099440336,0.03280201554298401,0.03411775827407837,-431.49450853659454,35799.161525335985,0.0010637060040608048,-546.1199725625722,35833.1640770683,0.0011035214411094785,0.04563380032777786,0.007666169200092554,31254.422506635896,17119.535131338198
0.0,0.0003734560924953216,0.04933231502503632,0.26070556505976833,0.2680508902302567,0.1140365551573505,0.061843126248465885,0.0,9.931044234445494,32.32345480961783,21.12724952203166,22.392410575172335,-26.48437261581421,-26.451051235198975,-26.467711925506592,0.033321380615234375,-6.552991544594988e-05,-0.0037726429291069508,0.03271947428584099,0.03408798947930336,-0.0015247215051203966,-0.003461739281192422,0.03355687856674194,0.03352198004722595,-466.78943456106055,35824.45352833007,0.0011137427063658834,-444.17373528591094,35810.856157384034,0.001072768121957779,0.04595234617590904,0.0043318867683410645,31244.151891801637,17313.28188503459
-0.1151346237215587,-0.11682843038739829,0.010741769246389527,-0.1814412838980605,0.52627603359192,0.33977282619732363,0.23000726464985422,-0.012945904816391351,9.115136480059647,43.72582403748814,26.420480258773893,34.61068755742849,-26.501929759979248,-26.532247066497803,-26.517088413238525,-0.030317306518554688,0.003311374457553029,-0.0017793775768950582,0.033172763884067535,0.033513616770505905,-0.002584426663815975,-0.0027317549102008343,0.033860113471746445,0.032580845057964325,-469.610711924183,35837.96066943246,0.001093669212423265,-499.7754623501947,35846.700905669124,0.0011048094602301717,0.04627174511551857,0.008286360651254654,30238.6966930799,19494.11318992057
0.053036167296670204,-0.003955454134309716,-0.055708399871018666,0.08157755214115459,0.08609083766421366,0.0484269353050506,-0.06582943077079872,0.0,10.329038454906993,36.12734130755132,23.228189881229156,25.798302852644326,-26.515419483184814,-26.593618392944336,-26.554518938064575,-0.07819890975952148,0.0024723312817513943,0.002812665421515703,0.03385860100388527,0.03271633759140968,-0.0015020696446299553,-0.003415114711970091,0.033013131469488144,0.03297258913516998,-497.20874671862447,35799.916840639875,0.0010634546633809805,-503.0024996655644,35843.5150233265,0.0010807478101924062,0.04785238578915596,0.0043069953098893166,30980.9413639546,19304.87846291047
0.32059000212772903,0.3553073787980993,0.7990526074311691,0.6227816403712314,0.031789286058568955,-0.32221909612711497,-0.5272724771489944,-1.0,14.158871535073075,39.95085466108324,27.054863098078158,25.791983126010166,-26.58153533935547,-26.541945934295654,-26.56174063682556,0.03958940505981445,-0.002482077106833458,-0.002799432957544923,0.03361857682466507,0.03244806453585625,-0.000943142338655889,0.0036402675323188305,0.032222386449575424,0.03412887081503868,-494.12825283777755,35813.93503985996,0.0011063800193369389,-495.98630920826434,35810.02587770617,0.0010896817548200488,0.0469706654548645,0.0037852623499929905,31227.102751703762,18366.407191484508
0.4025176768203924,0.48925783893491803,-0.12993401934528487,-0.25659129731741903,0.2929856604095233,0.4210921880132207,-0.22237254719784338,-0.24186011341699176,4.290668788052955,38.33080438466132,21.310736586357137,34.040135596608366,-26.57439947128296,-26.570608615875244,-26.5725040435791,0.0037908554077148438,-0.0034740231931209564,-0.0012014108942821622,0.03396788239479065,0.03214602172374725,-0.0025376323610544205,0.002743869088590145,0.032343894243240356,0.033801205456256866,-470.2467829852019,35831.83677327571,0.001077995984815061,-451.7063748897895,35824.065073035345,0.0010876074666157365,0.04776918888092041,0.005687978118658066,30477.3749568317,18355.98699553204
-0.17287747009949775,-0.155097924910913,0.06838651828052325,0.342530045754001,0.36957750404480416,-0.04632169876844605,-0.19815449491774617,0.038379338346938296,15.001818197738885,37.67714349428178,26.339480846010332,22.675325296542894,-26.54179334640503,-26.58796787261963,-26.56488060951233,-0.04617452621459961,-0.0037672347389161587,-1.4250617823563516e-05,0.033898983150720596,0.032464563846588135,0.0031430174130946398,0.0019995011389255524,0.03391154855489731,0.03209301084280014,-432.3458449280436,35822.26486543784,0.001101034227758646,-460.30567206502775,35834.545241724256,0.0010867483215406537,0.0482700951397419,0.005884697660803795,30475.96203569267,18398.366756028056
-0.02505351618605678,0.003341980861017224,-0.19956365768442663,-0.4883742618869835,0.44106179232184817,0.43732882137147805,0.2450684750948628,-0.028397084891962108,9.544321401765728,43.50770092733404,26.526011164549885,33.963379525568314,-26.578011512756348,-26.540825366973877,-26.559418439865112,0.0371861457824707,-0.0025630639865994453,-0.0026958147063851357,0.03367418050765991,0.03242034837603569,0.002463357988744974,-0.002850875025615096,0.0324099026620388,0.033958472311496735,-413.8071859082143,35806.98267436055,0.001075990847311914,-529.8238813037211,35819.11701372217,0.0010938096093013883,0.04715679958462715,0.004408153705298901,30735.179801032024,19734.35599420077
0.003760082416273436,-0.03364124759277292,-0.06993083582576966,0.07765113707732513,0.20498164895123278,0.05969395334584954,-0.07621354230862776,0.0,9.895661218272977,32.85043015316583,21.373045685719404,22.954768934892854,-26.628897190093994,-26.63032293319702,-26.629610061645508,-0.0014257431030273438,-0.0018693057354539633,0.0031930049881339073,0.03193092346191406,0.033763587474823,0.003526802873238921,-0.001121654873713851,0.03303932398557663,0.03266873583197594,-414.5945192990225,35823.658023078424,0.00107237184420228,-538.5917927615328,35813.10338652785,0.0010733739472925663,0.04435151070356369,0.008904602378606796,31257.830108394384,17154.722819376617
0.12638221844788264,0.3593943028655643,0.3379742964026639,0.23642254979875416,-0.2982372472787527,-0.10390159696991896,0.3665827052936802,-0.42125160637350345,11.490473421343722,38.51005401502374,25.00026371818373,27.01958059368002,-26.551318168640137,-26.598494052886963,-26.57490611076355,-0.04717588424682617,0.0019050805130973458,-0.0032348535023629665,0.032202620059251785,0.03407815098762512,-0.00051752885337919,0.0037087188102304935,0.032101619988679886,0.03382282331585884,-464.9950092440204,35815.22849248325,0.0010870076948776841,-450.1519839535071,35822.916372110514,0.0010854266583919525,0.04506076127290726,0.009334109723567963,31260.515599109585,17183.278578927853
0.7872202944218712,0.6517081256613105,-0.07125353211139801,-0.1963357904596677,0.551667671411219,0.4507623010808708,-0.3500028183465892,-0.31812929438946413,6.6627792882691494,39.887540757585214,23.27516002292718,33.224761469316064,-26.549100875854492,-26.569557189941406,-26.55932903289795,-0.020456314086914062,-0.0036388752050697803,0.0007108275895006955,0.03354835882782936,0.03277672827243805,-0.0035417811013758183,0.0012281169183552265,0.033217377960681915,0.0329500213265419,-435.99705146325374,35815.53418770617,0.0010847499361261725,-585.5695012797459,35822.74198661596,0.0010776924900710583,0.04667524993419647,0.007116855122148991,30474.405772438728,19484.082788427455
-0.17336584483287293,-0.17343462417894046,0.1704491684921409,0.43508652303388584,0.07486236296169062,-0.17277491161466446,-0.06510932437409223,0.0,15.54402352206327,38.77363275455258,27.158828138307925,23.22960923248931,-26.587934494018555,-26.59123659133911,-26.589585542678833,-0.0033020973205566406,0.0019024567445740104,-0.003213911782950163,0.03207113593816757,0.0339314341545105,0.0026654796674847603,-0.0026197456754744053,0.03233341872692108,0.03365654498338699,-483.0744270302758,35818.24809734743,0.0011039766250178218,-492.46351881028255,35849.1960613837,0.001087071024812758,0.044767819344997406,0.009504453279078007,31014.03856676931,17964.30357805966
1.0,0.8696813635408606,0.711769283392618,0.19901064994282444,-0.0017351331536546444,0.022464772193835136,-0.4957231515504008,-1.0,7.056142588624596,39.65877788472926,23.35746023667693,32.602635296104665,-26.574530601501465,-26.59806489944458,-26.586297750473022,-0.023534297943115234,9.651470463722944e-05,-0.003722879569977522,0.032331034541130066,0.03378557413816452,0.0033403660636395216,-0.0016925543313845992,0.03284869343042374,0.033101003617048264,-510.44115633498564,35816.938196843184,0.0010912800207734108,-475.0446581257514,35806.03171939078,0.0010803045006468892,0.04574262723326683,0.004010448232293129,31243.794438598612,17333.19418976769
-0.0012626052402452583,0.006526943277550552,-0.04438322888892984,0.08526956632828742,0.1740258591814045,0.06403877679399161,-0.044701433664115164,0.0,9.60565831521339,34.588427733491585,22.097043024352487,24.982769418278195,-26.59050703048706,-26.657071113586426,-26.623789072036743,-0.06656408309936523,-0.003534669289365411,0.001105308416299522,0.033193040639162064,0.03281852602958679,-0.00286912452429533,0.0023180092684924603,0.03225160762667656,0.03324798867106438,-482.5461031693017,35821.69905113599,0.0010706178145483136,-494.7280431690786,35822.05486381694,0.0010753122624009848,0.046325936913490295,0.007315363269299269,30475.771231867486,19710.463498216286
0.5970208798075922,0.7572926799742133,0.8271125789186831,0.0,-0.35184650250685046,-0.24117084726608357,-0.2877188372552909,-0.9750803570177742,14.384239371613148,41.29308364550289,27.83866150855802,26.90884427388974,-26.674420833587646,-26.651310920715332,-26.66286587715149,0.023109912872314453,0.003362110350281,-0.0015557860024273396,0.03263167291879654,0.03274204209446907,-0.00010451503476360813,0.003709100652486086,0.032031502574682236,0.03350045904517174,-471.466256577458,35831.67633768393,0.0010993786854669452,-453.5439063171514,35829.334216962976,0.001099871238693595,0.04628915339708328,0.007230423856526613,30232.826665813533,19908.87140782544
0.14860032996030254,0.2298738593030983,-0.11459340934243213,-0.019783703138922137,0.37630172558547054,0.24469859738173294,-0.09126869152153883,0.0,8.052751891210733,38.92912237383274,23.490937132521736,30.876370482622008,-26.64926290512085,-26.643364429473877,-26.646313667297363,0.005898475646972656,-0.0035601123236119747,-0.000886047026142478,0.03366762027144432,0.031876593828201294,-0.0022024251520633698,0.002990927081555128,0.031941626220941544,0.03364463523030281,-457.4918361638885,35832.31614984807,0.0010841867187991738,-453.0384291315679,35795.068914320254,0.0010661899577826262,0.047376297414302826,0.005702301859855652,30476.58798517908,18404.164928385617
-0.8689700979130104,-0.9643355341971912,-0.3638669509584099,0.4209007995188494,0.3328133542460366,-0.1273447123330716,-0.1123197068513998,0.3125736202023156,16.53977818935229,36.001327166571514,26.270552677961902,19.461548977219223,-26.591317653656006,-26.62545680999756,-26.608387231826782,-0.034139156341552734,-0.003528597764670849,0.0012076511047780514,0.033147577196359634,0.03285526856780052,-0.0016053440049290657,0.0033634123392403126,0.03189101070165634,0.03382378816604614,-498.74460609018615,35832.50040563535,0.001071381033398211,-513.7089375598134,35817.654124232125,0.001071543083526194,0.046889372169971466,0.006531341467052698,30474.127310514185,19139.6965262493
1.0,0.9174228196031243,-0.035087532019388856,-0.141690393161985,0.12284362489868161,0.08668026905209969,-0.46402699482665155,-1.0,7.81888451727616,41.05673093595058,24.43780772661337,33.23784641867442,-26.641294956207275,-26.6009521484375,-26.621123552322388,0.04034280776977539,0.003570900298655033,-0.0009120441391132772,0.03310594707727432,0.03251877427101135,-0.002116722520440817,0.003082927782088518,0.03207036480307579,0.033834729343652725,-418.7452017301214,35825.0223229092,0.001081045949831605,-431.681263135118,35845.21881727838,0.0010970627190545201,0.04642646014690399,0.007097057532519102,30471.705211882498,19287.864961998424
0.01303388411002531,0.0,0.0007895060869306525,0.2106328602725996,0.2471439361997333,0.09716534375499175,-0.030402542985703662,0.0,9.40640947439968,31.284455579371894,20.345432526885787,21.878046104972213,-26.644821166992188,-26.659255027770996,-26.652038097381592,-0.014433860778808594,0.0029558478854596615,-0.0022335676476359367,0.03235064819455147,0.03324166685342789,0.001696842024102807,-0.003281138138845563,0.031791772693395615,0.033671244978904724,-437.8700728007264,35817.95036145984,0.0011089902836829424,-516.7861776818246,35814.29538937226,0.0010869656689465046,0.04496127367019653,0.008936270140111446,30262.105356413904,18904.925340367503
0.7983863332269112,0.8464506220997234,0.8463444955930887,0.36891446025607333,-0.12168627212565997,-0.2671002822612553,-0.3373168553320431,-1.0,15.979224622102663,43.89008804641213,29.934656334257397,27.91086342430947,-26.503300666809082,-26.560404300689697,-26.53185248374939,-0.057103633880615234,-0.00040363517473451793,-0.0037455165293067694,0.03278309851884842,0.03388357162475586,0.002076811157166958,-0.0031300531700253487,0.03220806643366814,0.03400483727455139,-491.29436683169877,35845.56272407879,0.0010960352374240756,-527.693640851817,35822.802701062945,0.0010948324343189597,0.04599696025252342,0.004408784676343203,31243.44357788581,17310.195061964936
0.05134426143213271,-0.009877228643841593,0.010002654474480843,0.08138755099179079,0.20459943468094666,0.1905292601321874,0.010350229450697968,0.0,6.9296098881386,34.56532439322382,20.74746714068121,27.635714505085218,-26.527798175811768,-26.46517515182495,-26.49648666381836,0.0626230239868164,0.00370964128524065,-0.0003004104655701667,0.033810995519161224,0.032671138644218445,-0.0018305596895515919,0.0033057851251214743,0.032520029693841934,0.03442256525158882,-506.57907698417534,35828.978383935246,0.001079331967048347,-433.2463551606787,35828.29156443445,0.0010550218867138028,0.047354456037282944,0.006578173954039812,30472.825351976637,18951.937867981887
-0.7070748718574315,-0.7898332104093025,-0.10186338615551394,-0.26067429969114697,-0.9907105736025703,-0.7673577762175808,1.0,0.7622174824142458,11.618965076813424,38.204265939469764,24.911615508141594,26.58530086265634,-26.207027435302734,-26.160283088684082,-26.183655261993408,0.046744346618652344,-0.002830118639394641,-0.0026906763669103384,0.035230666399002075,0.03374173119664192,0.0013198645319789648,0.003700179047882557,0.03455214202404022,0.03480787202715874,-481.73829834310084,35815.71199975209,0.0010891353012993932,-428.8036272621459,35820.9495028709,0.0010886392556130886,0.04938602074980736,0.0045166523195803165,30979.566163865573,19709.422258473765
0.9736125615632939,0.8719823616394844,0.09961029570923464,-0.2716564374434033,0.1661520306843356,0.23036508170374626,-0.5980280432028591,-0.86362502825223,9.576232020160461,40.50890290878564,25.042567464473052,30.932670888625182,-26.066784858703613,-26.073603630065918,-26.070194244384766,-0.0068187713623046875,-0.0020649260841310024,-0.003341210074722767,0.03535040467977524,0.034763142466545105,-0.0020995824597775936,-0.0033737197518348694,0.0353391058743,0.03471355512738228,-457.53885884177885,35833.10292085936,0.0010634749196469784,-462.06341442218866,35826.065604132615,0.0011010696180164814,0.04997505992650986,0.003914238885045052,31229.268039362923,18269.45717104669
0.0,0.025944779328773482,0.07979217858270948,0.30189241495827934,0.3560240838657245,0.08154056567818396,-0.04299155612789085,0.0,11.95902159063587,36.055881183227825,24.007451386931848,24.096859592591954,-26.01165771484375,-25.9354305267334,-25.973544120788574,0.07622718811035156,0.002862014574930072,-0.0027678830083459616,0.03458064794540405,0.0359649732708931,-0.004010433331131935,-0.0002203285985160619,0.03641178086400032,0.034749992191791534,-406.2680001341745,35855.32917204411,0.0011195502011105418,-396.92240134153167,35823.5894326383,0.0010607537114992738,0.04819600284099579,0.00997045449912548,30513.068746925135,18648.739785981146
-0.08478415271579871,-0.07957230815491627,0.0,0.9323186347536857,0.5826383882456565,0.3773511654151226,0.29534043293449574,-0.01076683625353414,11.403580546153165,41.835494199685854,26.61953737291951,30.43191365353269,-26.2357497215271,-26.27957820892334,-26.25766396522522,-0.043828487396240234,0.002202394185587764,-0.0032014413736760616,0.0334581695497036,0.03527916222810745,-0.0028193769976496696,-0.0026565762236714363,0.03493605554103851,0.033462561666965485,-504.75662667522755,35821.649700251524,0.0010963738895952702,-467.02430194056996,35824.07909972782,0.0011048851301893592,0.04639039561152458,0.00987632293254137,31013.79206465238,17875.42146794533
0.029852731658233857,-0.02935920726475628,-0.11653446621803669,0.07832943066062137,0.21093652536236962,0.06384937444402095,-0.014312560191350632,0.0,8.859173965449457,34.82665644083025,21.842915203139853,25.96748247538079,-26.0516619682312,-26.100685596466064,-26.076173782348633,-0.04902362823486328,1.5675643226131797e-05,-0.003951020073145628,0.03436983749270439,0.0358508937060833,0.0013331028167158365,0.003712078556418419,0.034805864095687866,0.035033077001571655,-428.55192408029626,35816.331387010825,0.001055713975802064,-458.9923393584729,35827.67768574907,0.0010685042943805456,0.04858924821019173,0.004451334476470947,31245.67899962157,17329.76530228836
-0.18900798430371746,-0.23323186607905078,0.013711515748851322,-0.3280069858255322,-0.9883549555951517,-0.8367007502247836,-0.4881694769108532,0.11826572501288718,13.840997019581891,39.360282587969124,26.600639803775508,25.519285568387232,-26.13295555114746,-26.115145683288574,-26.124050617218018,0.01780986785888672,-0.0029482694808393717,-0.0026246318593621254,0.03557512164115906,0.033985015004873276,-0.0010419951286166906,-0.0038153361529111862,0.03457982838153839,0.03513910248875618,-351.83770341765063,35820.95604936767,0.001088742632418871,-482.22988869668285,35806.37849698996,0.0010954366298392415,0.049570344388484955,0.004564985167235136,30979.404360014985,19416.191922745005
0.9986145466261144,0.8506126924173086,-0.09132090994681441,-0.2184012027893207,0.4101614101009924,0.45591825952604503,0.014237722679487086,-0.11224206090289013,6.031063529740209,39.749157602835766,22.890110566287987,33.71809407309556,-26.181347370147705,-26.21817111968994,-26.199759244918823,-0.03682374954223633,-0.0038519699592143297,0.0003918714355677366,0.03514569625258446,0.03404330834746361,0.0028475031722337008,0.002669182140380144,0.035191476345062256,0.0336918979883194,-444.66859939906703,35836.32021212728,0.0010716221295297146,-470.65284174372556,35822.27100557328,0.0010938876075670123,0.04931918904185295,0.007021840661764145,30471.110649578182,18848.136932697354
0.022347935479168527,-0.03988595074378093,0.1847489478905589,0.3681328272440126,0.3141762747541894,0.21817234034859,0.03064409818537661,0.0,15.645376449075485,37.51356134717872,26.579468898127104,21.868184898103237,-26.309702396392822,-26.34526252746582,-26.32748246192932,-0.03556013107299805,0.003600343596190214,-0.00137469416949898,0.034168243408203125,0.03400995209813118,0.002949818968772888,0.002443421632051468,0.0347558818757534,0.03312524035573006,-520.3166910362382,35832.58787522445,0.001096542808227241,-453.496396563426,35828.160965422176,0.0010644507128745317,0.04853304475545883,0.007231933996081352,30472.921447753288,19385.79510923877
0.9976165646038037,0.9885359427567231,0.7306338511380855,0.3312258134648163,0.008225605075266484,-0.10538202382734618,-0.41385042278541384,-1.0,12.659561514834877,46.78674312873926,29.72315232178707,34.12718161390438,-26.237022876739502,-26.255125999450684,-26.246074438095093,-0.01810312271118164,-0.00113258371129632,0.003689400851726532,0.03338794782757759,0.03533865883946419,-0.0018044277094304562,0.003441383596509695,0.03330099210143089,0.035277772694826126,-454.842492894798,35811.80638583669,0.0010599279776215553,-483.26295388998426,35826.555033970675,0.0010894855950027704,0.04648647829890251,0.007247826084494591,31253.732739230196,17141.566584360186
-0.011104571919583518,-0.02800029707720316,0.09232234771281517,0.2989671614433009,0.5151041214196075,0.5429484782950494,0.6702766315147104,0.0,16.627023439293225,33.997245390454594,25.31213441487391,17.37022195116137,-26.294543743133545,-26.291494369506836,-26.29301905632019,0.0030493736267089844,-0.0015976440627127886,-0.0029639052227139473,0.03407928720116615,0.03427012264728546,-0.0017711720429360867,0.0034235867206007242,0.03316019847989082,0.035133570432662964,-358.81993252734145,35742.28450938648,0.0011677921283990145,-416.2189262849772,35827.806424971655,0.0010773971443995833,0.047509029507637024,0.003280382603406906,31237.858101402628,17528.372140617812
0.531669111809514,0.7119091020415961,0.7914534822099426,0.490432913650894,0.058021601865012734,-0.29834062452095955,-0.4471487000772998,-1.0,14.194635931187463,41.66334966608031,27.928992798633885,27.468713734892845,-26.265954971313477,-26.25917911529541,-26.262567043304443,0.006775856018066406,-0.0037163912784308195,-0.0011144872987642884,0.035245880484580994,0.033246830105781555,-0.0037179540377110243,0.0011530605843290687,0.034493669867515564,0.034079328179359436,-421.6018853427279,35836.11299431811,0.0011121045099571347,-447.94466467783957,35798.60265968596,0.0010817412985488772,0.04960424453020096,0.0055612619034945965,30481.121375618015,18267.064032167862
0.14825667340097926,0.15108024200179862,-0.1160818279024998,-0.11461953925348572,0.19755137392893735,0.16605028494167984,-0.13664687220236427,0.0,8.670588941423205,36.815095443024916,22.74284219222406,28.14450650160171,-26.15112543106079,-26.19147777557373,-26.17130160331726,-0.04035234451293945,-0.0034731088671833277,-0.001749466871842742,0.03568675369024277,0.03372407704591751,0.0005556826363317668,0.003872745670378208,0.03404657542705536,0.03505806624889374,-417.3518416148413,35838.01900746851,0.0010570070007815957,-508.9408923817424,35814.606416997296,0.0010631874902173877,0.05014743655920029,0.005558785051107407,30483.019708479376,18253.673918785986
-0.018985897733181472,-0.03218090501249703,0.10922313900242342,0.4386400380880421,0.2795618932277534,0.010366262539617588,0.12964224207405572,0.0,11.184055151956898,36.81381815423097,23.998936653093935,25.629763002274075,-26.2209415435791,-26.186487674713135,-26.203714609146118,0.0344538688659668,-0.001847531064413488,0.0034270226024091244,0.03343641757965088,0.03541386500000954,0.0020541902631521225,0.003323975019156933,0.034873634576797485,0.03427635878324509,-421.75512053391395,35824.22417068749,0.0011046180734410882,-396.57382961040634,35812.71309870599,0.00106105487793684,0.04655738174915314,0.009391983970999718,31258.704952398995,17124.386321755075
0.9763482028218359,0.919626523078422,0.7105719359654707,0.23977745202439024,-0.014028513083451655,-0.07404366106856963,-0.5260491173188779,-1.0,11.493765045854559,43.10021692537751,27.296990985616034,31.60645187952295,-26.22121810913086,-26.238160133361816,-26.229689121246338,-0.01694202423095703,-0.0029905359260737896,0.0024592066183686256,0.03390318155288696,0.03496747463941574,-0.003590179607272148,0.0015156080480664968,0.034376487135887146,0.0343644917011261,-451.15019073375004,35822.952338675364,0.001076721353456378,-506.01576814207976,35837.5257168927,0.001081013004295528,0.04709184914827347,0.00965542159974575,30266.36265580608,19540.231539007058
0.002014193663244417,0.0,-0.031617482210663794,0.11969563158966273,0.17924649203848886,0.10553166794841695,-0.03752551221326739,0.0,10.092391740768278,32.59060029317337,21.341496016970822,22.49820855240509,-26.296582221984863,-26.392922401428223,-26.344752311706543,-0.09634017944335938,0.003854343667626381,0.00020812769071199,0.0349256694316864,0.03333725407719612,0.003797971410676837,-0.0001900173374451697,0.03440238535404205,0.03311525285243988,-505.41778927650245,35793.63256046026,0.0010697966208681464,-481.47949500735933,35844.745482702616,0.0010956254554912448,0.04943554103374481,0.00613787118345499,30475.187199366952,18504.42790270951
0.7305404165731126,0.8476092972751735,0.9086877952919552,0.5715241382136418,0.10777971955166316,-0.10522871888074092,-0.4256538612168129,-1.0,13.150480089164546,43.83645170930862,28.493465899236583,30.685971620144073,-26.394600868225098,-26.351425647735596,-26.373013257980347,0.04317522048950195,0.0006801430135965347,0.003763075452297926,0.03332032635807991,0.034188441932201385,-0.002131459768861532,-0.0032004136592149734,0.03428502008318901,0.033561673015356064,-489.35687463745353,35817.80641518758,0.0010963564272969961,-485.46281419783014,35821.653995729626,0.0010759427677839994,0.04658862203359604,0.003547212341800332,31240.283563034893,17392.31460649519
0.01231575477503193,0.06558587646768411,-0.14304629463170487,-0.06318082712677764,0.16725573383560266,0.14790675330104963,-0.1630602434809486,0.0,6.6631911370109265,36.21020128848943,21.436696212750178,29.547010151478503,-26.41216278076172,-26.40965461730957,-26.410908699035645,0.0025081634521484375,-0.0012552435509860516,0.0035478500649333,0.032724183052778244,0.03463272377848625,-0.0025511973071843386,-0.0028402982279658318,0.03430122137069702,0.033085208386182785,-434.65101645817464,35815.907932190195,0.001073283376172185,-410.8247112403722,35818.771594259,0.0010708728805184364,0.04568414390087128,0.006658816244453192,31252.621962792342,17159.463446689177
-0.33861174603175004,-0.39386794629329713,-0.054329572000504284,0.39069972663028524,0.27061649484780204,-0.24109353687997226,-0.14945356993577452,0.049442148657852014,13.911992420082953,37.78737562833871,25.84968402421083,23.875383208255755,-26.395978927612305,-26.43909454345703,-26.417536735534668,-0.04311561584472656,-0.002255287952721119,0.003083988092839718,0.032866112887859344,0.03461518511176109,-0.0037889229133725166,-0.00036637726589106023,0.03441265597939491,0.032735563814640045,-468.92629842113035,35838.59334456007,0.0010869420366361737,-455.59488985830217,35808.10577882189,0.001079755718819797,0.0461575984954834,0.009912906214594841,30768.019429697113,18125.387290995728
0.9859524441836718,0.8496756795807782,0.4214543795310506,0.17157428041591458,0.11528651809212309,0.024793260049247867,-0.5255617624216045,-1.0,8.411230448400545,40.527571400110276,24.46940092425541,32.11634095170973,-26.436057090759277,-26.420650482177734,-26.428353786468506,0.015406608581542969,0.0036171285901218653,-0.001092516933567822,0.033814821392297745,0.033379729837179184,-0.0008007974829524755,-0.0037358393892645836,0.033283915370702744,0.03402327373623848,-384.6522683362807,35834.28826988796,0.0010876433225348592,-465.4354650869605,35810.090891801294,0.0010818778537213802,0.04707655310630798,0.00738955894485116,30470.539525723456,19296.273608667452
0.015067657250105887,-0.016338906254710267,-0.01980878531066843,0.12265277478974257,0.20073032530456097,0.027940836740699637,-0.04098416917908132,0.0,9.942781976770078,34.24740781883284,22.09509489780146,24.304625842062762,-26.444215774536133,-26.45205020904541,-26.44813299179077,-0.007834434509277344,0.002097942866384983,-0.0031417100690305233,0.03266023471951485,0.03444851189851761,0.0035792493727058172,0.0012215912574902177,0.03449775651097298,0.032545000314712524,-485.1528820169275,35839.50856140903,0.0010956053156405687,-466.20392107401574,35819.9840205427,0.0010858741588890553,0.04545498639345169,0.009420135989785194,31013.82032052417,18639.916982167124
0.9110963465823592,0.8191577695353333,0.9707245509263395,0.33380971481289023,-0.0980941541669984,0.08553451179513671,-0.27392853391362815,-1.0,11.752827618366126,41.091649493996385,26.422238556181256,29.33882187563026,-26.424386501312256,-26.454546451568604,-26.43946647644043,-0.030159950256347656,0.002828773809596896,-0.002518299501389265,0.03304598852992058,0.03422950953245163,0.0026419174391776323,-0.002726662438362837,0.03280762583017349,0.034227482974529266,-535.0040737156482,35828.65963899576,0.0011008895235136151,-445.35445224770785,35820.96202453611,0.001079785404726863,0.046284861862659454,0.009461604058742523,30273.5286584986,18787.60785465412
-0.9697705552793808,-0.9725434766478361,-0.9456908471167926,-0.6599580397191034,0.6565039040791567,0.7014141944356092,0.7472815684167147,0.9541039331808779,3.948823114423476,35.28823212272991,19.618527618576692,31.339409008306433,-26.38674020767212,-26.4235258102417,-26.40513300895691,-0.03678560256958008,-0.0026789545081555843,-0.002633435185998678,0.034436970949172974,0.03313392028212547,-0.002500836970284581,0.002881766762584448,0.03284882381558418,0.034422192722558975,-470.9459669884058,35819.98912359658,0.0010722834849730134,-434.22286244359657,35833.3498941273,0.0010697963880375028,0.048528581857681274,0.004988924600183964,30487.837207700344,18616.905540252672
-0.9425182203818074,-0.8939332210875512,-0.19025219302864288,0.26984437185100096,0.19679603309288168,-0.4124572544764128,-0.1611792306186446,0.2569044221625233,16.964772428941473,39.20724546874291,28.086008948842192,22.24247303980144,-26.43752098083496,-26.38232946395874,-26.40992522239685,0.0551915168762207,0.0005937147652730346,-0.0037562549114227295,0.03268764540553093,0.03447052091360092,0.0020988378673791885,-0.0032045915722846985,0.032869987189769745,0.03471450135111809,-428.8039980277741,35826.98958688601,0.0010937483748421073,-368.17131221246177,35833.46955481453,0.001100232475437224,0.045694462954998016,0.007385765668004751,31253.84441600778,17124.770919283765
0.9861652334702107,0.9708679747525968,0.13418495592332058,-0.18674900676026107,0.13851494356684396,0.06456596133892623,-0.7185299507379678,-0.9814623840973488,6.4568627756643195,39.77768372218739,23.117273248925855,33.32082094652307,-26.36528730392456,-26.361031532287598,-26.36315941810608,0.004255771636962891,0.0016431797994300723,0.003425389528274536,0.033955492079257965,0.03379116207361221,-0.0038002575747668743,0.0005465834983624518,0.034381184726953506,0.03338726982474327,-447.1302106263745,35830.09944405456,0.0010841183830052614,-462.3502273887705,35841.813574670065,0.0010892588179558516,0.04792686179280281,0.003458912717178464,31229.454208158586,18008.85367777203
0.0,-0.02590756793576528,0.020236777918786447,0.1927771864066637,0.25580721940969453,0.012867555805405162,-0.0316638931725699,0.0,13.337252198433674,37.62900043973576,25.483126319084718,24.291748241302088,-26.231164932250977,-26.271133422851562,-26.25114917755127,-0.03996849060058594,0.0038362061604857445,-0.0006136454176157713,0.034872349351644516,0.03391912207007408,0.003568591084331274,-0.0014773302245885134,0.03425983712077141,0.03422291576862335,-465.0699635268151,35799.810886766536,0.001081830239854753,-503.3573904893991,35829.02608628019,0.0010732924565672874,0.04926985129714012,0.0066062649711966515,30473.827802875578,18902.5564922411
0.9111836170867048,0.8414490148514426,1.0,0.2306941600031885,-0.11904893583829601,0.19724739091533572,-0.09505520966430425,-1.0,7.728999409321773,39.92857264575059,23.828786027536182,32.19957323642882,-26.309936046600342,-26.28265619277954,-26.29629611968994,0.02727985382080078,-0.001000069547444582,-0.0037102866917848587,0.03380454331636429,0.03437089920043945,0.0006010939832776785,0.0038234456442296505,0.033704861998558044,0.03467869386076927,-496.5975927355722,35832.410318492424,0.0011019475059583783,-459.05022113437457,35837.15965315198,0.0010758256539702415,0.047627564519643784,0.0027937653940171003,31234.95462231147,17576.150780127726
0.04199768659715915,-0.010035016064905694,-0.1367565090916925,0.020969325841372066,0.16831415860525584,0.05895249516516887,-0.04766114656530107,0.0,7.209872695672942,37.88309211085928,22.54648240326611,30.673219415186338,-26.315152645111084,-26.324241161346436,-26.31969690322876,-0.009088516235351562,0.002732815220952034,0.002648353110998869,0.03474559634923935,0.033381517976522446,0.0027156872674822807,-0.002713065594434738,0.03333740308880806,0.03471400588750839,-464.58910058108575,35811.07089943501,0.001065386226400733,-442.86888198302415,35822.118509706524,0.0010782573372125626,0.049004532396793365,0.00492066890001297,30489.020043445616,19721.704102743734
-0.00016151710885439416,-0.0033049693842864872,0.4945606258309867,-0.9472669702576159,-0.9250647403351225,0.4024925014362696,0.9128727825147656,0.9962006669185499,17.218958326301504,41.010057672989745,29.114507999645625,23.79109934668824,-26.33197784423828,-26.38253688812256,-26.35725736618042,-0.050559043884277344,-0.0026693688705563545,-0.0027714897878468037,0.034668270498514175,0.033321697264909744,-0.003100860398262739,0.0022477256134152412,0.03336429223418236,0.034238193184137344,-448.5232096620091,35820.58229858329,0.0010629366151988506,-439.6209380259447,35841.081669243904,0.001100695924833417,0.04873792827129364,0.0038020298816263676,31228.018214929532,18303.691441211355
0.019904031289430302,0.04706262821004836,-0.734458613957761,-0.7863544249339932,-0.1898005078749484,-0.16028500147053837,-0.9161391770851635,0.0,7.696759002869726,39.36693525718988,23.531847130029803,31.670176254320154,-26.32211446762085,-26.27434253692627,-26.29822850227356,0.04777193069458008,-0.0031745487358421087,-0.002114628441631794,0.03491843491792679,0.03314325213432312,0.0031404185574501753,0.002274362137541175,0.0351085402071476,0.033323779702186584,-385.1165930767609,35810.41038694099,0.0010890868725255132,-500.098421851016,35828.22250486385,0.0010872101411223412,0.048981957137584686,0.005270012188702822,30484.60052449915,18287.10696635653
0.0,-0.04701793533308053,0.05982466997730895,0.28316952799523776,0.30603887089400633,0.010710740927835971,-0.03771947223686001,0.0,13.214938247844373,35.61431766559181,24.414627956718093,22.39937941774744,-26.297762393951416,-26.29422664642334,-26.295994520187378,0.003535747528076172,-0.003179764375090599,-0.0021861251443624496,0.03503643721342087,0.0332113653421402,0.002917835023254156,0.0025180992670357227,0.034929126501083374,0.03335339203476906,-440.3492243538599,35802.329102337746,0.0010892708087339997,-458.7103735103021,35838.17073565326,0.0010843269992619753,0.04916016384959221,0.004970229230821133,30732.468994998435,19661.901161455724
0.9767223014941274,0.8871222160089955,0.9516284538810497,0.30861493803996065,-0.10447960712443005,0.1332300738054396,-0.20269972027381578,-1.0,9.857041487164167,41.924325120168106,25.890683303666137,32.06728363300394,-26.306874752044678,-26.35826587677002,-26.33257031440735,-0.0513911247253418,0.0027404106222093105,0.002689036540687084,0.03479539975523949,0.03339250758290291,-0.0016957782208919525,-0.0034359251148998737,0.034007757902145386,0.0337902195751667,-517.0917786694288,35822.305054432414,0.0010883596260100603,-481.69542500165926,35833.864316138206,0.001070943777449429,0.04920703172683716,0.004712430294603109,30734.03444112721,19557.66670436368
0.06299669695604974,-0.01921333395118766,-0.04063793255160063,0.11202565562458389,0.22115147613434394,0.07071056955160315,-0.03051858877166047,0.0,8.885399871172694,37.43298965393933,23.159194762556012,28.547589782766636,-26.297240257263184,-26.318562030792236,-26.30790114402771,-0.021321773529052734,-0.0035845311358571053,0.0013086888939142227,0.03424457460641861,0.034036245197057724,0.003376286942511797,-0.001859159441664815,0.033858515322208405,0.03424873203039169,-423.6757407606,35804.18935931199,0.0010660910047590733,-452.75151138552906,35808.472655637204,0.0010600393870845437,0.047639891505241394,0.008006669580936432,30234.02107004557,19778.998934567087
-0.0947834936821273,-0.003658132590052543,0.5300543741126873,0.0,-0.16750523832920783,-0.13205271985987244,0.043999050847411736,-0.07770699773376388,13.564742671093057,39.42950159587468,26.49712213348387,25.864758924781626,-26.319069862365723,-26.293184757232666,-26.306127309799194,0.02588510513305664,0.002406986430287361,-0.0030135195702314377,0.03320353105664253,0.03487991914153099,0.002660017926245928,-0.0028186547569930553,0.033405039459466934,0.034885428845882416,-432.1067924062913,35829.60835770156,0.0010848630918189883,-392.20914063094364,35838.76277510667,0.0010948146227747202,0.0464443638920784,0.00991908460855484,30521.07232379513,18929.404250495612
0.6698013521302635,0.7817777995296754,-0.09261060399590923,-0.21831817455834268,0.4164907156210179,0.44921425359808875,-0.31733077989959946,-0.46112291978631725,6.500217180889081,38.53847092372658,22.51934405230783,32.0382537428375,-26.439208984375,-26.476688385009766,-26.457948684692383,-0.037479400634765625,-0.002899102633818984,0.002388449851423502,0.033076051622629166,0.034090232104063034,0.0013961168006062508,-0.0035284599289298058,0.03243514895439148,0.0344141386449337,-448.7767839570472,35815.90729630197,0.0010906922398135066,-495.82480877236065,35832.262979858075,0.0010904771042987704,0.04563991725444794,0.009735713712871075,30521.235004258353,19087.82990058185
